id_client,nom,prenom,email,date_naissance,sexe,ville,telephone,date_inscription,canal_acquisition
C00001,Filali,Ahmed,ahmed.filali157@gmail.com,1984-07-20,m,Béni Mellal,0684252722,2024-09-09,web
C00002,El Amrani,Salma,salma.elamrani788@yahoo.fr,1960-12-24,H,Béni Mellal,0633978249,2023-09-25,referral
C00003,El Mansouri,Ghita,ghita.elmansouri204@live.fr,1993-01-20,H,TANGER,0625014631,2023-08-01,marketplace
C00004,Amrani,Zineb,zineb.amrani900@hotmail.com,1964-09-25,m,RABAT,0673791320,2022-03-22,referral
C00005,Ouahbi,Zakaria,zakaria.ouahbi988@outlook.com,2005-05-13,h,RABAT,0670597444,2023-08-17,web
C00006,Skalli,Ahmed,ahmed.skalli568@live.fr,1963-04-03,m,Rabat,0679008866,2021-06-03,mobile
C00007,Cherkaoui,Mustapha,mustapha.cherkaoui741@hotmail.com,1990-07-07,H,tanger,0667854710,2021-02-22,marketplace
C00008,Ouahbi,Nabil,nabil.ouahbi63@gmail.com,1972-04-18,m,FES,0634627347,2024-03-14,marketplace
C00009,El Ouazzani,Ahmed,ahmed.elouazzani52@gmail.com,1975-03-14,H,Tanger,0663826716,2024-08-07,web
C00010,Bouzid,Mohamed,mohamed.bouzid293@outlook.com,2005-08-05,Homme,MARRAKECH,0617849494,2022-05-07,referral
C00011,Tahiri,Khadija,khadija.tahiri52@gmail.com,1963-09-03,Femme,FES,0619121552,2022-02-20,mobile
C00012,Amrani,Brahim,brahim.amrani41@live.fr,1980-05-07,h,Tnja,0663121477,2023-04-09,mobile
C00013,El Ouazzani,Zineb,zineb.elouazzani10@gmail.com,1973-09-09,Femme,Marrakech,0642787299,2022-06-03,marketplace
C00014,Benali,Nabil,nabil.benali627@yahoo.fr,2025-11-04,H,TNG,0624366125,2022-05-04,referral
C00015,Haddad,Hassan,hassan.haddad209@yahoo.fr,1963-02-21,0,TNG,0610475894,2024-05-02,marketplace
C00016,Benjelloun,Ghita,ghita.benjelloun565@outlook.com,2004-03-18,1,Marrakech,0684158663,2021-06-19,mobile
C00017,El Mansouri,Youssef,youssef.elmansouri921@gmail.com,1995-07-20,Femme,Casablanca,0631810617,2022-04-28,mobile
C00018,Fassi Fihri,Fatima,fatima.fassifihri822@outlook.com,2004-02-13,Femme,Kénitra,0636786211,2021-08-08,social_media
C00019,Amrani,Karim,karim.amrani409@hotmail.com,2001-09-13,m,mkch,0625480907,2025-06-01,marketplace
C00020,Bennani,Rachid,rachid.bennani445@live.fr,1992-02-13,f,Béni Mellal,0615957459,2025-04-09,social_media
C00021,El Amrani,Reda,reda.elamrani442@yahoo.fr,2002-02-24,0,Nador,0699508850,2023-09-10,social_media
C00022,Benkirane,Hassan,hassan.benkirane431@hotmail.com,1999-10-10,1,RABAT,0610054484,2024-09-27,marketplace
C00023,Rahmouni,Adil,adil.rahmouni671@live.fr,1990-12-06,h,Casablanca,0699100953,2021-05-17,referral
C00024,El Amrani,Karim,fatima.fassifihri822@outlook.com,1964-08-14,Homme,tanger,0661536717,2025-04-23,social_media
C00025,Bouazza,Omar,omar.bouazza798@gmail.com,1963-09-08,m,rbt,0672363359,2021-08-05,referral
C00026,Skalli,Ilham,ilham.skalli835@live.fr,1988-03-24,female,fes,0643183955,2024-08-09,marketplace
C00027,Kettani,Loubna,loubna.kettani451@yahoo.fr,1994-02-05,0,Tétouan,0630509175,2022-04-13,mobile
C00028,Skalli,Adil,adil.skalli426@outlook.com,1997-12-01,H,El Jadida,0610791358,2025-07-16,marketplace
C00029,Ouahbi,Khalid,khalid.ouahbi766@live.fr,1974-05-14,male,Fès,0655114543,2024-01-13,social_media
C00030,Berrada,Rim,rim.berrada28@live.fr,2001-07-05,h,Casablanca,0644917589,2024-03-02,social_media
C00031,Skalli,Nabil,nabil.skalli285@outlook.com,1990-01-24,Femme,Tétouan,0640094589,2025-01-12,web
C00032,Bennani,Ghita,ghita.bennani205@hotmail.com,2002-02-19,m,Kénitra,0644392446,2022-08-23,marketplace
C00033,Tahiri,Driss,driss.tahiri988@hotmail.com,1984-07-23,f,Meknès,0694187049,2022-02-19,mobile
C00034,Ouahbi,Hassan,hassan.ouahbi816@gmail.com,2002-06-03,h,Safi,0611698142,2025-11-11,social_media
C00035,Chraibi,Salma,salma.chraibi725@outlook.com,1977-10-26,Femme,TNG,0668461818,2025-08-15,referral
C00036,Benali,Karim,karim.benali903@yahoo.fr,1984-06-01,f,Tnja,0675437844,2024-06-06,mobile
C00037,Skalli,Rachid,rachid.skalli719@live.fr,1965-04-24,Homme,TNG,0642255732,2024-08-18,social_media
C00038,El Ouazzani,Hanane,hanane.elouazzani302@gmail.com,1983-08-18,m,Meknès,0683871890,2025-06-14,marketplace
C00039,Benjelloun,Nabil,nabil.benjelloun237@yahoo.fr,2004-03-07,Homme,Marrakech,0647111151,2022-12-16,referral
C00040,Haddad,Loubna,loubna.haddad853@gmail.com,2005-09-05,Homme,Agadir,0684270583,2023-01-02,marketplace
C00041,Bouazza,Amina,amina.bouazza@@gmail.com,1963-05-28,female,Nador,0618770247,2024-02-27,social_media
C00042,Bouazza,Brahim,brahim.bouazza153@hotmail.com,1967-09-25,m,Rabat,0693002706,2024-10-20,mobile
C00043,El Ouazzani,Hind,hind.elouazzani881@yahoo.fr,1999-12-04,female,Tnja,0645520201,2022-11-07,web
C00044,Benkirane,Hamza,hamza.benkirane3@hotmail.com,1974-05-23,f,tanger,0670939053,2023-12-28,web
C00045,Rahmouni,Laila,laila.rahmouni436@hotmail.com,1969-02-02,h,Fès,0686397676,2022-05-20,marketplace
C00046,Naciri,Nabil,nabil.naciri966@outlook.com,1962-07-24,Homme,Mohammedia,0613471527,2023-10-09,web
C00047,Benali,Soufiane,@live.fr,1990-09-21,h,mkch,0688561612,2024-05-06,social_media
C00048,Tazi,Hanane,hanane.tazi419@yahoo.fr,1986-12-16,female,FES,0683832717,2023-11-13,web
C00049,Benjelloun,Said,said.benjelloun994@gmail.com,2002-09-15,Femme,fes,0679583757,2024-01-07,marketplace
C00050,Bouazza,Hanane,hanane.bouazza209@gmail.com,2004-08-04,female,Meknès,0642117961,2021-11-20,mobile
C00051,Benkirane,Mohamed,mohamed.benkirane231@gmail.com,2001-03-16,male,Mohammedia,0646698468,2023-09-23,social_media
C00052,Amrani,Hanane,hanane.amrani149@live.fr,1968-02-09,female,TNG,0678147397,2024-06-26,marketplace
C00053,Tahiri,Zineb,zineb.tahiri594@live.fr,1990-06-11,Homme,Fès,0671115319,2025-09-13,marketplace
C00054,Ziani,Sara,rachid.skalli719@live.fr,1984-07-22,male,tanger,0626944487,2022-08-02,referral
C00055,Ouahbi,Samira,samira.ouahbi103@outlook.com,2001-03-03,f,RABAT,0693652460,2024-05-11,social_media
C00056,Ouahbi,Samira,samira.ouahbi978@outlook.com,1994-01-20,H,mkch,0648571356,2021-04-21,mobile
C00057,El Idrissi,Asmae,asmae.elidrissi171@outlook.com,1963-05-12,f,Casablanca,0642775624,2023-07-05,referral
C00058,Rahmouni,Soufiane,soufiane.rahmouni180@hotmail.com,1991-10-05,1,casa,0644088261,2022-08-21,social_media
C00059,Rahmouni,Mohamed,mohamed.rahmouni694@yahoo.fr,1979-11-14,female,Safi,0650550084,2023-08-28,mobile
C00060,El Idrissi,Hanane,hanane.elidrissi586@outlook.com,2002-07-09,0,rbt,0616582607,2021-10-28,referral
C00061,Filali,Zineb,zineb.filali822@live.fr,2006-11-22,0,casa,0694216001,2022-11-04,web
C00062,Bennani,Nabil,nabil.bennani750@yahoo.fr,1971-04-05,h,Nador,0677349752,2025-06-17,marketplace
C00063,Benali,Laila,laila.benali765@yahoo.fr,1969-04-28,female,Mohammedia,0622120246,2024-09-12,social_media
C00064,El Idrissi,Reda,reda.elidrissi689@yahoo.fr,1983-02-22,female,El Jadida,0693154172,2022-08-01,referral
C00065,Amrani,Driss,driss.amrani932@outlook.com,1962-05-16,f,Marrakech,0682148284,2021-02-08,mobile
C00066,El Amrani,Ali,ali.elamrani602@outlook.com,1991-10-14,H,Béni Mellal,0659731689,2023-01-23,mobile
C00067,Ouahbi,Karim,karim.ouahbi703@gmail.com,1985-05-07,Femme,CASA,0698955314,2021-08-03,mobile
C00068,Alaoui,Ilham,ilham.alaoui250@yahoo.fr,1995-04-19,m,Oujda,0629804386,2022-04-11,referral
C00069,Berrada,Omar,omar.berrada818@yahoo.fr,1982-04-19,H,Tanger,0645617024,2023-01-06,web
C00070,Sefrioui,Adil,adil.sefrioui488@gmail.com,1992-04-20,f,Tnja,0698436473,2021-12-26,referral
C00071,Alaoui,Imad,imad.alaoui868@outlook.com,1988-02-03,m,tanger,0618815720,2023-10-05,mobile
C00072,Ziani,Imad,imad.ziani391@yahoo.fr,1987-02-26,H,Mohammedia,0683998961,2021-11-21,mobile
C00073,Chraibi,Karim,karim.chraibi409@outlook.com,1976-06-05,Femme,Béni Mellal,0621457410,2024-02-03,web
C00074,Rahmouni,Ali,ali.rahmouni62@live.fr,1986-06-28,1,Nador,0648604965,2024-12-02,referral
C00075,Ziani,Amine,amine.ziani159@hotmail.com,1995-06-04,H,Marrakech,0667594492,2023-10-08,referral
C00076,Haddad,Ilham,ilham.haddad624@gmail.com,1977-12-25,H,Tétouan,0610819505,2023-06-12,mobile
C00077,El Amrani,Wafae,wafae.elamrani146@gmail.com,1973-07-14,male,Rabat,0659667685,2024-06-06,marketplace
C00078,Haddad,Wafae,wafae.haddad160@gmail.com,1988-11-14,f,Casablanca,0665590800,2024-10-15,marketplace
C00079,El Idrissi,Zakaria,zakaria.elidrissi114@outlook.com,1979-01-08,Femme,tanger,0611031743,2024-10-02,mobile
C00080,Filali,Mehdi,zineb.tahiri594@live.fr,1994-12-08,1,Agadir,0699663907,2025-09-27,marketplace
C00081,Chraibi,Youssef,youssef.chraibi944@outlook.com,2005-11-14,m,Béni Mellal,0612799319,2023-02-13,marketplace
C00082,El Ouazzani,Driss,driss.elouazzani448@gmail.com,1965-07-28,Femme,Tnja,0639738898,2023-12-11,marketplace
C00083,Sefrioui,Meryem,meryem.sefrioui523@live.fr,2001-03-08,f,Safi,0636477373,2021-03-09,mobile
C00084,Tazi,Ghita,ghita.tazi476@outlook.com,1996-11-21,1,Mohammedia,0694183695,2025-06-28,marketplace
C00085,Kettani,Ahmed,ahmed.kettani816@yahoo.fr,1989-08-02,female,TNG,0648530827,2021-06-27,web
C00086,Haddad,Meryem,meryem.haddad394@live.fr,1962-08-26,h,MARRAKECH,0653154591,2025-11-07,referral
C00087,Bennani,Omar,omar.bennani831@gmail.com,2001-03-02,female,rbt,0668978194,2022-12-15,referral
C00088,Lahlou,Hamza,hamza.lahlou397@yahoo.fr,2000-11-11,Femme,casa,0684888554,2021-06-04,social_media
C00089,Haddad,Soufiane,soufiane.haddad84@yahoo.fr,2001-12-22,1,Safi,0621370793,2024-03-20,marketplace
C00090,Rahmouni,Ghita,ghita.rahmouni687@hotmail.com,1965-11-22,Femme,Casablanca,0612446861,2024-09-12,marketplace
C00091,Skalli,Mehdi,mehdi.skalli232@hotmail.com,1966-09-25,female,Meknès,0615066382,2025-12-17,marketplace
C00092,Berrada,Ilham,ilham.berrada158@outlook.com,1970-12-15,h,mkch,0641880763,2021-07-12,social_media
C00093,Amrani,Rim,rim.amrani317@hotmail.com,1983-11-19,H,Fès,0647818761,2024-08-25,social_media
C00094,Fassi Fihri,Adil,adil.fassifihri142@live.fr,1995-02-23,0,tanger,0621257528,2025-02-10,mobile
C00095,Berrada,Zakaria,zakaria.berrada970@gmail.com,1961-07-02,male,Fès,0641645597,2024-09-12,social_media
C00096,Amrani,Nawal,nawal.amrani954@yahoo.fr,1968-01-10,m,Nador,0628628439,2024-12-27,social_media
C00097,Tazi,Mohamed,mohamed.tazi221@yahoo.fr,1987-02-25,m,RABAT,0626354208,2023-04-10,web
C00098,Rahmouni,Imad,imad.rahmouni65@outlook.com,2000-09-19,h,casa,0649093864,2022-12-05,social_media
C00099,Amrani,Ali,ali.amrani192@outlook.com,1993-09-17,h,Safi,0662405812,2025-09-01,social_media
C00100,Lahlou,Khalid,khalid.lahlou366@gmail.com,1966-10-24,Homme,RABAT,0657284777,2023-03-02,referral
C00101,Fassi Fihri,Imad,imad.fassifihri647@outlook.com,1989-01-10,female,rbt,0636772387,2022-01-26,web
C00102,Sefrioui,Hassan,hassan.sefrioui485@live.fr,1963-11-11,male,Oujda,0659394697,2023-02-26,social_media
C00103,Bouzid,Rim,rim.bouzid509@hotmail.com,1965-12-14,Femme,MARRAKECH,0634220459,2021-07-20,referral
C00104,Tazi,Amine,amine.tazi314@yahoo.fr,1982-08-02,Femme,Agadir,0646850196,2023-10-14,web
C00105,Bouzid,Imad,imad.bouzid821@live.fr,1998-11-26,Femme,Tanger,0619023909,2024-01-05,mobile
C00106,Lahlou,Nawal,nawal.lahlou34@live.fr,1964-10-05,male,Safi,0652196099,2025-06-13,marketplace
C00107,Alaoui,Amine,amine.alaoui531@outlook.com,2005-08-07,1,Tétouan,0675927774,2025-05-23,mobile
C00108,El Ouazzani,Ahmed,ahmed.elouazzani90@outlook.com,2005-02-18,1,Nador,0631139996,2025-05-10,mobile
C00109,Amrani,Loubna,loubna.amrani812@hotmail.com,1996-06-15,f,Tanger,0621571646,2025-03-20,web
C00110,Sefrioui,Mustapha,mustapha.sefrioui844@outlook.com,1988-08-22,male,Nador,0683994695,2025-06-05,referral
C00111,Chraibi,Omar,omar.chraibi852@gmail.com,2005-04-12,H,Agadir,0620584397,2025-05-28,marketplace
C00112,Benjelloun,Reda,reda.benjelloun630@yahoo.fr,1997-03-06,1,Agadir,0655314533,2025-12-20,referral
C00113,Tazi,Mohamed,mohamed.tazi272@live.fr,1961-08-21,m,Béni Mellal,0650546385,2025-05-21,social_media
C00114,Bouzid,Soufiane,soufiane.bouzid75@outlook.com,1973-06-20,Homme,Béni Mellal,0652857920,2022-06-28,marketplace
C00115,Filali,Amina,amina.filali576@live.fr,1975-03-04,Femme,Marrakech,0692594562,2021-05-13,social_media
C00116,Benali,Hamza,hamza.benali739@live.fr,1989-08-10,Femme,tanger,0662780072,2024-01-03,referral
C00117,Cherkaoui,Karim,karim.cherkaoui50@yahoo.fr,2003-08-10,h,Fès,0624428014,2025-01-28,social_media
C00118,Tahiri,Rachid,rachid.tahiri375@outlook.com,1995-05-03,Femme,TANGER,0683800569,2024-09-15,marketplace
C00119,El Amrani,Ilham,ilham.elamrani132@gmail.com,1995-06-25,h,MARRAKECH,0678333267,2022-04-20,social_media
C00120,Bennani,Youssef,youssef.bennani824@yahoo.fr,1968-06-20,1,casa,0692745294,2023-03-13,marketplace
C00121,Benali,Loubna,loubna.benali502@live.fr,2025-11-04,H,fes,0694457912,2024-10-10,web
C00122,Bouazza,Laila,laila.bouazza234@live.fr,2006-10-25,h,Agadir,0642507072,2024-03-27,web
C00123,Cherkaoui,Salma,salma.cherkaoui322@outlook.com,1999-08-28,m,Oujda,0679616482,2021-12-05,mobile
C00124,Kettani,Dounia,dounia.kettani322@outlook.com,1982-11-25,H,TANGER,0635805259,2023-10-16,mobile
C00125,Amrani,Hassan,hassan.amrani722@yahoo.fr,1995-12-09,Homme,Nador,0682905845,2023-02-19,social_media
C00126,Benali,Hind,hind.benali298@hotmail.com,1988-11-09,Femme,Rabat,0682286705,2024-04-07,marketplace
C00127,Berrada,Laila,laila.berrada759@live.fr,1974-11-08,f,Casablanca,0654331259,2021-02-14,social_media
C00128,Alaoui,Omar,omar.alaoui417@hotmail.com,1972-05-11,H,tanger,0622007214,2023-11-02,referral
C00129,Fassi Fihri,Youssef,youssef.fassifihri957@hotmail.com,1971-12-28,male,El Jadida,0650049524,2023-01-01,referral
C00130,El Mansouri,Samira,samira.elmansouri537@live.fr,1977-04-26,female,FES,0671594457,2021-06-06,marketplace
C00131,Tahiri,Fatima,fatima.tahiri582@yahoo.fr,1985-07-17,Femme,casa,0699826000,2023-02-13,web
C00132,Kettani,Omar,omar.kettani7@hotmail.com,1981-05-19,Femme,mkch,0697735896,2025-01-09,marketplace
C00133,El Amrani,Khadija,khadija.elamrani315@outlook.com,1979-12-04,f,Fès,0639641883,2023-06-20,mobile
C00134,Berrada,Hanane,hanane.berrada383@live.fr,2002-04-25,female,tanger,0689968863,2022-11-25,web
C00135,Naciri,Zakaria,zakaria.naciri940@gmail.com,1972-10-18,Femme,TANGER,0679839059,2022-03-11,social_media
C00136,Naciri,Mehdi,mehdi.naciri94@outlook.com,1992-07-15,h,Casablanca,0672059365,2025-01-18,marketplace
C00137,Benjelloun,Hind,hind.benjelloun593@hotmail.com,1963-02-16,m,rbt,0634156684,2021-05-14,mobile
C00138,Chraibi,Ghita,ghita.chraibi460@outlook.com,2002-09-05,Femme,El Jadida,0682109613,2023-02-06,social_media
C00139,Benali,Karim,karim.benali306@gmail.com,1974-04-15,m,Béni Mellal,0635297417,2023-03-09,web
C00140,Chraibi,Soufiane,soufiane.chraibi247@gmail.com,2003-12-28,h,Casablanca,0615937353,2021-04-24,social_media
C00141,Cherkaoui,Reda,reda.cherkaoui516@hotmail.com,1996-10-25,m,RABAT,0629228089,2023-04-10,referral
C00142,Benjelloun,Hassan,hassan.benjelloun972@live.fr,1987-09-16,m,Agadir,0661157708,2021-06-21,referral
C00143,Chraibi,Adil,adil.chraibi386@yahoo.fr,1979-12-05,1,Kénitra,0665388634,2024-01-18,social_media
C00144,Bouzid,Amina,amina.bouzid209@yahoo.fr,1965-09-24,0,Mohammedia,0660622628,2022-01-09,referral
C00145,Cherkaoui,Meryem,meryem.cherkaoui223@live.fr,1960-04-07,h,Nador,0674279671,2021-12-25,mobile
C00146,Bouzid,Nadia,nadia.bouzid330@live.fr,1979-05-12,0,TANGER,0623234972,2025-08-15,social_media
C00147,Cherkaoui,Samira,samira.cherkaoui424@yahoo.fr,1976-09-19,Femme,RABAT,0649620038,2025-12-14,mobile
C00148,Bouzid,Karim,karim.bouzid512@hotmail.com,1991-12-21,h,Nador,0657268285,2024-08-06,mobile
C00149,Kettani,Reda,reda.kettani658@live.fr,2002-01-25,1,fes,0694651342,2021-07-05,mobile
C00150,Alaoui,Omar,omar.alaoui467@live.fr,1990-11-16,0,Casablanca,0684040345,2021-01-18,social_media
C00151,Tahiri,Zakaria,zakaria.tahiri@@live.fr,1966-09-05,Homme,Agadir,0680659726,2022-04-20,marketplace
C00152,Rahmouni,Laila,laila.rahmouni383@gmail.com,1974-05-22,male,Kénitra,0697227356,2021-11-28,web
C00153,Bouzid,Khalid,khalid.bouzid58@outlook.com,1987-11-26,H,Rabat,0622799248,2023-10-28,referral
C00154,Cherkaoui,Sara,sara.cherkaoui278@outlook.com,1996-11-02,h,Tétouan,0637804291,2022-06-01,referral
C00155,Tazi,Khalid,khalid.tazi578@hotmail.com,1994-06-13,Homme,El Jadida,0620526386,2022-12-24,referral
C00156,Bennani,Nawal,nawal.bennani238@outlook.com,1998-07-25,f,mkch,0646685332,2023-01-21,social_media
C00157,Benkirane,Ali,ali.benkirane191@outlook.com,1978-04-23,male,Rabat,0630699187,2021-02-09,social_media
C00158,Berrada,Ghita,sara.cherkaoui278@outlook.com,1977-02-05,male,Mohammedia,0670242778,2021-03-14,referral
C00159,El Idrissi,Asmae,asmae.elidrissi363@gmail.com,1984-01-10,m,MARRAKECH,0621368176,2024-07-25,referral
C00160,Ziani,Sara,sara.ziani702@hotmail.com,1969-02-06,H,Meknès,0650232066,2024-05-14,social_media
C00161,Benjelloun,Nawal,nawal.benjelloun609@outlook.com,1985-06-27,0,Fès,0654230340,2025-07-26,social_media
C00162,Haddad,Imad,imad.haddad329@yahoo.fr,1985-06-10,1,tanger,0642537638,2024-10-26,marketplace
C00163,Lahlou,Khalid,khalid.lahlou205@live.fr,1961-12-15,f,Casablanca,0649101812,2022-08-26,web
C00164,El Amrani,Asmae,asmae.elamrani649@hotmail.com,1984-02-15,female,Fès,0663795149,2025-08-19,referral
C00165,Benkirane,Adil,adil.benkirane719@yahoo.fr,1966-04-22,m,CASA,0692232236,2023-03-21,web
C00166,El Amrani,Ghita,ghita.elamrani989@yahoo.fr,1992-12-17,male,Marrakech,0687206788,2025-10-23,mobile
C00167,El Ouazzani,Khalid,khalid.lahlou205@live.fr,1965-02-27,h,Meknès,0656045630,2022-06-10,social_media
C00168,Kettani,Loubna,loubna.kettani100@outlook.com,1962-12-04,Femme,Nador,0624678410,2021-06-21,mobile
C00169,Sefrioui,Sara,sara.sefrioui164@live.fr,1985-11-06,1,Mohammedia,0668000104,2022-11-22,social_media
C00170,Cherkaoui,Driss,driss.cherkaoui440@live.fr,2005-02-19,female,Oujda,0659095909,2021-09-06,marketplace
C00171,Benjelloun,Amine,amine.benjelloun990@live.fr,1967-06-12,female,casa,0649922369,2024-10-06,referral
C00172,Berrada,Dounia,dounia.berrada245@gmail.com,1984-07-20,Femme,rbt,0666779304,2022-10-13,mobile
C00173,Naciri,Reda,reda.naciri171@live.fr,1999-01-28,1,Nador,0628325379,2023-01-16,mobile
C00174,Sefrioui,Sanae,sanae.sefrioui702@outlook.com,1965-10-01,female,Mohammedia,0646890134,2022-05-02,mobile
C00175,Filali,Hamza,hamza.filali761@live.fr,1967-05-25,female,TNG,0615584869,2025-06-18,social_media
C00176,El Idrissi,Adil,adil.elidrissi896@yahoo.fr,1965-08-28,0,Safi,0688909809,2021-04-07,marketplace
C00177,Bouazza,Ilham,ilham.bouazza631@hotmail.com,1996-06-18,male,Oujda,0632599227,2023-10-18,marketplace
C00178,El Mansouri,Zineb,zineb.elmansouri976@yahoo.fr,1968-07-02,h,Casablanca,0627809465,2023-11-05,mobile
C00179,Benali,Said,said.benali502@outlook.com,1988-02-21,0,CASA,0647342819,2021-07-17,marketplace
C00180,Skalli,Mustapha,mustapha.skalli890@gmail.com,2000-11-23,h,RABAT,0681729237,2023-02-26,social_media
C00181,Benali,Adil,adil.benali275@outlook.com,1996-08-26,0,TANGER,0616497381,2023-11-25,web
C00182,Alaoui,Nabil,nabil.alaoui452@hotmail.com,2004-03-21,f,Béni Mellal,0646778269,2023-03-28,web
C00183,Tazi,Laila,laila.tazi54@hotmail.com,1987-11-03,Femme,rbt,0673995913,2021-01-07,web
C00184,Sefrioui,Karim,karim.sefrioui9@gmail.com,1968-08-03,female,FES,0623747542,2022-07-03,web
C00185,Berrada,Hassan,hassan.berrada657@hotmail.com,1999-11-06,male,TNG,0638595818,2024-06-24,mobile
C00186,El Amrani,Ilham,ilham.elamrani89@hotmail.com,1984-06-14,female,Marrakech,0647173969,2023-03-08,web
C00187,Haddad,Driss,imad.haddad329@yahoo.fr,1993-10-17,h,Fès,0649666982,2022-12-13,web
C00188,Kettani,Sara,sara.kettani247@gmail.com,1960-06-11,male,TNG,0686286724,2022-07-28,social_media
C00189,Fassi Fihri,Soufiane,ghita.bennani205@hotmail.com,1985-09-10,female,Casablanca,0663992760,2025-07-14,web
C00190,Haddad,Sanae,sanae.haddad86@yahoo.fr,1969-09-11,1,Oujda,0697219985,2024-10-21,web
C00191,Tahiri,Adil,adil.tahiri251@gmail.com,1963-05-22,0,Mohammedia,0628416255,2022-02-01,web
C00192,Sefrioui,Ali,ali.sefrioui171@yahoo.fr,1967-01-11,H,FES,0618572753,2024-05-17,marketplace
C00193,Bouazza,Wafae,wafae.bouazza467@outlook.com,1983-03-09,f,FES,0625479814,2021-10-22,mobile
C00194,Bennani,Fatima,fatima.bennani48@hotmail.com,1962-09-26,m,Fès,0643321320,2024-04-11,social_media
C00195,Benjelloun,Samira,samira.benjelloun382@live.fr,1993-01-13,f,Casablanca,0647890586,2021-08-28,marketplace
C00196,El Ouazzani,Reda,reda.elouazzani206@yahoo.fr,1989-06-19,m,RABAT,0683357939,2024-04-24,mobile
C00197,Alaoui,Adil,adil.alaoui355@live.fr,1960-11-13,0,Tanger,0681110496,2023-02-07,mobile
C00198,Berrada,Youssef,youssef.berrada45@gmail.com,1983-08-24,Homme,TNG,0677837366,2021-10-04,mobile
C00199,Tazi,Hind,hind.tazi64@live.fr,1980-07-23,h,Kénitra,0646501299,2023-06-15,mobile
C00200,Berrada,Mehdi,mehdi.berrada160@gmail.com,1994-06-25,h,Nador,0672189327,2022-08-10,marketplace
C00201,Fassi Fihri,Meryem,meryem.fassifihri42@live.fr,1975-06-13,Homme,Fès,0650109721,2025-01-22,marketplace
C00202,Alaoui,Houda,houda.alaoui570@outlook.com,1968-02-01,male,Mohammedia,0636592965,2021-04-05,social_media
C00203,Bouazza,Imad,imad.bouazza601@live.fr,1972-11-15,f,Tanger,0654499873,2022-02-28,web
C00204,Bennani,Nabil,nabil.bennani444@live.fr,1987-03-12,1,Tanger,0647561442,2022-03-09,social_media
C00205,Haddad,Khadija,khadija.haddad252@live.fr,1963-02-09,h,Fès,0636770773,2024-03-14,referral
C00206,Rahmouni,Reda,reda.rahmouni801@outlook.com,1996-09-11,m,MARRAKECH,0613498112,2024-05-06,marketplace
C00207,Rahmouni,Fatima,fatima.rahmouni829@gmail.com,1974-03-04,Homme,mkch,0645772648,2022-11-08,referral
C00208,Filali,Khadija,khadija.filali867@live.fr,1971-03-08,0,fes,0658155056,2025-06-26,referral
C00209,Ziani,Ali,ali.ziani577@hotmail.com,1991-09-10,h,MARRAKECH,0622114140,2022-08-02,web
C00210,Alaoui,Karim,karim.alaoui1@outlook.com,2005-03-26,H,MARRAKECH,0629825571,2023-01-01,referral
C00211,Filali,Amina,amina.filali882@live.fr,1985-10-04,f,rbt,0628314232,2023-05-11,mobile
C00212,Rahmouni,Asmae,asmae.rahmouni179@yahoo.fr,1982-04-22,female,Fès,0651181116,2025-03-13,marketplace
C00213,Naciri,Mohamed,mohamed.naciri872@outlook.com,1980-10-08,h,Casablanca,0628876833,2025-02-16,marketplace
C00214,Lahlou,Sara,sara.lahlou652@hotmail.com,2006-06-15,Femme,rbt,0643492807,2021-05-07,web
C00215,Tahiri,Amine,amine.tahiri396@gmail.com,1991-07-12,m,Agadir,0674355957,2025-07-04,referral
C00216,Amrani,Dounia,ghita.chraibi460@outlook.com,1966-02-11,1,Nador,0620066654,2022-07-06,referral
C00217,Skalli,Meryem,ahmed.elouazzani90@outlook.com,1987-03-02,h,Agadir,0635499255,2021-06-07,social_media
C00218,Benjelloun,Sanae,sanae.benjelloun244@yahoo.fr,1969-01-12,Homme,TANGER,0649533757,2021-07-03,referral
C00219,Alaoui,Amine,amine.alaoui654@hotmail.com,1985-08-16,0,FES,0683031359,2023-02-21,social_media
C00220,Lahlou,Khalid,khalid.lahlou46@outlook.com,1996-01-05,1,Kénitra,0656142898,2021-02-22,referral
C00221,Amrani,Brahim,brahim.amrani861@gmail.com,1990-10-08,H,TANGER,0662989744,2024-05-03,web
C00222,Rahmouni,Zakaria,zakaria.rahmouni151@live.fr,1970-04-26,h,Agadir,0666824417,2022-03-02,web
C00223,Cherkaoui,Asmae,asmae.cherkaoui265@live.fr,1984-09-13,1,MARRAKECH,0647071046,2025-06-28,referral
C00224,Rahmouni,Mohamed,mohamed.rahmouni536@live.fr,1997-10-25,h,Fès,0623554707,2021-02-19,marketplace
C00225,Chraibi,Nawal,nawal.chraibi671@outlook.com,1985-03-20,Homme,Casablanca,0663917932,2025-11-23,web
C00226,Naciri,Said,said.naciri764@gmail.com,1979-05-09,0,Safi,0623182514,2024-12-22,mobile
C00227,Filali,Nabil,nabil.filali747@yahoo.fr,1986-12-16,Femme,Oujda,0617543817,2025-06-27,referral
C00228,El Mansouri,Meryem,meryem.elmansouri139@outlook.com,1972-04-27,H,Tnja,0671263503,2021-04-02,web
C00229,Benjelloun,Nadia,nadia.benjelloun518@outlook.com,1983-08-20,Femme,Casablanca,0673697356,2024-03-28,referral
C00230,Fassi Fihri,Nawal,nawal.fassifihri@,1974-11-08,Homme,mkch,0664963125,2022-05-21,referral
C00231,Alaoui,Soufiane,soufiane.alaoui663@hotmail.com,1979-12-23,female,Kénitra,0656802956,2023-07-13,social_media
C00232,El Mansouri,Nabil,samira.cherkaoui424@yahoo.fr,1995-11-20,H,fes,0624509544,2025-05-10,social_media
C00233,Bouazza,Rachid,rachid.bouazza268@yahoo.fr,1969-09-25,Femme,CASA,0690535106,2022-01-26,social_media
C00234,Berrada,Dounia,dounia.berrada303@outlook.com,1997-12-19,m,El Jadida,0639845082,2022-06-24,referral
C00235,El Amrani,Hanane,hanane.elamrani308@live.fr,1978-02-16,Femme,Fès,0685031958,2022-12-09,mobile
C00236,Bouazza,Samira,samira.bouazza364@hotmail.com,1981-06-09,f,Béni Mellal,0625808361,2025-05-15,social_media
C00237,Ziani,Imad,imad.ziani73@live.fr,1984-09-10,h,Marrakech,0630237141,2024-01-28,mobile
C00238,Chraibi,Samira,samira.chraibi147@outlook.com,1981-11-06,h,mkch,0610632635,2023-11-02,social_media
C00239,Ziani,Hamza,hamza.ziani805@outlook.com,1987-07-14,1,casa,0615063406,2024-07-01,referral
C00240,Alaoui,Ali,ali.alaoui@,1968-02-13,Femme,Fès,0632417070,2025-10-10,web
C00241,El Mansouri,Zineb,zineb.elmansouri611@live.fr,1981-08-12,female,Casablanca,0664142310,2022-03-26,web
C00242,Cherkaoui,Omar,omar.cherkaoui517@live.fr,1984-11-09,m,CASA,0689715138,2025-10-02,web
C00243,Benali,Ghita,ghita.benali707@gmail.com,1990-12-05,m,Marrakech,0694598956,2022-12-22,web
C00244,El Idrissi,Soufiane,soufiane.elidrissi638@yahoo.fr,1992-12-20,H,fes,0624262473,2021-05-04,social_media
C00245,Filali,Mehdi,mehdi.filali997@live.fr,1995-08-07,Homme,Meknès,0610367488,2024-06-08,web
C00246,Benali,Salma,salma.benali153@outlook.com,1966-05-21,h,Rabat,0645450260,2022-08-10,social_media
C00247,Ouahbi,Hamza,hamza.ouahbi369@yahoo.fr,1962-01-28,m,RABAT,0632885770,2022-11-21,marketplace
C00248,Haddad,Nabil,nabil.haddad382@gmail.com,1989-05-27,Homme,El Jadida,0674188958,2024-12-28,social_media
C00249,El Idrissi,Houda,houda.elidrissi966@gmail.com,1996-11-15,1,Tnja,0658130331,2022-10-13,referral
C00250,Benali,Soufiane,soufiane.benali943@outlook.com,1976-11-11,1,Mohammedia,0680439867,2021-12-28,referral
C00251,El Amrani,Sara,sara.elamrani536@live.fr,1975-08-12,Femme,Béni Mellal,0684939694,2024-03-27,referral
C00252,Fassi Fihri,Imad,imad.fassifihri873@outlook.com,1975-06-09,H,mkch,0683886264,2021-09-08,social_media
C00253,Tazi,Karim,karim.tazi821@outlook.com,1967-08-24,female,tanger,0665343143,2021-02-13,web
C00254,Benali,Fatima,fatima.benali987@live.fr,2001-11-15,f,TNG,0617284695,2023-06-27,mobile
C00255,Benkirane,Samira,samira.benkirane485@live.fr,2002-04-01,h,Mohammedia,0695048563,2023-06-27,marketplace
C00256,Naciri,Ali,ali.naciri919@gmail.com,1986-02-09,f,rbt,0626206227,2025-04-07,social_media
C00257,Naciri,Mehdi,mehdi.naciri776@gmail.com,1967-08-15,Femme,fes,0676951647,2025-09-05,web
C00258,Benkirane,Youssef,youssef.benkirane495@live.fr,1971-12-27,male,Agadir,0698251083,2022-02-13,referral
C00259,Sefrioui,Samira,samira.sefrioui624@outlook.com,1981-05-15,male,Tétouan,0690869462,2022-03-14,referral
C00260,Ouahbi,Reda,reda.ouahbi648@live.fr,1982-11-05,Femme,rbt,0695480242,2022-09-18,marketplace
C00261,Benkirane,Nawal,nawal.benkirane585@live.fr,1994-05-28,female,Casablanca,0624290224,2024-01-17,web
C00262,El Amrani,Youssef,youssef.elamrani274@hotmail.com,1969-01-23,m,Meknès,0682634888,2023-04-25,web
C00263,El Idrissi,Nabil,nabil.elidrissi886@live.fr,2004-05-23,h,El Jadida,0665910573,2021-07-13,marketplace
C00264,Alaoui,Khadija,khadija.alaoui636@hotmail.com,2000-12-23,Homme,Mohammedia,0690985229,2023-10-18,mobile
C00265,El Mansouri,Nadia,nadia.elmansouri700@hotmail.com,1984-01-14,female,RABAT,0627457234,2023-09-09,mobile
C00266,Alaoui,Laila,zineb.elmansouri611@live.fr,2000-10-27,Femme,Nador,0686863404,2023-08-26,referral
C00267,Sefrioui,Said,said.sefrioui534@hotmail.com,1985-02-12,0,Béni Mellal,0654544651,2022-04-22,marketplace
C00268,Filali,Mehdi,mehdi.filali487@live.fr,2025-08-08,h,CASA,0615352233,2025-10-08,marketplace
C00269,Bouzid,Amine,amine.bouzid742@live.fr,1992-09-15,Homme,fes,0697446634,2024-01-10,mobile
C00270,El Idrissi,Ahmed,ahmed.elidrissi@,2003-07-27,1,mkch,0668416623,2021-04-18,web
C00271,Alaoui,Amina,amina.alaoui39@yahoo.fr,1964-10-27,female,MARRAKECH,0662080854,2022-05-14,social_media
C00272,Skalli,Asmae,khadija.elamrani315@outlook.com,1962-12-28,m,mkch,0624245271,2021-06-17,marketplace
C00273,Haddad,Zineb,zineb.haddad784@yahoo.fr,1990-03-18,f,fes,0662478133,2022-03-24,referral
C00274,Berrada,Imad,imad.berrada981@yahoo.fr,1962-01-19,Homme,TANGER,0683487621,2025-07-18,web
C00275,Cherkaoui,Ali,ali.cherkaoui146@live.fr,1967-03-22,male,fes,0683665549,2025-01-28,social_media
C00276,El Mansouri,Meryem,meryem.elmansouri101@yahoo.fr,2002-11-08,f,Nador,0619369589,2021-05-20,mobile
C00277,Skalli,Nabil,nabil.skalli711@yahoo.fr,1987-03-01,h,Safi,0639732676,2023-04-26,social_media
C00278,Berrada,Ali,ali.berrada474@outlook.com,1971-11-20,Femme,tanger,0628790705,2021-05-28,referral
C00279,Tazi,Imad,adil.chraibi386@yahoo.fr,1962-09-09,f,mkch,0697766064,2025-09-16,mobile
C00280,Filali,Karim,karim.filali138@yahoo.fr,1960-11-08,h,El Jadida,0679006257,2025-11-06,mobile
C00281,Ziani,Hamza,hamza.ziani754@hotmail.com,1991-04-03,h,Casablanca,0615745651,2023-06-08,mobile
C00282,Bouzid,Ali,ali.bouzid903@outlook.com,1993-11-27,female,Nador,0687662596,2023-12-09,referral
C00283,Bouazza,Hind,hind.bouazza602@yahoo.fr,1974-09-13,male,TNG,0674707720,2023-06-16,referral
C00284,El Ouazzani,Omar,omar.elouazzani79@hotmail.com,1983-10-23,1,Fès,0665648506,2021-11-08,marketplace
C00285,El Amrani,Hanane,hanane.elamrani216@outlook.com,1962-03-19,female,Béni Mellal,0694495485,2025-03-05,referral
C00286,Berrada,Brahim,brahim.berrada265@hotmail.com,1996-11-01,m,El Jadida,0670291054,2023-02-07,referral
C00287,Fassi Fihri,Hanane,hanane.fassifihri616@outlook.com,2002-09-09,0,mkch,0655992559,2022-12-22,social_media
C00288,Amrani,Meryem,meryem.amrani136@outlook.com,2003-07-27,male,FES,0633813202,2022-10-04,social_media
C00289,Bennani,Ilham,ilham.bennani771@live.fr,1994-01-25,H,Fès,0659711219,2024-09-14,web
C00290,Amrani,Asmae,asmae.amrani359@outlook.com,1996-02-14,female,mkch,0641207351,2022-05-16,web
C00291,Chraibi,Reda,reda.chraibi6@hotmail.com,1993-01-13,Homme,Tnja,0652399610,2022-12-26,social_media
C00292,Chraibi,Omar,omar.chraibi268@yahoo.fr,2003-07-25,h,Safi,0684834795,2022-07-18,social_media
C00293,Benkirane,Reda,reda.benkirane315@yahoo.fr,2002-02-24,female,El Jadida,0631715773,2022-08-26,web
C00294,Rahmouni,Khalid,khalid.rahmouni629@live.fr,2000-01-26,Femme,Agadir,0690563579,2021-03-16,social_media
C00295,Amrani,Rachid,rachid.amrani624@gmail.com,1993-05-23,Femme,El Jadida,0633524492,2025-01-25,social_media
C00296,Ouahbi,Mehdi,mehdi.ouahbi200@yahoo.fr,1999-03-22,H,TNG,0697915178,2021-06-08,web
C00297,Benjelloun,Meryem,meryem.benjelloun686@yahoo.fr,1880-02-18,male,TNG,0685042992,2023-12-27,referral
C00298,Amrani,Rachid,rachid.amrani466@hotmail.com,1992-02-18,h,Tétouan,0655629449,2021-09-10,web
C00299,Benkirane,Laila,laila.benkirane711@yahoo.fr,1981-08-22,h,tanger,0613670948,2024-10-28,social_media
C00300,Bouzid,Ahmed,ahmed.bouzid820@hotmail.com,2004-05-08,0,TNG,0655901507,2023-02-13,web
C00301,Kettani,Houda,houda.kettani224@yahoo.fr,1972-08-24,Femme,RABAT,0642488275,2022-04-24,marketplace
C00302,Benali,Mehdi,mehdi.benali365@live.fr,2002-08-20,0,Rabat,0674732147,2021-09-02,marketplace
C00303,Ziani,Hanane,hanane.ziani188@outlook.com,1996-03-02,Homme,Tétouan,0682580645,2025-07-16,web
C00304,Ouahbi,Khalid,khalid.ouahbi124@outlook.com,1890-07-19,1,rbt,0692245683,2021-06-12,marketplace
C00305,Amrani,Rachid,rachid.amrani982@outlook.com,1986-12-25,Homme,tanger,0663766628,2023-06-28,marketplace
C00306,Berrada,Brahim,brahim.berrada834@hotmail.com,1984-04-05,h,Kénitra,0611307588,2022-08-26,mobile
C00307,Ouahbi,Omar,omar.ouahbi738@live.fr,1996-01-13,H,Tétouan,0618057946,2021-12-06,mobile
C00308,Benali,Hanane,hanane.benali763@outlook.com,1976-06-01,f,TANGER,0691279039,2024-02-12,mobile
C00309,Bouazza,Ghita,ghita.bouazza800@hotmail.com,1988-02-13,H,TNG,0694786974,2025-05-15,mobile
C00310,Rahmouni,Ghita,ghita.rahmouni647@outlook.com,1981-04-11,Femme,Rabat,0645899536,2023-11-10,referral
C00311,El Ouazzani,Laila,laila.elouazzani534@live.fr,1968-12-08,Femme,Agadir,0620746107,2023-12-23,mobile
C00312,El Idrissi,Amine,amine.elidrissi562@outlook.com,1965-02-09,f,TNG,0697890153,2025-03-03,social_media
C00313,Tahiri,Karim,karim.tahiri642@outlook.com,2002-06-28,Homme,Agadir,0682555977,2023-08-15,marketplace
C00314,Naciri,Omar,omar.naciri606@hotmail.com,1987-09-21,H,CASA,0674646194,2025-05-12,referral
C00315,El Ouazzani,Ahmed,ahmed.elouazzani423@yahoo.fr,1968-06-10,Homme,Tanger,0676025948,2024-09-01,social_media
C00316,Rahmouni,Adil,adil.rahmouni237@live.fr,1995-07-13,Homme,Oujda,0696703417,2022-03-23,social_media
C00317,Benjelloun,Sara,sara.benjelloun641@outlook.com,2003-05-10,f,casa,0635233016,2025-05-14,web
C00318,El Idrissi,Hassan,hassan.elidrissi464@live.fr,1969-01-18,female,Oujda,0647864772,2021-03-04,marketplace
C00319,Tahiri,Nabil,nabil.tahiri93@hotmail.com,1991-06-15,m,Nador,0629607576,2021-06-03,web
C00320,Tazi,Khalid,khalid.tazi186@outlook.com,1960-02-25,H,fes,0669453211,2022-07-25,mobile
C00321,Cherkaoui,Khadija,khadija.cherkaoui534@gmail.com,1979-06-06,female,El Jadida,0679917538,2021-12-18,web
C00322,El Mansouri,Imad,imad.elmansouri909@yahoo.fr,1987-06-01,0,Marrakech,0626059096,2022-05-19,social_media
C00323,Bennani,Fatima,fatima.bennani705@outlook.com,1991-02-22,h,Rabat,0693903841,2025-06-25,web
C00324,Berrada,Imad,imad.berrada129@gmail.com,1982-08-24,H,TANGER,0660703288,2022-01-23,marketplace
C00325,Bennani,Laila,laila.bennani573@outlook.com,1994-06-11,female,Oujda,0690353461,2024-05-28,referral
C00326,Berrada,Zakaria,zakaria.berrada840@yahoo.fr,1992-07-24,female,Tanger,0658865345,2022-01-20,referral
C00327,El Amrani,Ahmed,ahmed.elamrani195@outlook.com,1978-06-14,H,TANGER,0680222787,2023-02-04,web
C00328,Fassi Fihri,Omar,omar.fassifihri110@hotmail.com,1984-11-16,m,Tnja,0689228847,2025-10-23,marketplace
C00329,Haddad,Karim,karim.haddad953@gmail.com,1989-11-02,f,Fès,0665828293,2023-09-24,marketplace
C00330,Benali,Khadija,khadija.benali542@yahoo.fr,1973-09-04,h,Meknès,0681358338,2021-12-08,social_media
C00331,El Amrani,Zakaria,zakaria.elamrani641@live.fr,1966-11-19,0,TANGER,0699287317,2023-11-15,social_media
C00332,Rahmouni,Houda,houda.rahmouni412@live.fr,1988-06-11,1,TANGER,0659891348,2025-06-28,social_media
C00333,Benali,Asmae,asmae.benali247@live.fr,1976-06-15,Femme,mkch,0614652375,2024-07-01,marketplace
C00334,Berrada,Loubna,loubna.berrada308@gmail.com,2004-05-18,Homme,Nador,0686720441,2025-09-19,mobile
C00335,Lahlou,Nabil,nabil.lahlou272@hotmail.com,1979-02-19,1,Kénitra,0620361818,2024-10-07,marketplace
C00336,Kettani,Houda,zakaria.berrada840@yahoo.fr,1963-06-12,h,El Jadida,0626178675,2024-07-28,mobile
C00337,Alaoui,Ilham,ilham.alaoui313@gmail.com,1992-12-08,male,Tnja,0662731823,2022-01-22,social_media
C00338,Sefrioui,Wafae,wafae.sefrioui443@hotmail.com,1990-10-24,f,Fès,0645239935,2021-09-13,web
C00339,Filali,Adil,adil.filali493@hotmail.com,1995-10-24,1,CASA,0619615892,2025-04-08,marketplace
C00340,El Amrani,Samira,samira.elamrani116@gmail.com,1982-10-21,h,Safi,0656938140,2021-05-06,referral
C00341,Haddad,Rim,rim.haddad46@outlook.com,2006-02-04,1,Casablanca,0629820881,2021-04-20,marketplace
C00342,El Mansouri,Amine,amine.elmansouri24@outlook.com,1993-05-18,female,Oujda,0628971329,2024-10-24,web
C00343,Sefrioui,Soufiane,soufiane.sefrioui175@yahoo.fr,1963-08-21,m,rbt,0698633740,2021-02-13,marketplace
C00344,Lahlou,Dounia,dounia.lahlou300@gmail.com,1992-12-04,f,Kénitra,0690142265,2023-08-28,referral
C00345,Sefrioui,Mehdi,hanane.tazi419@yahoo.fr,1985-12-06,female,Meknès,0657232974,2021-06-22,marketplace
C00346,Sefrioui,Sara,sara.sefrioui641@gmail.com,1995-05-08,Homme,fes,0698171888,2022-06-13,mobile
C00347,Sefrioui,Khalid,khalid.sefrioui428@hotmail.com,1981-08-18,h,Meknès,0628599426,2022-04-21,referral
C00348,Ouahbi,Mehdi,mehdi.ouahbi706@yahoo.fr,1969-11-19,1,Fès,0684804948,2022-06-03,referral
C00349,Fassi Fihri,Salma,salma.fassifihri@@hotmail.com,2000-12-09,Femme,Meknès,0627655789,2022-04-04,mobile
C00350,Haddad,Driss,driss.haddad581@live.fr,1982-02-23,Homme,Kénitra,0691163038,2024-03-17,social_media
C00351,Fassi Fihri,Nawal,nawal.fassifihri486@outlook.com,1960-05-14,male,Casablanca,0637223861,2022-12-22,mobile
C00352,Ouahbi,Nabil,nabil.ouahbi705@outlook.com,1962-10-24,h,Kénitra,0662902012,2024-12-11,referral
C00353,Haddad,Wafae,wafae.haddad657@live.fr,1989-01-08,H,TNG,0615268263,2025-09-13,referral
C00354,Bennani,Imad,imad.bennani451@yahoo.fr,1970-07-10,0,fes,0679386491,2025-01-23,mobile
C00355,El Ouazzani,Imad,imad.elouazzani116@live.fr,1968-07-14,f,Fès,0634008676,2023-08-01,social_media
C00356,El Ouazzani,Nadia,nadia.elouazzani332@yahoo.fr,2006-02-03,f,MARRAKECH,0695103759,2021-12-15,marketplace
C00357,Tahiri,Khalid,khalid.tahiri973@live.fr,1981-10-28,H,Casablanca,0629408873,2022-03-28,mobile
C00358,Chraibi,Khadija,khadija.chraibi748@yahoo.fr,1968-04-01,Homme,CASA,0671557975,2025-05-01,social_media
C00359,Rahmouni,Sanae,sanae.rahmouni904@live.fr,1986-08-03,m,Casablanca,0642844845,2025-10-01,referral
C00360,Benkirane,Imad,imad.benkirane190@gmail.com,1962-11-19,0,Casablanca,0621771255,2025-05-11,web
C00361,Fassi Fihri,Hamza,hamza.fassifihri677@live.fr,1989-12-19,Homme,MARRAKECH,0650170625,2023-01-03,marketplace
C00362,Benali,Khalid,khalid.benali864@outlook.com,1977-06-17,f,Fès,0638058347,2024-09-07,referral
C00363,Tahiri,Brahim,brahim.tahiri496@gmail.com,1978-07-20,H,MARRAKECH,0687194344,2023-05-17,referral
C00364,Haddad,Omar,omar.haddad533@outlook.com,1999-04-23,h,MARRAKECH,0625865493,2023-04-01,web
C00365,Tahiri,Amine,amine.tahiri425@live.fr,1973-01-21,0,TANGER,0644147341,2022-12-10,web
C00366,Benkirane,Zakaria,zakaria.benkirane117@gmail.com,1961-03-07,Femme,RABAT,0674304823,2023-06-22,social_media
C00367,Berrada,Ghita,ghita.berrada643@hotmail.com,1986-12-02,female,Fès,0652346074,2025-05-19,referral
C00368,Ziani,Mehdi,mehdi.ziani68@yahoo.fr,1984-11-18,Femme,Tanger,0662286700,2022-10-20,mobile
C00369,Naciri,Zineb,zineb.naciri279@gmail.com,1979-04-17,Femme,Kénitra,0660226379,2023-03-04,web
C00370,El Ouazzani,Meryem,meryem.elouazzani819@gmail.com,1990-12-28,H,Oujda,0653934556,2025-05-25,mobile
C00371,Benali,Salma,salma.benali211@hotmail.com,1967-01-10,H,rbt,0689763928,2021-11-28,web
C00372,El Idrissi,Youssef,youssef.elidrissi24@yahoo.fr,1972-04-10,H,Fès,0669205536,2023-09-11,web
C00373,Benjelloun,Hamza,hamza.benjelloun982@gmail.com,1995-06-09,f,Oujda,0648019546,2022-12-26,referral
C00374,El Mansouri,Ahmed,ahmed.elmansouri554@yahoo.fr,1963-02-13,h,tanger,0662602177,2021-02-14,mobile
C00375,Bouazza,Wafae,wafae.bouazza365@live.fr,1994-02-25,female,rbt,0622470997,2024-10-05,social_media
C00376,El Amrani,Hassan,hassan.elamrani238@outlook.com,1983-07-06,female,Fès,0675432046,2023-06-15,web
C00377,Lahlou,Amine,amine.lahlou867@outlook.com,1992-02-13,female,casa,0697167893,2021-06-18,web
C00378,El Ouazzani,Sanae,sanae.elouazzani424@live.fr,1984-02-11,male,Agadir,0667867771,2022-12-19,social_media
C00379,Benkirane,Samira,samira.benkirane679@hotmail.com,1991-02-19,0,rbt,0684502610,2025-08-11,web
C00380,El Mansouri,Houda,houda.elmansouri613@gmail.com,1980-08-21,male,mkch,0628645088,2021-02-07,referral
C00381,Rahmouni,Ghita,ghita.rahmouni677@hotmail.com,1988-04-07,m,El Jadida,0650876026,2023-05-19,social_media
C00382,Tazi,Nawal,nawal.tazi627@gmail.com,1963-06-18,h,Fès,0685165988,2021-01-23,marketplace
C00383,Ouahbi,Hassan,hassan.ouahbi443@hotmail.com,1985-07-14,m,Nador,0633274710,2025-04-22,social_media
C00384,Bouzid,Reda,reda.bouzid158@outlook.com,1964-11-01,Femme,Fès,0698305426,2022-12-16,social_media
C00385,Tazi,Amina,amina.tazi881@outlook.com,1999-03-15,1,casa,0670404120,2025-07-18,social_media
C00386,Chraibi,Hamza,hamza.chraibi592@gmail.com,1986-09-19,h,rbt,0686255745,2023-01-02,social_media
C00387,Ziani,Salma,salma.ziani146@gmail.com,1977-08-17,female,FES,0621871068,2021-09-20,mobile
C00388,El Amrani,Soufiane,soufiane.elamrani818@live.fr,1960-08-15,f,Fès,0654495054,2025-08-19,social_media
C00389,El Mansouri,Hassan,hassan.elmansouri712@gmail.com,1976-01-21,1,RABAT,0686887967,2024-10-06,web
C00390,Rahmouni,Zineb,zineb.rahmouni294@gmail.com,1977-05-05,h,Rabat,0644488013,2025-05-09,web
C00391,Fassi Fihri,Ilham,ilham.fassifihri675@hotmail.com,1975-08-06,h,Tétouan,0621328172,2025-01-11,mobile
C00392,Benali,Amina,amina.benali789@outlook.com,1973-10-24,female,RABAT,0645486562,2023-01-21,web
C00393,Bouzid,Nabil,nabil.bouzid488@yahoo.fr,2003-12-13,female,TANGER,0681194737,2024-05-05,social_media
C00394,Bouzid,Nabil,nabil.bouzid700@live.fr,1987-10-21,Femme,TANGER,0645847919,2023-06-09,web
C00395,Bouzid,Brahim,brahim.bouzid752@hotmail.com,2004-03-11,female,TNG,0611137651,2025-01-22,web
C00396,Sefrioui,Amine,amine.sefrioui360@outlook.com,1999-02-02,f,Oujda,0639101720,2025-11-27,referral
C00397,Tazi,Salma,salma.tazi385@hotmail.com,1971-02-23,h,Tnja,0672673716,2022-05-10,web
C00398,Filali,Laila,laila.filali264@yahoo.fr,1984-06-02,male,mkch,0669132953,2023-05-06,web
C00399,Haddad,Mehdi,mehdi.haddad661@hotmail.com,1999-11-04,male,mkch,0623862962,2024-12-09,web
C00400,Tahiri,Brahim,brahim.tahiri20@outlook.com,1880-11-13,Homme,CASA,0654269149,2023-03-23,social_media
C00401,Naciri,Loubna,loubna.naciri447@outlook.com,1994-04-01,female,MARRAKECH,0674701849,2024-12-27,web
C00402,Skalli,Nawal,nawal.skalli57@outlook.com,1981-02-27,Homme,Rabat,0637262368,2024-05-21,mobile
C00403,El Amrani,Hind,hind.elamrani713@yahoo.fr,1965-11-15,0,rbt,0635916466,2022-03-02,web
C00404,Amrani,Wafae,wafae.amrani65@outlook.com,1988-01-02,female,tanger,0615746469,2023-01-11,social_media
C00405,El Amrani,Imad,imad.elamrani963@outlook.com,1974-02-02,H,Fès,0612558593,2022-08-21,social_media
C00406,Bennani,Ilham,soufiane.chraibi247@gmail.com,1989-10-06,0,fes,0624271532,2025-02-27,web
C00407,Amrani,Driss,driss.amrani437@hotmail.com,1980-02-22,f,RABAT,0653163063,2025-09-05,mobile
C00408,Fassi Fihri,Wafae,wafae.fassifihri124@gmail.com,1995-03-15,Femme,Agadir,0627900736,2022-10-02,web
C00409,Haddad,Ghita,ghita.haddad17@hotmail.com,1965-12-21,male,Tanger,0673889312,2025-05-14,mobile
C00410,Benjelloun,Imad,imad.benjelloun422@outlook.com,1971-12-16,H,rbt,0650426348,2025-02-21,marketplace
C00411,Amrani,Reda,reda.amrani543@gmail.com,1994-09-08,0,FES,0637931877,2024-11-22,marketplace
C00412,Rahmouni,Amine,amine.rahmouni510@outlook.com,1983-05-07,1,Casablanca,0692788091,2024-05-11,social_media
C00413,Benkirane,Youssef,youssef.benkirane66,1997-10-11,1,Kénitra,0653712695,2024-04-24,mobile
C00414,Amrani,Samira,samira.amrani756@hotmail.com,1990-10-16,f,Fès,0639013196,2021-07-05,referral
C00415,Lahlou,Khalid,khalid.lahlou738@outlook.com,1968-01-23,1,Tétouan,0628320921,2025-01-09,web
C00416,Chraibi,Rim,rim.chraibi226@yahoo.fr,1999-03-19,1,MARRAKECH,0665256920,2025-04-03,referral
C00417,Ziani,Mehdi,mehdi.ziani@,1997-03-19,female,Béni Mellal,0615376584,2021-07-02,social_media
C00418,Bennani,Loubna,loubna.bennani404@live.fr,1991-04-03,male,fes,0664575354,2025-01-23,mobile
C00419,Amrani,Hassan,hassan.amrani492@gmail.com,1997-01-15,f,Mohammedia,0664406548,2024-03-28,mobile
C00420,Bouazza,Nawal,nawal.bouazza882@gmail.com,1962-05-14,female,rbt,0682804407,2023-12-20,referral
C00421,Tazi,Dounia,dounia.tazi754@yahoo.fr,1963-02-13,h,Casablanca,0615486060,2023-08-20,marketplace
C00422,Benkirane,Imad,imad.benkirane727@live.fr,1967-11-16,f,Nador,0640257672,2025-12-07,marketplace
C00423,Sefrioui,Rachid,rachid.sefrioui56@yahoo.fr,1967-08-23,male,tanger,0681518649,2025-11-27,marketplace
C00424,Rahmouni,Ali,ali.rahmouni914@hotmail.com,1978-02-04,f,El Jadida,0629858055,2022-05-04,social_media
C00425,Sefrioui,Mehdi,mehdi.sefrioui427@yahoo.fr,1986-08-24,m,Fès,0618448940,2021-05-07,web
C00426,Benali,Sara,sara.benali422@yahoo.fr,1997-11-23,H,MARRAKECH,0671472671,2025-09-15,marketplace
C00427,Fassi Fihri,Zineb,zineb.fassifihri496@hotmail.com,1982-05-15,Homme,FES,0681848989,2022-10-06,marketplace
C00428,Benali,Hamza,hamza.benali244@hotmail.com,1976-06-06,1,Tnja,0614655890,2022-09-23,marketplace
C00429,Lahlou,Amina,amina.lahlou999@live.fr,1991-03-15,female,Tanger,0683302419,2023-03-01,referral
C00430,Kettani,Hassan,hassan.kettani683@live.fr,1967-12-16,Homme,Mohammedia,0683948598,2021-03-22,web
C00431,Haddad,Khalid,khalid.haddad366@outlook.com,1993-04-26,0,CASA,0621219199,2023-04-01,referral
C00432,El Amrani,Dounia,dounia.elamrani404@live.fr,1963-11-12,f,casa,0667396933,2024-03-23,marketplace
C00433,El Mansouri,Mohamed,mohamed.elmansouri316@yahoo.fr,1988-12-14,Femme,Rabat,0666885794,2024-05-06,social_media
C00434,Haddad,Brahim,brahim.haddad213@hotmail.com,1964-10-25,f,TNG,0664956876,2024-02-01,marketplace
C00435,El Ouazzani,Reda,reda.elouazzani205@hotmail.com,1979-10-10,h,TANGER,0672203452,2024-09-24,mobile
C00436,Berrada,Mohamed,mohamed.berrada979@yahoo.fr,1978-07-06,Homme,Marrakech,0642849824,2024-12-21,web
C00437,Kettani,Rachid,rachid.kettani764@live.fr,2000-11-16,f,Béni Mellal,0687210585,2021-06-17,web
C00438,Ziani,Houda,houda.ziani328@hotmail.com,1977-06-14,m,Safi,0649146492,2023-01-10,referral
C00439,Sefrioui,Meryem,meryem.sefrioui784@hotmail.com,1980-11-26,0,TANGER,0658656970,2023-05-22,web
C00440,Benali,Ali,ali.benali141@gmail.com,1970-02-07,1,tanger,0635288872,2022-09-08,referral
C00441,Ouahbi,Loubna,loubna.ouahbi720@live.fr,1967-03-01,H,Mohammedia,0658663129,2024-06-10,mobile
C00442,Sefrioui,Ilham,ilham.sefrioui727@hotmail.com,2004-03-23,Femme,Marrakech,0638164383,2022-05-05,mobile
C00443,Naciri,Asmae,asmae.naciri20@gmail.com,1962-11-17,f,Casablanca,0625961469,2025-01-16,marketplace
C00444,El Amrani,Hassan,hassan.elamrani802@gmail.com,1971-11-12,m,Tnja,0647228730,2021-02-05,referral
C00445,Ouahbi,Hamza,hamza.ouahbi248@live.fr,1960-09-07,H,fes,0682091897,2022-05-06,web
C00446,Cherkaoui,Salma,salma.cherkaoui376@outlook.com,1971-06-13,H,Casablanca,0640541809,2024-04-17,social_media
C00447,El Idrissi,Said,said.elidrissi533@gmail.com,2006-01-03,female,rbt,0661644447,2023-08-04,marketplace
C00448,El Amrani,Hassan,hassan.elamrani568@hotmail.com,1964-08-22,female,Béni Mellal,0675987927,2023-03-01,web
C00449,El Amrani,Zakaria,zakaria.elamrani147@gmail.com,1970-02-12,f,Marrakech,0689854290,2022-06-07,social_media
C00450,Tahiri,Adil,adil.tahiri784@yahoo.fr,2001-07-12,female,Tétouan,0664283500,2024-11-20,social_media
C00451,Filali,Omar,omar.filali126@gmail.com,1961-02-24,female,CASA,0613590174,2021-02-16,mobile
C00452,Skalli,Soufiane,soufiane.skalli637@yahoo.fr,1991-08-07,1,Casablanca,0675800289,2023-11-16,referral
C00453,Rahmouni,Said,zakaria.naciri940@gmail.com,1984-08-11,H,Fès,0614829304,2024-08-15,web
C00454,Ouahbi,Soufiane,soufiane.ouahbi504@hotmail.com,1967-10-22,Homme,El Jadida,0682396020,2024-11-18,referral
C00455,Ouahbi,Reda,reda.ouahbi58@live.fr,1982-05-11,1,El Jadida,0616055696,2021-01-19,mobile
C00456,Rahmouni,Nawal,nawal.rahmouni784@gmail.com,1982-07-12,h,Marrakech,0643234179,2021-11-08,mobile
C00457,Tazi,Wafae,khadija.cherkaoui534@gmail.com,1987-10-17,f,Casablanca,0673042053,2024-05-01,referral
C00458,Bouzid,Said,said.bouzid331@outlook.com,1973-06-16,h,Marrakech,0632364326,2025-11-11,referral
C00459,Cherkaoui,Adil,adil.cherkaoui861@gmail.com,1996-07-26,female,Tétouan,0622342371,2022-10-24,referral
C00460,Benjelloun,Said,said.benjelloun821@live.fr,2001-05-17,f,Safi,0682470537,2023-07-22,marketplace
C00461,Benjelloun,Khalid,khalid.benjelloun465@live.fr,1890-10-16,h,Fès,0672719315,2022-11-27,marketplace
C00462,Rahmouni,Sanae,sanae.rahmouni958@outlook.com,1989-03-08,h,TNG,0650302318,2022-12-22,social_media
C00463,Bouazza,Ahmed,ahmed.bouazza274@outlook.com,1975-07-08,0,Tétouan,0613718391,2021-03-07,mobile
C00464,El Ouazzani,Zineb,zineb.elouazzani447@live.fr,1968-01-09,female,Oujda,0633620336,2023-11-18,web
C00465,Rahmouni,Hanane,hanane.rahmouni881@gmail.com,1986-06-22,m,Meknès,0628865664,2021-07-27,mobile
C00466,El Idrissi,Zakaria,zakaria.elidrissi973@live.fr,1975-10-04,H,tanger,0688426937,2023-06-27,social_media
C00467,Chraibi,Sara,sara.chraibi110@hotmail.com,1997-01-16,0,Mohammedia,0625161415,2025-06-23,marketplace
C00468,El Amrani,Mustapha,mustapha.elamrani901@yahoo.fr,1979-01-21,0,tanger,0698882124,2025-01-27,web
C00469,Amrani,Dounia,dounia.amrani394@live.fr,2003-02-18,Homme,Safi,0611055770,2022-08-13,social_media
C00470,El Mansouri,Laila,laila.elmansouri305@hotmail.com,2001-07-26,f,Mohammedia,0620750109,2021-05-28,social_media
C00471,Benali,Adil,adil.benali898@outlook.com,1992-02-12,Femme,Agadir,0683514771,2024-10-24,marketplace
C00472,Filali,Mohamed,mohamed.filali646@hotmail.com,2000-05-11,m,Tanger,0631182569,2025-02-04,mobile
C00473,Filali,Imad,imad.filali703@live.fr,1968-05-06,1,Mohammedia,0647822197,2025-06-26,mobile
C00474,Fassi Fihri,Ali,ali.fassifihri968@outlook.com,1995-11-20,male,Tanger,0636610839,2022-02-15,marketplace
C00475,Bennani,Houda,houda.bennani440@live.fr,1996-02-01,male,Safi,0670895638,2025-07-25,social_media
C00476,Cherkaoui,Mehdi,mehdi.cherkaoui765@yahoo.fr,1973-05-24,Homme,FES,0664831176,2022-07-06,mobile
C00477,Amrani,Rachid,rachid.amrani930@outlook.com,1960-08-05,h,CASA,0638483372,2023-12-13,social_media
C00478,Benjelloun,Ilham,ilham.benjelloun571@gmail.com,1982-10-22,f,Kénitra,0616108500,2025-12-24,web
C00479,Bouzid,Driss,driss.bouzid688@outlook.com,1971-05-06,Homme,TANGER,0672825287,2025-08-11,mobile
C00480,Chraibi,Zakaria,zakaria.chraibi120@yahoo.fr,1977-12-12,1,tanger,0692266282,2024-05-09,marketplace
C00481,Fassi Fihri,Adil,adil.fassifihri783@outlook.com,1988-01-07,Femme,Casablanca,0634580812,2022-01-08,web
C00482,Naciri,Hamza,hamza.naciri119@outlook.com,2005-09-16,female,Casablanca,0629871432,2024-08-04,web
C00483,Ouahbi,Mehdi,mehdi.ouahbi855@hotmail.com,2002-10-07,Homme,Tétouan,0686609843,2025-01-17,mobile
C00484,Amrani,Ahmed,ahmed.amrani909@gmail.com,1983-10-04,female,Casablanca,0620880123,2023-03-01,social_media
C00485,Kettani,Dounia,dounia.kettani609@yahoo.fr,1988-06-24,female,Casablanca,0616534020,2025-03-07,marketplace
C00486,Tahiri,Youssef,youssef.tahiri975@live.fr,1985-02-01,f,Tétouan,0664008708,2022-03-13,marketplace
C00487,Berrada,Ghita,ghita.berrada503@yahoo.fr,1998-03-12,f,Meknès,0636826266,2021-06-17,social_media
C00488,Kettani,Khalid,khalid.kettani615@live.fr,1971-07-21,Homme,MARRAKECH,0678899524,2024-02-02,marketplace
C00489,Amrani,Dounia,dounia.amrani540@outlook.com,1965-08-10,1,Meknès,0650320166,2022-03-22,mobile
C00490,Ziani,Hassan,hassan.ziani79@live.fr,1966-08-22,m,TNG,0644206757,2025-05-12,referral
C00491,Alaoui,Zakaria,zakaria.alaoui184@outlook.com,2005-05-11,f,Casablanca,0699960756,2025-12-15,social_media
C00492,Skalli,Laila,laila.skalli190@hotmail.com,1966-07-18,1,Tétouan,0625660291,2021-01-13,web
C00493,El Ouazzani,Mustapha,mustapha.elouazzani744@live.fr,2003-12-22,male,casa,0626789227,2024-05-03,mobile
C00494,Benali,Amine,amine.benali@,1994-04-03,m,Béni Mellal,0673617738,2023-08-05,social_media
C00495,Berrada,Hamza,hamza.berrada@,1985-01-11,female,Tnja,0667953597,2021-02-21,social_media
C00496,Haddad,Wafae,wafae.haddad38@yahoo.fr,2003-08-08,H,Tnja,0666640491,2021-09-01,referral
C00497,Benjelloun,Ahmed,ahmed.benjelloun120@outlook.com,1987-01-06,male,Safi,0672980385,2023-12-07,marketplace
C00498,Amrani,Zakaria,zakaria.amrani944@yahoo.fr,1978-12-23,h,Casablanca,0697577092,2024-07-27,marketplace
C00499,Haddad,Houda,houda.haddad708@yahoo.fr,1970-10-16,0,Fès,0650755467,2021-07-16,mobile
C00500,Alaoui,Youssef,youssef.alaoui366@yahoo.fr,1962-02-11,Femme,FES,0640425851,2024-02-20,web
C00501,Benjelloun,Hanane,hanane.benjelloun788@yahoo.fr,2004-09-20,Femme,Tétouan,0668764105,2021-12-02,social_media
C00502,El Idrissi,Salma,salma.elidrissi801@live.fr,1966-03-21,h,TANGER,0631076551,2021-04-12,marketplace
C00503,Kettani,Loubna,loubna.kettani663@hotmail.com,1988-07-25,f,Marrakech,0673574016,2021-04-27,marketplace
C00504,Tazi,Hamza,hamza.tazi733@yahoo.fr,1993-07-26,Homme,Casablanca,0667555628,2022-03-26,social_media
C00505,Ouahbi,Rim,rim.ouahbi19,1965-06-11,H,TNG,0618250139,2024-03-14,social_media
C00506,Bouazza,Dounia,dounia.bouazza60@live.fr,1993-05-14,1,MARRAKECH,0684304333,2024-11-23,marketplace
C00507,Lahlou,Samira,samira.lahlou922@yahoo.fr,2001-04-18,m,rbt,0669343538,2025-10-21,marketplace
C00508,Bouzid,Ghita,ghita.bouzid87@yahoo.fr,1968-09-18,0,RABAT,0678675400,2023-04-03,referral
C00509,Filali,Said,said.filali29@gmail.com,1979-12-14,1,Tétouan,0618045780,2025-02-24,marketplace
C00510,Lahlou,Zakaria,zakaria.lahlou775@gmail.com,1960-08-11,f,Meknès,0685913174,2022-12-19,referral
C00511,Lahlou,Sara,sara.lahlou683@yahoo.fr,1984-09-24,Homme,Casablanca,0679316990,2022-02-11,referral
C00512,El Ouazzani,Ali,ali.elouazzani729@hotmail.com,1968-08-07,f,Rabat,0680632831,2024-02-12,social_media
C00513,Filali,Loubna,loubna.filali599@yahoo.fr,1991-12-14,male,Mohammedia,0627062291,2022-03-17,social_media
C00514,Naciri,Amina,amina.naciri121@live.fr,1995-06-04,H,Casablanca,0626222417,2025-07-04,marketplace
C00515,Sefrioui,Khadija,khadija.sefrioui381@gmail.com,1969-03-26,1,Meknès,0650958413,2025-07-02,marketplace
C00516,Alaoui,Mustapha,khalid.tahiri973@live.fr,1988-06-26,f,Tnja,0691296981,2024-08-27,mobile
C00517,Bouazza,Loubna,loubna.bouazza684@outlook.com,1999-11-20,female,Nador,0663069304,2024-07-08,marketplace
C00518,El Ouazzani,Soufiane,hassan.elidrissi464@live.fr,1979-09-21,Homme,MARRAKECH,0621428912,2021-11-18,mobile
C00519,Ziani,Sanae,sanae.ziani535@live.fr,1890-01-09,m,Fès,0687786253,2022-04-27,social_media
C00520,Haddad,Reda,reda.haddad604@outlook.com,1971-07-01,Femme,Tanger,0644517819,2025-06-13,web
C00521,Benkirane,Amine,amine.benkirane148@yahoo.fr,1986-11-06,1,Fès,0634354859,2021-10-11,web
C00522,Bouzid,Zineb,zineb.bouzid146@yahoo.fr,1967-01-07,f,El Jadida,0641741300,2022-10-19,social_media
C00523,Bouzid,Zakaria,zakaria.bouzid63@yahoo.fr,1986-11-08,f,Rabat,0688674767,2021-05-18,web
C00524,Bouazza,Reda,reda.bouazza582@yahoo.fr,1969-06-18,1,CASA,0666875091,2022-04-18,referral
C00525,Benali,Mohamed,mohamed.benali297@live.fr,1990-05-20,female,Casablanca,0657166514,2023-11-13,mobile
C00526,El Mansouri,Loubna,loubna.elmansouri757@hotmail.com,1967-03-24,m,Rabat,0638299831,2025-05-14,referral
C00527,El Amrani,Said,said.elamrani771@yahoo.fr,1981-04-15,Femme,Casablanca,0627948365,2025-06-01,web
C00528,Alaoui,Fatima,fatima.alaoui570@outlook.com,1965-11-21,1,mkch,0669750614,2021-09-01,web
C00529,Benali,Khalid,khalid.benali397@yahoo.fr,1967-08-12,h,rbt,0639732013,2022-08-01,web
C00530,Naciri,Dounia,dounia.naciri93@hotmail.com,1974-08-12,Femme,MARRAKECH,0691339562,2021-05-16,mobile
C00531,Bouzid,Imad,imad.bouzid583@yahoo.fr,1996-11-22,f,Oujda,0618772554,2025-10-06,referral
C00532,Berrada,Ahmed,ahmed.berrada877@live.fr,2003-01-23,Homme,MARRAKECH,0685177493,2025-10-09,social_media
C00533,Bouazza,Adil,adil.bouazza443@yahoo.fr,1989-08-12,m,Marrakech,0640138350,2025-01-24,web
C00534,Benkirane,Adil,adil.benkirane6@yahoo.fr,1961-12-08,female,Fès,0636424359,2024-02-08,mobile
C00535,Bouazza,Ahmed,ilham.benjelloun571@gmail.com,1966-08-08,f,fes,0654773484,2023-01-27,referral
C00536,Filali,Meryem,meryem.filali450@live.fr,1963-01-13,h,Tnja,0627117564,2023-12-03,web
C00537,Bennani,Rim,rim.bennani642@live.fr,1978-07-13,Homme,Casablanca,0665177982,2021-10-25,mobile
C00538,Haddad,Dounia,dounia.haddad394@outlook.com,1981-11-22,m,casa,0654049408,2021-08-17,referral
C00539,Alaoui,Amine,amine.alaoui608@gmail.com,1992-05-12,h,Tnja,0693329195,2024-08-24,social_media
C00540,Rahmouni,Omar,omar.rahmouni131@gmail.com,1979-10-18,m,CASA,0651429578,2022-03-16,referral
C00541,Alaoui,Ali,ali.alaoui674@live.fr,1995-01-14,H,TNG,0695973808,2023-04-07,mobile
C00542,Cherkaoui,Samira,samira.cherkaoui615@outlook.com,1999-05-14,female,Tnja,0670975394,2023-03-04,web
C00543,Bouazza,Mohamed,mohamed.bouazza478@hotmail.com,1981-12-13,0,RABAT,0610902666,2022-07-06,marketplace
C00544,Alaoui,Ali,ali.alaoui146@gmail.com,1983-01-01,H,Tnja,0633373562,2022-04-10,mobile
C00545,Skalli,Houda,houda.skalli183@hotmail.com,1961-11-05,H,Tétouan,0624894008,2024-11-26,marketplace
C00546,El Ouazzani,Zineb,zineb.elouazzani829@yahoo.fr,1999-07-23,0,TNG,0627554964,2021-02-05,mobile
C00547,Naciri,Khalid,khalid.naciri614@yahoo.fr,1997-04-28,Femme,Casablanca,0629940314,2025-05-26,marketplace
C00548,Rahmouni,Imad,imad.rahmouni872@hotmail.com,1965-08-26,Homme,tanger,0678264989,2025-02-06,social_media
C00549,Filali,Ghita,ghita.filali511@yahoo.fr,2004-08-23,H,rbt,0688005556,2024-08-09,social_media
C00550,Bouazza,Wafae,wafae.bouazza225@hotmail.com,1979-07-13,m,Kénitra,0660211839,2025-03-27,marketplace
C00551,Filali,Amina,amina.filali456@yahoo.fr,1999-06-14,f,Casablanca,0664888712,2024-08-14,marketplace
C00552,Benjelloun,Samira,samira.benjelloun184@gmail.com,1965-05-27,male,Rabat,0696389831,2025-09-18,web
C00553,El Idrissi,Sara,sara.elidrissi369@gmail.com,1976-05-24,f,Oujda,0691072076,2023-04-23,mobile
C00554,Benjelloun,Sanae,sanae.benjelloun289@yahoo.fr,1997-11-01,m,El Jadida,0630036175,2024-11-17,social_media
C00555,Kettani,Mehdi,mehdi.kettani602@live.fr,1981-02-11,0,RABAT,0666061116,2022-07-25,mobile
C00556,Alaoui,Reda,reda.alaoui592@hotmail.com,2025-06-08,Femme,RABAT,0664139232,2024-07-22,referral
C00557,Alaoui,Brahim,brahim.alaoui945@gmail.com,1998-10-19,h,Nador,0662430296,2024-07-07,web
C00558,Kettani,Mehdi,mehdi.kettani584@yahoo.fr,1966-11-18,f,Meknès,0690982133,2022-01-27,social_media
C00559,Tazi,Mehdi,mehdi.tazi211@yahoo.fr,1983-09-01,male,Rabat,0665144861,2022-06-28,social_media
C00560,Berrada,Amine,amine.berrada490@outlook.com,1968-04-10,H,Fès,0673723896,2024-12-22,mobile
C00561,Ziani,Zineb,zineb.ziani734@live.fr,1988-02-27,0,Tanger,0643130320,2024-10-26,referral
C00562,Kettani,Brahim,brahim.kettani590@outlook.com,1989-06-23,female,CASA,0633505052,2023-07-20,social_media
C00563,Tahiri,Driss,driss.tahiri394@outlook.com,2004-01-08,male,Tnja,0682173911,2022-05-21,marketplace
C00564,Naciri,Meryem,meryem.naciri422@outlook.com,1966-09-25,0,Safi,0632124330,2023-07-15,marketplace
C00565,El Ouazzani,Youssef,youssef.elouazzani655@gmail.com,1985-04-13,m,El Jadida,0625392453,2021-01-09,mobile
C00566,Kettani,Nabil,nabil.kettani85@gmail.com,1977-03-06,female,Mohammedia,0633788294,2021-10-04,marketplace
C00567,Fassi Fihri,Khalid,khalid.fassifihri694@gmail.com,1962-11-18,f,Agadir,0616409704,2022-08-23,referral
C00568,El Idrissi,Dounia,said.sefrioui534@hotmail.com,1975-06-08,male,mkch,0666597298,2022-02-01,web
C00569,Benali,Samira,samira.benali226@gmail.com,1970-12-06,0,fes,0624453078,2021-07-17,marketplace
C00570,Cherkaoui,Imad,imad.cherkaoui957@hotmail.com,1966-06-11,h,Marrakech,0697777422,2022-01-13,marketplace
C00571,El Ouazzani,Mehdi,mehdi.elouazzani674@gmail.com,1973-07-10,0,Safi,0681965066,2025-08-04,referral
C00572,Haddad,Amine,amine.haddad695@outlook.com,2000-12-11,Femme,Fès,0612368781,2024-02-11,referral
C00573,Bouzid,Rim,rim.bouzid516@hotmail.com,1967-05-08,H,Kénitra,0620655497,2024-04-20,web
C00574,El Mansouri,Mustapha,laila.rahmouni383@gmail.com,1968-05-11,0,RABAT,0665686049,2021-09-26,marketplace
C00575,Ouahbi,Sara,sara.ouahbi249@yahoo.fr,2003-12-24,Femme,Casablanca,0661202173,2022-10-28,referral
C00576,Bouazza,Nabil,nabil.bouazza891@gmail.com,1969-04-05,m,Casablanca,0683665010,2021-03-19,mobile
C00577,Chraibi,Ahmed,ahmed.chraibi169@yahoo.fr,1979-05-19,female,Agadir,0646488536,2024-11-07,social_media
C00578,Bouzid,Ali,ali.bouzid483@hotmail.com,1969-08-01,male,RABAT,0621171324,2024-07-28,marketplace
C00579,Benkirane,Amina,amina.benkirane390@yahoo.fr,1990-02-11,1,El Jadida,0636268523,2022-12-16,mobile
C00580,Alaoui,Fatima,fatima.alaoui504@yahoo.fr,1983-07-16,H,El Jadida,0619560913,2023-11-19,social_media
C00581,Bouzid,Salma,salma.bouzid199@hotmail.com,2006-06-17,h,mkch,0659416355,2024-11-23,web
C00582,Tahiri,Asmae,asmae.tahiri490@hotmail.com,1961-12-22,0,CASA,0671132251,2022-05-20,mobile
C00583,Ziani,Driss,driss.ziani120@gmail.com,1997-02-17,1,El Jadida,0667293719,2022-07-06,marketplace
C00584,Benkirane,Loubna,loubna.benkirane316@live.fr,1966-11-19,male,RABAT,0638122043,2023-03-09,social_media
C00585,Fassi Fihri,Fatima,fatima.fassifihri100@gmail.com,1978-12-14,female,TNG,0635018189,2022-03-12,mobile
C00586,Sefrioui,Hamza,hamza.sefrioui581@outlook.com,1972-05-28,f,Casablanca,0693808429,2024-08-21,web
C00587,Tazi,Houda,houda.tazi387@gmail.com,1990-08-22,Homme,Tanger,0645712753,2021-01-02,web
C00588,El Idrissi,Khadija,@live.fr,1998-07-11,0,tanger,0652308622,2023-11-11,mobile
C00589,Bouzid,Dounia,dounia.bouzid59@live.fr,1989-12-13,male,MARRAKECH,0626494625,2022-01-20,referral
C00590,Lahlou,Karim,karim.lahlou703@live.fr,1960-11-27,female,Béni Mellal,0658345978,2023-01-21,web
C00591,El Amrani,Samira,samira.elamrani622@hotmail.com,1987-08-22,female,MARRAKECH,0649441620,2021-12-13,referral
C00592,Ouahbi,Omar,omar.ouahbi804@live.fr,1965-05-27,H,Fès,0669899586,2025-08-06,web
C00593,Amrani,Reda,reda.amrani175@hotmail.com,2005-01-06,0,Rabat,0647628993,2023-07-25,mobile
C00594,Kettani,Dounia,dounia.kettani945@hotmail.com,1981-04-19,f,Rabat,0656066984,2025-02-21,social_media
C00595,Bouazza,Hind,hind.bouazza828@outlook.com,1965-06-24,H,Meknès,0625583513,2025-04-24,referral
C00596,Bouzid,Said,said.bouzid319@gmail.com,1987-06-25,h,FES,0626952687,2023-11-26,referral
C00597,Amrani,Wafae,wafae.amrani10@outlook.com,1978-04-16,f,Fès,0648036341,2024-03-20,mobile
C00598,Haddad,Khadija,khadija.haddad515@yahoo.fr,1990-11-27,Femme,FES,0660560976,2022-08-10,web
C00599,Berrada,Samira,samira.berrada718@hotmail.com,1991-12-13,0,mkch,0631366552,2023-11-28,web
C00600,Chraibi,Said,said.chraibi776@yahoo.fr,2004-04-23,female,RABAT,0627569192,2025-07-04,marketplace
C00601,Ouahbi,Wafae,wafae.ouahbi469@yahoo.fr,1978-03-07,m,Mohammedia,0697407684,2022-12-07,web
C00602,El Idrissi,Brahim,brahim.elidrissi974@outlook.com,1966-06-16,1,Agadir,0679180538,2022-01-04,marketplace
C00603,Bouazza,Amina,amina.bouazza35@hotmail.com,1971-11-24,male,Meknès,0698384904,2024-12-26,web
C00604,Bouzid,Ghita,ghita.bouzid15,1992-04-01,Homme,CASA,0674357181,2025-10-19,marketplace
C00605,Rahmouni,Salma,salma.rahmouni394@hotmail.com,1968-02-11,h,Béni Mellal,0682143514,2021-12-28,mobile
C00606,Bouzid,Mohamed,mohamed.bouzid803@live.fr,1994-12-27,H,TNG,0625747238,2021-04-22,mobile
C00607,Alaoui,Houda,khadija.cherkaoui534@gmail.com,1995-05-28,H,CASA,0677934076,2021-02-04,marketplace
C00608,Fassi Fihri,Reda,reda.fassifihri255@gmail.com,1978-11-18,male,TNG,0675826121,2024-03-19,marketplace
C00609,Haddad,Ali,ali.haddad215@live.fr,1972-03-10,H,Casablanca,0684097665,2022-03-20,mobile
C00610,Berrada,Laila,laila.berrada77@outlook.com,1985-08-03,h,CASA,0629225877,2023-11-14,referral
C00611,Tahiri,Imad,imad.tahiri732@hotmail.com,1970-07-27,Homme,fes,0668200448,2022-06-26,social_media
C00612,Amrani,Driss,driss.amrani128@yahoo.fr,2000-02-12,f,Béni Mellal,0640301728,2023-05-05,marketplace
C00613,Amrani,Khalid,khalid.amrani802@gmail.com,1997-08-04,male,RABAT,0686793756,2025-06-23,marketplace
C00614,El Idrissi,Ilham,ilham.elidrissi326@hotmail.com,2003-09-18,m,Safi,0689498519,2025-07-16,mobile
C00615,Sefrioui,Soufiane,soufiane.sefrioui147@hotmail.com,2000-06-23,1,Casablanca,0666135725,2022-11-20,social_media
C00616,Rahmouni,Ali,ali.rahmouni294@live.fr,1974-05-21,female,rbt,0651974837,2021-05-14,web
C00617,Tahiri,Meryem,meryem.tahiri170@gmail.com,1991-01-14,0,Meknès,0674378331,2025-12-05,social_media
C00618,Benkirane,Soufiane,soufiane.benkirane15@outlook.com,2026-12-18,f,RABAT,0698741286,2023-04-24,referral
C00619,Haddad,Khadija,khadija.haddad691@hotmail.com,1964-06-27,female,Fès,0616832563,2022-09-12,social_media
C00620,Lahlou,Hamza,hamza.lahlou936@yahoo.fr,1967-05-10,f,FES,0638597227,2024-05-09,web
C00621,Bouzid,Wafae,wafae.bouzid952@yahoo.fr,1989-10-28,0,fes,0610790690,2024-01-12,referral
C00622,Lahlou,Hassan,hassan.lahlou359@gmail.com,2026-08-07,f,Safi,0630630696,2021-09-17,social_media
C00623,Alaoui,Mustapha,mustapha.alaoui232@yahoo.fr,1971-09-26,1,Safi,0698084362,2023-02-15,social_media
C00624,Tahiri,Ali,ali.tahiri368@gmail.com,1962-03-13,male,Marrakech,0614242158,2024-12-11,mobile
C00625,El Amrani,Hanane,hanane.elamrani432@gmail.com,1980-07-17,Homme,Casablanca,0624479352,2024-03-04,web
C00626,Sefrioui,Ali,ali.sefrioui54@hotmail.com,1987-08-10,m,casa,0667572954,2023-08-03,mobile
C00627,Fassi Fihri,Loubna,loubna.fassifihri786@yahoo.fr,1987-04-16,0,rbt,0677422120,2021-12-24,referral
C00628,Bouazza,Brahim,asmae.elidrissi171@outlook.com,1999-04-03,1,Fès,0680460439,2021-07-14,marketplace
C00629,Amrani,Sara,sara.amrani491@outlook.com,1977-06-09,Femme,Casablanca,0643147569,2023-12-14,marketplace
C00630,Bennani,Houda,houda.bennani677@gmail.com,1998-02-14,m,tanger,0658799048,2022-05-16,marketplace
C00631,El Amrani,Amine,amine.elamrani789@live.fr,1997-09-20,m,RABAT,0647036972,2023-04-21,mobile
C00632,El Idrissi,Meryem,meryem.elidrissi124@live.fr,1972-04-23,1,Fès,0683360594,2024-02-03,referral
C00633,Filali,Mustapha,mustapha.filali739@live.fr,1976-09-12,0,Béni Mellal,0625761044,2023-08-21,social_media
C00634,Sefrioui,Adil,adil.sefrioui171@gmail.com,1996-01-26,H,Fès,0663350718,2022-12-27,social_media
C00635,Tazi,Loubna,loubna.tazi769@outlook.com,1977-04-06,1,El Jadida,0639233657,2021-03-19,referral
C00636,El Ouazzani,Loubna,loubna.elouazzani266@live.fr,1967-03-08,H,rbt,0649170544,2021-09-08,web
C00637,Berrada,Laila,laila.berrada658@gmail.com,1960-11-12,Homme,Oujda,0621173109,2025-06-11,referral
C00638,Chraibi,Omar,omar.chraibi333@yahoo.fr,1974-12-09,h,Tanger,0682127089,2022-05-01,referral
C00639,Bouazza,Khalid,khalid.bouazza565@live.fr,1997-11-26,Homme,Nador,0641101353,2024-03-15,social_media
C00640,Tazi,Mustapha,mustapha.tazi471@hotmail.com,2006-03-21,female,Oujda,0631866570,2023-01-10,mobile
C00641,Haddad,Dounia,dounia.haddad147@gmail.com,1966-12-17,0,CASA,0611582229,2022-12-25,referral
C00642,Alaoui,Khalid,khalid.alaoui782@gmail.com,1965-05-05,f,Fès,0611261132,2025-01-26,web
C00643,Ouahbi,Said,said.ouahbi143@hotmail.com,1979-06-16,f,Mohammedia,0682950883,2022-04-02,marketplace
C00644,Alaoui,Salma,salma.alaoui558@gmail.com,1960-04-01,m,fes,0629780540,2022-07-13,marketplace
C00645,El Amrani,Sara,sara.elamrani504@gmail.com,1978-06-03,male,Marrakech,0658384619,2025-06-04,web
C00646,Berrada,Ilham,ilham.berrada544@outlook.com,2002-11-10,1,Béni Mellal,0623948250,2025-05-12,marketplace
C00647,Lahlou,Dounia,dounia.lahlou@,1990-02-04,Homme,El Jadida,0647376435,2025-07-24,mobile
C00648,Fassi Fihri,Omar,omar.fassifihri327@yahoo.fr,2000-06-05,male,Béni Mellal,0683731067,2022-07-14,social_media
C00649,Benkirane,Mustapha,mustapha.benkirane394@hotmail.com,2004-12-08,H,TNG,0610384682,2021-04-12,mobile
C00650,Lahlou,Fatima,fatima.lahlou981@outlook.com,1968-05-15,H,Safi,0642547451,2022-09-14,mobile
C00651,Tahiri,Khadija,khadija.tahiri986@gmail.com,1987-06-02,1,RABAT,0619901281,2021-11-19,social_media
C00652,Alaoui,Houda,houda.alaoui145@yahoo.fr,1986-03-25,1,Tnja,0628805567,2022-08-24,referral
C00653,Kettani,Zineb,zineb.kettani455@yahoo.fr,1963-11-02,male,Meknès,0631521650,2025-03-17,web
C00654,El Amrani,Adil,adil.elamrani729@live.fr,1974-07-06,female,TNG,0660675282,2023-02-17,mobile
C00655,Haddad,Hind,hind.haddad402@hotmail.com,1964-12-15,m,TANGER,0696153129,2024-06-21,social_media
C00656,Bennani,Houda,houda.bennani200@outlook.com,1981-01-08,Femme,Safi,0624289429,2023-03-18,web
C00657,Filali,Mohamed,mohamed.filali565@hotmail.com,1996-10-02,Homme,Kénitra,0616449014,2025-08-02,marketplace
C00658,Alaoui,Hassan,hassan.alaoui982@yahoo.fr,1982-03-23,Femme,mkch,0677589149,2021-06-14,web
C00659,Alaoui,Omar,omar.alaoui489@outlook.com,2003-08-03,h,Meknès,0638943676,2021-12-08,mobile
C00660,Sefrioui,Houda,houda.sefrioui668@live.fr,1981-05-12,H,Mohammedia,0662027391,2025-07-02,mobile
C00661,Haddad,Driss,driss.haddad581@hotmail.com,2025-09-28,f,MARRAKECH,0671043277,2021-08-04,marketplace
C00662,Fassi Fihri,Hassan,hassan.fassifihri591@yahoo.fr,1989-05-16,f,Agadir,0628850509,2023-08-21,web
C00663,Bennani,Hanane,hanane.bennani411@yahoo.fr,1983-09-28,Femme,Casablanca,0621205911,2025-06-12,social_media
C00664,El Amrani,Rachid,rachid.elamrani660@live.fr,1960-03-28,m,rbt,0631234023,2021-05-13,referral
C00665,Amrani,Ahmed,ahmed.amrani686@outlook.com,1989-02-03,male,CASA,0663277039,2022-12-04,social_media
C00666,Tazi,Said,said.tazi619@yahoo.fr,1989-01-18,Femme,tanger,0695928388,2022-08-05,mobile
C00667,Haddad,Youssef,youssef.haddad959@gmail.com,1973-01-25,male,tanger,0695320504,2024-05-09,mobile
C00668,Benjelloun,Ahmed,ahmed.benjelloun306@gmail.com,2002-05-06,male,Béni Mellal,0655905032,2021-02-14,marketplace
C00669,Chraibi,Ali,ali.chraibi549@outlook.com,2004-10-13,female,rbt,0690145249,2021-09-26,mobile
C00670,Ziani,Soufiane,soufiane.ziani332@hotmail.com,2006-06-01,h,RABAT,0677034462,2022-08-05,marketplace
C00671,Chraibi,Soufiane,soufiane.chraibi@,1966-01-07,Homme,CASA,0683294452,2022-07-23,mobile
C00672,Lahlou,Nadia,nadia.lahlou996@hotmail.com,1961-05-10,0,Safi,0676992183,2025-02-23,social_media
C00673,Lahlou,Ali,ali.lahlou536@outlook.com,1983-03-18,H,Agadir,0668502308,2025-03-18,social_media
C00674,Naciri,Soufiane,soufiane.naciri719@yahoo.fr,1965-02-03,male,FES,0623915063,2021-10-14,social_media
C00675,Benkirane,Ilham,driss.cherkaoui440@live.fr,1974-08-18,f,FES,0673025187,2024-02-07,web
C00676,Chraibi,Nabil,nabil.chraibi963@gmail.com,2002-05-10,male,Meknès,0610558017,2024-11-08,social_media
C00677,Berrada,Mohamed,mohamed.berrada840@live.fr,1987-04-18,Femme,Agadir,0696494515,2024-04-20,social_media
C00678,Chraibi,Wafae,wafae.chraibi746@outlook.com,1974-02-23,1,TNG,0694750585,2022-09-04,referral
C00679,Benjelloun,Ghita,ghita.benjelloun972@hotmail.com,2000-10-05,H,Tanger,0682970485,2021-10-23,web
C00680,Tahiri,Fatima,fatima.tahiri650@outlook.com,1974-05-07,1,Kénitra,0660748656,2025-04-24,marketplace
C00681,Tazi,Laila,laila.tazi654@gmail.com,1998-02-04,1,Marrakech,0634243439,2022-05-09,web
C00682,Benali,Ali,mohamed.filali646@hotmail.com,1964-04-22,0,tanger,0695033882,2024-07-11,social_media
C00683,El Mansouri,Houda,houda.elmansouri676@hotmail.com,1981-06-16,m,Casablanca,0610673042,2025-10-18,mobile
C00684,El Idrissi,Rachid,rachid.elidrissi31@live.fr,1983-02-07,0,mkch,0639495837,2021-06-05,web
C00685,Benjelloun,Amina,amina.benjelloun205@outlook.com,1989-12-26,Homme,TANGER,0663679326,2024-07-17,mobile
C00686,El Amrani,Mehdi,mehdi.elamrani106@outlook.com,1973-12-16,Homme,Meknès,0690038028,2024-08-14,marketplace
C00687,El Idrissi,Ilham,ilham.elidrissi440@outlook.com,1964-08-06,h,Fès,0688768256,2021-09-09,social_media
C00688,Sefrioui,Imad,imad.sefrioui31@outlook.com,1982-04-03,Femme,Béni Mellal,0659924201,2022-11-12,mobile
C00689,Alaoui,Salma,salma.alaoui735@gmail.com,1974-09-03,Femme,MARRAKECH,0638477668,2024-05-20,referral
C00690,Benjelloun,Reda,reda.benjelloun588@gmail.com,1980-04-07,h,mkch,0616280294,2021-08-16,marketplace
C00691,El Ouazzani,Amine,amine.elouazzani335@live.fr,2001-10-01,1,Tanger,0664064349,2024-05-05,web
C00692,Bennani,Loubna,loubna.bennani72@gmail.com,1977-06-25,Femme,Béni Mellal,0684685481,2023-07-03,marketplace
C00693,Bouzid,Youssef,youssef.bouzid506@outlook.com,1999-02-01,Homme,Marrakech,0611395331,2022-01-27,mobile
C00694,Ouahbi,Said,said.ouahbi175@hotmail.com,1994-01-23,male,MARRAKECH,0615781587,2021-05-26,web
C00695,Tazi,Hassan,hassan.tazi705@yahoo.fr,1968-10-15,Homme,Tétouan,0629864422,2021-03-11,referral
C00696,Bouazza,Asmae,asmae.bouazza535@gmail.com,1977-06-25,female,Casablanca,0645408251,2024-04-03,marketplace
C00697,Benkirane,Nawal,nawal.benkirane712@hotmail.com,2002-04-15,0,Casablanca,0624030412,2024-04-16,marketplace
C00698,Filali,Brahim,brahim.filali880@live.fr,1969-09-04,H,rbt,0661751100,2022-04-12,social_media
C00699,Cherkaoui,Loubna,loubna.cherkaoui71@hotmail.com,1996-11-04,male,Meknès,0624790683,2022-08-04,mobile
C00700,Fassi Fihri,Nabil,nabil.fassifihri488@gmail.com,1995-02-12,Homme,Tétouan,0663274774,2024-04-05,referral
C00701,Bennani,Said,said.bennani379@yahoo.fr,1972-05-07,female,RABAT,0647034120,2024-03-20,referral
C00702,Chraibi,Loubna,loubna.chraibi662@gmail.com,1962-10-09,f,Marrakech,0623560284,2022-02-18,marketplace
C00703,Naciri,Driss,driss.naciri403@outlook.com,1991-04-06,male,Fès,0648653705,2022-06-21,referral
C00704,El Idrissi,Mohamed,mohamed.elidrissi930@live.fr,2004-04-06,1,Meknès,0632366774,2023-11-03,mobile
C00705,Berrada,Nabil,nabil.berrada439@outlook.com,1970-11-25,m,Tétouan,0673596407,2021-10-12,referral
C00706,Kettani,Karim,@gmail.com,1969-02-04,f,TNG,0670749138,2023-12-11,social_media
C00707,Benjelloun,Sanae,sanae.benjelloun374@yahoo.fr,1993-11-28,female,Meknès,0646230390,2025-08-04,referral
C00708,Berrada,Fatima,fatima.berrada676@hotmail.com,2004-07-12,male,Tanger,0636017047,2022-12-03,social_media
C00709,Bouazza,Laila,laila.bouazza982@outlook.com,1981-07-19,H,Casablanca,0635578230,2024-05-10,web
C00710,Benali,Samira,samira.benali444@gmail.com,1978-02-01,h,MARRAKECH,0672588071,2024-11-05,mobile
C00711,Haddad,Hassan,hassan.haddad311@hotmail.com,1880-04-10,H,Meknès,0675547434,2025-02-02,marketplace
C00712,El Amrani,Ali,ali.elamrani258@gmail.com,2002-09-05,m,MARRAKECH,0629145387,2021-12-09,mobile
C00713,El Mansouri,Ahmed,ahmed.elmansouri485@gmail.com,1987-07-04,0,Casablanca,0651706253,2023-05-20,mobile
C00714,Skalli,Dounia,dounia.skalli700@hotmail.com,1979-05-03,h,Béni Mellal,0671895093,2023-10-21,referral
C00715,El Idrissi,Adil,adil.elidrissi453@live.fr,1989-06-14,1,Casablanca,0671912488,2024-07-14,web
C00716,Filali,Fatima,fatima.filali774@gmail.com,1992-06-05,male,MARRAKECH,0649371856,2025-09-19,web
C00717,Berrada,Hind,hind.berrada474@gmail.com,1965-01-09,male,Mohammedia,0623072680,2021-06-20,marketplace
C00718,Ouahbi,Samira,samira.ouahbi759@gmail.com,1973-09-05,m,rbt,0628307667,2025-12-16,mobile
C00719,Ouahbi,Ghita,ghita.ouahbi644@yahoo.fr,1999-12-07,1,Tanger,0630538276,2021-02-01,referral
C00720,El Idrissi,Loubna,loubna.elidrissi107@hotmail.com,1967-05-13,0,Mohammedia,0641531482,2024-03-27,referral
C00721,El Amrani,Driss,driss.elamrani127@live.fr,2002-04-06,female,Agadir,0683374285,2025-12-23,mobile
C00722,El Mansouri,Hassan,hassan.elmansouri505@live.fr,1966-08-14,f,El Jadida,0648040286,2024-03-01,social_media
C00723,Alaoui,Khalid,khalid.alaoui35@yahoo.fr,1982-03-15,h,casa,0631248616,2024-05-01,marketplace
C00724,Cherkaoui,Zakaria,zakaria.cherkaoui400@live.fr,2006-10-11,Femme,Fès,0628795756,2024-12-28,marketplace
C00725,El Mansouri,Dounia,dounia.elmansouri939@gmail.com,1971-10-23,male,tanger,0644792727,2025-11-17,mobile
C00726,Ziani,Wafae,wafae.ziani633@live.fr,1970-04-04,Femme,Tanger,0673943071,2021-08-22,marketplace
C00727,El Idrissi,Sara,sara.elidrissi774@outlook.com,1967-01-28,1,Casablanca,0660240663,2021-08-25,referral
C00728,Fassi Fihri,Fatima,fatima.fassifihri716@gmail.com,1972-04-09,Femme,CASA,0648398260,2024-08-22,mobile
C00729,Chraibi,Hamza,hamza.chraibi89@hotmail.com,1962-03-01,H,Casablanca,0683360838,2023-07-19,web
C00730,Tahiri,Soufiane,soufiane.tahiri195@outlook.com,1982-10-18,H,tanger,0667379655,2022-02-15,social_media
C00731,Tazi,Wafae,wafae.tazi306@live.fr,1981-01-08,1,Casablanca,0658037222,2023-05-13,web
C00732,El Mansouri,Houda,houda.elmansouri590@live.fr,1985-10-02,f,casa,0688218402,2025-12-04,social_media
C00733,Bouazza,Laila,laila.bouazza347@gmail.com,1968-04-18,m,Fès,0641624005,2023-11-02,social_media
C00734,Haddad,Brahim,brahim.haddad73@yahoo.fr,1995-08-05,m,casa,0623966860,2023-12-02,web
C00735,Bouazza,Karim,karim.bouazza490@outlook.com,1963-01-25,Femme,Kénitra,0660920647,2022-09-20,web
C00736,Bouzid,Khadija,khadija.bouzid441@hotmail.com,1999-06-12,male,Marrakech,0617774227,2022-06-14,mobile
C00737,Alaoui,Brahim,brahim.alaoui766@outlook.com,1960-12-08,0,TANGER,0627007519,2021-02-02,social_media
C00738,Skalli,Youssef,youssef.skalli671@live.fr,1990-11-04,Femme,Fès,0682966957,2021-02-09,mobile
C00739,Ouahbi,Ali,ali.ouahbi731@outlook.com,2001-04-17,0,TANGER,0682668051,2023-06-23,referral
C00740,Chraibi,Ali,ali.chraibi287@outlook.com,1974-05-24,h,fes,0659981337,2025-04-04,mobile
C00741,Naciri,Karim,karim.naciri976@outlook.com,1997-07-10,female,Casablanca,0691838954,2021-01-09,social_media
C00742,Bouzid,Khalid,khalid.bouzid230@gmail.com,2002-05-02,female,Béni Mellal,0691703604,2025-06-01,marketplace
C00743,Rahmouni,Laila,laila.rahmouni@@hotmail.com,1963-02-18,h,MARRAKECH,0648576654,2024-12-22,referral
C00744,Tahiri,Brahim,brahim.tahiri267@live.fr,1975-03-01,h,RABAT,0621480563,2023-11-09,mobile
C00745,Skalli,Zineb,zineb.skalli40@outlook.com,2001-10-01,h,Casablanca,0698687917,2021-05-19,marketplace
C00746,El Ouazzani,Houda,@gmail.com,1986-01-19,female,FES,0684014080,2021-05-20,marketplace
C00747,Fassi Fihri,Rim,rim.fassifihri266@yahoo.fr,1999-11-02,Homme,CASA,0615167621,2022-02-21,mobile
C00748,Ziani,Rim,rim.ziani567@gmail.com,1976-01-22,Femme,rbt,0616003970,2023-09-23,referral
C00749,Tazi,Amine,amine.tazi116@outlook.com,2003-07-03,H,Nador,0613314453,2024-05-05,marketplace
C00750,Skalli,Nawal,nawal.skalli482@yahoo.fr,1962-05-05,male,Tanger,0691743716,2025-01-04,mobile
C00751,Naciri,Loubna,loubna.naciri730@live.fr,2002-12-05,H,fes,0620376565,2024-11-03,mobile
C00752,Bouazza,Wafae,wafae.bouazza552@outlook.com,1998-08-22,H,TNG,0652538880,2025-09-15,marketplace
C00753,El Mansouri,Brahim,brahim.elmansouri249@yahoo.fr,1967-12-08,0,Kénitra,0658570867,2024-12-14,web
C00754,Tazi,Zakaria,zakaria.tazi620@outlook.com,1968-09-08,Femme,Kénitra,0699375941,2024-11-19,mobile
C00755,Skalli,Zineb,zineb.skalli84@gmail.com,2000-04-06,Femme,Fès,0626212004,2024-01-06,social_media
C00756,Naciri,Reda,reda.naciri130@gmail.com,1964-03-17,female,Tanger,0657562437,2025-07-14,mobile
C00757,Amrani,Reda,reda.amrani345@gmail.com,1966-12-02,Homme,Tnja,0670249712,2021-12-12,social_media
C00758,El Mansouri,Asmae,asmae.elmansouri752@hotmail.com,1965-03-01,female,fes,0697161631,2025-10-12,social_media
C00759,Fassi Fihri,Nabil,nabil.fassifihri287@live.fr,1963-10-17,H,Meknès,0667269299,2025-10-17,marketplace
C00760,Filali,Said,said.filali43@hotmail.com,1993-05-19,1,RABAT,0656619939,2025-06-04,marketplace
C00761,Benjelloun,Hassan,hassan.benjelloun230@outlook.com,1966-04-22,female,Tétouan,0637762012,2023-03-04,referral
C00762,Alaoui,Houda,houda.alaoui983@gmail.com,1880-06-07,h,Oujda,0669703357,2023-10-14,referral
C00763,El Mansouri,Nabil,nabil.elmansouri456@gmail.com,1977-12-22,f,Rabat,0620612203,2021-06-26,mobile
C00764,Fassi Fihri,Samira,samira.fassifihri283@yahoo.fr,2005-12-11,H,Casablanca,0679967272,2021-07-04,marketplace
C00765,El Amrani,Reda,reda.elamrani252@gmail.com,1976-08-05,m,Kénitra,0676669489,2024-03-24,marketplace
C00766,Tazi,Imad,imad.tazi4@hotmail.com,1971-01-14,H,casa,0694694927,2023-10-13,referral
C00767,Kettani,Ali,ali.kettani899@hotmail.com,1991-11-13,H,Meknès,0674553231,2025-06-18,marketplace
C00768,Filali,Amine,amine.filali993@outlook.com,1989-06-22,Homme,Béni Mellal,0663430642,2021-06-23,mobile
C00769,Benali,Hanane,salma.bouzid199@hotmail.com,1986-01-18,female,TNG,0652630014,2023-05-22,social_media
C00770,Chraibi,Nabil,nabil.chraibi935@yahoo.fr,1962-05-15,male,Kénitra,0632351968,2024-04-19,referral
C00771,El Idrissi,Imad,imad.elidrissi338@live.fr,1984-02-25,h,RABAT,0684208202,2023-06-25,web
C00772,Cherkaoui,Loubna,loubna.cherkaoui204@live.fr,1974-05-26,Femme,El Jadida,0665484975,2022-06-11,mobile
C00773,Alaoui,Sara,sara.alaoui774@gmail.com,1962-03-10,m,El Jadida,0694765944,2023-01-08,mobile
C00774,Benali,Amine,amine.benali135@outlook.com,1964-09-24,male,FES,0682705468,2024-01-01,referral
C00775,Tahiri,Salma,salma.tahiri199@outlook.com,1992-12-01,h,MARRAKECH,0637201463,2023-05-15,web
C00776,Ziani,Imad,imad.ziani299@outlook.com,1990-05-23,female,Béni Mellal,0661325978,2025-09-08,web
C00777,Lahlou,Hind,hind.lahlou464@gmail.com,1988-06-16,H,El Jadida,0651689344,2025-02-21,marketplace
C00778,Tazi,Imad,imad.tazi174@live.fr,1969-07-20,f,Tnja,0686053026,2024-09-24,mobile
C00779,Benjelloun,Mustapha,mustapha.benjelloun759@yahoo.fr,1998-07-28,male,Nador,0638081593,2021-05-23,referral
C00780,Kettani,Sanae,sanae.kettani330@hotmail.com,2006-02-04,Femme,TANGER,0660423728,2024-12-03,mobile
C00781,Sefrioui,Houda,houda.sefrioui203@hotmail.com,1991-03-21,f,Casablanca,0683428512,2025-08-05,social_media
C00782,El Idrissi,Hassan,hassan.elidrissi738@yahoo.fr,1983-10-21,male,TNG,0680229592,2022-03-10,mobile
C00783,Sefrioui,Nawal,nawal.sefrioui484@yahoo.fr,1968-03-17,h,RABAT,0665875235,2024-01-11,mobile
C00784,Alaoui,Ahmed,ahmed.alaoui205@hotmail.com,1999-08-20,Homme,Nador,0695408582,2022-02-12,referral
C00785,Bouazza,Nawal,nawal.bouazza282@hotmail.com,1979-06-20,m,Béni Mellal,0682614071,2024-05-18,mobile
C00786,El Idrissi,Omar,omar.elidrissi183@yahoo.fr,2001-07-11,0,MARRAKECH,0647210187,2025-10-20,referral
C00787,Cherkaoui,Hanane,hanane.cherkaoui803@gmail.com,1969-03-16,1,MARRAKECH,0617004714,2021-06-03,mobile
C00788,Chraibi,Nabil,nabil.chraibi310@yahoo.fr,1984-12-16,female,TANGER,0680059735,2023-05-27,marketplace
C00789,Benali,Driss,driss.benali969@hotmail.com,1995-08-16,0,Fès,0684880752,2023-11-04,social_media
C00790,Alaoui,Houda,houda.alaoui790@outlook.com,1972-07-12,Femme,Oujda,0636284674,2022-12-01,social_media
C00791,Alaoui,Mehdi,mehdi.alaoui337@yahoo.fr,1960-10-09,h,Tétouan,0696124034,2021-11-09,social_media
C00792,Benjelloun,Rachid,rachid.benjelloun844@live.fr,2000-08-16,m,tanger,0696912487,2022-08-24,referral
C00793,Lahlou,Khadija,khadija.lahlou916@live.fr,1968-02-14,m,Agadir,0695560869,2021-01-15,web
C00794,Benjelloun,Reda,@live.fr,1997-12-12,0,Agadir,0664112975,2025-01-22,social_media
C00795,Bennani,Dounia,dounia.bennani845@hotmail.com,1988-01-09,f,Tétouan,0677842475,2025-04-23,social_media
C00796,El Mansouri,Mohamed,mohamed.elmansouri360@live.fr,1996-08-03,Homme,fes,0621598781,2021-02-06,mobile
C00797,Alaoui,Imad,imad.alaoui223@gmail.com,1975-05-27,1,Fès,0627815365,2022-12-25,marketplace
C00798,Fassi Fihri,Hassan,hassan.fassifihri579@hotmail.com,1972-03-10,Homme,Oujda,0645506648,2023-12-15,web
C00799,Lahlou,Brahim,brahim.lahlou461@live.fr,1997-07-05,Femme,Agadir,0668230817,2025-10-07,marketplace
C00800,Rahmouni,Dounia,dounia.rahmouni351@hotmail.com,1977-02-17,Homme,fes,0672772047,2022-05-07,marketplace
C00801,Sefrioui,Amine,amine.sefrioui144@outlook.com,1997-01-11,1,Tnja,0611060092,2021-11-12,mobile
C00802,Skalli,Said,said.skalli936@hotmail.com,1961-08-26,f,TANGER,0687304740,2025-08-19,social_media
C00803,Benali,Hanane,hanane.benali741@yahoo.fr,1962-04-25,0,Casablanca,0667162555,2025-02-14,marketplace
C00804,Ziani,Hind,hind.ziani525@hotmail.com,1993-04-19,m,casa,0654714248,2022-03-22,web
C00805,Rahmouni,Zineb,zineb.rahmouni470@yahoo.fr,1971-05-10,1,Casablanca,0637289414,2021-03-08,social_media
C00806,Berrada,Karim,karim.berrada6@yahoo.fr,1985-12-07,H,tanger,0672207767,2024-11-13,mobile
C00807,Bouzid,Salma,salma.bouzid782@yahoo.fr,2003-12-28,1,Nador,0681687725,2024-10-13,web
C00808,Tahiri,Soufiane,soufiane.tahiri228@gmail.com,1981-09-27,h,Kénitra,0663442916,2021-10-20,web
C00809,Kettani,Amina,amina.kettani217@gmail.com,1987-03-10,0,El Jadida,0674512027,2023-07-22,web
C00810,Fassi Fihri,Adil,adil.fassifihri699@outlook.com,2003-12-04,1,MARRAKECH,0652818915,2024-01-06,mobile
C00811,El Amrani,Hind,hind.elamrani498@gmail.com,1979-07-09,female,Béni Mellal,0670434208,2021-10-26,referral
C00812,Naciri,Mustapha,mustapha.naciri996@live.fr,1984-11-03,Femme,Béni Mellal,0689208997,2022-01-11,marketplace
C00813,Tahiri,Driss,fatima.alaoui504@yahoo.fr,1998-11-12,female,Mohammedia,0649747835,2023-07-11,web
C00814,El Mansouri,Hamza,hamza.elmansouri18@outlook.com,1982-12-02,Femme,Casablanca,0643370113,2025-12-13,mobile
C00815,Berrada,Amine,amine.berrada442@outlook.com,1975-12-27,1,Mohammedia,0615454740,2025-10-15,web
C00816,Berrada,Youssef,youssef.berrada392@gmail.com,1979-07-13,h,Nador,0644474897,2021-03-24,web
C00817,El Idrissi,Asmae,asmae.elidrissi268@live.fr,1975-12-26,0,TANGER,0673474033,2021-06-19,mobile
C00818,Benjelloun,Asmae,asmae.benjelloun514@yahoo.fr,1977-01-14,1,Agadir,0665609738,2022-01-26,mobile
C00819,Haddad,Nabil,nabil.haddad227@gmail.com,1978-12-23,Femme,Kénitra,0666474093,2025-08-19,referral
C00820,Kettani,Khalid,khalid.kettani352@gmail.com,1991-04-18,H,Mohammedia,0644318479,2022-11-13,social_media
C00821,Tazi,Brahim,brahim.tazi354@live.fr,1978-06-15,female,TNG,0693867651,2024-01-05,referral
C00822,Ziani,Ali,ali.ziani@@outlook.com,1968-07-20,male,El Jadida,0639300452,2021-02-13,mobile
C00823,El Mansouri,Wafae,wafae.elmansouri786@hotmail.com,1982-04-14,1,El Jadida,0658744480,2025-05-11,web
C00824,Bouazza,Dounia,dounia.bouazza549@live.fr,1989-05-27,Femme,El Jadida,0633840642,2024-03-28,social_media
C00825,Benali,Reda,reda.benali672@outlook.com,1986-07-14,Femme,El Jadida,0693064126,2022-11-01,mobile
C00826,Sefrioui,Driss,driss.sefrioui585@live.fr,1970-10-21,f,Nador,0659700276,2024-11-03,web
C00827,Bouzid,Ghita,ghita.bouzid885@live.fr,1975-03-16,H,Mohammedia,0649323367,2022-06-05,web
C00828,Ziani,Nadia,nadia.ziani251@outlook.com,1989-09-21,female,Kénitra,0654460861,2021-10-27,mobile
C00829,Alaoui,Ahmed,ahmed.alaoui888@outlook.com,1986-05-23,m,El Jadida,0691467062,2025-02-23,referral
C00830,Kettani,Rim,rim.kettani832@yahoo.fr,1985-12-17,m,mkch,0626650628,2024-07-26,web
C00831,Filali,Rachid,rachid.filali740@gmail.com,1975-08-07,h,Nador,0696172555,2023-02-11,web
C00832,Filali,Mustapha,mustapha.filali351@yahoo.fr,1976-10-09,0,MARRAKECH,0628793298,2025-01-25,mobile
C00833,Amrani,Mohamed,mohamed.amrani372@live.fr,2000-05-16,Femme,rbt,0630728758,2024-11-10,mobile
C00834,Ouahbi,Hassan,hassan.ouahbi653@yahoo.fr,1997-01-09,male,Tnja,0679366132,2023-12-17,social_media
C00835,Lahlou,Hamza,hamza.lahlou874@live.fr,1991-11-06,1,El Jadida,0674961168,2025-08-06,social_media
C00836,Skalli,Ahmed,ahmed.skalli212@yahoo.fr,1967-11-07,0,mkch,0686424646,2023-08-15,web
C00837,Amrani,Loubna,loubna.amrani681@yahoo.fr,1977-09-18,0,Nador,0617512810,2025-02-26,social_media
C00838,Amrani,Sara,sara.amrani707@hotmail.com,1989-03-02,Homme,Kénitra,0647242273,2025-05-18,web
C00839,Berrada,Meryem,meryem.berrada63@yahoo.fr,1989-02-18,H,mkch,0695081383,2021-06-26,web
C00840,El Ouazzani,Amine,amine.elouazzani203@outlook.com,1996-01-19,f,casa,0669410378,2024-02-24,mobile
C00841,Haddad,Ghita,ghita.haddad258@gmail.com,1981-09-16,female,tanger,0650216633,2025-05-21,marketplace
C00842,Skalli,Sara,sara.skalli516@live.fr,1991-01-11,Homme,mkch,0631895055,2025-08-16,mobile
C00843,El Amrani,Adil,adil.elamrani948@gmail.com,1971-04-25,Homme,Casablanca,0651231731,2021-04-07,referral
C00844,Kettani,Zakaria,zakaria.kettani950@yahoo.fr,1972-07-26,f,Fès,0698931424,2022-03-20,mobile
C00845,Kettani,Zakaria,zakaria.kettani799@outlook.com,1979-06-05,h,Tétouan,0657504159,2023-06-24,marketplace
C00846,Ziani,Adil,adil.ziani6@outlook.com,1968-08-25,male,Béni Mellal,0637140582,2023-01-27,mobile
C00847,El Mansouri,Laila,laila.elmansouri330@gmail.com,1972-04-20,Femme,TANGER,0646770694,2025-08-28,web
C00848,Skalli,Hamza,hamza.skalli482@live.fr,2004-12-16,female,mkch,0688666938,2022-05-20,social_media
C00849,Bouazza,Youssef,youssef.bouazza551@yahoo.fr,1964-06-25,Femme,Marrakech,0630188973,2024-03-28,referral
C00850,Benkirane,Mehdi,mehdi.benkirane252@outlook.com,1993-05-23,f,Casablanca,0619127329,2021-03-25,marketplace
C00851,Filali,Nawal,nawal.filali189@hotmail.com,2003-12-09,female,Safi,0613105571,2023-10-24,mobile
C00852,Chraibi,Adil,adil.chraibi818@outlook.com,1996-07-02,male,TNG,0682317772,2025-06-26,social_media
C00853,Bouazza,Said,said.bouazza579@gmail.com,1992-02-19,f,Marrakech,0635620480,2024-10-21,web
C00854,Benali,Asmae,asmae.benali463@outlook.com,1964-03-21,Homme,Fès,0680828569,2025-06-15,social_media
C00855,Ziani,Hind,khalid.alaoui782@gmail.com,1976-04-19,Homme,Nador,0697726411,2023-09-15,mobile
C00856,Lahlou,Wafae,wafae.lahlou194@hotmail.com,1994-10-28,h,Agadir,0656777508,2021-03-18,web
C00857,Amrani,Said,said.amrani311@hotmail.com,1973-06-01,0,Kénitra,0660346941,2022-08-04,web
C00858,Bouzid,Mehdi,mehdi.bouzid450@outlook.com,1967-02-06,m,El Jadida,0679322944,2025-10-24,web
C00859,El Idrissi,Mehdi,mehdi.elidrissi367@live.fr,1965-09-12,female,Oujda,0625031359,2024-05-17,social_media
C00860,Rahmouni,Khalid,khalid.rahmouni985@outlook.com,1987-11-10,male,Meknès,0697299591,2022-12-03,social_media
C00861,Benjelloun,Fatima,fatima.benjelloun145@gmail.com,1969-03-23,Femme,Tanger,0690021211,2024-01-02,mobile
C00862,El Mansouri,Dounia,dounia.elmansouri425@live.fr,1969-12-26,Femme,Agadir,0631793431,2022-06-04,web
C00863,Bouzid,Hassan,hassan.bouzid637@yahoo.fr,1990-01-24,Femme,Nador,0682407098,2022-07-02,social_media
C00864,Fassi Fihri,Loubna,loubna.fassifihri16@gmail.com,1967-08-15,1,Béni Mellal,0628039586,2024-09-15,referral
C00865,El Mansouri,Fatima,fatima.elmansouri922@outlook.com,1999-11-23,female,Casablanca,0686670472,2021-08-16,mobile
C00866,Berrada,Zakaria,zakaria.berrada676@hotmail.com,1999-02-08,1,El Jadida,0698499057,2022-05-06,marketplace
C00867,El Amrani,Nabil,nabil.elamrani530@live.fr,1980-07-12,h,mkch,0614593643,2022-10-24,social_media
C00868,Fassi Fihri,Nadia,nadia.fassifihri650@hotmail.com,1960-10-16,m,Agadir,0694384419,2024-06-07,referral
C00869,El Ouazzani,Mehdi,mehdi.elouazzani559@yahoo.fr,1981-06-06,h,CASA,0675411700,2023-06-26,referral
C00870,El Amrani,Amine,amine.elamrani270@live.fr,1994-03-04,Femme,CASA,0624916551,2022-08-27,web
C00871,Berrada,Zineb,zineb.berrada464@yahoo.fr,1992-03-13,Femme,Rabat,0639777154,2025-04-05,web
C00872,Sefrioui,Ali,ali.sefrioui577@hotmail.com,1994-04-23,h,MARRAKECH,0631307037,2025-03-12,web
C00873,Bouazza,Ghita,ghita.bouazza864@hotmail.com,1999-07-28,h,TANGER,0663804242,2022-05-02,marketplace
C00874,Chraibi,Zakaria,zakaria.chraibi330@outlook.com,2005-09-22,female,Tanger,0692291206,2023-04-24,referral
C00875,Filali,Khadija,khadija.filali148@hotmail.com,1975-07-26,male,MARRAKECH,0662479086,2022-11-14,referral
C00876,Tazi,Ali,ali.tazi144@yahoo.fr,2003-03-07,0,RABAT,0646972997,2024-03-22,marketplace
C00877,Sefrioui,Amine,amine.sefrioui106@live.fr,1979-02-18,Homme,Kénitra,0619449294,2025-08-05,marketplace
C00878,Bouzid,Khadija,khadija.bouzid642@gmail.com,1991-05-08,Homme,Fès,0690975711,2025-02-03,referral
C00879,Ouahbi,Sara,sara.ouahbi432@outlook.com,2006-12-09,female,mkch,0654134771,2023-11-17,social_media
C00880,Lahlou,Laila,laila.lahlou104@gmail.com,1997-07-22,f,Tnja,0675479724,2023-02-25,referral
C00881,Bouzid,Wafae,wafae.bouzid892@live.fr,2001-02-19,h,casa,0642026271,2021-02-25,marketplace
C00882,Chraibi,Ilham,ilham.chraibi356@gmail.com,1993-01-13,male,Mohammedia,0638996335,2024-11-01,referral
C00883,Skalli,Imad,hassan.tazi705@yahoo.fr,1982-11-12,f,FES,0669862044,2023-04-09,web
C00884,Benjelloun,Imad,imad.benjelloun572@hotmail.com,1982-03-28,1,Nador,0657218427,2024-02-11,referral
C00885,Skalli,Karim,karim.skalli937@gmail.com,2000-03-25,Homme,Nador,0675154738,2024-04-09,marketplace
C00886,Lahlou,Nabil,@hotmail.com,1978-09-18,1,rbt,0620191870,2022-07-20,mobile
C00887,El Amrani,Driss,driss.elamrani150@yahoo.fr,1984-02-28,male,El Jadida,0621034254,2023-10-19,marketplace
C00888,Benali,Rim,rim.benali562@hotmail.com,2004-04-08,m,Tanger,0638986747,2022-08-21,mobile
C00889,Alaoui,Karim,karim.alaoui859@outlook.com,1971-09-19,h,Tnja,0661956191,2024-11-19,marketplace
C00890,Rahmouni,Nawal,nawal.rahmouni380@outlook.com,1982-02-23,Homme,Kénitra,0643137733,2022-06-28,referral
C00891,Rahmouni,Salma,salma.rahmouni549@outlook.com,1982-12-23,H,casa,0646122478,2025-04-15,referral
C00892,Haddad,Rim,rim.haddad606@outlook.com,1988-09-21,female,Agadir,0629848134,2021-06-16,web
C00893,Tahiri,Meryem,meryem.tahiri259@live.fr,1987-12-25,Homme,rbt,0698825403,2022-07-07,social_media
C00894,El Mansouri,Soufiane,soufiane.elmansouri584@hotmail.com,1994-11-19,Femme,Béni Mellal,0617109636,2023-01-20,marketplace
C00895,Haddad,Meryem,meryem.haddad424@live.fr,1971-03-01,f,Kénitra,0654532115,2024-12-04,web
C00896,Ziani,Khalid,khalid.ziani391@outlook.com,1979-06-06,male,Nador,0622178177,2024-05-16,mobile
C00897,Amrani,Mehdi,mehdi.amrani348@gmail.com,1998-01-18,Femme,Tétouan,0622816494,2021-11-12,mobile
C00898,Alaoui,Zakaria,zakaria.alaoui394@yahoo.fr,1964-03-07,m,Tnja,0681835206,2025-08-06,mobile
C00899,Ouahbi,Salma,salma.ouahbi384@live.fr,1971-09-05,1,rbt,0615204195,2024-01-20,referral
C00900,Rahmouni,Salma,salma.rahmouni111@yahoo.fr,1966-08-07,Homme,TNG,0655284617,2025-03-20,social_media
C00901,Benali,Sanae,sanae.benali967@outlook.com,1969-04-27,male,Nador,0664262173,2024-04-26,web
C00902,Rahmouni,Mustapha,mustapha.rahmouni869@gmail.com,1996-10-23,h,Nador,0683334032,2025-09-13,mobile
C00903,El Ouazzani,Omar,omar.elouazzani967@yahoo.fr,1961-08-04,0,El Jadida,0691827614,2023-09-16,social_media
C00904,Filali,Hassan,hassan.filali852@live.fr,1996-09-06,m,Meknès,0681711476,2023-12-02,web
C00905,Bouzid,Hassan,hassan.bouzid988@yahoo.fr,1992-09-28,0,Casablanca,0616002311,2022-09-12,mobile
C00906,Amrani,Hamza,hamza.amrani732@gmail.com,1962-07-07,Femme,CASA,0642264248,2021-05-01,marketplace
C00907,Benali,Hind,meryem.elouazzani819@gmail.com,2002-05-14,0,casa,0694045854,2025-12-28,marketplace
C00908,Tahiri,Imad,imad.tahiri@@outlook.com,1991-05-20,Homme,Fès,0663078880,2021-11-23,web
C00909,Berrada,Rim,rim.berrada653@gmail.com,1971-09-11,0,MARRAKECH,0663446108,2022-12-09,marketplace
C00910,Ouahbi,Hassan,hassan.ouahbi112@yahoo.fr,1965-09-28,h,Fès,0679555056,2024-04-05,web
C00911,El Idrissi,Amine,amine.elidrissi854@gmail.com,1975-07-20,0,rbt,0629160749,2023-08-24,social_media
C00912,El Amrani,Khadija,khadija.elamrani787@hotmail.com,1890-06-28,H,Tnja,0672013345,2023-03-12,mobile
C00913,Bouzid,Khadija,khadija.bouzid970@hotmail.com,1981-11-24,male,Agadir,0669127002,2024-01-28,web
C00914,Sefrioui,Ilham,ilham.sefrioui165@live.fr,1964-07-17,Homme,Casablanca,0632805637,2025-01-20,marketplace
C00915,El Idrissi,Omar,omar.elidrissi@@gmail.com,2000-01-19,0,Marrakech,0697088867,2025-02-01,social_media
C00916,Bouzid,Ghita,ghita.bouzid397@live.fr,1976-06-21,Homme,Casablanca,0670964805,2024-08-05,referral
C00917,Berrada,Sara,sara.berrada987@hotmail.com,1961-07-26,Homme,Fès,0671731037,2023-03-02,social_media
C00918,Ouahbi,Sanae,sanae.ouahbi129@outlook.com,1986-08-24,0,El Jadida,0672212219,2024-08-13,marketplace
C00919,Bouzid,Soufiane,soufiane.bouzid211@live.fr,2006-11-26,1,Tnja,0683578898,2025-06-15,social_media
C00920,Cherkaoui,Hassan,hassan.cherkaoui482@hotmail.com,1999-07-02,male,Meknès,0684046990,2022-04-11,mobile
C00921,Chraibi,Loubna,loubna.chraibi25@outlook.com,2003-10-25,1,Casablanca,0687184473,2022-11-13,mobile
C00922,El Ouazzani,Said,said.elouazzani781@hotmail.com,2000-01-22,0,mkch,0612881127,2021-02-03,web
C00923,Skalli,Khadija,khadija.skalli954@yahoo.fr,1979-02-12,f,Fès,0669943922,2025-06-19,social_media
C00924,El Mansouri,Hamza,hamza.elmansouri822@gmail.com,1967-09-20,Homme,Fès,0684131297,2024-03-18,social_media
C00925,Naciri,Laila,laila.naciri680@gmail.com,1968-07-16,0,Marrakech,0612678196,2024-08-06,referral
C00926,El Ouazzani,Nawal,brahim.haddad73@yahoo.fr,1981-02-12,h,Casablanca,0693756036,2021-03-05,marketplace
C00927,El Idrissi,Amina,amina.elidrissi300@yahoo.fr,1991-01-20,0,Rabat,0659018458,2025-07-06,marketplace
C00928,Sefrioui,Rachid,rachid.sefrioui327@outlook.com,1976-08-14,m,Kénitra,0698139894,2023-01-09,social_media
C00929,Benkirane,Samira,samira.benkirane893@hotmail.com,1979-07-07,m,RABAT,0614829577,2024-07-13,marketplace
C00930,Lahlou,Samira,samira.lahlou417@outlook.com,1995-04-16,H,Safi,0670381095,2023-05-03,web
C00931,Ouahbi,Samira,samira.ouahbi24@gmail.com,1971-06-03,H,Marrakech,0641802263,2022-10-26,web
C00932,Tahiri,Fatima,fatima.tahiri892@yahoo.fr,1989-11-28,m,Tnja,0692217107,2023-11-04,web
C00933,Cherkaoui,Omar,omar.cherkaoui94@hotmail.com,1974-04-02,f,Béni Mellal,0693946711,2021-07-11,referral
C00934,Naciri,Mehdi,mehdi.naciri724@live.fr,1963-08-06,female,Casablanca,0633602309,2025-01-03,mobile
C00935,Ziani,Reda,reda.ziani720@gmail.com,1974-03-13,0,FES,0665335551,2025-05-20,referral
C00936,Chraibi,Nadia,fatima.fassifihri716@gmail.com,1970-02-02,Homme,Tétouan,0618107284,2021-08-12,referral
C00937,Tazi,Asmae,asmae.tazi763@gmail.com,1983-12-22,female,mkch,0686396882,2025-11-03,marketplace
C00938,El Ouazzani,Samira,samira.elouazzani380@outlook.com,1972-04-19,Femme,Nador,0657364760,2022-01-23,social_media
C00939,Skalli,Nabil,nabil.skalli890@outlook.com,1984-07-01,male,Fès,0694851513,2022-06-13,mobile
C00940,Chraibi,Mohamed,mohamed.chraibi608@hotmail.com,1969-05-11,1,Tanger,0662644474,2022-01-16,mobile
C00941,Benjelloun,Reda,reda.benjelloun499@hotmail.com,1970-08-22,0,Béni Mellal,0618979981,2021-06-04,marketplace
C00942,El Mansouri,Ilham,ilham.elmansouri532@hotmail.com,1979-11-06,1,Béni Mellal,0693011005,2023-11-10,social_media
C00943,Berrada,Ilham,ilham.berrada350@yahoo.fr,1996-08-03,H,FES,0665968870,2021-08-12,mobile
C00944,Naciri,Said,said.naciri650@yahoo.fr,1981-10-26,0,MARRAKECH,0627063481,2023-12-07,marketplace
C00945,Amrani,Wafae,wafae.amrani243@live.fr,1961-06-17,h,Tnja,0629911932,2021-07-25,referral
C00946,Kettani,Zakaria,zakaria.kettani923@live.fr,1984-04-26,female,Tétouan,0658826054,2023-12-05,web
C00947,Bouazza,Karim,karim.bouazza365@yahoo.fr,1980-08-11,m,Fès,0696683389,2025-09-07,mobile
C00948,Haddad,Ilham,ilham.haddad752@yahoo.fr,1978-04-26,f,TNG,0611464854,2024-07-23,marketplace
C00949,El Mansouri,Omar,omar.elmansouri668@gmail.com,1969-08-21,m,Safi,0689704535,2024-09-06,social_media
C00950,Benjelloun,Salma,salma.benjelloun203@yahoo.fr,1980-01-04,female,Agadir,0674035481,2021-06-18,marketplace
C00951,Benkirane,Khalid,khalid.benkirane662@outlook.com,1962-11-10,m,casa,0686306755,2023-10-25,web
C00952,Tahiri,Khadija,khadija.tahiri66@outlook.com,2005-04-03,1,Marrakech,0620892939,2023-06-11,social_media
C00953,Kettani,Ahmed,ahmed.kettani64@live.fr,1995-02-27,male,El Jadida,0625468478,2022-08-06,marketplace
C00954,Bouazza,Youssef,youssef.bouazza54@gmail.com,1974-04-05,H,tanger,0653345649,2022-09-11,social_media
C00955,Bouzid,Dounia,driss.elamrani127@live.fr,1964-01-07,m,rbt,0640803772,2025-01-07,referral
C00956,Naciri,Ali,ali.naciri903@live.fr,1969-09-01,f,Agadir,0684660318,2025-05-09,marketplace
C00957,Benali,Hamza,hamza.benali263@live.fr,2001-05-15,0,Tétouan,0697430584,2021-08-20,referral
C00958,Fassi Fihri,Nadia,nadia.fassifihri397@gmail.com,1996-12-24,f,FES,0638768553,2023-12-22,referral
C00959,El Ouazzani,Nawal,nawal.elouazzani581@hotmail.com,1979-01-07,m,Oujda,0677054198,2022-06-07,social_media
C00960,Bouzid,Rim,rim.bouzid943@hotmail.com,2002-04-03,h,Meknès,0614187584,2025-02-01,referral
C00961,Benjelloun,Mohamed,mohamed.benjelloun456@yahoo.fr,1983-04-21,m,Agadir,0660039183,2022-07-24,web
C00962,Alaoui,Imad,imad.alaoui921@gmail.com,1973-02-21,Homme,Mohammedia,0611925224,2021-08-06,web
C00963,El Ouazzani,Karim,karim.elouazzani280@live.fr,2004-03-07,h,tanger,0660657129,2021-07-22,web
C00964,Benali,Adil,adil.benali180@outlook.com,1977-12-10,female,Casablanca,0645874310,2024-04-26,web
C00965,Amrani,Nadia,nadia.amrani666@gmail.com,2004-08-26,female,FES,0616347764,2022-12-28,marketplace
C00966,Lahlou,Driss,driss.lahlou558@outlook.com,1994-03-11,female,Safi,0687874708,2023-07-06,social_media
C00967,Filali,Ali,ali.filali834@hotmail.com,1983-07-03,Homme,Casablanca,0654668206,2025-05-05,marketplace
C00968,Filali,Rim,rim.filali912@hotmail.com,1969-10-11,H,FES,0631398059,2025-11-27,referral
C00969,Benali,Mehdi,mehdi.benali844@gmail.com,1993-02-19,male,TNG,0699206059,2021-05-18,mobile
C00970,Naciri,Dounia,dounia.naciri120@outlook.com,1985-09-22,Femme,Safi,0657128455,2024-04-19,social_media
C00971,Amrani,Salma,salma.amrani855@hotmail.com,1880-08-05,female,rbt,0642458322,2021-12-10,social_media
C00972,Benkirane,Mehdi,mehdi.benkirane38,1964-02-09,f,fes,0657984755,2024-02-14,social_media
C00973,El Mansouri,Driss,driss.elmansouri384@outlook.com,2000-10-19,Femme,Tnja,0614230279,2021-11-16,social_media
C00974,Benjelloun,Mohamed,mohamed.benjelloun771@outlook.com,1982-11-16,female,rbt,0675424216,2021-07-02,web
C00975,Tazi,Reda,reda.tazi742@hotmail.com,1981-04-20,f,Marrakech,0651582474,2024-01-11,referral
C00976,Cherkaoui,Rim,rim.cherkaoui17,1971-08-09,h,Mohammedia,0681895460,2025-07-26,web
C00977,Naciri,Amine,amine.naciri179@outlook.com,1998-06-14,H,Agadir,0620310693,2021-11-05,mobile
C00978,Alaoui,Karim,karim.alaoui792@hotmail.com,2003-10-28,male,Kénitra,0669682115,2024-04-23,web
C00979,Berrada,Omar,omar.berrada25@live.fr,2005-09-23,h,rbt,0624271117,2023-11-18,social_media
C00980,Chraibi,Rachid,rachid.chraibi69@outlook.com,1985-09-08,H,Casablanca,0631742644,2022-02-01,web
C00981,Cherkaoui,Dounia,dounia.cherkaoui383@live.fr,1997-07-04,female,MARRAKECH,0637172012,2025-01-08,mobile
C00982,Alaoui,Khalid,khalid.alaoui523@gmail.com,1993-01-10,Femme,Casablanca,0674476742,2022-06-08,mobile
C00983,Kettani,Mustapha,mustapha.kettani102@hotmail.com,1964-03-22,female,CASA,0619126002,2022-09-05,social_media
C00984,Ziani,Ahmed,ahmed.ziani642@hotmail.com,1976-07-02,1,Safi,0653015114,2024-01-28,social_media
C00985,Tahiri,Soufiane,soufiane.tahiri461@outlook.com,1990-10-26,Femme,RABAT,0695274489,2025-07-21,mobile
C00986,El Mansouri,Zakaria,zakaria.elmansouri444@gmail.com,1969-11-02,female,TANGER,0647692831,2023-05-13,social_media
C00987,El Mansouri,Samira,samira.elmansouri335@live.fr,1984-12-19,H,tanger,0690442305,2025-11-20,referral
C00988,Tazi,Said,said.tazi546@yahoo.fr,1977-05-20,female,Tétouan,0653508602,2025-04-11,mobile
C00989,El Mansouri,Nawal,nawal.elmansouri531@yahoo.fr,2002-04-25,0,casa,0649596283,2025-03-26,mobile
C00990,Naciri,Nawal,nawal.naciri329@live.fr,2006-12-10,H,TNG,0695019446,2022-04-20,marketplace
C00991,Rahmouni,Imad,imad.rahmouni252@yahoo.fr,1981-03-09,female,Tnja,0626700614,2025-02-09,social_media
C00992,Alaoui,Hind,hind.alaoui832@hotmail.com,1995-10-27,f,Mohammedia,0666437641,2023-09-19,mobile
C00993,Bouazza,Adil,adil.bouazza111@live.fr,1967-06-25,female,Marrakech,0619432819,2021-01-28,marketplace
C00994,Benjelloun,Reda,reda.benjelloun948@gmail.com,1996-01-01,1,Casablanca,0647201638,2021-06-20,marketplace
C00995,Amrani,Karim,karim.amrani585@live.fr,1969-01-18,h,Safi,0639510761,2025-06-25,mobile
C00996,Cherkaoui,Hind,hind.cherkaoui18@live.fr,1977-08-04,H,RABAT,0664546380,2021-04-28,mobile
C00997,Fassi Fihri,Driss,driss.fassifihri287@hotmail.com,1998-07-15,1,Meknès,0621005469,2022-04-04,social_media
C00998,Berrada,Rim,rim.berrada769@live.fr,2003-08-14,male,Tétouan,0612780428,2025-06-11,social_media
C00999,Benali,Khalid,khalid.benali211@live.fr,2003-07-06,female,casa,0652172791,2024-04-07,marketplace
C01000,Naciri,Karim,karim.naciri389@hotmail.com,1996-04-21,Homme,Tanger,0612936591,2021-08-23,social_media
C01001,Bouzid,Nawal,nawal.bouzid447@outlook.com,1982-04-09,m,Rabat,0631219581,2023-05-16,mobile
C01002,Bouazza,Brahim,brahim.bouazza544@live.fr,1974-02-23,H,El Jadida,0684198784,2022-02-20,web
C01003,Benjelloun,Zakaria,zakaria.benjelloun301@hotmail.com,1974-07-10,female,FES,0641113767,2022-09-03,web
C01004,Bouazza,Wafae,wafae.bouazza562@yahoo.fr,1972-10-23,1,Agadir,0623624482,2021-02-25,marketplace
C01005,Benkirane,Houda,houda.benkirane567@outlook.com,1971-04-26,f,Fès,0633057873,2021-06-28,marketplace
C01006,Sefrioui,Mohamed,ilham.alaoui250@yahoo.fr,1998-06-19,H,FES,0671061571,2023-08-08,mobile
C01007,Fassi Fihri,Sara,sara.fassifihri69@gmail.com,1991-11-25,h,Meknès,0664210333,2024-09-18,referral
C01008,Sefrioui,Imad,imad.sefrioui592@live.fr,1986-03-17,Femme,mkch,0614887763,2024-03-26,mobile
C01009,Benali,Ali,ali.benali619@gmail.com,1980-08-07,Homme,Meknès,0695691801,2021-04-14,mobile
C01010,Rahmouni,Brahim,ilham.alaoui313@gmail.com,1991-07-15,1,Fès,0672182980,2024-06-07,mobile
C01011,Amrani,Youssef,youssef.amrani303@gmail.com,1987-02-20,1,El Jadida,0678794840,2023-06-27,referral
C01012,Tazi,Mustapha,mustapha.tazi199@yahoo.fr,1969-12-23,Femme,Tanger,0613312964,2025-05-02,referral
C01013,Lahlou,Zakaria,zakaria.lahlou414@outlook.com,1978-06-02,m,Safi,0668840762,2025-10-04,social_media
C01014,Bennani,Zakaria,zakaria.bennani519@live.fr,2002-12-15,H,fes,0636351536,2023-03-05,web
C01015,Bouzid,Laila,laila.bouzid46@gmail.com,1972-07-26,0,Oujda,0686260745,2022-07-18,marketplace
C01016,Alaoui,Nadia,nadia.alaoui880@hotmail.com,1989-03-22,f,MARRAKECH,0699847647,2024-02-03,social_media
C01017,Haddad,Samira,samira.haddad979@outlook.com,1981-11-22,Femme,TANGER,0699624137,2023-09-05,referral
C01018,Rahmouni,Rachid,rachid.rahmouni232@hotmail.com,1992-05-16,h,Tétouan,0650311286,2024-01-19,marketplace
C01019,Benkirane,Omar,omar.benkirane902@hotmail.com,2004-09-17,0,Fès,0663667053,2023-07-24,social_media
C01020,Tazi,Zineb,zineb.tazi639@hotmail.com,1963-07-13,0,Rabat,0673508357,2024-03-14,web
C01021,El Idrissi,Ali,ali.elidrissi499@hotmail.com,1985-07-28,Homme,El Jadida,0691949683,2022-05-08,mobile
C01022,Skalli,Driss,driss.skalli874@outlook.com,1969-09-14,h,MARRAKECH,0696969029,2024-02-26,mobile
C01023,Kettani,Fatima,fatima.kettani137@gmail.com,2004-06-22,1,Casablanca,0632175662,2025-02-02,marketplace
C01024,Ziani,Youssef,youssef.ziani@,1966-05-19,f,fes,0680610268,2023-10-27,web
C01025,Berrada,Zineb,zineb.berrada621@outlook.com,1966-08-20,f,mkch,0614299495,2022-12-10,social_media
C01026,Fassi Fihri,Dounia,dounia.fassifihri368@outlook.com,1985-07-26,female,CASA,0653836805,2022-05-22,mobile
C01027,Naciri,Omar,omar.naciri82@gmail.com,1988-03-05,1,Fès,0654658024,2021-05-25,marketplace
C01028,Chraibi,Hanane,hanane.chraibi953@gmail.com,1979-12-07,male,TANGER,0658883349,2024-11-02,mobile
C01029,Tazi,Ali,ali.tazi862@gmail.com,1989-11-13,m,Agadir,0653876873,2023-08-05,social_media
C01030,Ouahbi,Wafae,wafae.ouahbi891@gmail.com,1981-03-02,1,Béni Mellal,0691057016,2022-04-17,social_media
C01031,Tahiri,Nadia,nadia.tahiri40@outlook.com,1999-06-11,1,rbt,0677253402,2021-02-16,mobile
C01032,El Amrani,Said,said.elamrani544@yahoo.fr,1999-04-14,H,Tnja,0689319341,2021-08-24,referral
C01033,Bennani,Nabil,nabil.bennani19@yahoo.fr,1986-08-20,Homme,MARRAKECH,0689308405,2025-04-11,mobile
C01034,Bouazza,Hassan,hassan.bouazza685@hotmail.com,1890-01-08,m,Tétouan,0610302045,2024-04-13,social_media
C01035,Rahmouni,Ahmed,ahmed.rahmouni834@live.fr,2006-11-26,Homme,Tanger,0616871369,2023-10-22,social_media
C01036,Benkirane,Nadia,nadia.benkirane799@yahoo.fr,1981-03-18,H,El Jadida,0667646579,2022-01-22,web
C01037,Kettani,Karim,karim.kettani133@gmail.com,2002-05-14,m,Agadir,0631999265,2022-07-07,marketplace
C01038,El Mansouri,Hassan,hassan.elmansouri655@live.fr,1960-04-03,H,FES,0670571332,2023-03-04,marketplace
C01039,El Ouazzani,Reda,reda.elouazzani493@gmail.com,1965-06-06,H,Rabat,0643591464,2024-04-18,web
C01040,Rahmouni,Ilham,ilham.rahmouni167@gmail.com,1972-08-25,f,fes,0662248036,2023-01-11,social_media
C01041,Filali,Zakaria,zakaria.filali172@hotmail.com,2004-02-24,male,mkch,0676353912,2022-11-25,referral
C01042,Skalli,Hind,hind.skalli922@hotmail.com,1961-11-12,Femme,Tanger,0610998284,2023-07-24,marketplace
C01043,Berrada,Meryem,meryem.berrada534@live.fr,1995-09-24,f,Fès,0614359404,2023-02-20,marketplace
C01044,Benali,Reda,reda.benali40@yahoo.fr,1968-12-09,male,Meknès,0655626134,2024-03-09,social_media
C01045,Lahlou,Loubna,loubna.lahlou316@outlook.com,1980-03-23,f,Tanger,0690920728,2021-03-17,referral
C01046,El Idrissi,Nawal,nawal.elidrissi787@yahoo.fr,1997-02-08,f,Agadir,0683847719,2021-05-10,referral
C01047,Rahmouni,Meryem,meryem.rahmouni892@live.fr,1966-07-25,H,TANGER,0622477883,2021-05-14,marketplace
C01048,Berrada,Youssef,adil.rahmouni237@live.fr,1983-07-18,f,tanger,0689303061,2021-05-06,referral
C01049,Tazi,Sara,sara.tazi190@hotmail.com,1961-08-07,Femme,FES,0678408689,2022-03-24,mobile
C01050,El Amrani,Fatima,fatima.elamrani591@yahoo.fr,1975-01-14,H,Oujda,0662135687,2022-10-22,mobile
C01051,Lahlou,Zineb,zineb.lahlou998@outlook.com,1999-02-23,1,Meknès,0691236074,2024-05-21,social_media
C01052,Bouzid,Amine,amine.bouzid765@hotmail.com,1997-02-22,h,Agadir,0615396384,2022-03-23,mobile
C01053,Tahiri,Khadija,khadija.tahiri137@outlook.com,2001-04-23,f,Marrakech,0665479681,2021-12-01,web
C01054,Berrada,Nabil,nabil.berrada890@gmail.com,2003-05-15,1,El Jadida,0637753738,2022-11-05,social_media
C01055,Ouahbi,Soufiane,soufiane.ouahbi501@outlook.com,2026-03-02,0,Tétouan,0680367938,2021-12-15,marketplace
C01056,El Mansouri,Amine,amine.elmansouri287@yahoo.fr,1993-02-19,1,tanger,0696469773,2024-06-10,mobile
C01057,Benali,Rachid,rachid.benali277@outlook.com,1975-11-16,female,Fès,0678410468,2024-04-18,mobile
C01058,Sefrioui,Ali,ali.sefrioui279@gmail.com,1961-02-19,Homme,Meknès,0643836123,2021-04-10,mobile
C01059,Benkirane,Dounia,dounia.benkirane819@live.fr,1993-01-05,h,CASA,0684339493,2021-06-25,social_media
C01060,Kettani,Fatima,fatima.kettani112@hotmail.com,1977-10-07,0,Béni Mellal,0690741671,2024-11-27,referral
C01061,Bouzid,Salma,salma.bouzid201@live.fr,1990-04-18,female,FES,0667824109,2023-08-08,referral
C01062,El Idrissi,Ahmed,karim.naciri976@outlook.com,1964-02-22,h,Béni Mellal,0628216197,2025-08-23,mobile
C01063,Lahlou,Nadia,nadia.lahlou@@gmail.com,1988-04-03,f,Tétouan,0625942261,2023-04-20,web
C01064,Benkirane,Ilham,ilham.benkirane488@gmail.com,2006-01-27,0,Casablanca,0665272067,2024-04-26,marketplace
C01065,Ziani,Zakaria,@live.fr,2004-03-01,0,mkch,0612867078,2021-11-19,marketplace
C01066,Amrani,Hamza,hamza.amrani201@hotmail.com,2002-08-08,m,Meknès,0625821079,2025-03-02,mobile
C01067,Benali,Hassan,hassan.benali705@hotmail.com,1970-06-02,male,tanger,0666419315,2025-03-22,web
C01068,Cherkaoui,Hamza,hamza.cherkaoui426@hotmail.com,2005-09-23,f,fes,0689414336,2025-11-17,referral
C01069,Fassi Fihri,Rim,rim.fassifihri677@live.fr,1988-05-11,h,Béni Mellal,0612688078,2023-10-07,mobile
C01070,Filali,Khalid,khalid.filali950@outlook.com,1963-04-24,H,MARRAKECH,0674333466,2025-02-18,social_media
C01071,Naciri,Wafae,wafae.naciri531@gmail.com,1963-09-28,1,MARRAKECH,0642412874,2025-09-03,referral
C01072,Sefrioui,Samira,samira.sefrioui266@gmail.com,1987-08-28,H,fes,0639596058,2022-03-26,web
C01073,El Ouazzani,Driss,driss.elouazzani739@outlook.com,1970-11-09,f,mkch,0611547478,2023-01-02,web
C01074,Ouahbi,Fatima,fatima.ouahbi331@gmail.com,1965-12-07,m,CASA,0682347561,2024-02-15,marketplace
C01075,Tahiri,Imad,imad.tahiri737@gmail.com,1992-11-10,h,El Jadida,0621413934,2023-05-06,referral
C01076,El Amrani,Ilham,ilham.elamrani489@live.fr,1971-05-17,h,mkch,0660928280,2025-01-11,social_media
C01077,El Ouazzani,Adil,adil.elouazzani614@gmail.com,1982-11-11,m,Fès,0679241678,2021-06-24,marketplace
C01078,Bouzid,Khalid,khalid.bouzid242@gmail.com,1980-06-22,h,TNG,0632848643,2021-06-10,referral
C01079,Benkirane,Youssef,youssef.benkirane55@outlook.com,1995-08-20,m,casa,0693805299,2023-01-25,referral
C01080,Bennani,Ahmed,ahmed.bennani951@gmail.com,1995-09-24,Homme,fes,0644716975,2021-05-21,mobile
C01081,Kettani,Mustapha,mustapha.kettani199@live.fr,1985-05-08,0,TNG,0628991936,2022-11-03,social_media
C01082,Tahiri,Zineb,zineb.tahiri586@live.fr,1970-01-08,1,Meknès,0659426552,2024-12-05,referral
C01083,El Mansouri,Amine,amine.elmansouri474@gmail.com,2000-07-06,Homme,Meknès,0649005267,2023-06-25,web
C01084,Tahiri,Karim,karim.tahiri557@yahoo.fr,1961-11-03,Femme,FES,0665189205,2024-07-10,marketplace
C01085,Ziani,Loubna,loubna.ziani939@live.fr,1975-09-23,H,RABAT,0646968017,2025-09-06,marketplace
C01086,El Ouazzani,Amina,hind.alaoui832@hotmail.com,1973-04-07,h,FES,0680627050,2023-04-27,marketplace
C01087,Bouzid,Salma,salma.bouzid826@hotmail.com,1989-12-26,0,casa,0691397212,2021-09-02,mobile
C01088,Bouazza,Ahmed,ahmed.bouazza222@outlook.com,1986-01-24,0,Kénitra,0692124494,2021-02-25,referral
C01089,Bouzid,Said,said.bouzid984@outlook.com,1993-01-01,f,TANGER,0613566065,2022-04-27,web
C01090,Filali,Samira,samira.filali563@gmail.com,1984-06-16,male,Tanger,0648070748,2024-05-24,referral
C01091,Alaoui,Adil,adil.alaoui402@hotmail.com,1964-05-20,h,Fès,0680593346,2021-02-28,referral
C01092,El Mansouri,Reda,reda.elmansouri407@hotmail.com,1986-04-06,0,Tanger,0690794318,2022-04-20,referral
C01093,El Ouazzani,Karim,karim.elouazzani346@yahoo.fr,2006-05-05,Homme,Casablanca,0615751690,2025-09-14,marketplace
C01094,Amrani,Samira,samira.amrani439@outlook.com,1966-02-24,female,Casablanca,0612411735,2022-07-25,web
C01095,Sefrioui,Khadija,khadija.sefrioui400@yahoo.fr,1961-07-05,0,fes,0638568706,2024-02-11,web
C01096,Benjelloun,Nadia,nadia.benjelloun54@yahoo.fr,1966-08-21,Femme,Agadir,0685345921,2024-07-25,mobile
C01097,Benali,Loubna,loubna.benali768@yahoo.fr,1960-09-15,Homme,Meknès,0641866734,2022-06-10,social_media
C01098,Tahiri,Sanae,sanae.tahiri418@hotmail.com,1967-01-04,H,Safi,0612423190,2023-08-23,referral
C01099,Lahlou,Loubna,loubna.lahlou725@live.fr,1961-12-15,h,Tnja,0632226595,2023-10-26,social_media
C01100,Haddad,Wafae,wafae.haddad587@live.fr,1995-11-20,male,Casablanca,0671230430,2025-12-24,web
C01101,Berrada,Zineb,zineb.berrada594@yahoo.fr,1996-02-10,H,Kénitra,0686434517,2021-09-10,referral
C01102,Fassi Fihri,Nadia,nadia.fassifihri190@gmail.com,1969-07-13,0,Kénitra,0664736553,2025-09-02,referral
C01103,Kettani,Sanae,sanae.kettani656@outlook.com,1988-03-24,1,Fès,0640616453,2022-05-18,referral
C01104,El Amrani,Samira,samira.elamrani666@yahoo.fr,1995-01-27,h,Fès,0664689989,2023-01-12,web
C01105,Haddad,Wafae,wafae.haddad31@yahoo.fr,1982-09-22,male,Fès,0645707089,2022-07-22,web
C01106,Ziani,Hind,hind.ziani417@yahoo.fr,2026-07-04,male,Oujda,0680934691,2022-04-26,marketplace
C01107,Benjelloun,Salma,salma.benjelloun409@yahoo.fr,1992-05-21,0,MARRAKECH,0632044652,2021-01-27,social_media
C01108,Alaoui,Fatima,fatima.alaoui615@outlook.com,1967-07-17,H,Rabat,0699699727,2022-02-03,mobile
C01109,Benali,Samira,samira.benali969@gmail.com,1965-05-21,m,casa,0653136609,2025-02-28,web
C01110,Ouahbi,Hamza,hamza.ouahbi893@hotmail.com,1963-12-12,H,Béni Mellal,0646255095,2022-11-09,web
C01111,El Ouazzani,Rim,rim.elouazzani401@yahoo.fr,2006-07-25,h,Mohammedia,0690035643,2024-11-05,mobile
C01112,Rahmouni,Reda,reda.rahmouni743@outlook.com,1970-10-23,f,El Jadida,0645372528,2025-02-25,web
C01113,El Amrani,Zakaria,zakaria.elamrani69@yahoo.fr,1968-06-12,H,Mohammedia,0663863225,2022-04-12,web
C01114,El Ouazzani,Ahmed,ahmed.elouazzani870@hotmail.com,1998-03-01,m,Casablanca,0666626400,2024-02-08,mobile
C01115,Skalli,Dounia,dounia.skalli508@outlook.com,1973-08-03,1,El Jadida,0645513832,2025-05-10,referral
C01116,Ouahbi,Hamza,hamza.ouahbi49@yahoo.fr,1966-07-09,h,TNG,0670631334,2023-01-08,mobile
C01117,Bouzid,Salma,salma.bouzid111@live.fr,2002-09-06,female,RABAT,0631673067,2022-02-01,web
C01118,Benkirane,Wafae,wafae.benkirane644@gmail.com,1994-06-24,1,Béni Mellal,0691402258,2024-12-22,social_media
C01119,Ouahbi,Adil,adil.ouahbi249@live.fr,1980-07-01,0,Agadir,0670350097,2023-04-19,web
C01120,Benkirane,Brahim,brahim.benkirane698@outlook.com,1985-08-08,male,tanger,0629668825,2024-09-25,web
C01121,Bouzid,Mohamed,mohamed.bouzid87@hotmail.com,1980-11-06,H,Kénitra,0698523993,2021-07-22,marketplace
C01122,Benkirane,Said,said.benkirane704@gmail.com,2001-03-03,female,RABAT,0686217823,2025-03-11,social_media
C01123,Bennani,Ilham,ilham.bennani548@live.fr,1994-05-26,H,Béni Mellal,0627028750,2025-01-06,web
C01124,Haddad,Khadija,khadija.haddad444@live.fr,1978-11-05,0,rbt,0691836571,2023-10-11,referral
C01125,Bouazza,Meryem,meryem.bouazza356@yahoo.fr,1962-12-21,f,Mohammedia,0634030650,2024-02-12,mobile
C01126,El Ouazzani,Hind,hind.elouazzani201@outlook.com,1999-08-09,male,Agadir,0618520287,2024-02-20,social_media
C01127,Kettani,Reda,reda.kettani154@live.fr,2005-03-27,male,Béni Mellal,0687417359,2022-06-17,mobile
C01128,Rahmouni,Youssef,youssef.rahmouni698@yahoo.fr,1975-06-02,H,Agadir,0658366333,2023-01-22,social_media
C01129,Skalli,Driss,driss.skalli40@live.fr,1971-12-11,female,Tétouan,0634502256,2023-05-09,referral
C01130,Bouzid,Brahim,brahim.bouzid362@hotmail.com,2000-03-22,0,Agadir,0646138454,2025-12-19,social_media
C01131,Ouahbi,Sara,sara.ouahbi984@live.fr,1970-05-03,0,Marrakech,0655350551,2023-03-18,social_media
C01132,Bouzid,Said,said.bouzid176@live.fr,1981-09-20,1,FES,0677710326,2023-02-08,web
C01133,Lahlou,Hind,hind.lahlou975@gmail.com,1995-06-01,Femme,El Jadida,0675467163,2025-06-25,marketplace
C01134,Alaoui,Sara,sara.alaoui644@yahoo.fr,1996-02-27,0,Fès,0674994812,2021-08-20,mobile
C01135,Benali,Zakaria,ilham.haddad752@yahoo.fr,1965-06-10,Femme,Oujda,0653992027,2024-02-11,mobile
C01136,Lahlou,Hamza,hamza.lahlou838@hotmail.com,1987-08-28,h,TNG,0693318446,2023-01-01,marketplace
C01137,Naciri,Amina,amina.naciri974@yahoo.fr,1989-07-20,f,mkch,0689421300,2025-02-23,referral
C01138,Haddad,Youssef,youssef.haddad7@outlook.com,1995-06-13,1,FES,0684813845,2022-03-11,social_media
C01139,Ouahbi,Said,said.ouahbi426@live.fr,1970-03-16,h,Mohammedia,0699833906,2023-09-11,marketplace
C01140,Tahiri,Said,said.tahiri988@outlook.com,1999-05-06,h,MARRAKECH,0692461026,2025-03-10,web
C01141,Skalli,Asmae,asmae.skalli955@hotmail.com,1979-06-21,m,Casablanca,0641150534,2022-10-21,web
C01142,Bouazza,Amina,amina.bouazza890@yahoo.fr,1962-09-07,f,Nador,0634447629,2024-09-24,web
C01143,Ouahbi,Hassan,hassan.ouahbi632@live.fr,1991-12-08,H,rbt,0669198584,2024-08-21,marketplace
C01144,Tahiri,Amina,amina.tahiri376@hotmail.com,1983-05-07,m,rbt,0633202743,2021-09-07,referral
C01145,Tahiri,Salma,salma.tahiri857@hotmail.com,2001-01-21,1,Fès,0617916764,2023-10-03,social_media
C01146,Sefrioui,Meryem,meryem.sefrioui269@outlook.com,1961-09-06,0,TANGER,0621689275,2024-07-17,social_media
C01147,Lahlou,Hamza,hamza.lahlou329@outlook.com,1990-03-13,female,TANGER,0653679044,2022-10-02,mobile
C01148,Benali,Loubna,loubna.benali922@outlook.com,1995-03-23,female,Marrakech,0672917577,2024-02-21,mobile
C01149,Cherkaoui,Soufiane,soufiane.cherkaoui807@outlook.com,1971-01-11,0,Tnja,0687396393,2022-03-05,referral
C01150,Tahiri,Nadia,nadia.tahiri979@hotmail.com,1997-02-21,male,Nador,0683908190,2023-04-18,mobile
C01151,Skalli,Hamza,hamza.skalli809@hotmail.com,1979-05-14,Femme,Oujda,0696517618,2021-08-24,social_media
C01152,Amrani,Hanane,adil.ouahbi249@live.fr,1996-08-20,1,Tétouan,0691014816,2021-03-15,referral
C01153,Ziani,Hamza,hamza.ziani72@outlook.com,1989-09-16,1,Casablanca,0653872657,2021-04-16,mobile
C01154,Sefrioui,Sanae,sanae.sefrioui87,2006-01-18,0,Safi,0615968073,2022-03-02,marketplace
C01155,Haddad,Hanane,hanane.haddad516@live.fr,2004-12-24,female,Safi,0657964620,2023-11-17,mobile
C01156,Bouzid,Reda,reda.bouzid@,1996-10-11,m,CASA,0656558447,2021-08-03,mobile
C01157,Ouahbi,Wafae,wafae.ouahbi798@gmail.com,1997-12-12,f,mkch,0636687785,2021-02-10,social_media
C01158,Cherkaoui,Zakaria,mohamed.benkirane231@gmail.com,2003-10-16,m,tanger,0629486273,2021-10-04,social_media
C01159,Tahiri,Omar,omar.tahiri213@gmail.com,1986-08-25,1,rbt,0691314107,2022-01-04,web
C01160,Bouzid,Khalid,khalid.bouzid936@hotmail.com,1968-12-11,f,RABAT,0636568577,2025-08-08,referral
C01161,Bennani,Nadia,nadia.bennani198@live.fr,1890-08-21,Homme,TANGER,0630083236,2023-09-04,marketplace
C01162,El Mansouri,Ahmed,ahmed.elmansouri700@live.fr,1996-11-11,m,Nador,0648481962,2022-03-20,social_media
C01163,Cherkaoui,Brahim,brahim.cherkaoui739@yahoo.fr,2001-01-26,Femme,MARRAKECH,0686352450,2022-12-22,referral
C01164,Kettani,Brahim,brahim.kettani235@gmail.com,1982-09-11,m,Tétouan,0651197481,2025-06-13,mobile
C01165,Benjelloun,Mohamed,mohamed.benjelloun27@hotmail.com,1983-10-06,f,Casablanca,0676418594,2024-04-18,marketplace
C01166,Haddad,Driss,driss.haddad737@outlook.com,1961-07-08,m,Béni Mellal,0647768705,2022-03-28,referral
C01167,Skalli,Salma,salma.skalli976@yahoo.fr,1960-04-23,Femme,Casablanca,0617871573,2023-01-08,web
C01168,Bouzid,Ali,ali.bouzid937@live.fr,1979-10-03,female,Béni Mellal,0656712081,2023-08-19,marketplace
C01169,Amrani,Hamza,hamza.amrani862@outlook.com,1960-02-02,Homme,Tétouan,0625906087,2025-01-25,referral
C01170,Alaoui,Mehdi,mehdi.alaoui236@live.fr,1991-03-14,male,mkch,0611762146,2025-01-18,referral
C01171,Lahlou,Soufiane,soufiane.lahlou152@gmail.com,2005-01-15,female,Marrakech,0615697626,2021-04-17,social_media
C01172,Bennani,Karim,houda.bennani677@gmail.com,1977-08-10,female,Safi,0625328450,2022-07-06,mobile
C01173,Chraibi,Brahim,brahim.chraibi545@yahoo.fr,1987-10-09,1,Mohammedia,0626172749,2024-01-07,referral
C01174,El Amrani,Mehdi,mehdi.elamrani413@live.fr,1987-07-14,0,Mohammedia,0688537126,2022-02-12,web
C01175,Naciri,Omar,omar.naciri33@gmail.com,1979-06-21,female,Béni Mellal,0619101470,2025-01-25,web
C01176,Kettani,Brahim,adil.benkirane719@yahoo.fr,1995-02-27,female,Tnja,0694701395,2025-12-28,marketplace
C01177,Amrani,Samira,samira.amrani804@yahoo.fr,1997-05-21,f,casa,0691350587,2025-08-13,referral
C01178,Amrani,Ghita,ghita.amrani475@hotmail.com,1998-09-24,f,fes,0661271711,2023-02-14,web
C01179,El Mansouri,Mustapha,mustapha.elmansouri492@outlook.com,1980-07-06,m,fes,0679174221,2022-12-23,referral
C01180,Ziani,Wafae,wafae.ziani457@live.fr,1970-07-28,f,fes,0672715713,2022-01-07,web
C01181,Ouahbi,Reda,reda.ouahbi92@gmail.com,1961-11-26,1,Casablanca,0683249011,2023-02-28,web
C01182,Naciri,Soufiane,soufiane.naciri526@live.fr,1969-02-03,h,mkch,0682142272,2024-01-24,referral
C01183,El Amrani,Zineb,zineb.elamrani835@gmail.com,1976-05-18,H,TANGER,0626138727,2022-03-25,social_media
C01184,Sefrioui,Nawal,nawal.sefrioui585@hotmail.com,1960-09-06,H,Safi,0682490321,2021-01-09,web
C01185,Kettani,Said,said.kettani863@hotmail.com,1965-11-22,f,Meknès,0677066497,2021-03-17,referral
C01186,Haddad,Hamza,hamza.haddad926@live.fr,2002-08-22,male,mkch,0689032992,2021-05-02,marketplace
C01187,Benjelloun,Amine,amine.benjelloun434@live.fr,2001-04-06,f,tanger,0684250773,2024-05-22,referral
C01188,Lahlou,Khalid,khalid.lahlou595@outlook.com,1971-05-21,f,Casablanca,0695852907,2021-10-14,marketplace
C01189,Bouzid,Hind,hind.bouzid738@hotmail.com,1992-05-05,H,Tanger,0630528501,2021-08-01,referral
C01190,Berrada,Khalid,khalid.berrada594@yahoo.fr,1994-03-01,1,Béni Mellal,0639796682,2025-10-26,marketplace
C01191,Naciri,Reda,reda.naciri629@hotmail.com,1969-09-15,H,Tétouan,0667031050,2025-10-03,web
C01192,Tazi,Meryem,meryem.tazi220@gmail.com,2006-04-12,Homme,Fès,0631910386,2025-11-27,mobile
C01193,Amrani,Salma,youssef.bouazza551@yahoo.fr,1976-06-18,0,Kénitra,0654620779,2025-02-13,web
C01194,Benjelloun,Nawal,nawal.benjelloun149@outlook.com,1962-04-23,Homme,Béni Mellal,0686130890,2023-05-01,social_media
C01195,Kettani,Ahmed,ahmed.kettani791@gmail.com,1994-11-02,female,casa,0610382729,2025-09-24,social_media
C01196,Berrada,Reda,reda.berrada82@yahoo.fr,1974-06-20,f,FES,0660537237,2022-07-21,marketplace
C01197,El Amrani,Driss,driss.elamrani825@live.fr,1999-09-15,H,Tnja,0686131167,2023-09-13,marketplace
C01198,Skalli,Meryem,meryem.skalli268@live.fr,1999-03-24,Femme,Casablanca,0617863558,2025-11-06,social_media
C01199,Naciri,Sara,sara.naciri360@gmail.com,1963-04-27,male,Béni Mellal,0684522968,2025-09-25,social_media
C01200,Amrani,Said,said.amrani103@hotmail.com,1984-08-01,male,Safi,0698055418,2021-01-20,referral
C01201,El Mansouri,Omar,omar.elmansouri257@live.fr,2003-05-26,H,El Jadida,0667893475,2025-10-14,social_media
C01202,Rahmouni,Said,@yahoo.fr,1988-06-18,male,Safi,0651409041,2021-10-15,marketplace
C01203,Rahmouni,Nadia,nadia.rahmouni30@live.fr,1985-07-26,H,MARRAKECH,0666201522,2022-11-06,marketplace
C01204,El Idrissi,Khadija,khadija.elidrissi619@yahoo.fr,2026-03-28,male,Casablanca,0630422009,2022-02-06,marketplace
C01205,Chraibi,Nabil,nabil.chraibi319@outlook.com,1961-02-03,female,casa,0623410324,2022-05-23,web
C01206,Benali,Zakaria,zakaria.benali817@live.fr,1880-02-16,Homme,Casablanca,0674585618,2025-09-13,social_media
C01207,Cherkaoui,Amina,amina.cherkaoui592@hotmail.com,1960-05-15,f,Mohammedia,0645315666,2022-12-14,mobile
C01208,Tazi,Asmae,asmae.tazi942@gmail.com,1990-06-08,1,Tétouan,0689019640,2024-06-23,social_media
C01209,Bennani,Sanae,sanae.bennani359@live.fr,1992-03-10,female,Safi,0684825320,2022-02-22,mobile
C01210,Lahlou,Rachid,rachid.lahlou33@gmail.com,1978-11-15,Homme,Meknès,0636415300,2023-12-05,web
C01211,Berrada,Mehdi,mehdi.berrada789@yahoo.fr,2003-10-24,female,RABAT,0663437980,2021-08-15,mobile
C01212,Bouazza,Hassan,hassan.bouazza174@outlook.com,2003-03-27,1,TANGER,0611693235,2021-08-12,referral
C01213,Haddad,Ahmed,ahmed.haddad847@hotmail.com,1984-10-26,male,CASA,0683191432,2022-06-24,referral
C01214,Haddad,Laila,laila.haddad869@yahoo.fr,2004-11-24,0,Casablanca,0663195723,2021-09-03,social_media
C01215,Sefrioui,Hassan,hassan.sefrioui354@outlook.com,1983-05-09,f,Tétouan,0681368528,2024-01-27,mobile
C01216,Naciri,Nawal,nawal.naciri618@outlook.com,1960-11-22,f,MARRAKECH,0689961073,2023-04-21,web
C01217,Sefrioui,Nabil,nabil.sefrioui896@yahoo.fr,1987-10-17,H,casa,0690376344,2025-03-25,web
C01218,Kettani,Said,said.kettani858@hotmail.com,1976-07-08,h,Mohammedia,0690291375,2021-02-28,referral
C01219,Naciri,Hind,hind.naciri275@hotmail.com,1997-08-06,Homme,TANGER,0686237437,2025-04-08,web
C01220,Bouazza,Amine,amine.bouazza31@outlook.com,1971-09-28,H,Fès,0687587787,2025-01-23,referral
C01221,Berrada,Houda,houda.berrada836@gmail.com,1961-02-23,f,Agadir,0668246537,2025-07-15,social_media
C01222,Sefrioui,Mohamed,mohamed.sefrioui942@live.fr,1995-02-27,h,El Jadida,0661501475,2023-04-12,web
C01223,Benkirane,Karim,karim.benkirane666@yahoo.fr,1963-08-09,Homme,Tnja,0628555963,2024-09-21,mobile
C01224,Ouahbi,Adil,adil.ouahbi853@yahoo.fr,1961-08-27,h,Tanger,0659668381,2024-03-01,marketplace
C01225,Bouzid,Wafae,wafae.bouzid89,1987-05-03,female,Fès,0662745872,2021-01-21,marketplace
C01226,Naciri,Ahmed,@hotmail.com,1997-05-25,f,casa,0680168054,2025-08-02,referral
C01227,Filali,Reda,reda.filali430@outlook.com,2006-10-19,0,Fès,0662132081,2025-07-06,referral
C01228,Sefrioui,Mohamed,mohamed.sefrioui444@live.fr,1990-09-22,0,CASA,0658866576,2024-10-03,web
C01229,Chraibi,Brahim,brahim.chraibi465@yahoo.fr,2004-10-08,1,Fès,0627810833,2022-01-03,social_media
C01230,El Ouazzani,Nawal,nawal.elouazzani573@live.fr,1965-09-28,H,Tanger,0628683135,2021-10-12,web
C01231,Skalli,Nawal,nawal.skalli995@yahoo.fr,1965-11-24,H,Mohammedia,0661686786,2022-08-10,referral
C01232,El Idrissi,Ahmed,ahmed.elidrissi149@live.fr,1968-07-09,H,Tnja,0690954568,2022-03-05,social_media
C01233,Tazi,Brahim,brahim.tazi831@gmail.com,2006-06-09,female,Fès,0684296506,2022-02-27,marketplace
C01234,Kettani,Nawal,nawal.kettani446@yahoo.fr,1968-06-16,m,FES,0612424215,2021-12-19,web
C01235,Amrani,Khalid,khalid.amrani282@outlook.com,1977-08-06,Femme,Oujda,0692010594,2025-03-18,marketplace
C01236,Alaoui,Laila,laila.alaoui498@gmail.com,1970-12-09,m,fes,0628287127,2024-04-03,social_media
C01237,Rahmouni,Reda,reda.rahmouni494@gmail.com,1963-02-04,Femme,TANGER,0691928972,2025-06-01,mobile
C01238,Benali,Salma,salma.benali191@yahoo.fr,1974-08-02,f,Casablanca,0615885467,2025-03-07,web
C01239,Ziani,Adil,adil.ziani5@gmail.com,2001-02-17,Femme,rbt,0653919906,2025-05-18,marketplace
C01240,Berrada,Imad,imad.berrada480@live.fr,1986-06-05,h,Oujda,0673379945,2025-05-09,web
C01241,Haddad,Ahmed,ahmed.haddad486@hotmail.com,2006-02-02,H,TANGER,0630633166,2023-06-02,marketplace
C01242,Haddad,Dounia,dounia.haddad702@hotmail.com,2006-06-15,male,Meknès,0642474862,2023-09-25,marketplace
C01243,Chraibi,Amina,amina.chraibi416@gmail.com,1987-08-07,H,Béni Mellal,0643738434,2025-09-08,marketplace
C01244,Cherkaoui,Loubna,loubna.cherkaoui991@yahoo.fr,2000-05-13,H,El Jadida,0654405710,2022-09-02,marketplace
C01245,Benjelloun,Nabil,nabil.benjelloun369@outlook.com,1985-03-07,m,Rabat,0611306363,2025-03-24,referral
C01246,Filali,Said,said.filali44@gmail.com,1998-02-08,Femme,RABAT,0672102504,2021-02-04,referral
C01247,Haddad,Salma,salma.haddad337@hotmail.com,1963-11-23,m,Mohammedia,0613193443,2022-03-21,social_media
C01248,Amrani,Nawal,nawal.amrani716@yahoo.fr,2002-03-06,Femme,Tanger,0685952511,2024-06-26,marketplace
C01249,Alaoui,Khadija,khadija.alaoui778@outlook.com,1981-04-28,1,Rabat,0697869173,2022-06-26,referral
C01250,Haddad,Imad,imad.haddad449@gmail.com,1988-12-07,Femme,tanger,0683919680,2022-08-20,web
C01251,El Amrani,Wafae,wafae.elamrani936@gmail.com,1985-05-22,Femme,Rabat,0611638103,2025-04-10,mobile
C01252,El Idrissi,Wafae,amine.elouazzani203@outlook.com,1999-12-25,m,Béni Mellal,0682848157,2023-02-03,marketplace
C01253,Amrani,Salma,salma.amrani632@live.fr,1975-06-22,Femme,Safi,0616134368,2025-06-05,marketplace
C01254,Bennani,Youssef,hamza.benkirane3@hotmail.com,1995-01-03,male,El Jadida,0668952764,2025-07-23,social_media
C01255,Kettani,Karim,karim.kettani712@yahoo.fr,1996-05-10,H,Oujda,0640202787,2025-12-12,web
C01256,El Ouazzani,Mustapha,mustapha.elouazzani343@hotmail.com,1960-02-16,male,CASA,0644239462,2022-07-11,mobile
C01257,El Mansouri,Houda,houda.elmansouri551@outlook.com,1996-12-25,f,CASA,0639705384,2022-04-26,marketplace
C01258,Tazi,Amine,amine.tazi586@gmail.com,1962-06-08,m,Béni Mellal,0682613651,2021-11-25,referral
C01259,Benjelloun,Loubna,loubna.benjelloun156@gmail.com,1974-03-20,0,El Jadida,0654897404,2021-05-22,social_media
C01260,Benkirane,Brahim,brahim.benkirane332@outlook.com,1997-07-10,H,Rabat,0640996935,2022-07-02,mobile
C01261,Rahmouni,Hamza,hamza.rahmouni469@hotmail.com,1989-01-23,m,Rabat,0669715838,2025-03-01,web
C01262,Benali,Ali,karim.alaoui859@outlook.com,1970-02-21,1,Béni Mellal,0632940063,2025-12-22,web
C01263,Rahmouni,Zakaria,zakaria.rahmouni587@live.fr,1966-07-04,f,Casablanca,0638378459,2021-09-14,referral
C01264,Benkirane,Reda,reda.benkirane902@live.fr,1970-12-23,f,rbt,0679358894,2021-07-18,web
C01265,Amrani,Samira,samira.amrani784@live.fr,1984-10-05,female,Oujda,0633136216,2025-10-16,referral
C01266,Ouahbi,Hassan,hassan.ouahbi527@gmail.com,1963-03-18,m,tanger,0682028558,2022-10-10,mobile
C01267,Berrada,Sara,sara.berrada259@gmail.com,2006-03-24,1,Tétouan,0618863603,2025-12-04,social_media
C01268,Ziani,Nawal,nawal.ziani17,1963-05-23,h,CASA,0627609439,2022-04-28,mobile
C01269,Lahlou,Hanane,hanane.lahlou250@gmail.com,1968-09-03,1,Fès,0664647821,2024-06-02,marketplace
C01270,El Amrani,Mohamed,mohamed.elamrani733@yahoo.fr,1989-06-13,m,fes,0682111034,2025-02-20,mobile
C01271,El Amrani,Ahmed,ahmed.elamrani613@hotmail.com,1964-08-10,m,fes,0631356906,2024-10-02,referral
C01272,Cherkaoui,Loubna,loubna.cherkaoui270@gmail.com,1964-10-13,f,TANGER,0686167096,2024-03-05,web
C01273,El Idrissi,Nadia,nadia.elidrissi15@outlook.com,1986-07-15,male,TANGER,0662881948,2021-07-08,mobile
C01274,Rahmouni,Zakaria,zakaria.rahmouni371@yahoo.fr,1976-05-21,male,mkch,0662548420,2021-08-14,mobile
C01275,Filali,Ilham,hind.benjelloun593@hotmail.com,1968-03-13,0,Agadir,0625766710,2022-07-27,web
C01276,Benjelloun,Omar,omar.benjelloun682@outlook.com,1995-12-11,0,Nador,0623611269,2023-11-05,referral
C01277,Bennani,Ghita,ghita.bennani972@outlook.com,1999-07-05,H,casa,0621359569,2022-12-10,referral
C01278,Benjelloun,Hind,hind.benjelloun574@hotmail.com,1978-08-06,0,Fès,0658945246,2023-11-02,referral
C01279,Benjelloun,Karim,karim.benjelloun829@gmail.com,2002-09-16,0,rbt,0645846358,2024-01-12,marketplace
C01280,Naciri,Hind,hind.naciri512@yahoo.fr,2006-05-24,h,Tnja,0642202747,2023-04-12,social_media
C01281,Ouahbi,Mustapha,mustapha.ouahbi396@outlook.com,1964-07-07,Homme,TNG,0633767704,2023-03-03,marketplace
C01282,Benkirane,Mohamed,mohamed.benkirane341@live.fr,1981-03-25,m,Meknès,0653365278,2024-10-05,marketplace
C01283,El Mansouri,Hind,hind.elmansouri116@hotmail.com,1977-03-08,female,Mohammedia,0625926737,2023-12-19,marketplace
C01284,Benali,Amine,amine.benali684@gmail.com,1970-07-27,Homme,Tnja,0652511436,2021-05-25,marketplace
C01285,El Ouazzani,Youssef,youssef.elouazzani226@outlook.com,2003-01-01,h,Marrakech,0626372136,2025-11-22,social_media
C01286,Fassi Fihri,Nawal,nawal.fassifihri82@gmail.com,1995-05-11,1,Rabat,0698307414,2022-04-12,marketplace
C01287,Chraibi,Houda,houda.chraibi266@outlook.com,1963-02-16,H,Fès,0696987146,2022-11-06,web
C01288,Rahmouni,Asmae,asmae.rahmouni228@hotmail.com,1985-11-11,Femme,Fès,0672818001,2024-04-07,web
C01289,Bouazza,Youssef,youssef.bouazza835@yahoo.fr,1983-06-21,m,TANGER,0614881035,2025-11-02,web
C01290,Ouahbi,Hanane,hanane.ouahbi68@hotmail.com,1972-02-14,1,Casablanca,0640428388,2021-10-10,referral
C01291,Filali,Salma,salma.filali542@outlook.com,1962-04-04,0,tanger,0656420975,2022-07-20,marketplace
C01292,Filali,Loubna,loubna.filali929@hotmail.com,2000-08-26,male,Agadir,0660134200,2022-06-05,referral
C01293,El Amrani,Soufiane,soufiane.elamrani152@hotmail.com,1974-12-20,0,mkch,0691594140,2022-09-20,mobile
C01294,Ouahbi,Ali,ali.ouahbi801@hotmail.com,1992-06-02,female,Béni Mellal,0616570619,2024-07-03,referral
C01295,Sefrioui,Khadija,khadija.sefrioui622@outlook.com,1970-04-13,1,mkch,0675953544,2021-02-01,web
C01296,Lahlou,Amine,amine.lahlou915@hotmail.com,2005-02-28,H,CASA,0694592986,2024-11-26,social_media
C01297,Benkirane,Laila,laila.benkirane490@outlook.com,1973-04-23,Homme,Tétouan,0678230692,2022-03-06,web
C01298,El Mansouri,Ilham,ilham.elmansouri355@hotmail.com,2005-11-22,Homme,RABAT,0657478039,2022-03-24,social_media
C01299,Benali,Hamza,imad.filali703@live.fr,2000-12-16,h,Kénitra,0696940109,2022-02-28,web
C01300,Bouzid,Rachid,said.bouzid331@outlook.com,1979-02-21,female,Kénitra,0611818925,2025-06-05,web
C01301,Fassi Fihri,Khalid,khalid.fassifihri521@gmail.com,2006-08-22,male,Kénitra,0652121679,2023-07-03,marketplace
C01302,Lahlou,Khadija,khadija.lahlou583@yahoo.fr,1983-02-14,Femme,CASA,0685997625,2023-02-03,marketplace
C01303,Alaoui,Rachid,rachid.alaoui591@gmail.com,1988-09-16,h,Oujda,0674043381,2023-03-02,web
C01304,Benjelloun,Fatima,fatima.benjelloun163@outlook.com,1966-03-24,1,FES,0619837032,2021-03-10,mobile
C01305,Haddad,Asmae,asmae.haddad545@outlook.com,1993-08-07,male,Casablanca,0675840438,2021-03-14,social_media
C01306,Filali,Driss,driss.filali449@hotmail.com,1981-12-19,1,Tanger,0673774133,2025-09-20,referral
C01307,Benali,Karim,karim.benali922@live.fr,1965-11-25,0,Oujda,0635283412,2024-06-10,web
C01308,Tahiri,Dounia,dounia.tahiri187@yahoo.fr,1964-06-27,h,Agadir,0660752545,2021-06-16,marketplace
C01309,Bouazza,Wafae,wafae.bouazza7,1979-05-18,female,TANGER,0649962506,2024-08-13,referral
C01310,El Mansouri,Nabil,nabil.elmansouri836@outlook.com,1962-05-28,f,Béni Mellal,0664587161,2023-01-01,mobile
C01311,Kettani,Karim,karim.kettani603@gmail.com,1971-08-15,0,Tnja,0685891085,2021-02-21,marketplace
C01312,Amrani,Khalid,khalid.amrani51@hotmail.com,2025-06-04,Femme,RABAT,0672098857,2022-09-06,social_media
C01313,El Mansouri,Asmae,asmae.elmansouri874@gmail.com,1995-10-25,0,TNG,0656799163,2023-10-13,marketplace
C01314,Amrani,Adil,adil.amrani772@yahoo.fr,1979-12-09,Homme,Meknès,0626282257,2021-05-20,social_media
C01315,Ziani,Ilham,ilham.ziani249@live.fr,1988-05-08,0,Tétouan,0645405879,2025-05-14,web
C01316,Benali,Soufiane,soufiane.benali150@hotmail.com,1998-12-16,H,TNG,0681562020,2022-10-22,referral
C01317,El Idrissi,Laila,laila.elidrissi107@hotmail.com,1968-01-23,0,mkch,0674255018,2022-02-28,web
C01318,Ouahbi,Hassan,hassan.ouahbi198@yahoo.fr,1990-10-05,H,Béni Mellal,0611363738,2022-01-08,web
C01319,Chraibi,Brahim,brahim.chraibi952@outlook.com,1961-03-24,Homme,Kénitra,0625408026,2023-02-05,mobile
C01320,Skalli,Rim,rim.skalli542@yahoo.fr,2000-11-27,male,Nador,0667746387,2024-01-18,web
C01321,Cherkaoui,Ilham,ilham.cherkaoui723@yahoo.fr,1985-07-08,f,Tétouan,0682751344,2021-02-08,referral
C01322,El Mansouri,Mehdi,mehdi.elmansouri849@hotmail.com,1975-04-10,1,RABAT,0645584224,2024-05-06,social_media
C01323,Alaoui,Amine,amine.alaoui680@hotmail.com,2003-11-13,Homme,TNG,0684110857,2025-01-02,marketplace
C01324,Ziani,Amina,amina.ziani772@outlook.com,1965-11-22,Homme,Fès,0618645137,2024-08-10,social_media
C01325,El Mansouri,Youssef,youssef.elmansouri60@yahoo.fr,1963-03-06,0,MARRAKECH,0666656565,2025-10-09,social_media
C01326,Filali,Nabil,nabil.filali204@hotmail.com,1974-01-05,Femme,Fès,0663857905,2021-03-11,referral
C01327,Cherkaoui,Nadia,nadia.cherkaoui23@hotmail.com,2006-12-04,m,Mohammedia,0611436957,2024-08-12,social_media
C01328,Filali,Amina,amina.filali625@live.fr,1963-03-09,female,Kénitra,0620501450,2023-04-02,mobile
C01329,Benkirane,Wafae,wafae.benkirane175@outlook.com,1968-01-05,Homme,rbt,0619140411,2025-05-15,referral
C01330,Tazi,Fatima,fatima.tazi981@hotmail.com,1983-01-15,female,Meknès,0683345228,2024-05-22,social_media
C01331,Benali,Salma,salma.benali329@outlook.com,1998-03-09,female,casa,0695875021,2021-07-12,referral
C01332,Berrada,Nabil,nabil.berrada348@hotmail.com,1998-01-26,female,Agadir,0661711055,2025-12-11,social_media
C01333,Naciri,Zineb,zineb.naciri743@live.fr,1972-08-19,Homme,tanger,0627447060,2021-03-04,web
C01334,El Idrissi,Youssef,youssef.elidrissi990@outlook.com,1995-07-26,H,Safi,0619923241,2025-01-22,social_media
C01335,El Mansouri,Hanane,hanane.elmansouri613@hotmail.com,2004-06-06,m,casa,0624682341,2025-06-24,social_media
C01336,Berrada,Hamza,hamza.berrada767@outlook.com,1961-06-28,female,Mohammedia,0625164841,2023-03-05,social_media
C01337,Skalli,Soufiane,soufiane.skalli901@live.fr,1960-12-18,Homme,Oujda,0649517409,2022-04-10,marketplace
C01338,El Mansouri,Mohamed,mohamed.elmansouri512@live.fr,2026-01-26,H,Nador,0660223068,2022-01-28,referral
C01339,El Amrani,Loubna,loubna.elamrani627@gmail.com,1991-05-20,Femme,MARRAKECH,0695182735,2022-07-14,mobile
C01340,Tahiri,Driss,driss.tahiri239@outlook.com,1970-03-12,Femme,tanger,0666151444,2025-03-01,web
C01341,Benkirane,Nawal,zineb.elouazzani447@live.fr,1970-03-19,f,Tnja,0653295997,2023-02-03,social_media
C01342,Ziani,Omar,omar.ziani776@yahoo.fr,1989-11-24,Femme,Kénitra,0633133830,2022-11-14,referral
C01343,Filali,Dounia,dounia.filali442@gmail.com,1961-11-22,1,Tétouan,0636109610,2025-06-04,mobile
C01344,Bouazza,Sara,sara.bouazza45@gmail.com,1970-02-27,H,FES,0630379621,2021-03-28,web
C01345,Rahmouni,Houda,houda.rahmouni768@yahoo.fr,1983-09-05,f,Fès,0681911907,2024-09-14,social_media
C01346,Alaoui,Zineb,zineb.alaoui113@live.fr,1979-05-25,f,TANGER,0615715022,2022-11-01,social_media
C01347,Kettani,Zakaria,zakaria.kettani492@live.fr,1984-11-13,female,Nador,0651713824,2023-07-24,web
C01348,Cherkaoui,Amina,amina.cherkaoui115@hotmail.com,1971-02-07,Homme,Béni Mellal,0618585082,2022-01-10,web
C01349,Benjelloun,Driss,driss.benjelloun815@hotmail.com,1996-12-28,H,tanger,0692543545,2021-02-16,social_media
C01350,Ziani,Adil,adil.ziani628@live.fr,1992-12-07,h,Marrakech,0612671254,2021-12-18,web
C01351,Chraibi,Adil,adil.chraibi756@gmail.com,1982-04-24,male,Tanger,0635956606,2022-09-11,referral
C01352,Alaoui,Amine,amine.alaoui335@gmail.com,1975-09-23,Femme,Fès,0631721638,2021-06-18,social_media
C01353,Fassi Fihri,Ilham,ilham.fassifihri64@live.fr,1989-07-08,h,rbt,0684599555,2022-03-28,mobile
C01354,Haddad,Loubna,loubna.haddad220@hotmail.com,1981-11-04,male,RABAT,0663371598,2025-07-06,social_media
C01355,Benkirane,Adil,adil.benkirane1@gmail.com,1970-04-08,Homme,Casablanca,0682553306,2025-03-04,referral
C01356,Lahlou,Sara,sara.lahlou755@outlook.com,2005-12-23,1,TNG,0676170458,2021-07-16,social_media
C01357,Chraibi,Youssef,youssef.chraibi69,1964-10-05,Femme,fes,0664995923,2024-10-15,web
C01358,Naciri,Zakaria,zakaria.naciri994@yahoo.fr,1994-12-10,f,TANGER,0633916938,2023-11-16,web
C01359,Naciri,Amina,amina.naciri378@outlook.com,1970-10-28,male,TANGER,0622643416,2023-10-27,mobile
C01360,El Mansouri,Mehdi,mehdi.elmansouri608@live.fr,1998-05-22,h,Nador,0611212316,2024-11-21,social_media
C01361,Ziani,Amina,amina.ziani456@gmail.com,1987-10-10,h,mkch,0693045325,2021-08-19,social_media
C01362,Alaoui,Reda,reda.alaoui469@live.fr,2003-10-28,H,Tétouan,0647017197,2025-05-13,web
C01363,Rahmouni,Nadia,nadia.rahmouni868@live.fr,1989-09-21,h,Kénitra,0688050960,2023-04-13,referral
C01364,Bouzid,Salma,ali.ouahbi801@hotmail.com,1992-07-01,Homme,Agadir,0614214307,2023-03-04,mobile
C01365,Bennani,Nabil,nabil.bennani297@outlook.com,1971-05-18,male,Tanger,0624008928,2023-06-17,mobile
C01366,Ziani,Reda,soufiane.bouzid211@live.fr,1994-09-08,H,Meknès,0673582537,2025-10-24,marketplace
C01367,Benkirane,Salma,salma.benkirane887@outlook.com,1960-01-01,Femme,Mohammedia,0656293495,2022-01-22,social_media
C01368,El Idrissi,Hind,houda.benkirane567@outlook.com,1995-05-25,h,El Jadida,0668824263,2025-04-27,referral
C01369,Chraibi,Zineb,zineb.chraibi54@live.fr,2001-02-17,female,RABAT,0696266975,2024-03-14,web
C01370,Filali,Imad,imad.filali382@outlook.com,1978-05-09,0,Kénitra,0615807045,2022-10-20,social_media
C01371,Skalli,Soufiane,soufiane.skalli925@live.fr,1962-07-05,male,Safi,0656196801,2022-02-11,referral
C01372,Berrada,Hanane,hanane.berrada787@outlook.com,1960-06-08,Femme,Agadir,0698571153,2022-11-21,marketplace
C01373,Benjelloun,Mohamed,mohamed.benjelloun492@yahoo.fr,1980-06-20,female,Meknès,0653789552,2022-10-14,mobile
C01374,Benkirane,Karim,karim.benkirane7@yahoo.fr,2006-06-07,0,Fès,0689984645,2021-03-23,web
C01375,Bouzid,Karim,karim.bouzid970@hotmail.com,1975-11-05,1,rbt,0667122888,2024-08-06,marketplace
C01376,Tahiri,Reda,reda.tahiri355@live.fr,1970-03-19,0,Nador,0656476289,2023-03-22,mobile
C01377,El Idrissi,Samira,samira.elidrissi515@gmail.com,1963-06-02,male,Rabat,0658757651,2025-11-02,marketplace
C01378,El Ouazzani,Laila,laila.elouazzani276@yahoo.fr,1969-05-15,female,CASA,0649701147,2025-12-24,web
C01379,El Idrissi,Rim,rim.elidrissi308@live.fr,1978-10-07,Femme,Mohammedia,0675542595,2021-06-08,referral
C01380,Cherkaoui,Karim,karim.cherkaoui223@live.fr,1975-11-17,f,Rabat,0615024382,2025-03-14,referral
C01381,Fassi Fihri,Reda,reda.fassifihri362@gmail.com,1978-09-14,H,tanger,0618401342,2022-06-22,marketplace
C01382,Naciri,Nabil,nabil.naciri335@outlook.com,1990-09-02,Homme,Nador,0624412290,2021-09-19,marketplace
C01383,Cherkaoui,Mustapha,mustapha.cherkaoui891@yahoo.fr,1984-03-19,Homme,tanger,0651660060,2024-10-03,mobile
C01384,Berrada,Khalid,khalid.berrada590@live.fr,1981-01-20,h,MARRAKECH,0613891393,2025-10-19,web
C01385,Haddad,Reda,omar.fassifihri110@hotmail.com,2005-06-06,H,fes,0682518184,2021-12-03,referral
C01386,El Mansouri,Zakaria,zakaria.elmansouri667@hotmail.com,1979-10-25,Homme,TNG,0688227316,2025-12-15,marketplace
C01387,Lahlou,Reda,reda.lahlou651@yahoo.fr,1993-12-04,female,TNG,0629254771,2025-01-06,web
C01388,El Ouazzani,Brahim,brahim.elouazzani677@live.fr,1968-05-17,H,fes,0691662882,2025-04-21,social_media
C01389,Alaoui,Rim,rim.alaoui542@live.fr,1977-04-14,Femme,Nador,0662508472,2024-03-17,referral
C01390,Tahiri,Hamza,hamza.tahiri215@gmail.com,1967-02-19,0,Béni Mellal,0682312564,2022-10-16,web
C01391,Ziani,Said,said.ziani756@gmail.com,2006-10-21,m,FES,0672815282,2022-02-15,referral
C01392,Berrada,Said,said.berrada947@outlook.com,1965-11-27,H,fes,0682271017,2023-12-17,web
C01393,Tahiri,Rim,rim.tahiri200@yahoo.fr,1967-10-08,m,RABAT,0643369182,2025-02-01,referral
C01394,Kettani,Brahim,brahim.kettani662@hotmail.com,1962-10-02,Homme,Kénitra,0681808026,2025-06-27,web
C01395,Bennani,Salma,salma.bennani63@yahoo.fr,1985-02-11,Homme,rbt,0660883906,2025-08-07,social_media
C01396,Tazi,Nabil,nabil.tazi522@yahoo.fr,1975-10-02,0,Kénitra,0683088622,2021-11-11,marketplace
C01397,Tazi,Asmae,asmae.tazi462@yahoo.fr,1984-04-19,Femme,Nador,0657924903,2024-10-06,marketplace
C01398,El Idrissi,Salma,salma.elidrissi253@yahoo.fr,1992-04-16,male,Casablanca,0613781320,2024-03-15,mobile
C01399,Filali,Adil,adil.filali5@outlook.com,1984-05-09,male,Agadir,0665325710,2021-12-22,web
C01400,Haddad,Amine,amine.haddad650@yahoo.fr,1979-07-27,female,FES,0626702017,2023-01-12,web
C01401,Benkirane,Reda,ghita.bouzid397@live.fr,1987-03-28,m,tanger,0695061828,2025-02-09,marketplace
C01402,El Idrissi,Rim,rim.elidrissi236@live.fr,1996-01-14,H,Tanger,0698486477,2024-07-09,referral
C01403,Ziani,Fatima,fatima.ziani518@hotmail.com,1977-06-25,1,casa,0641826980,2023-02-28,marketplace
C01404,Berrada,Nabil,nabil.berrada465@gmail.com,1995-09-04,female,CASA,0646371543,2021-07-27,web
C01405,Ziani,Mehdi,mehdi.ziani923@live.fr,2001-12-12,H,TANGER,0641411837,2025-04-24,mobile
C01406,El Ouazzani,Mustapha,nabil.bennani750@yahoo.fr,1982-04-17,m,casa,0683142099,2024-01-06,mobile
C01407,Benjelloun,Ali,ali.benjelloun947@gmail.com,1974-02-20,1,Agadir,0657794863,2021-12-21,social_media
C01408,Benjelloun,Mohamed,mohamed.benjelloun21@gmail.com,2005-05-04,Homme,rbt,0646335771,2025-04-06,marketplace
C01409,Benali,Sara,sara.benali61@gmail.com,2000-03-05,H,Meknès,0613779742,2023-09-15,referral
C01410,Kettani,Sanae,sanae.kettani262@outlook.com,1983-02-16,1,Oujda,0648871146,2023-03-06,web
C01411,El Amrani,Imad,imad.elamrani430@hotmail.com,1972-05-13,0,casa,0661201714,2025-07-04,mobile
C01412,Berrada,Mohamed,mohamed.berrada460@outlook.com,1962-10-11,H,Fès,0665580175,2022-07-26,mobile
C01413,Cherkaoui,Ali,ali.cherkaoui598@live.fr,1961-01-04,male,tanger,0654766759,2024-04-05,referral
C01414,Rahmouni,Fatima,fatima.rahmouni631@hotmail.com,1988-03-06,female,mkch,0682549495,2021-02-07,social_media
C01415,Kettani,Loubna,loubna.kettani508@outlook.com,1980-12-25,f,MARRAKECH,0625015562,2023-12-14,social_media
C01416,Benkirane,Hamza,@outlook.com,1969-04-25,f,Casablanca,0627682464,2023-05-28,mobile
C01417,Bouazza,Ahmed,ahmed.bouazza148@gmail.com,1965-03-24,male,Tnja,0650948608,2021-10-09,social_media
C01418,Fassi Fihri,Hanane,hanane.fassifihri24@live.fr,1980-02-08,male,CASA,0620590155,2022-08-14,social_media
C01419,Tahiri,Zineb,zineb.tahiri994@gmail.com,1982-10-18,H,Safi,0614973489,2023-02-13,mobile
C01420,El Amrani,Brahim,brahim.elamrani979@yahoo.fr,1987-09-13,f,fes,0681921995,2023-12-20,social_media
C01421,Chraibi,Reda,reda.chraibi130@outlook.com,1992-09-09,H,Casablanca,0613172317,2023-08-09,referral
C01422,Benali,Rim,khalid.ziani391@outlook.com,1968-02-14,H,casa,0664178854,2023-01-02,referral
C01423,Benali,Loubna,loubna.benali623@outlook.com,1980-04-09,0,fes,0668659357,2025-05-17,marketplace
C01424,Sefrioui,Youssef,youssef.sefrioui230@gmail.com,1971-03-23,1,Nador,0632347212,2021-03-03,mobile
C01425,El Amrani,Hanane,mehdi.elamrani106@outlook.com,1963-01-01,1,mkch,0643375495,2025-09-13,marketplace
C01426,El Ouazzani,Hind,samira.ouahbi759@gmail.com,1996-02-04,0,Tnja,0610355692,2023-02-13,web
C01427,Bouzid,Meryem,meryem.bouzid841@hotmail.com,1997-11-18,h,Oujda,0692916480,2025-12-15,web
C01428,Rahmouni,Reda,reda.rahmouni557@yahoo.fr,1995-07-16,Femme,FES,0615453328,2023-07-08,web
C01429,Benali,Driss,driss.benali284@live.fr,2006-04-15,h,Marrakech,0621430379,2021-02-17,marketplace
C01430,Benkirane,Driss,driss.benkirane338@yahoo.fr,1961-04-21,Femme,MARRAKECH,0619182316,2023-11-01,marketplace
C01431,Benjelloun,Karim,karim.benjelloun31@outlook.com,1976-05-19,male,Tnja,0669272797,2023-07-14,mobile
C01432,Bennani,Salma,salma.bennani274@hotmail.com,1994-02-23,H,MARRAKECH,0697592940,2025-03-05,mobile
C01433,Filali,Driss,driss.filali153@gmail.com,1992-02-16,Homme,Casablanca,0628245984,2023-12-11,social_media
C01434,Bouazza,Ali,ali.bouazza320@outlook.com,1961-01-10,0,Safi,0622710585,2021-03-20,referral
C01435,Naciri,Sanae,sanae.naciri563@gmail.com,2000-06-12,Femme,Rabat,0699329766,2025-01-10,social_media
C01436,Bennani,Youssef,youssef.bennani178@live.fr,1965-03-18,female,Béni Mellal,0671509466,2022-09-05,web
C01437,Cherkaoui,Hamza,hamza.cherkaoui753@live.fr,1968-01-21,1,Rabat,0660232496,2023-09-23,web
C01438,Chraibi,Adil,adil.chraibi979@hotmail.com,1984-12-02,Femme,mkch,0629371183,2023-11-06,social_media
C01439,Ouahbi,Karim,karim.ouahbi846@outlook.com,1960-06-16,Homme,Rabat,0676010706,2022-12-10,mobile
C01440,Benkirane,Ali,ali.benkirane503@gmail.com,1966-12-22,male,Agadir,0634598469,2022-08-22,social_media
C01441,Sefrioui,Mohamed,mohamed.sefrioui721@outlook.com,1969-03-09,male,rbt,0664864149,2021-10-15,referral
C01442,Rahmouni,Rachid,rachid.rahmouni485@yahoo.fr,2000-04-12,h,Agadir,0624610015,2021-01-14,referral
C01443,Kettani,Brahim,brahim.kettani129@hotmail.com,1963-05-24,Homme,MARRAKECH,0660788484,2024-12-25,referral
C01444,Berrada,Amine,amine.berrada810@yahoo.fr,1982-03-12,f,casa,0633094514,2023-10-26,web
C01445,Naciri,Dounia,dounia.naciri659@yahoo.fr,1999-08-25,Homme,Marrakech,0620778737,2022-09-18,referral
C01446,Alaoui,Karim,karim.alaoui315@hotmail.com,1992-03-24,male,MARRAKECH,0647208837,2021-09-17,referral
C01447,Alaoui,Sanae,amina.filali456@yahoo.fr,1962-03-03,male,fes,0636316515,2022-06-10,marketplace
C01448,Amrani,Hamza,hamza.amrani726@gmail.com,1987-01-27,m,RABAT,0623486212,2022-08-05,referral
C01449,Cherkaoui,Youssef,youssef.cherkaoui716@gmail.com,1999-10-02,1,TANGER,0647047110,2021-02-26,web
C01450,El Mansouri,Nadia,nadia.elmansouri247@gmail.com,1989-11-18,female,RABAT,0624087799,2024-01-25,social_media
C01451,Filali,Amina,amina.filali770@live.fr,2001-05-28,Femme,Tétouan,0658943645,2024-09-11,web
C01452,Cherkaoui,Meryem,meryem.cherkaoui229@yahoo.fr,1970-09-17,female,Marrakech,0610464811,2024-09-24,social_media
C01453,Haddad,Nabil,nabil.haddad480@hotmail.com,2004-09-04,m,Béni Mellal,0630753916,2025-08-27,mobile
C01454,Haddad,Dounia,dounia.haddad258@outlook.com,1981-04-02,h,TANGER,0624232767,2024-07-18,web
C01455,Benkirane,Hassan,hassan.benkirane376@live.fr,1970-11-09,m,TNG,0628113144,2023-04-26,mobile
C01456,Fassi Fihri,Houda,houda.fassifihri600@outlook.com,1984-09-12,f,casa,0699440250,2024-05-13,social_media
C01457,El Amrani,Nabil,nabil.elamrani448@gmail.com,1983-12-24,Femme,Tnja,0617371064,2022-02-11,web
C01458,Benali,Zineb,zineb.benali@,2001-09-25,1,Casablanca,0638438227,2023-03-10,web
C01459,Ziani,Sara,sara.ziani555@yahoo.fr,1979-02-24,1,Kénitra,0620011871,2024-10-26,web
C01460,Bennani,Karim,karim.bennani378@gmail.com,2005-09-13,1,RABAT,0642892474,2023-07-23,mobile
C01461,Ouahbi,Ilham,ilham.ouahbi318@hotmail.com,1880-05-16,Femme,Nador,0630866574,2024-05-25,social_media
C01462,Rahmouni,Brahim,brahim.rahmouni328@gmail.com,1967-03-18,male,Nador,0654226861,2021-08-16,web
C01463,Lahlou,Brahim,brahim.lahlou519@outlook.com,2000-01-25,h,Fès,0640478530,2025-08-06,social_media
C01464,Rahmouni,Hassan,hassan.rahmouni777@outlook.com,1989-08-05,Homme,mkch,0669262891,2021-06-03,web
C01465,Bennani,Mehdi,mehdi.bennani126@outlook.com,1994-11-25,H,mkch,0618214317,2022-08-22,mobile
C01466,El Mansouri,Said,said.elmansouri17@live.fr,1979-09-28,0,Meknès,0634302521,2023-12-15,social_media
C01467,Fassi Fihri,Brahim,brahim.fassifihri790@yahoo.fr,1988-03-18,Femme,El Jadida,0670222807,2025-05-02,social_media
C01468,Alaoui,Omar,omar.alaoui700@outlook.com,2005-04-11,female,Rabat,0663806106,2022-12-18,social_media
C01469,Lahlou,Omar,omar.lahlou224@hotmail.com,1998-01-14,h,TNG,0680238223,2021-05-17,social_media
C01470,Fassi Fihri,Sara,sara.fassifihri799@yahoo.fr,1961-11-17,m,Tanger,0636845531,2025-03-16,referral
C01471,Skalli,Ahmed,ahmed.skalli440@outlook.com,2001-12-11,h,Nador,0673577592,2024-08-02,referral
C01472,Kettani,Rim,rim.kettani261@yahoo.fr,1961-04-27,Femme,Tnja,0634283701,2025-05-05,social_media
C01473,Tahiri,Khalid,khalid.tahiri747@outlook.com,2001-03-16,1,Agadir,0620067840,2021-02-25,social_media
C01474,Kettani,Ghita,ghita.kettani124@live.fr,1978-03-20,male,Agadir,0648782228,2025-06-04,marketplace
C01475,Ziani,Hind,hind.ziani34@hotmail.com,1997-01-07,H,fes,0613971230,2025-03-06,mobile
C01476,Rahmouni,Wafae,wafae.rahmouni98@gmail.com,1977-08-27,H,Agadir,0683332162,2021-01-14,web
C01477,El Ouazzani,Rim,rim.elouazzani826@hotmail.com,1962-06-22,m,Oujda,0688289539,2021-01-10,mobile
C01478,Benali,Adil,adil.benali260@hotmail.com,1988-03-19,female,Kénitra,0642435858,2023-08-14,referral
C01479,Ziani,Karim,karim.ziani775@outlook.com,1999-12-20,m,Agadir,0691016927,2025-06-04,mobile
C01480,Berrada,Sara,sara.berrada777@hotmail.com,1996-02-27,female,Rabat,0697539138,2024-04-12,web
C01481,Benali,Brahim,brahim.benali129@gmail.com,1981-03-15,male,Mohammedia,0650764930,2022-09-21,marketplace
C01482,Kettani,Wafae,wafae.kettani767@live.fr,1992-09-14,Homme,Mohammedia,0676459478,2023-01-14,marketplace
C01483,Fassi Fihri,Fatima,fatima.fassifihri11@live.fr,1970-10-02,m,Tnja,0620436008,2022-03-25,marketplace
C01484,Benali,Zineb,zineb.benali34@live.fr,1971-03-12,0,Casablanca,0633261698,2022-04-07,web
C01485,Lahlou,Sara,sara.lahlou158@gmail.com,1963-02-20,f,MARRAKECH,0654098683,2022-06-10,web
C01486,Ziani,Khalid,khalid.ziani828@live.fr,1975-04-06,H,Oujda,0631905860,2023-04-13,referral
C01487,Rahmouni,Mohamed,mohamed.rahmouni356@gmail.com,1968-05-25,H,CASA,0687817765,2023-02-06,web
C01488,Filali,Said,said.filali321@outlook.com,1963-02-05,h,casa,0636586910,2022-08-13,web
C01489,Ziani,Hassan,reda.bouzid158@outlook.com,1977-11-03,Femme,casa,0655888749,2025-04-15,referral
C01490,Ziani,Salma,salma.ziani406@hotmail.com,1974-12-13,1,Marrakech,0646784982,2022-07-28,social_media
C01491,Ouahbi,Soufiane,soufiane.ouahbi258@outlook.com,1999-07-04,H,Fès,0610605250,2024-04-01,referral
C01492,Tahiri,Dounia,dounia.tahiri323@yahoo.fr,1966-02-12,H,Oujda,0611333197,2022-06-12,marketplace
C01493,Tahiri,Mehdi,mehdi.tahiri596@gmail.com,1993-08-16,1,Casablanca,0628744520,2025-08-21,marketplace
C01494,Lahlou,Omar,omar.lahlou158@hotmail.com,1976-11-26,Homme,Kénitra,0624691650,2023-12-18,referral
C01495,El Mansouri,Mohamed,mohamed.elmansouri505@outlook.com,1972-04-08,H,El Jadida,0684918996,2022-10-19,social_media
C01496,Ouahbi,Ali,ali.ouahbi170@gmail.com,1987-05-02,h,Casablanca,0677572744,2025-06-21,marketplace
C01497,Cherkaoui,Loubna,loubna.cherkaoui997@hotmail.com,1968-07-26,H,rbt,0678171248,2022-01-24,marketplace
C01498,El Amrani,Omar,omar.elamrani372@hotmail.com,1980-12-12,h,mkch,0632652329,2021-10-13,referral
C01499,Ouahbi,Hamza,hamza.ouahbi774@gmail.com,2000-07-06,Femme,RABAT,0684151353,2023-08-06,social_media
C01500,Fassi Fihri,Rachid,rachid.fassifihri872@gmail.com,1965-05-19,m,Kénitra,0611536077,2025-03-20,web
C01501,Chraibi,Ghita,samira.amrani756@hotmail.com,2025-01-19,male,El Jadida,0634845251,2023-07-07,web
C01502,Bouazza,Hassan,hassan.bouazza735@gmail.com,1996-04-08,m,RABAT,0693105866,2023-04-18,mobile
C01503,Benali,Hassan,hassan.benali89@gmail.com,1880-07-01,female,FES,0675210157,2025-03-15,web
C01504,Bouzid,Rachid,rachid.bouzid851@outlook.com,1985-05-07,f,Béni Mellal,0611385579,2025-12-12,web
C01505,El Ouazzani,Sara,sara.elouazzani278@hotmail.com,1974-11-04,1,Béni Mellal,0665078472,2022-04-26,web
C01506,Benjelloun,Driss,driss.benjelloun989@gmail.com,1984-06-09,Homme,Oujda,0636390882,2023-02-24,social_media
C01507,El Amrani,Mustapha,mustapha.elamrani371@live.fr,2004-04-26,male,mkch,0634167344,2023-10-10,referral
C01508,Chraibi,Laila,laila.chraibi336@outlook.com,1965-08-20,f,TANGER,0633143904,2025-10-07,marketplace
C01509,Fassi Fihri,Khadija,khadija.fassifihri225@live.fr,1991-03-08,Homme,Tétouan,0654995300,2023-06-14,mobile
C01510,Ziani,Khalid,mohamed.rahmouni356@gmail.com,1994-06-24,Homme,FES,0628363062,2022-07-27,social_media
C01511,Benjelloun,Khadija,khadija.benjelloun203@hotmail.com,1960-01-20,female,Tétouan,0655260386,2023-04-17,marketplace
C01512,Fassi Fihri,Rachid,rachid.fassifihri744@outlook.com,1962-10-25,f,Tnja,0620422352,2022-08-18,marketplace
C01513,El Mansouri,Khadija,khadija.elmansouri755@outlook.com,1993-05-09,female,TNG,0663174284,2022-08-02,social_media
C01514,Benali,Nabil,nabil.benali263@outlook.com,1984-04-13,Femme,Fès,0698465799,2025-02-12,marketplace
C01515,Sefrioui,Meryem,amine.benali684@gmail.com,2004-03-19,Femme,Fès,0679393678,2021-01-25,marketplace
C01516,Bouazza,Nabil,nabil.bouazza21@outlook.com,1987-01-11,H,Béni Mellal,0643283131,2021-04-23,social_media
C01517,Ziani,Adil,adil.ziani@@hotmail.com,1990-12-26,H,Tanger,0634566728,2021-09-05,mobile
C01518,Ziani,Mustapha,mustapha.ziani@@gmail.com,1973-09-25,Homme,TNG,0616266737,2023-11-20,social_media
C01519,Ziani,Mehdi,mehdi.ziani312@hotmail.com,1992-08-13,male,TNG,0652266854,2021-12-28,marketplace
C01520,Bouazza,Dounia,dounia.bouazza142@live.fr,2001-09-14,Homme,Mohammedia,0663884756,2021-09-28,social_media
C01521,Cherkaoui,Khalid,khalid.cherkaoui781@gmail.com,2003-01-16,1,Tnja,0633798326,2022-10-19,referral
C01522,El Amrani,Meryem,meryem.elamrani953@live.fr,1980-04-25,h,Fès,0671410132,2022-08-03,web
C01523,Haddad,Hassan,hassan.haddad415@hotmail.com,1997-09-22,Homme,Oujda,0641864002,2022-02-22,marketplace
C01524,Haddad,Imad,imad.haddad290@gmail.com,1984-10-06,m,Béni Mellal,0682290772,2021-10-11,social_media
C01525,Benjelloun,Ali,ali.benjelloun167@live.fr,1977-11-26,h,TANGER,0629689483,2022-01-23,web
C01526,El Idrissi,Reda,zakaria.elidrissi114@outlook.com,1977-11-08,male,El Jadida,0680827223,2021-06-21,referral
C01527,El Idrissi,Khadija,khadija.elidrissi904@yahoo.fr,2001-09-03,male,Casablanca,0670232661,2023-01-07,web
C01528,Haddad,Youssef,youssef.haddad646@outlook.com,1992-11-18,1,Casablanca,0618803339,2021-09-21,social_media
C01529,Sefrioui,Omar,omar.sefrioui969@live.fr,1979-09-11,1,FES,0612582423,2021-11-28,social_media
C01530,El Amrani,Zakaria,zakaria.elamrani975@yahoo.fr,1965-02-14,h,Mohammedia,0689502034,2025-01-14,web
C01531,Ouahbi,Hind,hind.ouahbi820@hotmail.com,1993-03-27,f,Tanger,0626112420,2021-04-20,social_media
C01532,Chraibi,Hamza,hamza.chraibi288@yahoo.fr,2001-03-21,0,casa,0675035598,2023-06-17,web
C01533,Tahiri,Mohamed,mohamed.tahiri306@hotmail.com,1961-10-03,Homme,Oujda,0658886373,2022-04-15,mobile
C01534,Benjelloun,Reda,reda.benjelloun415@outlook.com,1984-11-25,h,Casablanca,0649412227,2024-01-05,mobile
C01535,Ouahbi,Omar,omar.ouahbi361@gmail.com,1965-12-18,Homme,Béni Mellal,0647363712,2024-06-25,web
C01536,Benali,Hind,hind.benali560@live.fr,1991-04-17,Homme,rbt,0663695915,2023-05-23,social_media
C01537,Berrada,Mehdi,mehdi.berrada40@outlook.com,1993-07-10,0,casa,0660040826,2025-02-05,referral
C01538,Ouahbi,Mustapha,mustapha.ouahbi767@hotmail.com,1971-03-14,1,casa,0611487083,2025-10-05,social_media
C01539,El Ouazzani,Ahmed,ahmed.elouazzani418@live.fr,1997-10-22,h,El Jadida,0690960465,2022-10-24,referral
C01540,Filali,Said,said.filali886@outlook.com,1988-10-06,H,Mohammedia,0650414015,2023-07-01,web
C01541,Fassi Fihri,Zakaria,zakaria.fassifihri971@live.fr,1966-06-07,m,casa,0635447599,2025-09-24,referral
C01542,Bouzid,Omar,omar.bouzid5@gmail.com,2002-12-15,m,Casablanca,0692804244,2024-03-27,web
C01543,Tahiri,Zineb,zineb.tahiri892@gmail.com,1967-01-07,0,Rabat,0653137197,2025-10-16,mobile
C01544,Kettani,Sanae,sanae.kettani606@gmail.com,1984-05-06,1,Nador,0654225616,2022-05-01,referral
C01545,Berrada,Ghita,ghita.berrada188@live.fr,1991-07-14,m,Tanger,0645033347,2025-02-20,referral
C01546,Berrada,Hind,hind.berrada944@live.fr,1983-07-18,h,CASA,0673600153,2022-01-03,marketplace
C01547,El Ouazzani,Mohamed,mohamed.elouazzani419@outlook.com,1990-03-25,h,Tnja,0643273757,2023-01-10,marketplace
C01548,Naciri,Amine,amine.naciri231@yahoo.fr,1980-07-04,1,tanger,0675792454,2021-01-16,social_media
C01549,Tazi,Hamza,hamza.tazi64@yahoo.fr,1971-01-05,female,Tnja,0688360154,2023-10-24,referral
C01550,Cherkaoui,Wafae,ali.lahlou536@outlook.com,1978-05-09,H,RABAT,0691729700,2024-05-18,web
C01551,Chraibi,Hanane,hanane.chraibi768@outlook.com,1980-02-01,m,Fès,0620229583,2024-07-11,referral
C01552,Bouazza,Mustapha,mustapha.bouazza874@live.fr,2002-03-28,m,tanger,0620530320,2025-10-12,marketplace
C01553,Benjelloun,Mehdi,mehdi.benjelloun834@live.fr,2025-09-24,m,TNG,0622809228,2021-12-24,marketplace
C01554,Benjelloun,Rim,rim.benjelloun402@live.fr,1985-01-21,Homme,Casablanca,0616788521,2024-08-01,marketplace
C01555,Benali,Karim,karim.benali327@yahoo.fr,1975-10-26,m,Tétouan,0620930007,2025-03-06,referral
C01556,Ziani,Mehdi,mehdi.ziani788@outlook.com,1992-06-27,male,RABAT,0647406640,2025-09-13,web
C01557,Benkirane,Sanae,sanae.benkirane402@hotmail.com,1984-05-23,m,Nador,0637735636,2024-12-20,mobile
C01558,Tahiri,Samira,samira.tahiri205@hotmail.com,1961-09-17,male,Mohammedia,0615713849,2021-07-16,referral
C01559,Benkirane,Ilham,ilham.benkirane611@gmail.com,2004-10-03,female,rbt,0694449992,2025-12-27,marketplace
C01560,Tazi,Meryem,meryem.tazi831@hotmail.com,1995-06-18,0,Nador,0663598601,2021-06-06,mobile
C01561,El Idrissi,Amine,amine.elidrissi34@outlook.com,1970-03-01,h,Casablanca,0673133836,2023-04-20,web
C01562,Lahlou,Rachid,rachid.lahlou492@yahoo.fr,2003-11-25,Homme,Casablanca,0620727789,2022-11-07,social_media
C01563,Bouzid,Zineb,zineb.bouzid587@live.fr,1991-07-14,f,Tétouan,0643312461,2022-07-06,marketplace
C01564,Bouzid,Wafae,wafae.bouzid238@yahoo.fr,1994-05-01,m,El Jadida,0684561170,2022-06-16,social_media
C01565,Sefrioui,Khalid,khalid.sefrioui339@gmail.com,1985-04-14,male,Kénitra,0627349748,2021-06-02,referral
C01566,Bouazza,Meryem,soufiane.naciri719@yahoo.fr,1967-03-02,male,Tnja,0629214931,2022-11-01,marketplace
C01567,Benjelloun,Driss,driss.benjelloun706@hotmail.com,1989-12-20,Femme,mkch,0625047673,2023-04-28,referral
C01568,Bouzid,Houda,houda.bouzid639@gmail.com,1989-06-27,m,Fès,0653175256,2024-05-22,marketplace
C01569,Ziani,Ghita,ghita.ziani327@gmail.com,1978-06-08,1,casa,0684818054,2025-02-04,web
C01570,Naciri,Salma,salma.naciri399@live.fr,1978-06-13,H,Oujda,0632531664,2024-03-28,referral
C01571,Berrada,Nawal,nawal.berrada632@outlook.com,1975-07-04,f,Béni Mellal,0682713899,2024-03-10,social_media
C01572,El Mansouri,Mohamed,mohamed.elmansouri776@hotmail.com,1982-02-12,female,Tanger,0619530298,2025-06-01,marketplace
C01573,Alaoui,Dounia,dounia.alaoui236@outlook.com,1966-06-14,f,Rabat,0669060861,2021-06-17,referral
C01574,Fassi Fihri,Omar,omar.fassifihri77@yahoo.fr,1976-01-23,Homme,Meknès,0659038710,2024-05-24,mobile
C01575,Naciri,Said,said.naciri56@live.fr,1965-11-17,female,Tnja,0668348100,2025-09-13,marketplace
C01576,Ziani,Hind,hind.ziani339@outlook.com,1980-12-20,0,Kénitra,0685103699,2024-05-21,social_media
C01577,Lahlou,Mohamed,mohamed.lahlou791@gmail.com,1990-12-03,female,RABAT,0610802510,2025-05-08,web
C01578,Alaoui,Houda,houda.alaoui443@yahoo.fr,2004-12-20,h,FES,0627886045,2024-04-26,mobile
C01579,El Mansouri,Hind,hind.elmansouri191@gmail.com,1970-07-26,Homme,Nador,0689690342,2024-07-20,mobile
C01580,Kettani,Nabil,nabil.kettani956@live.fr,2001-03-02,0,TANGER,0634476064,2022-04-22,web
C01581,Naciri,Laila,laila.naciri434@gmail.com,1977-05-05,m,MARRAKECH,0698562616,2022-05-16,web
C01582,Berrada,Loubna,loubna.berrada819@gmail.com,1981-05-23,h,Nador,0617728115,2023-03-13,social_media
C01583,Naciri,Brahim,brahim.naciri72@live.fr,2005-07-26,h,Marrakech,0630766900,2023-04-07,mobile
C01584,Bouazza,Asmae,asmae.bouazza505@hotmail.com,1986-12-17,1,Oujda,0650095902,2021-07-13,social_media
C01585,Alaoui,Nabil,nabil.alaoui371@live.fr,1980-03-20,0,Casablanca,0694580589,2025-05-05,marketplace
C01586,Bouazza,Youssef,youssef.bouazza746@yahoo.fr,2026-08-26,female,Tétouan,0667448896,2023-09-06,social_media
C01587,Ziani,Ali,ali.ziani851@outlook.com,1972-09-22,m,Kénitra,0664162221,2023-11-28,marketplace
C01588,El Mansouri,Meryem,meryem.elmansouri274@outlook.com,1993-04-19,h,Tnja,0687083309,2025-11-16,referral
C01589,Rahmouni,Ilham,ilham.rahmouni614@yahoo.fr,1999-06-27,f,Casablanca,0647862236,2023-01-28,referral
C01590,Cherkaoui,Dounia,dounia.cherkaoui794@outlook.com,1974-10-09,1,Fès,0623535093,2024-02-05,mobile
C01591,Naciri,Wafae,wafae.naciri677@gmail.com,1981-04-09,H,casa,0619829329,2021-01-23,mobile
C01592,Tahiri,Asmae,asmae.tahiri932@hotmail.com,1979-08-10,1,TNG,0655769312,2022-11-06,social_media
C01593,Naciri,Loubna,loubna.naciri868@gmail.com,1968-04-15,female,Fès,0697098117,2025-11-18,social_media
C01594,Benkirane,Soufiane,soufiane.benkirane398@gmail.com,1972-12-24,Homme,Rabat,0659671012,2023-10-21,social_media
C01595,Haddad,Brahim,@yahoo.fr,1977-10-25,H,Casablanca,0682689185,2024-04-22,mobile
C01596,Ouahbi,Ilham,ilham.ouahbi207@hotmail.com,1996-03-14,female,fes,0627771564,2021-07-13,web
C01597,Lahlou,Said,said.lahlou701@outlook.com,1993-07-11,Femme,Nador,0657253373,2023-06-16,web
C01598,Benjelloun,Houda,houda.benjelloun@@outlook.com,1986-09-28,female,Nador,0617716155,2022-05-22,marketplace
C01599,Lahlou,Khalid,khalid.lahlou110@yahoo.fr,1964-09-19,Homme,FES,0610662804,2025-08-10,mobile
C01600,Cherkaoui,Nadia,nadia.cherkaoui935@outlook.com,1980-08-28,H,TNG,0670751681,2021-12-03,web
C01601,Cherkaoui,Asmae,asmae.cherkaoui306@live.fr,1986-01-06,m,Oujda,0616511082,2021-12-11,referral
C01602,Amrani,Sanae,sanae.amrani796@live.fr,1997-01-19,m,Oujda,0691524118,2024-11-03,social_media
C01603,Kettani,Wafae,wafae.kettani345@yahoo.fr,1984-10-09,1,Marrakech,0652650793,2025-01-10,web
C01604,Filali,Ali,ali.filali307@outlook.com,1991-11-21,male,Tanger,0612528463,2022-10-09,marketplace
C01605,Filali,Ghita,ghita.filali144@gmail.com,1976-05-05,H,Agadir,0657482773,2021-04-03,referral
C01606,Skalli,Amina,mustapha.cherkaoui741@hotmail.com,1962-04-04,H,FES,0699253164,2025-12-15,social_media
C01607,Chraibi,Reda,reda.chraibi625@yahoo.fr,1992-07-24,female,Casablanca,0631336177,2023-11-17,mobile
C01608,Filali,Zakaria,zakaria.filali328@live.fr,1977-02-19,1,El Jadida,0696798985,2024-03-08,mobile
C01609,Alaoui,Adil,adil.alaoui386@live.fr,1990-05-17,Femme,Agadir,0669519196,2022-02-28,mobile
C01610,Bouzid,Hind,hind.bouzid219@live.fr,1965-09-26,1,Casablanca,0677196472,2021-08-18,mobile
C01611,Bouzid,Omar,omar.bouzid577@yahoo.fr,1986-03-08,Femme,Tnja,0629382612,2022-08-24,mobile
C01612,El Ouazzani,Salma,salma.elouazzani969@live.fr,1990-11-27,h,Fès,0667500657,2025-01-02,marketplace
C01613,Bouazza,Sanae,sanae.bouazza688@gmail.com,1997-06-23,female,Mohammedia,0669749709,2023-02-21,social_media
C01614,Cherkaoui,Said,said.cherkaoui80@live.fr,2003-01-27,h,TANGER,0672111791,2024-12-07,referral
C01615,Tazi,Brahim,brahim.tazi617@outlook.com,1998-12-21,Femme,Safi,0683810099,2024-03-13,mobile
C01616,Sefrioui,Reda,reda.sefrioui211@outlook.com,1985-02-05,female,Tanger,0624599424,2022-10-13,mobile
C01617,Rahmouni,Imad,imad.rahmouni648@gmail.com,1994-02-05,h,TANGER,0682480309,2025-11-26,referral
C01618,Rahmouni,Ghita,ghita.rahmouni786@live.fr,1960-07-13,f,CASA,0625894291,2025-01-28,web
C01619,Amrani,Omar,omar.amrani604@hotmail.com,1974-05-23,female,casa,0668607363,2025-11-28,marketplace
C01620,Bennani,Rim,rim.bennani46@yahoo.fr,1993-12-28,0,TNG,0657555117,2022-04-11,social_media
C01621,El Ouazzani,Mustapha,mustapha.elouazzani785@gmail.com,1966-06-11,0,Fès,0652720394,2023-11-02,social_media
C01622,Lahlou,Khadija,khadija.lahlou538@gmail.com,1993-05-23,1,Fès,0651765823,2023-05-02,marketplace
C01623,Cherkaoui,Sanae,sanae.cherkaoui319@gmail.com,2004-02-25,f,Casablanca,0653312608,2022-04-21,web
C01624,El Ouazzani,Reda,reda.elouazzani643@yahoo.fr,1964-12-02,f,mkch,0670442839,2025-11-15,referral
C01625,Ouahbi,Youssef,youssef.ouahbi655@hotmail.com,1987-09-10,1,CASA,0687108752,2023-07-16,marketplace
C01626,Benali,Karim,ali.filali307@outlook.com,1999-06-16,male,Oujda,0698839408,2022-08-17,mobile
C01627,Ziani,Nawal,nawal.ziani464@yahoo.fr,2002-08-08,female,rbt,0685102909,2021-09-13,mobile
C01628,Ziani,Amina,amina.ziani573@yahoo.fr,1974-04-06,f,Meknès,0660042850,2023-02-13,web
C01629,Tahiri,Imad,imad.tahiri254@live.fr,1973-05-10,Homme,Tanger,0644172923,2024-08-23,social_media
C01630,Lahlou,Amine,amine.lahlou558@yahoo.fr,1999-02-14,h,CASA,0655187097,2021-08-01,web
C01631,Tazi,Houda,houda.tazi415@gmail.com,1966-04-26,H,fes,0674359107,2023-05-22,social_media
C01632,Naciri,Khadija,khadija.naciri837@yahoo.fr,1961-12-05,h,MARRAKECH,0626827538,2025-12-28,referral
C01633,Bouazza,Soufiane,soufiane.bouazza790@hotmail.com,2000-06-24,0,Béni Mellal,0696679103,2021-10-24,referral
C01634,El Idrissi,Hamza,hamza.elidrissi426@hotmail.com,1986-07-14,H,casa,0652070223,2021-01-05,social_media
C01635,Fassi Fihri,Laila,laila.fassifihri813@hotmail.com,1974-05-20,m,Casablanca,0619713407,2025-09-02,mobile
C01636,Benkirane,Asmae,asmae.benkirane500@outlook.com,1988-10-03,0,Marrakech,0650859780,2023-03-21,marketplace
C01637,Benjelloun,Salma,salma.benjelloun632@gmail.com,1989-05-28,Homme,FES,0651227645,2024-06-14,mobile
C01638,Benali,Hind,hind.benali563@gmail.com,1964-10-19,m,Fès,0661189592,2023-12-21,referral
C01639,Ziani,Nawal,nawal.ziani498@hotmail.com,1965-05-20,1,Fès,0683494016,2021-01-07,marketplace
C01640,Tahiri,Hamza,hamza.tahiri66@yahoo.fr,1977-05-22,Femme,fes,0674573644,2023-09-13,mobile
C01641,Amrani,Reda,reda.amrani308@gmail.com,1983-05-13,h,Kénitra,0674720021,2021-06-22,marketplace
C01642,Berrada,Nadia,nadia.berrada118@gmail.com,1989-10-27,Femme,Mohammedia,0627986931,2023-04-03,web
C01643,Skalli,Brahim,brahim.skalli452@hotmail.com,1963-12-17,Homme,Marrakech,0618022803,2023-09-02,web
C01644,Kettani,Sanae,sanae.kettani320@gmail.com,1976-04-14,0,Rabat,0632928447,2024-09-14,web
C01645,Kettani,Fatima,dounia.elamrani404@live.fr,1980-07-10,H,El Jadida,0670953842,2022-06-25,web
C01646,Bouazza,Reda,reda.bouazza885@hotmail.com,2006-02-12,m,Oujda,0636330288,2023-03-23,web
C01647,Fassi Fihri,Youssef,youssef.fassifihri190@gmail.com,2004-06-23,0,Nador,0628536193,2021-11-11,mobile
C01648,El Idrissi,Amine,amine.elidrissi28@hotmail.com,1976-06-24,Homme,Marrakech,0612562661,2025-10-05,web
C01649,Chraibi,Hind,hind.chraibi870@hotmail.com,1977-01-02,0,Fès,0688800061,2023-04-28,mobile
C01650,Bennani,Hamza,hamza.bennani144@outlook.com,1962-02-04,Femme,Casablanca,0651170924,2022-05-18,mobile
C01651,Cherkaoui,Amine,amine.cherkaoui373@hotmail.com,1970-04-24,0,Marrakech,0665260181,2025-05-11,marketplace
C01652,El Mansouri,Mehdi,mehdi.elmansouri410@live.fr,1960-03-09,1,casa,0667632927,2025-09-14,mobile
C01653,Tahiri,Youssef,youssef.tahiri254@yahoo.fr,1975-05-22,h,Casablanca,0693897696,2025-09-21,marketplace
C01654,Benali,Mustapha,mustapha.benali415@yahoo.fr,1984-07-12,0,rbt,0618903426,2023-10-28,marketplace
C01655,Fassi Fihri,Khalid,khalid.fassifihri894@hotmail.com,1966-05-16,Femme,Béni Mellal,0664266882,2023-04-08,referral
C01656,El Mansouri,Houda,houda.elmansouri946@yahoo.fr,1981-04-18,female,Nador,0664723538,2025-12-23,mobile
C01657,Benkirane,Wafae,wafae.benkirane158@hotmail.com,1984-08-19,Femme,rbt,0655466894,2022-05-04,social_media
C01658,El Ouazzani,Imad,imad.elouazzani763@hotmail.com,2002-05-14,male,Nador,0667601672,2025-06-17,mobile
C01659,Chraibi,Fatima,fatima.chraibi749@outlook.com,1975-10-20,f,tanger,0665738013,2025-11-03,web
C01660,El Amrani,Karim,karim.elamrani104@gmail.com,1989-02-01,H,CASA,0637946715,2022-01-16,social_media
C01661,Kettani,Youssef,youssef.kettani966@gmail.com,1995-12-01,1,Béni Mellal,0646923094,2025-03-13,referral
C01662,El Idrissi,Omar,omar.elidrissi803@outlook.com,1985-03-11,Homme,MARRAKECH,0687598331,2023-03-24,mobile
C01663,Lahlou,Hassan,hassan.lahlou940@hotmail.com,1997-10-21,male,Mohammedia,0663071247,2023-01-07,referral
C01664,Tazi,Soufiane,soufiane.tazi658@hotmail.com,1989-02-20,f,rbt,0613432593,2024-08-22,social_media
C01665,Amrani,Sanae,rachid.sefrioui327@outlook.com,1996-01-04,0,Marrakech,0686193589,2024-12-08,referral
C01666,Bennani,Brahim,brahim.bennani232@hotmail.com,2002-07-27,f,Oujda,0637530538,2024-11-26,marketplace
C01667,El Mansouri,Amine,amine.elmansouri559@live.fr,1964-07-16,m,RABAT,0619920492,2025-04-02,marketplace
C01668,El Idrissi,Meryem,meryem.elidrissi999@gmail.com,1965-01-02,male,Tnja,0615187852,2023-11-06,mobile
C01669,Ouahbi,Adil,adil.ouahbi414@gmail.com,1999-10-02,male,RABAT,0626373743,2022-05-05,mobile
C01670,El Mansouri,Said,said.elmansouri910@yahoo.fr,1987-01-23,H,Nador,0622907499,2024-10-22,social_media
C01671,El Idrissi,Wafae,wafae.elidrissi392@live.fr,2004-02-26,0,tanger,0628150476,2024-02-07,web
C01672,Ouahbi,Zineb,zineb.ouahbi311@hotmail.com,1993-09-26,m,Tanger,0626002927,2021-05-03,mobile
C01673,Ouahbi,Rim,rim.ouahbi140@yahoo.fr,1998-04-14,Homme,Rabat,0675882046,2024-09-12,social_media
C01674,Cherkaoui,Adil,adil.cherkaoui245@gmail.com,1991-05-20,h,Casablanca,0626389894,2021-11-13,referral
C01675,Amrani,Houda,loubna.ziani939@live.fr,1981-04-11,1,Kénitra,0699048019,2021-07-20,social_media
C01676,Bouzid,Houda,houda.bouzid562@outlook.com,1971-11-16,f,Agadir,0628646960,2023-02-01,marketplace
C01677,Naciri,Ahmed,ahmed.naciri556@live.fr,1982-07-13,female,TNG,0686532704,2025-05-17,referral
C01678,Alaoui,Youssef,youssef.alaoui606@gmail.com,1982-11-13,Femme,Nador,0677761937,2022-06-12,marketplace
C01679,El Ouazzani,Houda,houda.elouazzani160@outlook.com,1983-01-09,f,CASA,0613027327,2024-01-16,web
C01680,Benjelloun,Imad,imad.benjelloun6@hotmail.com,1986-03-09,f,CASA,0669737587,2021-12-17,web
C01681,Bouazza,Fatima,fatima.bouazza555@outlook.com,1991-03-18,male,MARRAKECH,0664713029,2022-01-16,mobile
C01682,El Idrissi,Amine,amine.elidrissi144@hotmail.com,1969-05-01,Femme,Agadir,0653854589,2025-05-16,mobile
C01683,Haddad,Ali,ali.haddad305@live.fr,1995-05-15,h,Casablanca,0660066663,2025-02-08,web
C01684,Lahlou,Sara,sara.lahlou199@yahoo.fr,1970-11-17,m,Mohammedia,0611027542,2025-03-27,social_media
C01685,Naciri,Imad,imad.naciri570@outlook.com,1961-03-18,Femme,Mohammedia,0650279000,2021-02-01,web
C01686,Amrani,Samira,samira.amrani628@gmail.com,1966-11-09,Homme,MARRAKECH,0665027980,2023-08-18,social_media
C01687,Berrada,Imad,imad.berrada180@gmail.com,1974-01-13,H,TANGER,0685060646,2022-06-16,web
C01688,El Ouazzani,Sara,sara.elouazzani792@live.fr,1999-12-23,H,Kénitra,0664022294,2024-05-08,referral
C01689,Benali,Samira,samira.benali331@live.fr,1996-05-23,Femme,MARRAKECH,0647347070,2021-09-25,mobile
C01690,Benali,Fatima,fatima.benali988@live.fr,1969-09-20,male,rbt,0660635273,2025-07-01,web
C01691,Skalli,Hind,hind.skalli247@outlook.com,1962-02-13,male,Safi,0665616403,2023-03-15,web
C01692,El Amrani,Asmae,asmae.elamrani307@gmail.com,2000-01-17,H,Fès,0663481505,2023-04-16,referral
C01693,Haddad,Ghita,ghita.haddad276@yahoo.fr,1971-06-26,male,tanger,0634720986,2021-09-10,mobile
C01694,Fassi Fihri,Laila,@yahoo.fr,1967-12-11,0,rbt,0663461642,2023-04-28,referral
C01695,Skalli,Reda,reda.skalli289@outlook.com,1991-10-26,Femme,Tanger,0647252186,2024-01-06,mobile
C01696,Amrani,Youssef,youssef.amrani673@hotmail.com,1982-03-08,0,Casablanca,0682185025,2021-06-21,mobile
C01697,Bennani,Karim,karim.bennani934@gmail.com,2004-10-20,Homme,El Jadida,0623315575,2021-08-06,social_media
C01698,Haddad,Hamza,hamza.haddad28@hotmail.com,1971-02-12,1,TANGER,0664508531,2022-10-06,social_media
C01699,Ouahbi,Hanane,hanane.ouahbi227@outlook.com,1973-02-27,m,mkch,0677123852,2022-10-06,web
C01700,Alaoui,Ali,ali.alaoui47@hotmail.com,1975-11-08,1,Casablanca,0640291991,2022-06-20,social_media
C01701,Haddad,Meryem,meryem.haddad60@gmail.com,1987-02-13,m,Tnja,0655702751,2022-03-27,social_media
C01702,Benjelloun,Dounia,dounia.benjelloun527@gmail.com,2006-08-19,female,casa,0610063145,2025-03-08,marketplace
C01703,Tahiri,Nawal,nawal.tahiri761@hotmail.com,1989-09-25,0,CASA,0660579208,2021-05-11,marketplace
C01704,Benali,Hassan,hassan.benali14@outlook.com,1982-04-22,0,Meknès,0620774925,2025-12-04,social_media
C01705,Chraibi,Asmae,asmae.chraibi60@yahoo.fr,1986-02-05,male,CASA,0684326331,2021-10-06,web
C01706,Skalli,Ghita,ghita.skalli57@live.fr,1969-03-08,female,RABAT,0662451159,2021-11-04,social_media
C01707,El Ouazzani,Dounia,dounia.elouazzani645@outlook.com,1968-03-07,m,Oujda,0657746041,2024-02-18,referral
C01708,Bouzid,Omar,omar.bouzid663@yahoo.fr,1978-03-20,H,tanger,0615374399,2023-04-01,web
C01709,El Ouazzani,Sara,sara.elouazzani584@hotmail.com,1975-12-23,Femme,rbt,0644850048,2021-04-05,social_media
C01710,Bouazza,Soufiane,soufiane.bouazza390@outlook.com,1994-12-09,H,tanger,0684322289,2021-08-22,mobile
C01711,Chraibi,Hanane,hanane.chraibi74@live.fr,1968-01-04,Femme,Oujda,0614071341,2021-05-22,social_media
C01712,Naciri,Houda,houda.naciri300@outlook.com,1983-02-26,male,MARRAKECH,0647533969,2022-08-06,marketplace
C01713,Rahmouni,Sara,sara.rahmouni973@outlook.com,1984-10-16,0,Nador,0669228514,2024-05-17,referral
C01714,Fassi Fihri,Adil,adil.fassifihri834@yahoo.fr,1961-05-14,1,Safi,0665468928,2022-06-01,referral
C01715,Chraibi,Brahim,brahim.chraibi547@outlook.com,1963-07-25,Femme,Fès,0676060625,2022-08-14,mobile
C01716,Tahiri,Sara,sara.tahiri629@gmail.com,1977-03-03,Femme,Tétouan,0650421249,2022-10-04,social_media
C01717,Lahlou,Dounia,dounia.lahlou151@hotmail.com,2004-12-22,m,tanger,0676135332,2021-05-12,referral
C01718,Lahlou,Omar,omar.lahlou299@live.fr,2001-10-17,f,Tanger,0670771579,2022-02-10,referral
C01719,Filali,Amina,amina.filali456@hotmail.com,1996-12-23,0,rbt,0662976745,2023-06-03,social_media
C01720,Alaoui,Nabil,nabil.alaoui417@hotmail.com,1993-07-07,male,FES,0628564766,2021-02-03,mobile
C01721,Tahiri,Youssef,youssef.tahiri516@yahoo.fr,1994-04-07,H,fes,0670580360,2022-07-28,referral
C01722,Fassi Fihri,Zakaria,zakaria.fassifihri416@live.fr,1984-01-28,H,Rabat,0643983200,2023-11-22,referral
C01723,Haddad,Asmae,asmae.haddad576@gmail.com,1963-02-28,1,Tétouan,0693433985,2022-03-09,marketplace
C01724,Ziani,Meryem,meryem.ziani52@yahoo.fr,1880-06-10,0,FES,0656302514,2024-02-16,referral
C01725,Bennani,Ghita,ghita.bennani222@gmail.com,2006-12-02,H,Tnja,0619145290,2023-05-21,web
C01726,Amrani,Rachid,rachid.amrani416@yahoo.fr,1981-04-17,f,Rabat,0696667907,2021-05-17,mobile
C01727,Skalli,Nabil,nabil.skalli52@live.fr,1985-09-11,Femme,Tanger,0624762588,2024-05-15,social_media
C01728,Benkirane,Rim,rim.benkirane94@gmail.com,2002-02-13,Homme,Fès,0684994765,2025-09-23,mobile
C01729,Chraibi,Amine,amine.chraibi375@gmail.com,1987-02-03,f,MARRAKECH,0661724842,2025-10-16,social_media
C01730,Cherkaoui,Zakaria,zakaria.cherkaoui424@hotmail.com,1961-06-18,0,RABAT,0644303825,2022-06-07,marketplace
C01731,Ziani,Meryem,meryem.ziani336@outlook.com,1975-04-19,Femme,Safi,0647888143,2025-09-06,mobile
C01732,Berrada,Soufiane,soufiane.berrada928@outlook.com,2003-06-18,f,TANGER,0683558429,2023-07-14,social_media
C01733,Alaoui,Nadia,nadia.alaoui156@gmail.com,1989-03-16,0,Agadir,0685185498,2024-07-19,mobile
C01734,Bouazza,Ahmed,ahmed.bouazza169@gmail.com,1987-02-08,Femme,Safi,0635560882,2021-09-15,web
C01735,Kettani,Brahim,brahim.kettani655@gmail.com,1970-08-26,1,TANGER,0625563032,2024-08-15,web
C01736,El Mansouri,Loubna,loubna.elmansouri132@yahoo.fr,1972-01-25,1,TNG,0669402803,2025-01-01,web
C01737,Benali,Youssef,youssef.benali145@yahoo.fr,2003-01-12,1,tanger,0670000056,2024-12-22,social_media
C01738,Benali,Driss,driss.benali695@gmail.com,2005-10-14,male,Marrakech,0671103822,2023-07-13,social_media
C01739,Haddad,Driss,driss.haddad876@live.fr,2025-03-06,male,Tétouan,0660984196,2023-03-22,marketplace
C01740,Haddad,Nabil,nabil.haddad131@hotmail.com,1999-12-01,0,mkch,0648186811,2024-01-12,social_media
C01741,Bennani,Asmae,asmae.bennani505@yahoo.fr,1981-01-24,f,Rabat,0663279797,2021-01-03,mobile
C01742,Sefrioui,Mohamed,mohamed.sefrioui411@hotmail.com,1989-06-20,m,Oujda,0637287550,2024-09-28,mobile
C01743,Sefrioui,Zakaria,zakaria.sefrioui504@yahoo.fr,1985-08-19,0,Marrakech,0642543232,2021-05-13,referral
C01744,Bouzid,Ghita,ghita.bouzid832@hotmail.com,1991-12-05,Homme,Rabat,0629629704,2024-07-12,referral
C01745,Benkirane,Khalid,khalid.benkirane879@yahoo.fr,1968-05-01,Femme,RABAT,0698292310,2021-01-23,mobile
C01746,El Amrani,Khalid,khalid.elamrani312@gmail.com,1997-01-18,m,Tanger,0629225466,2023-05-07,social_media
C01747,Bouazza,Hind,hind.bouazza901@gmail.com,1986-11-07,0,Kénitra,0636947218,2024-10-23,web
C01748,Bennani,Youssef,youssef.bennani54@live.fr,1988-09-04,m,Kénitra,0681362827,2021-05-28,web
C01749,Amrani,Imad,imad.amrani67@yahoo.fr,1999-11-02,Femme,casa,0616626186,2025-12-08,marketplace
C01750,El Ouazzani,Ghita,ghita.elouazzani91@outlook.com,2001-01-17,male,Agadir,0695253681,2021-03-05,social_media
C01751,Ouahbi,Ali,ali.ouahbi799@yahoo.fr,1960-06-23,h,Tétouan,0621848331,2022-02-27,web
C01752,Benkirane,Dounia,dounia.benkirane9@hotmail.com,1999-09-10,0,Oujda,0688454227,2022-02-18,web
C01753,El Amrani,Amina,amina.elamrani239@live.fr,1961-12-04,male,FES,0674281729,2024-08-14,web
C01754,Bouzid,Mustapha,mustapha.bouzid556@live.fr,1993-11-22,1,Kénitra,0697877765,2023-01-03,social_media
C01755,Fassi Fihri,Ghita,ghita.fassifihri177@outlook.com,1992-12-17,female,Béni Mellal,0636134370,2021-10-23,social_media
C01756,Bouzid,Meryem,meryem.bouzid192@hotmail.com,1994-10-01,Femme,Casablanca,0688347188,2024-05-19,mobile
C01757,Benkirane,Wafae,wafae.benkirane332@hotmail.com,1980-10-27,f,Mohammedia,0613347059,2024-07-10,referral
C01758,Lahlou,Sanae,@gmail.com,1984-06-16,H,Mohammedia,0686726526,2025-10-07,web
C01759,Ziani,Amina,amina.ziani360@outlook.com,1967-05-17,Femme,Mohammedia,0697441279,2024-01-02,marketplace
C01760,Naciri,Fatima,fatima.naciri269@hotmail.com,1988-09-27,h,Agadir,0672150261,2024-06-21,web
C01761,Alaoui,Ghita,ghita.alaoui@,1992-07-27,1,Tanger,0632939871,2021-08-09,referral
C01762,Bouzid,Fatima,fatima.bouzid153@yahoo.fr,1998-04-27,h,FES,0612104170,2021-11-18,social_media
C01763,Alaoui,Youssef,youssef.alaoui21@hotmail.com,1984-11-23,female,MARRAKECH,0687070198,2024-03-09,social_media
C01764,Rahmouni,Mustapha,mustapha.rahmouni715@gmail.com,2001-05-10,Homme,MARRAKECH,0659322141,2024-11-20,social_media
C01765,Benjelloun,Hanane,hanane.benjelloun556@outlook.com,1976-06-08,m,Safi,0618802465,2023-06-24,marketplace
C01766,Benkirane,Adil,adil.benkirane363@outlook.com,1977-09-07,H,Casablanca,0640687661,2023-09-24,marketplace
C01767,Bouazza,Asmae,asmae.bouazza853@outlook.com,1993-06-08,1,El Jadida,0698985739,2022-01-28,social_media
C01768,Kettani,Zakaria,zakaria.kettani923@live.fr,1986-10-18,m,mkch,0697084206,2022-11-27,marketplace
C01769,Haddad,Adil,adil.haddad33@live.fr,1963-06-24,Femme,MARRAKECH,0681405397,2021-10-06,marketplace
C01770,Tahiri,Hamza,hamza.tahiri469@gmail.com,1972-10-02,m,mkch,0675769687,2024-08-08,mobile
C01771,Skalli,Wafae,wafae.skalli683@yahoo.fr,1961-02-14,Homme,Kénitra,0657132448,2022-06-18,web
C01772,Berrada,Soufiane,soufiane.berrada24,1964-03-15,m,Nador,0641211039,2025-05-25,mobile
C01773,Ouahbi,Ilham,ilham.ouahbi81@hotmail.com,1975-11-12,Femme,Marrakech,0632396888,2025-01-09,social_media
C01774,Benali,Nabil,nabil.benali565@hotmail.com,2002-06-04,Homme,Fès,0676559938,2021-09-12,mobile
C01775,Naciri,Reda,reda.naciri300@yahoo.fr,1962-10-27,Femme,CASA,0653510560,2021-10-08,web
C01776,El Mansouri,Soufiane,soufiane.elmansouri321@yahoo.fr,1986-03-16,Femme,Mohammedia,0624449015,2022-09-28,social_media
C01777,El Ouazzani,Karim,karim.elouazzani98@outlook.com,1990-06-14,Homme,Rabat,0623623588,2022-07-09,mobile
C01778,Sefrioui,Fatima,fatima.sefrioui122@live.fr,1960-10-20,Homme,Mohammedia,0641412502,2021-07-19,web
C01779,Amrani,Asmae,asmae.amrani946@hotmail.com,1991-01-10,m,Rabat,0654282473,2023-01-23,referral
C01780,Berrada,Sanae,sanae.berrada452@outlook.com,1973-05-26,1,Agadir,0681214939,2022-09-18,web
C01781,Ouahbi,Ali,ali.ouahbi666@yahoo.fr,1985-05-12,f,casa,0684219322,2021-11-05,mobile
C01782,El Idrissi,Sara,sara.elidrissi136@yahoo.fr,1971-10-20,0,Mohammedia,0654457665,2021-02-23,marketplace
C01783,Bouazza,Zineb,zineb.bouazza917@hotmail.com,1975-07-20,Homme,Oujda,0621348971,2023-04-26,web
C01784,El Amrani,Houda,houda.elamrani496@outlook.com,1890-11-19,h,Nador,0691195906,2021-11-15,mobile
C01785,Rahmouni,Said,said.rahmouni219@outlook.com,2003-10-03,f,fes,0675655526,2021-12-17,mobile
C01786,Fassi Fihri,Amina,amina.fassifihri564@live.fr,1988-04-22,f,Rabat,0674967606,2024-07-25,web
C01787,Berrada,Nawal,salma.alaoui558@gmail.com,1998-12-20,h,Meknès,0636373347,2021-06-28,web
C01788,Bennani,Said,said.bennani7@hotmail.com,1975-09-16,m,RABAT,0638594677,2025-10-02,marketplace
C01789,Fassi Fihri,Khadija,khadija.fassifihri516@yahoo.fr,1963-05-01,h,Casablanca,0637610659,2025-12-26,marketplace
C01790,El Amrani,Nabil,nabil.elamrani641@yahoo.fr,1987-09-17,Femme,Fès,0642693683,2021-01-03,referral
C01791,Fassi Fihri,Rim,rim.fassifihri893@gmail.com,1963-02-18,f,Kénitra,0610392185,2023-03-05,web
C01792,Benkirane,Soufiane,zineb.tahiri994@gmail.com,2006-02-25,1,RABAT,0695520167,2024-09-04,social_media
C01793,Amrani,Mohamed,mohamed.amrani693@live.fr,1975-12-13,H,rbt,0678488718,2025-01-15,referral
C01794,Kettani,Ghita,khalid.benjelloun465@live.fr,2005-02-25,male,Rabat,0671304217,2021-08-01,web
C01795,Benkirane,Rachid,rachid.benkirane814@gmail.com,1971-04-15,Femme,casa,0620861834,2021-09-12,web
C01796,Filali,Wafae,wafae.filali272@live.fr,1986-10-16,f,Tétouan,0656186621,2022-10-13,marketplace
C01797,Haddad,Amine,amine.haddad439@outlook.com,1967-12-25,1,Mohammedia,0628973877,2025-09-14,social_media
C01798,Bouzid,Ali,ali.bouzid760@hotmail.com,1974-01-12,f,mkch,0671574582,2023-08-07,web
C01799,Kettani,Zakaria,zakaria.kettani170@gmail.com,1978-11-13,Homme,CASA,0662476756,2021-05-10,social_media
C01800,Cherkaoui,Adil,adil.cherkaoui304@gmail.com,1966-11-10,0,MARRAKECH,0623725923,2022-11-22,marketplace
C01801,Amrani,Zakaria,zakaria.amrani407@live.fr,1986-05-16,f,Oujda,0652036150,2021-05-13,social_media
C01802,Bouzid,Brahim,imad.ziani73@live.fr,1974-01-01,h,TANGER,0675286368,2023-09-08,referral
C01803,Bouzid,Sara,sara.bouzid784@gmail.com,2005-10-04,0,RABAT,0661445893,2022-08-02,marketplace
C01804,Tazi,Laila,laila.tazi52@yahoo.fr,1965-09-15,m,Fès,0631055834,2022-03-17,marketplace
C01805,Cherkaoui,Zakaria,zakaria.cherkaoui550@gmail.com,1985-11-02,m,mkch,0670156330,2024-06-22,referral
C01806,Bouazza,Loubna,loubna.bouazza489@live.fr,1963-06-06,Homme,Mohammedia,0626675052,2022-02-16,web
C01807,Rahmouni,Adil,adil.rahmouni365@outlook.com,1966-01-14,Femme,casa,0694804472,2021-08-07,marketplace
C01808,El Idrissi,Karim,karim.elidrissi849@hotmail.com,1988-03-24,male,Safi,0690085502,2024-02-14,marketplace
C01809,Kettani,Nadia,nadia.kettani73@live.fr,2004-12-19,H,Oujda,0662608499,2025-10-02,referral
C01810,Naciri,Houda,houda.naciri782@gmail.com,1991-06-07,m,tanger,0639769947,2022-02-13,mobile
C01811,Rahmouni,Amine,amine.rahmouni482@gmail.com,1962-05-23,0,Tétouan,0673917384,2025-01-08,mobile
C01812,Lahlou,Zineb,zineb.lahlou516@yahoo.fr,1975-11-20,H,Fès,0626597680,2025-09-25,mobile
C01813,Tahiri,Rachid,rachid.tahiri648@live.fr,1981-02-15,0,mkch,0690557330,2023-02-27,mobile
C01814,Bouazza,Ahmed,ahmed.bouazza889@outlook.com,1971-12-07,Homme,Marrakech,0682746008,2024-01-04,social_media
C01815,Benjelloun,Driss,driss.benjelloun101@yahoo.fr,1974-02-11,Femme,TANGER,0617076128,2024-04-25,referral
C01816,Haddad,Mustapha,mustapha.haddad678@live.fr,1997-07-23,male,casa,0687751638,2023-06-26,referral
C01817,Benjelloun,Imad,imad.benjelloun768@live.fr,1990-11-25,m,rbt,0622475223,2022-06-21,social_media
C01818,Tazi,Ahmed,ahmed.tazi987@hotmail.com,1990-12-05,0,Béni Mellal,0640381915,2021-08-22,marketplace
C01819,El Mansouri,Houda,houda.elmansouri662@hotmail.com,1999-09-26,1,Tétouan,0642968377,2022-01-14,mobile
C01820,Skalli,Asmae,asmae.skalli97@gmail.com,1977-03-10,Homme,MARRAKECH,0699845623,2025-05-05,web
C01821,Amrani,Rachid,rachid.amrani715@gmail.com,1965-02-22,Femme,Safi,0618741015,2025-07-22,marketplace
C01822,Alaoui,Rachid,rachid.alaoui292@live.fr,1999-12-03,h,Oujda,0652938800,2022-08-02,marketplace
C01823,El Mansouri,Amina,amina.elmansouri701@gmail.com,1964-11-27,Femme,fes,0636794422,2021-01-21,marketplace
C01824,Benjelloun,Driss,salma.chraibi725@outlook.com,2005-07-14,1,Kénitra,0690523708,2025-11-14,mobile
C01825,Lahlou,Wafae,wafae.lahlou551@hotmail.com,2000-09-26,0,Rabat,0612180043,2022-10-22,referral
C01826,Berrada,Zineb,zineb.berrada@,1972-04-26,Homme,Oujda,0682316237,2023-11-17,referral
C01827,Benjelloun,Karim,karim.benjelloun380@outlook.com,1999-05-24,0,TNG,0658582968,2021-09-14,marketplace
C01828,Tahiri,Karim,karim.tahiri393@hotmail.com,1961-08-09,H,TANGER,0612913715,2022-06-27,referral
C01829,Filali,Houda,houda.filali827@live.fr,1990-11-28,H,Tétouan,0667300232,2021-04-19,referral
C01830,El Mansouri,Asmae,asmae.elmansouri331@hotmail.com,1962-05-15,Femme,tanger,0637032679,2021-09-17,web
C01831,Rahmouni,Brahim,brahim.rahmouni281@yahoo.fr,1977-05-24,h,Mohammedia,0699518125,2025-11-13,social_media
C01832,Chraibi,Adil,adil.chraibi552@live.fr,1966-08-23,female,Tanger,0616910905,2021-07-19,web
C01833,El Ouazzani,Ilham,ilham.elouazzani27@gmail.com,2005-08-04,f,TNG,0658116597,2023-07-16,social_media
C01834,Alaoui,Said,said.alaoui556@gmail.com,1984-08-22,Femme,Tanger,0634253410,2023-05-19,mobile
C01835,Lahlou,Mehdi,brahim.bouzid752@hotmail.com,1961-11-11,h,Nador,0687391840,2024-07-28,mobile
C01836,Bennani,Hassan,hassan.bennani923@yahoo.fr,2004-09-19,1,Rabat,0669821191,2022-06-26,web
C01837,Ouahbi,Youssef,youssef.ouahbi58@yahoo.fr,2005-08-14,1,Kénitra,0650380007,2022-07-28,referral
C01838,Bouazza,Meryem,meryem.bouazza530@hotmail.com,1995-01-22,male,mkch,0678739465,2024-04-11,marketplace
C01839,Alaoui,Ahmed,ahmed.alaoui450@hotmail.com,1999-11-07,f,Nador,0677607494,2021-05-21,marketplace
C01840,El Ouazzani,Mustapha,hassan.elidrissi738@yahoo.fr,1969-01-07,Femme,El Jadida,0650808173,2024-04-09,marketplace
C01841,Benjelloun,Driss,driss.benjelloun800@live.fr,1966-09-03,male,rbt,0659765757,2022-04-08,social_media
C01842,Kettani,Meryem,meryem.kettani904@outlook.com,1982-08-15,m,Mohammedia,0665495867,2024-03-22,mobile
C01843,El Ouazzani,Khalid,khalid.elouazzani714@yahoo.fr,1998-08-27,H,TANGER,0676544513,2024-05-26,marketplace
C01844,El Mansouri,Dounia,dounia.elmansouri860@yahoo.fr,1972-08-24,0,Tnja,0613690499,2024-05-27,mobile
C01845,Chraibi,Nabil,nabil.chraibi20,1982-02-10,H,tanger,0636806132,2025-08-12,marketplace
C01846,Filali,Said,said.filali668@hotmail.com,1962-11-23,female,Tnja,0647280747,2021-10-28,web
C01847,Bouzid,Nawal,nawal.bouzid154@live.fr,1993-06-21,Femme,Tétouan,0655896619,2024-06-08,mobile
C01848,Berrada,Dounia,dounia.berrada33@outlook.com,1962-05-15,male,Casablanca,0620560435,2021-10-24,web
C01849,Benali,Karim,karim.benali772@live.fr,2004-10-17,Homme,Rabat,0663566592,2025-10-24,marketplace
C01850,Benkirane,Meryem,meryem.benkirane515@yahoo.fr,1985-07-03,f,MARRAKECH,0673133849,2023-12-10,social_media
C01851,Sefrioui,Ahmed,ahmed.sefrioui499@live.fr,1986-07-22,male,Mohammedia,0692424462,2024-09-05,web
C01852,Lahlou,Amina,soufiane.naciri526@live.fr,2005-03-23,male,casa,0610484377,2022-12-08,mobile
C01853,Kettani,Houda,houda.kettani@@yahoo.fr,1971-03-03,male,casa,0619023822,2023-01-12,mobile
C01854,Bouzid,Sanae,sanae.bouzid316@gmail.com,1997-02-09,male,Kénitra,0677154863,2024-12-24,marketplace
C01855,El Mansouri,Nabil,nabil.elmansouri3@hotmail.com,2003-03-24,Homme,Meknès,0696589185,2022-09-16,mobile
C01856,Benkirane,Meryem,meryem.benkirane318@outlook.com,1973-02-07,male,tanger,0635219309,2023-02-17,web
C01857,Lahlou,Zakaria,zakaria.lahlou923@yahoo.fr,1965-06-07,0,Nador,0682204352,2025-09-25,marketplace
C01858,Kettani,Salma,salma.kettani336@live.fr,1996-09-10,H,casa,0660346159,2021-03-18,marketplace
C01859,Benali,Zakaria,zakaria.benali472@outlook.com,1966-10-08,f,Oujda,0686764444,2023-09-25,web
C01860,Tahiri,Youssef,youssef.tahiri984@hotmail.com,1976-03-23,m,FES,0631070330,2025-03-10,web
C01861,Ziani,Nawal,nawal.ziani782@hotmail.com,1971-02-17,female,RABAT,0635929785,2023-03-16,marketplace
C01862,El Mansouri,Ahmed,ahmed.elmansouri202@gmail.com,1972-01-03,male,CASA,0635475774,2023-04-02,web
C01863,Alaoui,Zineb,zineb.alaoui546@outlook.com,1986-06-20,female,Fès,0651991638,2025-05-22,marketplace
C01864,Amrani,Adil,adil.amrani908@yahoo.fr,1998-10-04,Homme,RABAT,0690255641,2022-07-20,marketplace
C01865,Chraibi,Youssef,youssef.chraibi958@gmail.com,1966-12-24,Homme,Marrakech,0692659260,2024-11-13,web
C01866,Bouazza,Zakaria,zakaria.bouazza681@hotmail.com,1969-07-27,1,Marrakech,0621236530,2025-03-05,social_media
C01867,Bouzid,Imad,imad.bouzid856@outlook.com,1972-11-09,1,Fès,0621589740,2024-10-26,web
C01868,Amrani,Brahim,brahim.amrani505@yahoo.fr,2005-04-06,1,CASA,0696622570,2022-01-02,social_media
C01869,Benkirane,Laila,laila.benkirane506@live.fr,1967-03-20,Femme,Oujda,0654919602,2023-02-10,mobile
C01870,Skalli,Khadija,khadija.skalli724@gmail.com,1984-01-10,H,TNG,0634418079,2025-01-06,marketplace
C01871,Ouahbi,Ali,ali.ouahbi270@outlook.com,1981-01-23,Homme,rbt,0621197996,2025-01-09,referral
C01872,Sefrioui,Wafae,wafae.sefrioui402@outlook.com,1984-06-21,Femme,Casablanca,0628057280,2023-07-26,mobile
C01873,Sefrioui,Mustapha,mustapha.sefrioui454@live.fr,1999-10-27,H,Béni Mellal,0662258051,2022-02-07,web
C01874,Berrada,Omar,omar.berrada906@gmail.com,1995-07-01,h,RABAT,0689070577,2023-08-27,marketplace
C01875,Tazi,Rim,ilham.elamrani132@gmail.com,2006-05-28,h,Marrakech,0653305637,2025-10-26,mobile
C01876,El Mansouri,Wafae,wafae.elmansouri604@gmail.com,2006-01-12,Homme,Mohammedia,0627199439,2022-05-15,referral
C01877,Tazi,Ali,ali.tazi221@outlook.com,1968-11-24,male,Nador,0684704673,2024-08-01,marketplace
C01878,Bouzid,Loubna,loubna.bouzid855@outlook.com,1970-06-25,H,Casablanca,0631320523,2025-11-06,referral
C01879,Alaoui,Sanae,sanae.alaoui224@live.fr,1992-09-11,f,Casablanca,0650000379,2024-09-24,social_media
C01880,Bouazza,Adil,adil.bouazza19@live.fr,1974-08-09,female,Nador,0687153915,2023-10-11,social_media
C01881,Amrani,Ahmed,ahmed.amrani84@hotmail.com,2005-06-20,Femme,Safi,0693571001,2022-09-23,social_media
C01882,Benjelloun,Nabil,nabil.benjelloun723@gmail.com,1970-07-15,f,El Jadida,0697498378,2023-02-27,web
C01883,Kettani,Ilham,ilham.kettani343@yahoo.fr,1964-06-25,male,Safi,0692057677,2024-05-04,social_media
C01884,Chraibi,Driss,driss.chraibi936@gmail.com,1992-03-02,0,Oujda,0635725680,2021-07-26,web
C01885,Ziani,Said,said.ziani177@hotmail.com,1994-12-07,female,TNG,0632467106,2023-11-20,social_media
C01886,Bennani,Reda,reda.bennani785@live.fr,2000-09-02,h,Casablanca,0637377903,2023-01-26,mobile
C01887,Alaoui,Sanae,sanae.alaoui892@yahoo.fr,1993-07-13,f,Safi,0653794708,2024-02-12,marketplace
C01888,Lahlou,Mohamed,khadija.fassifihri516@yahoo.fr,1985-11-23,0,tanger,0616452895,2022-08-05,marketplace
C01889,Naciri,Hind,hind.naciri588@live.fr,1982-07-15,Homme,Fès,0615714151,2022-09-12,mobile
C01890,Skalli,Nawal,nawal.skalli252@live.fr,1980-09-05,0,Mohammedia,0634480374,2021-03-13,social_media
C01891,Lahlou,Driss,driss.lahlou657@outlook.com,1880-08-27,male,El Jadida,0685507745,2023-02-22,referral
C01892,Sefrioui,Ilham,ilham.sefrioui495@outlook.com,1977-05-04,f,Tnja,0632174293,2023-10-25,marketplace
C01893,Chraibi,Amine,amine.chraibi555@live.fr,2001-06-22,Homme,mkch,0669052417,2025-08-09,social_media
C01894,Filali,Khalid,adil.chraibi386@yahoo.fr,1976-11-26,Femme,Meknès,0651059566,2022-11-27,mobile
C01895,Benkirane,Asmae,asmae.benkirane105@outlook.com,1969-12-01,female,Tnja,0692207221,2025-05-25,web
C01896,El Mansouri,Karim,karim.elmansouri216@yahoo.fr,2002-01-04,f,Marrakech,0643857916,2021-06-21,social_media
C01897,Filali,Karim,karim.filali985@live.fr,1976-12-18,Homme,fes,0657298006,2024-03-06,marketplace
C01898,Skalli,Zakaria,zakaria.skalli107@yahoo.fr,1979-02-13,male,RABAT,0660209853,2025-06-21,social_media
C01899,Skalli,Soufiane,soufiane.skalli882@hotmail.com,1961-11-24,1,Safi,0690235982,2025-06-16,marketplace
C01900,Sefrioui,Nawal,nawal.sefrioui413@outlook.com,1976-11-21,f,TNG,0632500833,2021-04-14,mobile
C01901,Rahmouni,Imad,imad.rahmouni2@outlook.com,1997-08-21,Homme,Tétouan,0676129080,2021-05-24,referral
C01902,El Mansouri,Karim,karim.elmansouri358@live.fr,1973-08-10,f,Casablanca,0664012161,2023-12-25,web
C01903,Cherkaoui,Mohamed,@outlook.com,1962-02-15,h,Tanger,0686877042,2021-07-15,marketplace
C01904,Benkirane,Hanane,hanane.benkirane183@live.fr,2005-03-04,male,Casablanca,0641722456,2023-10-26,referral
C01905,Chraibi,Wafae,wafae.chraibi694@outlook.com,1975-06-22,female,MARRAKECH,0689771817,2023-12-17,social_media
C01906,El Ouazzani,Youssef,youssef.elouazzani547@hotmail.com,1974-06-27,1,Rabat,0610979970,2021-04-20,web
C01907,Haddad,Youssef,youssef.haddad169@yahoo.fr,1985-11-08,female,casa,0686205634,2023-08-23,social_media
C01908,Naciri,Ahmed,ahmed.naciri91,1974-06-25,Homme,Mohammedia,0630584656,2024-06-18,social_media
C01909,Fassi Fihri,Loubna,loubna.fassifihri972@hotmail.com,1997-05-23,Femme,Fès,0680207946,2021-03-17,social_media
C01910,El Idrissi,Brahim,brahim.elidrissi689@hotmail.com,1976-11-22,f,MARRAKECH,0631349570,2022-06-28,social_media
C01911,Ziani,Amine,amine.ziani582@live.fr,1979-07-25,female,Nador,0694446701,2023-08-09,marketplace
C01912,Naciri,Ali,ali.naciri384@hotmail.com,1967-09-04,0,Meknès,0655984183,2025-11-28,web
C01913,Cherkaoui,Nabil,nabil.cherkaoui704@gmail.com,2001-09-04,H,TANGER,0667557861,2025-04-15,referral
C01914,Benkirane,Amine,amine.benkirane962@outlook.com,1964-05-22,Homme,Fès,0642606058,2025-04-07,marketplace
C01915,El Idrissi,Youssef,youssef.elidrissi454@hotmail.com,1880-09-16,f,El Jadida,0674814358,2024-05-15,web
C01916,Chraibi,Fatima,fatima.chraibi112@outlook.com,1998-06-01,female,Mohammedia,0674797678,2024-07-21,web
C01917,El Idrissi,Houda,houda.elidrissi43@hotmail.com,1963-11-10,female,TNG,0687081624,2021-09-13,mobile
C01918,Fassi Fihri,Soufiane,soufiane.fassifihri671@yahoo.fr,1979-02-19,male,casa,0614966723,2025-02-13,marketplace
C01919,Filali,Dounia,dounia.filali33,1991-11-01,0,RABAT,0655136492,2022-05-05,web
C01920,El Ouazzani,Ilham,ilham.elouazzani566@gmail.com,1972-07-18,m,TANGER,0672350425,2022-10-13,web
C01921,El Idrissi,Hamza,hamza.elidrissi69@hotmail.com,1981-03-13,Femme,El Jadida,0625177555,2021-03-06,social_media
C01922,Benkirane,Fatima,fatima.benkirane376@outlook.com,1998-04-07,H,Fès,0677576689,2023-09-08,marketplace
C01923,Bouazza,Driss,driss.bouazza419@gmail.com,1965-08-10,f,MARRAKECH,0687028916,2023-05-13,mobile
C01924,El Idrissi,Nawal,brahim.elouazzani677@live.fr,1994-04-07,m,mkch,0659344253,2021-10-11,referral
C01925,Naciri,Wafae,@live.fr,1966-08-16,female,FES,0613600484,2021-08-23,mobile
C01926,Sefrioui,Adil,adil.sefrioui915@gmail.com,2004-07-01,female,Tétouan,0644006749,2023-02-13,referral
C01927,Bouazza,Ghita,ghita.bouazza329@live.fr,1995-08-25,H,TANGER,0699554250,2024-08-15,social_media
C01928,Bouzid,Fatima,fatima.bouzid318@hotmail.com,1997-12-15,Homme,fes,0673407021,2022-02-21,mobile
C01929,Fassi Fihri,Karim,karim.fassifihri811@live.fr,1991-05-28,Homme,RABAT,0610043257,2023-02-25,marketplace
C01930,Ouahbi,Reda,reda.ouahbi311@live.fr,1967-09-03,m,RABAT,0655755518,2023-07-01,marketplace
C01931,El Ouazzani,Youssef,youssef.elouazzani913@live.fr,1990-07-27,h,rbt,0616875301,2021-02-04,social_media
C01932,Kettani,Wafae,wafae.kettani903@yahoo.fr,1981-08-05,male,RABAT,0671192114,2025-10-26,mobile
C01933,Ziani,Soufiane,soufiane.ziani520@yahoo.fr,1973-10-01,0,Casablanca,0661033013,2025-09-09,referral
C01934,Alaoui,Asmae,asmae.alaoui741@outlook.com,2005-07-03,male,FES,0664998006,2022-09-05,referral
C01935,Filali,Driss,driss.filali912@outlook.com,2001-04-19,female,Mohammedia,0660499221,2025-07-05,mobile
C01936,Fassi Fihri,Brahim,brahim.fassifihri687@gmail.com,1982-02-05,female,Mohammedia,0633137964,2025-10-14,mobile
C01937,Chraibi,Khadija,khadija.chraibi295@hotmail.com,1975-01-26,H,Casablanca,0689106133,2022-04-20,mobile
C01938,Alaoui,Khalid,khalid.alaoui855@gmail.com,1976-12-08,male,Tnja,0656142690,2021-07-20,mobile
C01939,Benkirane,Nabil,nabil.benkirane798@yahoo.fr,1975-08-23,male,Fès,0661343672,2021-01-26,marketplace
C01940,Skalli,Reda,reda.skalli491@live.fr,1997-11-25,Homme,Marrakech,0632376590,2025-01-09,marketplace
C01941,Berrada,Hassan,hassan.berrada332@gmail.com,1968-06-11,H,mkch,0666945454,2021-08-18,referral
C01942,Benkirane,Nabil,nabil.benkirane696@gmail.com,1970-02-08,male,Tnja,0622486279,2021-08-02,referral
C01943,Benkirane,Samira,samira.benkirane945@outlook.com,1994-08-19,male,Tnja,0679711961,2025-08-06,social_media
C01944,Benjelloun,Ahmed,ahmed.benjelloun582@yahoo.fr,1990-11-19,1,Tnja,0625415612,2024-05-10,social_media
C01945,Filali,Mehdi,mehdi.filali571@live.fr,2004-01-06,1,Tanger,0655429395,2025-08-10,web
C01946,Berrada,Mohamed,mohamed.berrada85@gmail.com,1977-02-13,1,Meknès,0693149759,2023-09-16,mobile
C01947,Bennani,Meryem,meryem.bennani426@outlook.com,1966-06-06,Homme,CASA,0686658763,2024-11-22,social_media
C01948,Benali,Hamza,hamza.benali889@hotmail.com,1981-05-24,m,TANGER,0611798091,2025-04-07,referral
C01949,Kettani,Loubna,loubna.kettani706@hotmail.com,1987-01-26,1,rbt,0669785168,2021-05-11,referral
C01950,Bouzid,Omar,omar.bouzid275@gmail.com,1999-11-15,female,TNG,0615943806,2021-02-12,web
C01951,Haddad,Hanane,hanane.haddad29@hotmail.com,1967-09-05,female,Tnja,0657356259,2025-12-24,mobile
C01952,Ziani,Omar,omar.ziani852@gmail.com,1997-06-17,female,Oujda,0656126741,2022-10-04,referral
C01953,Lahlou,Ghita,ghita.lahlou80@gmail.com,1965-05-20,Femme,casa,0672632102,2022-01-26,marketplace
C01954,El Mansouri,Rim,rim.elmansouri937@yahoo.fr,1997-07-06,f,Mohammedia,0690703795,2024-03-12,web
C01955,Amrani,Reda,reda.amrani308@hotmail.com,2006-08-08,f,MARRAKECH,0671886181,2024-12-26,social_media
C01956,El Mansouri,Rachid,rachid.elmansouri203@yahoo.fr,1989-09-16,0,Meknès,0660518445,2022-10-28,marketplace
C01957,Bouzid,Said,said.bouzid916@hotmail.com,1999-10-02,Homme,Casablanca,0696875656,2022-05-18,web
C01958,El Mansouri,Amina,amina.elmansouri885@live.fr,1996-05-01,female,Tanger,0657558261,2025-02-14,social_media
C01959,Berrada,Adil,adil.berrada416@hotmail.com,1968-06-09,Homme,rbt,0639638464,2025-03-02,social_media
C01960,Bennani,Sara,sara.bennani736@gmail.com,1966-11-11,h,CASA,0624593920,2022-08-08,web
C01961,Benali,Houda,houda.benali319@outlook.com,1996-01-01,1,FES,0626894484,2021-09-09,referral
C01962,Skalli,Nadia,nadia.skalli755@live.fr,1994-11-08,h,Agadir,0665759211,2023-10-14,social_media
C01963,Lahlou,Meryem,meryem.lahlou21@live.fr,1979-08-24,0,mkch,0611422409,2022-07-11,web
C01964,Haddad,Amina,amina.haddad589@gmail.com,1989-07-03,h,Casablanca,0670614081,2023-05-05,referral
C01965,Skalli,Said,said.skalli732@gmail.com,1999-08-20,Homme,Kénitra,0618209448,2022-12-23,social_media
C01966,Rahmouni,Ali,ali.rahmouni231@live.fr,1985-10-01,Homme,Kénitra,0638455725,2023-06-28,referral
C01967,Fassi Fihri,Nawal,nawal.fassifihri572@outlook.com,1992-02-08,H,Oujda,0641198032,2022-01-16,marketplace
C01968,Benali,Imad,imad.benali186@gmail.com,1969-05-25,0,Marrakech,0695032438,2024-05-01,referral
C01969,Naciri,Mehdi,mehdi.naciri57@hotmail.com,1985-01-05,female,Nador,0622863102,2022-03-11,web
C01970,Lahlou,Ahmed,ahmed.lahlou548@yahoo.fr,1977-11-23,Femme,Tnja,0630443052,2021-05-05,marketplace
C01971,El Mansouri,Hind,hind.elmansouri608@gmail.com,1968-06-08,f,Safi,0679373453,2025-01-16,web
C01972,Benali,Sara,sara.benali358@gmail.com,1976-02-20,Femme,rbt,0676734716,2024-02-11,marketplace
C01973,Bouzid,Amine,amine.bouzid178@hotmail.com,1986-04-01,male,Fès,0665098703,2024-02-24,mobile
C01974,El Amrani,Meryem,meryem.elamrani914@yahoo.fr,1960-08-14,H,Nador,0648810636,2021-06-02,mobile
C01975,Benkirane,Driss,driss.benkirane829@live.fr,1964-05-07,male,casa,0613218364,2022-12-14,referral
C01976,Bennani,Brahim,brahim.bennani81@gmail.com,1963-12-07,f,Béni Mellal,0678913320,2025-03-16,referral
C01977,Benkirane,Amine,amine.benkirane40@hotmail.com,1984-04-18,h,El Jadida,0678216988,2025-02-14,social_media
C01978,Tazi,Nawal,nawal.tazi955@yahoo.fr,2002-10-13,H,Safi,0684733013,2023-07-25,referral
C01979,Kettani,Hind,hind.kettani@@live.fr,1995-02-22,1,Tanger,0694862329,2023-08-05,mobile
C01980,Chraibi,Ali,ali.chraibi478@gmail.com,1994-04-02,Homme,rbt,0679850779,2024-10-15,referral
C01981,Lahlou,Wafae,wafae.lahlou355@yahoo.fr,1965-05-13,f,Oujda,0614740382,2024-05-19,social_media
C01982,Tahiri,Zakaria,zakaria.tahiri382@outlook.com,1966-02-14,male,mkch,0616098023,2023-06-14,marketplace
C01983,Benali,Nawal,nawal.benali311@hotmail.com,2000-11-15,male,TNG,0612182045,2022-10-05,web
C01984,Benali,Zakaria,zakaria.benali340@outlook.com,1990-08-26,Femme,mkch,0636851984,2022-01-22,web
C01985,Kettani,Reda,reda.kettani802@live.fr,1990-11-05,f,Safi,0645248418,2021-02-05,web
C01986,Benali,Ali,@yahoo.fr,2006-01-22,Homme,Casablanca,0638022091,2025-10-18,referral
C01987,Bouazza,Hind,hind.bouazza533@hotmail.com,1973-01-07,female,El Jadida,0639495553,2023-04-17,web
C01988,Tazi,Brahim,brahim.tazi321@hotmail.com,1991-12-23,Homme,Kénitra,0686254307,2023-02-15,referral
C01989,Skalli,Asmae,asmae.skalli773@outlook.com,1982-02-17,Homme,tanger,0629498095,2025-07-06,marketplace
C01990,Bouazza,Said,said.bouazza5@gmail.com,1978-01-12,male,Fès,0670613787,2024-12-15,web
C01991,El Amrani,Ahmed,ahmed.elamrani578@live.fr,2000-03-25,Femme,Marrakech,0619321385,2025-01-11,social_media
C01992,Naciri,Youssef,youssef.naciri871@gmail.com,1978-05-16,H,tanger,0684742338,2025-01-19,social_media
C01993,Tazi,Asmae,asmae.tazi486@hotmail.com,1978-05-10,Femme,TANGER,0631484322,2022-01-05,marketplace
C01994,Benjelloun,Amina,amina.benjelloun857@live.fr,1975-08-03,H,Kénitra,0640382029,2023-06-02,web
C01995,Benkirane,Salma,salma.benkirane390@hotmail.com,1976-02-20,m,MARRAKECH,0664863403,2022-11-19,web
C01996,Benjelloun,Mohamed,mohamed.benjelloun895@gmail.com,1997-10-05,female,Marrakech,0690429634,2023-07-22,mobile
C01997,Chraibi,Hanane,hanane.chraibi686@live.fr,1965-05-03,H,Casablanca,0623910943,2022-02-17,web
C01998,Bouazza,Sanae,sanae.bouazza10@yahoo.fr,1974-03-11,f,Rabat,0688818874,2021-08-28,web
C01999,Bennani,Nabil,@yahoo.fr,1984-08-04,H,MARRAKECH,0677555616,2023-11-27,social_media
C02000,Alaoui,Ahmed,ahmed.alaoui269@gmail.com,1990-03-25,0,El Jadida,0698770579,2022-08-11,social_media
C02001,El Ouazzani,Khadija,khadija.elouazzani228@gmail.com,1999-11-19,Homme,Mohammedia,0610497942,2025-09-15,referral
C02002,Haddad,Sara,sara.haddad403@hotmail.com,2000-07-10,f,Meknès,0661715208,2021-01-27,web
C02003,Filali,Adil,adil.filali240@yahoo.fr,1991-07-08,female,TANGER,0614859447,2021-11-27,web
C02004,Haddad,Reda,reda.haddad303@yahoo.fr,1962-07-10,male,Nador,0669164829,2021-01-09,marketplace
C02005,El Ouazzani,Hind,hind.elouazzani898@yahoo.fr,1993-10-09,h,CASA,0619306171,2025-05-17,social_media
C02006,Amrani,Imad,imad.amrani26@gmail.com,1960-02-15,male,Mohammedia,0674487792,2024-04-21,marketplace
C02007,Haddad,Zineb,hamza.sefrioui581@outlook.com,1964-08-04,0,Marrakech,0666790757,2025-12-25,web
C02008,Haddad,Laila,laila.haddad945@hotmail.com,1982-06-28,m,Rabat,0647489167,2025-07-15,mobile
C02009,El Amrani,Soufiane,soufiane.elamrani680@yahoo.fr,1983-03-08,H,rbt,0613558608,2025-02-16,mobile
C02010,Amrani,Nawal,nawal.amrani319@gmail.com,2000-07-12,m,Tnja,0624987846,2022-12-13,referral
C02011,Amrani,Nabil,nabil.amrani222@outlook.com,1969-05-17,f,mkch,0630432836,2024-12-24,mobile
C02012,Benali,Sanae,sanae.benali386@live.fr,1969-08-22,Femme,Kénitra,0699091235,2024-09-15,web
C02013,Amrani,Ahmed,ahmed.amrani206@live.fr,1984-08-02,Homme,tanger,0658833445,2024-01-12,referral
C02014,Ouahbi,Hanane,hanane.ouahbi474@yahoo.fr,1968-06-01,0,rbt,0688845927,2024-12-26,referral
C02015,Filali,Nawal,nawal.filali310@outlook.com,1988-01-04,Homme,TANGER,0696689645,2023-11-21,marketplace
C02016,Ouahbi,Mohamed,mohamed.ouahbi735@live.fr,1966-12-18,0,tanger,0688274599,2024-07-24,mobile
C02017,Haddad,Omar,omar.haddad25@yahoo.fr,1880-02-22,m,Casablanca,0653849327,2021-02-27,social_media
C02018,Ouahbi,Ahmed,ahmed.ouahbi198@outlook.com,2000-09-03,h,mkch,0641002695,2022-02-28,web
C02019,Sefrioui,Reda,reda.sefrioui544@hotmail.com,1999-01-25,1,El Jadida,0627160637,2025-07-16,mobile
C02020,Tazi,Nadia,nadia.tazi682@yahoo.fr,1989-11-08,m,Casablanca,0666236011,2024-06-11,web
C02021,Tazi,Amina,houda.rahmouni412@live.fr,2006-07-27,H,mkch,0661594165,2023-02-16,web
C02022,Naciri,Ghita,ghita.naciri160@gmail.com,1987-10-08,0,Marrakech,0652528787,2024-09-07,referral
C02023,Ouahbi,Asmae,asmae.ouahbi@,2005-10-24,female,Tnja,0656075524,2022-11-06,mobile
C02024,Berrada,Sanae,sanae.berrada934@outlook.com,1997-05-20,male,casa,0632201737,2025-10-11,mobile
C02025,Chraibi,Driss,driss.chraibi309@yahoo.fr,2000-07-25,Homme,Kénitra,0625161988,2025-07-17,web
C02026,Amrani,Karim,karim.amrani91,1981-06-23,m,tanger,0698573777,2023-10-22,web
C02027,Naciri,Hind,hind.naciri544@outlook.com,1996-02-23,1,Agadir,0645761862,2022-01-23,social_media
C02028,Fassi Fihri,Rim,rim.fassifihri183@outlook.com,1973-03-07,f,El Jadida,0619725451,2023-09-10,referral
C02029,Haddad,Houda,houda.haddad674@yahoo.fr,1974-12-15,Femme,tanger,0658184565,2025-04-20,social_media
C02030,Filali,Samira,samira.filali578@gmail.com,1977-11-03,Femme,Tétouan,0639067726,2021-02-16,social_media
C02031,Alaoui,Rim,rim.alaoui436@live.fr,1987-02-04,0,CASA,0649146431,2022-06-18,mobile
C02032,Rahmouni,Mohamed,mohamed.rahmouni44@live.fr,1992-12-05,m,Casablanca,0643923011,2025-03-21,referral
C02033,Amrani,Nabil,nabil.amrani41@gmail.com,1965-03-21,1,TNG,0667278646,2024-04-23,marketplace
C02034,Benkirane,Zineb,zineb.benkirane18,1995-05-05,Femme,Mohammedia,0619308637,2025-08-09,social_media
C02035,Kettani,Houda,houda.kettani781@outlook.com,1999-12-24,h,Nador,0622264065,2023-06-11,web
C02036,Tazi,Ali,ali.tazi118@live.fr,1968-03-14,m,mkch,0616396334,2022-04-23,web
C02037,El Ouazzani,Mohamed,mohamed.elouazzani247@hotmail.com,1960-12-07,1,CASA,0695865113,2023-11-05,marketplace
C02038,Skalli,Nabil,nabil.skalli118@live.fr,1995-01-28,0,Fès,0665773216,2025-02-28,social_media
C02039,Benali,Adil,adil.benali395@live.fr,1975-04-28,male,Casablanca,0647372680,2021-05-12,marketplace
C02040,Bouzid,Mohamed,mohamed.bouzid401@outlook.com,1978-05-26,f,Tanger,0623401959,2023-09-01,marketplace
C02041,Kettani,Salma,salma.kettani147@yahoo.fr,1960-10-05,male,rbt,0658139173,2023-02-04,web
C02042,Bouazza,Mohamed,mohamed.bouazza631@outlook.com,1972-02-11,h,Marrakech,0659993132,2022-12-11,mobile
C02043,Berrada,Houda,houda.berrada333@gmail.com,2000-05-08,H,Mohammedia,0617686107,2023-05-24,marketplace
C02044,Fassi Fihri,Khalid,khalid.fassifihri611@hotmail.com,1981-03-27,Femme,Rabat,0668438658,2023-06-17,mobile
C02045,Benkirane,Reda,reda.benkirane412@hotmail.com,1997-01-08,H,Mohammedia,0681624855,2021-05-12,referral
C02046,Kettani,Brahim,brahim.kettani443@live.fr,1968-03-20,f,fes,0654087406,2022-06-23,marketplace
C02047,Haddad,Nawal,nawal.haddad334@gmail.com,1988-08-20,1,Béni Mellal,0635282178,2025-02-04,social_media
C02048,Amrani,Sanae,sanae.amrani777@yahoo.fr,1976-06-25,m,Fès,0610075476,2021-02-13,referral
C02049,Sefrioui,Nawal,nawal.sefrioui934@outlook.com,2002-03-06,h,Marrakech,0660857200,2021-04-07,referral
C02050,Bennani,Hind,hind.bennani201@live.fr,2002-09-21,m,RABAT,0692869735,2025-09-19,mobile
C02051,Benjelloun,Mustapha,mustapha.benjelloun759@gmail.com,2000-08-19,male,fes,0624110651,2025-03-15,marketplace
C02052,Rahmouni,Khadija,khadija.rahmouni534@hotmail.com,1982-03-17,0,Fès,0685272184,2023-12-21,referral
C02053,Bouazza,Zakaria,zakaria.bouazza792@live.fr,2004-04-02,f,Tnja,0610546646,2025-01-21,social_media
C02054,El Mansouri,Brahim,brahim.elmansouri627@live.fr,1977-06-15,h,CASA,0624806809,2023-05-09,web
C02055,Benali,Brahim,brahim.benali139@outlook.com,1974-05-25,1,Nador,0624646532,2024-06-19,social_media
C02056,Amrani,Rachid,rachid.amrani668@live.fr,2000-11-23,Femme,casa,0672016809,2025-12-02,referral
C02057,Chraibi,Wafae,wafae.chraibi876@live.fr,1991-06-14,Femme,Kénitra,0674015325,2025-02-13,referral
C02058,El Mansouri,Mehdi,mehdi.elmansouri862@outlook.com,1966-11-27,m,Mohammedia,0622605652,2024-08-13,mobile
C02059,Bouazza,Mohamed,mohamed.bouazza521@outlook.com,1972-12-23,m,Agadir,0611832614,2025-06-10,mobile
C02060,Ziani,Asmae,asmae.ziani349@live.fr,2006-03-08,h,Casablanca,0662692263,2021-03-27,marketplace
C02061,Amrani,Nabil,nabil.amrani829@yahoo.fr,2004-01-07,Femme,Fès,0645948650,2022-03-08,social_media
C02062,Chraibi,Hassan,hassan.chraibi908@yahoo.fr,1982-12-15,h,Safi,0615496821,2021-03-02,social_media
C02063,Tazi,Rachid,rachid.tazi998@outlook.com,1977-08-26,0,MARRAKECH,0631490599,2024-02-25,web
C02064,El Amrani,Sara,sara.elamrani980@gmail.com,1960-07-11,h,RABAT,0664387862,2021-08-24,web
C02065,Ouahbi,Houda,houda.ouahbi665@live.fr,1978-05-14,1,Tanger,0643330607,2025-12-12,web
C02066,Lahlou,Nawal,nawal.lahlou595@yahoo.fr,1981-07-01,Femme,Béni Mellal,0682334439,2024-08-16,referral
C02067,Rahmouni,Zineb,zineb.rahmouni662@hotmail.com,1998-01-09,0,Oujda,0679732631,2024-01-01,mobile
C02068,Bouzid,Sara,sara.bouzid739@outlook.com,1987-10-01,h,Fès,0630087920,2022-11-06,web
C02069,Skalli,Nawal,nawal.skalli107@outlook.com,1989-01-24,m,Béni Mellal,0624470594,2021-06-22,mobile
C02070,Ziani,Mehdi,mehdi.ziani317@yahoo.fr,1970-02-13,0,casa,0683985243,2022-12-03,mobile
C02071,Benali,Dounia,dounia.benali753@live.fr,1996-07-26,0,RABAT,0610328089,2025-03-04,marketplace
C02072,Tazi,Mustapha,mustapha.tazi942@hotmail.com,1969-09-08,1,Fès,0647544493,2024-08-24,mobile
C02073,Skalli,Youssef,youssef.skalli574@live.fr,1970-09-05,Homme,TANGER,0630230087,2021-07-07,mobile
C02074,Benali,Loubna,loubna.benali172@gmail.com,1976-07-23,m,Casablanca,0687791234,2024-06-17,marketplace
C02075,Kettani,Rachid,rachid.kettani865@gmail.com,2026-05-15,male,fes,0644503300,2022-12-21,marketplace
C02076,Cherkaoui,Nabil,nabil.cherkaoui477@live.fr,1976-01-15,female,TANGER,0691335378,2021-12-23,marketplace
C02077,El Ouazzani,Mustapha,mustapha.elouazzani445@gmail.com,1989-03-18,female,TNG,0680122411,2023-03-13,web
C02078,Sefrioui,Amina,amina.sefrioui704@outlook.com,1967-08-01,1,mkch,0676127947,2021-06-07,web
C02079,Bennani,Asmae,asmae.bennani747@outlook.com,1964-12-27,Femme,Tanger,0673344062,2024-07-10,referral
C02080,Tazi,Ghita,ghita.tazi597@outlook.com,1976-03-18,1,Fès,0646246431,2023-04-12,web
C02081,Tazi,Fatima,fatima.tazi88@live.fr,1993-08-01,h,Tétouan,0679046488,2021-08-01,social_media
C02082,Lahlou,Amine,amine.lahlou492@gmail.com,1978-01-10,1,Casablanca,0683547534,2022-04-14,referral
C02083,Haddad,Nabil,nabil.haddad717@outlook.com,1963-06-03,male,Béni Mellal,0686591334,2021-01-27,web
C02084,Bennani,Mustapha,sara.alaoui644@yahoo.fr,1969-06-22,f,Tanger,0631940882,2023-10-16,mobile
C02085,Fassi Fihri,Ilham,ilham.fassifihri13@gmail.com,1983-10-26,m,Fès,0697029758,2025-08-09,social_media
C02086,El Amrani,Ghita,ghita.elamrani889@hotmail.com,1988-12-10,Femme,FES,0630313574,2023-03-12,social_media
C02087,Haddad,Dounia,dounia.haddad58@hotmail.com,2006-04-15,Homme,Marrakech,0659175761,2023-01-26,web
C02088,Amrani,Nadia,nadia.amrani786@live.fr,1985-12-19,female,Béni Mellal,0681614983,2025-08-13,web
C02089,Filali,Hind,hind.filali328@live.fr,1979-10-22,m,MARRAKECH,0650033747,2021-06-17,referral
C02090,Sefrioui,Loubna,zineb.rahmouni294@gmail.com,1981-09-13,f,Oujda,0616057616,2022-05-24,marketplace
C02091,Skalli,Rachid,rachid.skalli633@live.fr,1975-06-05,m,Agadir,0624667356,2024-12-19,web
C02092,Naciri,Meryem,meryem.naciri381@live.fr,2003-07-17,m,TANGER,0653151943,2025-09-22,referral
C02093,Tazi,Hamza,hamza.tazi847@yahoo.fr,2002-08-24,0,Casablanca,0681386830,2022-11-09,web
C02094,Berrada,Khadija,khadija.berrada272@outlook.com,1968-01-11,1,tanger,0632007060,2023-05-18,referral
C02095,Rahmouni,Mustapha,mustapha.rahmouni736@gmail.com,1978-08-22,H,FES,0682455076,2023-10-24,marketplace
C02096,Alaoui,Khalid,khalid.alaoui598@hotmail.com,1995-05-22,Homme,Marrakech,0645198664,2024-03-03,social_media
C02097,Kettani,Hamza,hamza.kettani49@live.fr,1971-07-15,Femme,Fès,0679587863,2024-10-17,referral
C02098,Sefrioui,Reda,reda.sefrioui339@outlook.com,1978-02-08,female,Tétouan,0691923368,2023-01-04,mobile
C02099,Naciri,Wafae,wafae.naciri912@outlook.com,2004-08-11,0,casa,0638023971,2021-12-19,marketplace
C02100,Sefrioui,Karim,karim.sefrioui114@gmail.com,1978-08-20,h,TNG,0699802365,2022-07-24,marketplace
C02101,Lahlou,Ahmed,ahmed.lahlou823@live.fr,1963-08-01,male,rbt,0643866245,2024-06-20,referral
C02102,Amrani,Said,said.amrani36@outlook.com,1975-04-02,f,CASA,0633657334,2022-08-22,social_media
C02103,Bouazza,Adil,adil.bouazza306@yahoo.fr,1964-02-05,1,Béni Mellal,0611924177,2021-04-18,social_media
C02104,Benkirane,Hamza,hamza.benkirane777@live.fr,2004-05-12,female,Béni Mellal,0678934149,2025-09-11,social_media
C02105,Chraibi,Ali,amine.lahlou915@hotmail.com,1993-03-11,Femme,FES,0698955800,2022-02-06,referral
C02106,Chraibi,Hind,hind.chraibi934@gmail.com,1997-12-20,h,casa,0682055709,2025-05-06,referral
C02107,El Mansouri,Sanae,sanae.elmansouri337@gmail.com,2003-03-27,female,Casablanca,0671776604,2025-09-18,web
C02108,Cherkaoui,Houda,houda.cherkaoui213@gmail.com,1978-03-26,1,TNG,0683167460,2024-12-16,social_media
C02109,Naciri,Reda,reda.naciri483@hotmail.com,2006-04-05,Femme,El Jadida,0670241722,2021-09-16,referral
C02110,El Ouazzani,Rachid,rachid.elouazzani417@gmail.com,2000-11-12,f,fes,0655918988,2023-08-08,social_media
C02111,Berrada,Imad,ilham.ouahbi81@hotmail.com,1993-06-23,female,Nador,0618173272,2025-08-07,mobile
C02112,Tahiri,Sara,sara.tahiri564@hotmail.com,1961-05-23,1,Mohammedia,0630453841,2022-05-02,marketplace
C02113,Chraibi,Hassan,hassan.chraibi744@live.fr,1989-11-02,H,Tnja,0665776732,2023-02-04,social_media
C02114,Ouahbi,Sanae,sanae.ouahbi808@yahoo.fr,2001-08-08,f,FES,0656072878,2025-07-27,social_media
C02115,Benjelloun,Zineb,zineb.benjelloun765@yahoo.fr,2005-03-20,H,Kénitra,0648040455,2021-12-06,referral
C02116,Benkirane,Nawal,nawal.benkirane@,1980-10-27,female,casa,0647453110,2025-11-27,mobile
C02117,Kettani,Youssef,youssef.kettani652@gmail.com,2005-01-08,male,Casablanca,0613883704,2022-10-17,web
C02118,Kettani,Zakaria,zakaria.kettani148@outlook.com,1963-06-18,f,Béni Mellal,0612269432,2021-01-18,web
C02119,Cherkaoui,Mehdi,mehdi.cherkaoui858@yahoo.fr,2000-11-15,female,Mohammedia,0671848509,2024-03-17,web
C02120,Lahlou,Hind,hind.lahlou676@outlook.com,1978-06-16,h,Tnja,0692088288,2023-10-11,referral
C02121,Alaoui,Ali,ali.alaoui919@yahoo.fr,2005-11-03,Femme,El Jadida,0678980674,2024-02-10,marketplace
C02122,Tazi,Zineb,zineb.tazi640@hotmail.com,2002-06-05,H,Nador,0681080837,2021-08-22,referral
C02123,Bouzid,Ahmed,ahmed.bouzid895@gmail.com,1983-08-10,Femme,Agadir,0618058732,2023-06-05,mobile
C02124,Berrada,Soufiane,soufiane.berrada784@outlook.com,2006-09-05,female,Oujda,0658637294,2023-01-07,mobile
C02125,Rahmouni,Ahmed,salma.tahiri857@hotmail.com,1987-04-10,1,Agadir,0622113711,2021-10-09,mobile
C02126,Benali,Meryem,meryem.benali371@gmail.com,1980-10-19,H,Safi,0647891425,2021-12-01,social_media
C02127,Tazi,Laila,laila.tazi926@hotmail.com,1998-02-26,1,Tanger,0650614898,2021-04-26,mobile
C02128,Naciri,Zakaria,zakaria.naciri71@outlook.com,2004-03-15,Femme,Casablanca,0621701669,2024-09-14,mobile
C02129,Benali,Hassan,hassan.bennani923@yahoo.fr,2004-12-07,1,casa,0615292672,2025-02-08,web
C02130,Benkirane,Hassan,hassan.benkirane633@hotmail.com,1993-12-03,m,TANGER,0665320330,2025-07-22,marketplace
C02131,Cherkaoui,Houda,houda.cherkaoui111@live.fr,1964-11-07,f,Casablanca,0685375049,2022-06-13,mobile
C02132,Amrani,Omar,omar.amrani501@outlook.com,1964-08-03,male,rbt,0683531963,2021-11-07,referral
C02133,Sefrioui,Amine,amine.sefrioui37@yahoo.fr,1973-03-01,female,Marrakech,0645365918,2022-05-26,referral
C02134,Kettani,Mohamed,mohamed.kettani916@yahoo.fr,2005-08-15,f,Safi,0658064168,2023-12-05,social_media
C02135,Benali,Ahmed,ahmed.benali121@hotmail.com,2001-09-24,male,Casablanca,0617364562,2021-02-21,marketplace
C02136,Ouahbi,Rim,rim.ouahbi778@hotmail.com,1963-07-13,m,FES,0656354774,2024-01-01,referral
C02137,Haddad,Hind,hind.haddad703@outlook.com,1975-04-23,male,Fès,0676189777,2024-01-01,web
C02138,Sefrioui,Samira,samira.sefrioui594@gmail.com,1995-07-07,m,Tétouan,0650029698,2022-03-07,mobile
C02139,Skalli,Hind,hind.skalli301@outlook.com,1972-10-21,H,rbt,0654970155,2022-04-15,referral
C02140,Kettani,Wafae,wafae.kettani538@hotmail.com,1969-11-12,1,TANGER,0646822320,2025-06-24,marketplace
C02141,Cherkaoui,Amine,amine.cherkaoui916@gmail.com,1979-09-28,h,Tanger,0676519519,2022-04-14,referral
C02142,Benkirane,Nadia,nadia.benkirane406@hotmail.com,1975-09-01,female,Oujda,0641592929,2021-05-23,social_media
C02143,Sefrioui,Ali,ali.sefrioui432@outlook.com,2005-05-04,Homme,Béni Mellal,0621856328,2024-04-16,mobile
C02144,El Idrissi,Karim,karim.elidrissi354@yahoo.fr,1967-05-12,female,tanger,0678836380,2025-05-01,web
C02145,Benjelloun,Rachid,rachid.benjelloun450@yahoo.fr,2004-07-03,f,Meknès,0661165027,2021-07-18,web
C02146,Alaoui,Khalid,khalid.alaoui78@outlook.com,1961-06-11,0,El Jadida,0646186895,2023-12-21,social_media
C02147,Fassi Fihri,Laila,laila.fassifihri994@live.fr,1974-08-15,male,Tétouan,0613664488,2021-05-26,mobile
C02148,Benjelloun,Soufiane,soufiane.benjelloun347@yahoo.fr,1961-01-08,Femme,Béni Mellal,0690661320,2021-02-03,social_media
C02149,Berrada,Amina,amina.berrada980@hotmail.com,1977-11-05,female,MARRAKECH,0669729673,2021-11-28,mobile
C02150,Amrani,Zakaria,zakaria.amrani674@yahoo.fr,2003-11-15,H,Tnja,0644713772,2021-10-07,web
C02151,Ziani,Ilham,ilham.ziani700@outlook.com,1972-07-26,f,TANGER,0646922562,2023-01-08,referral
C02152,Benjelloun,Sanae,adil.ziani6@outlook.com,1996-06-23,0,Agadir,0626658243,2025-06-23,marketplace
C02153,Lahlou,Ilham,ilham.lahlou628@yahoo.fr,1965-12-25,Homme,Nador,0657476619,2024-12-23,social_media
C02154,Fassi Fihri,Said,said.fassifihri54,1979-08-19,H,Mohammedia,0652805286,2023-12-25,referral
C02155,El Amrani,Said,said.elamrani729@outlook.com,2006-09-20,f,Agadir,0616198563,2024-12-03,web
C02156,El Ouazzani,Mohamed,mohamed.elouazzani129@gmail.com,1988-07-03,H,CASA,0646317175,2022-01-28,referral
C02157,Tazi,Hassan,hassan.tazi641@hotmail.com,1980-12-12,Homme,Fès,0695886828,2022-09-07,mobile
C02158,Benkirane,Soufiane,soufiane.benkirane881@yahoo.fr,1973-01-05,female,TANGER,0646764766,2024-06-13,social_media
C02159,El Idrissi,Hanane,hanane.elidrissi531@yahoo.fr,1993-08-02,f,RABAT,0619795789,2025-10-09,web
C02160,El Idrissi,Brahim,brahim.elidrissi123@outlook.com,2005-11-03,f,Tétouan,0677758116,2021-10-28,mobile
C02161,El Ouazzani,Brahim,brahim.elouazzani177@yahoo.fr,2006-11-17,Femme,tanger,0655161836,2025-11-25,mobile
C02162,Kettani,Soufiane,soufiane.kettani691@live.fr,2026-09-18,Homme,Mohammedia,0655719517,2021-11-05,mobile
C02163,Fassi Fihri,Amine,amine.fassifihri849@live.fr,1990-10-19,f,mkch,0699368098,2021-10-14,social_media
C02164,Berrada,Mohamed,mohamed.berrada370@outlook.com,1996-11-12,H,TANGER,0651263745,2024-02-14,social_media
C02165,Sefrioui,Dounia,dounia.sefrioui787@gmail.com,1990-01-27,1,Oujda,0616260337,2025-01-15,mobile
C02166,Sefrioui,Youssef,youssef.sefrioui942@outlook.com,1997-04-06,H,mkch,0614714118,2021-08-26,referral
C02167,Amrani,Loubna,loubna.amrani278@live.fr,2006-05-18,Homme,rbt,0633622643,2024-07-22,referral
C02168,Ouahbi,Youssef,youssef.ouahbi690@yahoo.fr,1968-07-16,female,El Jadida,0647067805,2024-06-22,web
C02169,Fassi Fihri,Loubna,loubna.fassifihri458@gmail.com,1960-01-07,H,tanger,0627767325,2023-06-25,mobile
C02170,Fassi Fihri,Adil,adil.fassifihri232@live.fr,1976-06-06,male,RABAT,0642416546,2023-08-08,web
C02171,El Ouazzani,Khadija,khadija.elouazzani751@gmail.com,1969-11-05,Homme,Béni Mellal,0674241397,2023-08-13,marketplace
C02172,Naciri,Said,said.naciri494@hotmail.com,1982-04-13,H,Tanger,0636054686,2024-10-07,mobile
C02173,Cherkaoui,Karim,karim.cherkaoui154@hotmail.com,1993-04-15,Homme,El Jadida,0633718135,2022-04-16,mobile
C02174,Cherkaoui,Brahim,brahim.cherkaoui239@gmail.com,2004-12-02,f,fes,0688392196,2021-09-23,marketplace
C02175,Benjelloun,Mehdi,mehdi.benjelloun761@hotmail.com,1972-11-04,m,Oujda,0681588402,2025-09-07,marketplace
C02176,Filali,Imad,imad.filali369@hotmail.com,1977-08-08,f,CASA,0680298520,2024-02-19,marketplace
C02177,El Amrani,Dounia,dounia.elamrani973@outlook.com,2026-05-12,f,TANGER,0629338017,2023-05-10,web
C02178,Naciri,Soufiane,soufiane.naciri475@hotmail.com,1973-12-05,H,Meknès,0690870850,2024-04-21,social_media
C02179,Haddad,Ali,ali.haddad744@yahoo.fr,1996-01-08,0,TANGER,0691495501,2025-08-20,social_media
C02180,El Amrani,Dounia,dounia.elamrani694@hotmail.com,1966-10-17,H,Tanger,0666452768,2023-10-27,marketplace
C02181,El Amrani,Meryem,meryem.elamrani@@hotmail.com,1985-11-22,m,RABAT,0671437178,2021-07-21,mobile
C02182,Chraibi,Hanane,hanane.chraibi892@gmail.com,1975-03-18,female,Casablanca,0692629508,2025-06-24,web
C02183,Amrani,Fatima,fatima.amrani190@yahoo.fr,1966-06-12,H,El Jadida,0669292856,2025-07-08,marketplace
C02184,Chraibi,Soufiane,soufiane.chraibi619@live.fr,1972-09-19,0,casa,0648385817,2023-06-26,social_media
C02185,Bouazza,Soufiane,soufiane.bouazza77@hotmail.com,1969-12-28,Femme,Oujda,0629659052,2021-01-22,social_media
C02186,El Amrani,Hind,hind.elamrani700@hotmail.com,1989-04-24,male,RABAT,0637448209,2022-03-24,marketplace
C02187,Benjelloun,Rim,rim.benjelloun613@hotmail.com,1880-10-04,h,El Jadida,0650582568,2021-10-01,referral
C02188,Tahiri,Khalid,khalid.tahiri213@outlook.com,1988-09-19,m,Béni Mellal,0679001070,2022-11-16,marketplace
C02189,Benjelloun,Ghita,ghita.benjelloun442@outlook.com,1998-04-16,f,casa,0698172022,2021-07-10,marketplace
C02190,El Idrissi,Sanae,sanae.elidrissi359@yahoo.fr,1987-10-27,m,rbt,0638643142,2023-05-16,mobile
C02191,Bennani,Reda,adil.chraibi756@gmail.com,1965-09-07,Femme,El Jadida,0650660309,2024-09-26,social_media
C02192,Sefrioui,Brahim,brahim.sefrioui243@live.fr,1962-10-27,H,fes,0693076699,2024-09-11,mobile
C02193,Fassi Fihri,Khalid,khalid.fassifihri154@gmail.com,2003-07-09,Femme,Tnja,0632199553,2024-10-21,marketplace
C02194,Filali,Zineb,zineb.filali258@yahoo.fr,1971-02-22,0,Agadir,0641559219,2023-07-02,referral
C02195,Sefrioui,Mohamed,mohamed.sefrioui215@gmail.com,1987-01-10,H,casa,0674013724,2025-01-07,social_media
C02196,El Ouazzani,Rachid,rachid.elouazzani126@live.fr,1971-02-26,male,Béni Mellal,0641908888,2023-01-25,referral
C02197,Naciri,Hind,hind.naciri565@yahoo.fr,1964-11-19,Femme,rbt,0650627426,2021-01-26,web
C02198,Amrani,Driss,driss.amrani382@hotmail.com,1985-01-04,0,rbt,0652366285,2022-09-11,web
C02199,Fassi Fihri,Fatima,fatima.fassifihri805@yahoo.fr,1880-02-06,h,TNG,0672504893,2023-06-28,web
C02200,Lahlou,Meryem,meryem.lahlou395@gmail.com,1998-10-25,H,Rabat,0663844378,2025-02-07,marketplace
C02201,Skalli,Ali,ali.skalli98@live.fr,1996-07-18,f,Tnja,0668129629,2024-02-17,social_media
C02202,Benkirane,Mohamed,mohamed.benkirane625@yahoo.fr,1995-12-26,m,Oujda,0623611447,2023-01-16,referral
C02203,Ziani,Omar,omar.ziani833@hotmail.com,1970-03-02,0,Tétouan,0699352139,2025-05-02,web
C02204,Kettani,Nadia,nadia.kettani508@outlook.com,1988-05-18,f,El Jadida,0624256177,2021-07-13,web
C02205,Chraibi,Houda,houda.chraibi666@gmail.com,1983-02-14,1,El Jadida,0622522836,2023-08-22,mobile
C02206,Chraibi,Reda,reda.chraibi556@gmail.com,2002-12-21,m,RABAT,0691698404,2022-11-20,mobile
C02207,Skalli,Hamza,hamza.skalli896@live.fr,1968-01-14,Femme,Tnja,0648183458,2022-04-04,marketplace
C02208,El Amrani,Sanae,sanae.elamrani867@live.fr,1984-11-04,H,Fès,0683493995,2025-07-28,web
C02209,Alaoui,Nawal,nawal.alaoui92@hotmail.com,1987-01-17,Femme,fes,0646787092,2021-07-26,web
C02210,Filali,Sanae,sanae.filali262@yahoo.fr,1994-12-03,m,fes,0644447566,2025-08-04,web
C02211,Benali,Sanae,sanae.benali436@yahoo.fr,1961-07-01,0,Tnja,0654616284,2025-11-26,referral
C02212,Naciri,Omar,omar.naciri349@yahoo.fr,2000-09-27,female,Kénitra,0615452137,2023-10-21,social_media
C02213,Benjelloun,Driss,driss.benjelloun147@yahoo.fr,1989-11-15,f,Meknès,0635573119,2024-03-11,referral
C02214,Filali,Khalid,khalid.filali88@live.fr,1985-05-16,male,Oujda,0663801743,2022-09-21,web
C02215,El Amrani,Hassan,salma.ouahbi384@live.fr,1988-07-03,male,Fès,0628401994,2021-07-13,referral
C02216,Filali,Mohamed,mohamed.filali612@yahoo.fr,1998-11-26,0,El Jadida,0616170365,2024-08-21,web
C02217,Fassi Fihri,Khalid,omar.ouahbi804@live.fr,1991-03-07,female,Fès,0653256950,2021-12-05,mobile
C02218,Skalli,Mehdi,mehdi.skalli848@yahoo.fr,1993-10-10,1,Tanger,0670749118,2025-07-03,mobile
C02219,Skalli,Youssef,youssef.skalli641@gmail.com,1965-04-24,1,Kénitra,0659857437,2021-09-09,social_media
C02220,Benali,Driss,driss.benali296@hotmail.com,2005-02-01,h,Fès,0687665387,2025-02-05,marketplace
C02221,Tahiri,Sara,sara.tahiri931@yahoo.fr,1994-08-17,f,Tétouan,0636418676,2022-05-23,social_media
C02222,Ziani,Hanane,@outlook.com,1987-09-05,H,Marrakech,0676046693,2022-02-07,referral
C02223,Tahiri,Dounia,ahmed.bouzid820@hotmail.com,1984-03-28,H,MARRAKECH,0656144542,2023-03-14,social_media
C02224,Filali,Driss,driss.filali696@hotmail.com,1982-03-14,male,Mohammedia,0677413355,2022-12-10,referral
C02225,Cherkaoui,Amina,amina.cherkaoui323@hotmail.com,1972-06-04,female,Fès,0684772521,2021-08-17,mobile
C02226,Bennani,Samira,samira.bennani345@yahoo.fr,1990-03-01,0,TNG,0673460170,2023-08-13,social_media
C02227,Naciri,Khalid,khalid.naciri132@live.fr,2004-09-15,m,Meknès,0627365348,2021-12-22,web
C02228,Cherkaoui,Samira,samira.cherkaoui734@hotmail.com,1983-12-05,f,casa,0698136352,2024-03-04,web
C02229,Naciri,Hassan,hassan.naciri810@yahoo.fr,1960-07-03,f,CASA,0629104097,2023-05-12,referral
C02230,Bouzid,Ilham,ilham.bouzid725@yahoo.fr,1998-10-28,Homme,Oujda,0626439239,2024-02-26,marketplace
C02231,Benjelloun,Karim,karim.benjelloun169@outlook.com,1961-01-24,h,Mohammedia,0640371675,2022-11-10,marketplace
C02232,Kettani,Driss,driss.kettani718@live.fr,2006-09-17,Femme,Béni Mellal,0673909465,2025-02-27,referral
C02233,El Idrissi,Omar,omar.elidrissi605@live.fr,1974-09-05,Femme,Oujda,0616044658,2024-05-19,mobile
C02234,Fassi Fihri,Hamza,hamza.fassifihri892@hotmail.com,1988-01-10,1,Casablanca,0625791975,2024-04-22,marketplace
C02235,Cherkaoui,Loubna,loubna.cherkaoui475@live.fr,1960-08-01,male,FES,0665180948,2022-07-13,marketplace
C02236,El Amrani,Mohamed,mohamed.elamrani986@outlook.com,1967-03-26,female,TANGER,0687984321,2025-03-04,mobile
C02237,Chraibi,Loubna,loubna.chraibi493@hotmail.com,1976-12-26,H,Mohammedia,0636516237,2022-10-07,web
C02238,Bouazza,Nawal,nawal.bouazza584@outlook.com,2002-07-02,h,Fès,0641086582,2023-09-12,web
C02239,Bouazza,Rachid,rachid.bouazza349@hotmail.com,1995-02-04,Homme,Tnja,0668115874,2025-11-10,marketplace
C02240,Fassi Fihri,Rachid,rachid.fassifihri894@gmail.com,1990-12-01,f,TANGER,0640269419,2023-09-23,social_media
C02241,El Idrissi,Zakaria,zakaria.elidrissi745@outlook.com,1995-11-23,f,Safi,0632403611,2023-10-09,web
C02242,Ziani,Hanane,hanane.ziani214@gmail.com,1996-08-06,0,rbt,0667400859,2024-07-15,referral
C02243,Lahlou,Mustapha,mustapha.lahlou370@hotmail.com,1979-02-16,h,Oujda,0688493777,2023-10-03,marketplace
C02244,Alaoui,Reda,reda.alaoui819@live.fr,1972-04-20,H,tanger,0675767828,2025-01-22,social_media
C02245,Bennani,Mohamed,mohamed.bennani84@gmail.com,1960-05-10,f,Meknès,0665391407,2022-12-07,marketplace
C02246,Filali,Hamza,hamza.filali600@yahoo.fr,1985-02-26,f,FES,0671776297,2024-05-27,referral
C02247,Rahmouni,Imad,imad.rahmouni979@live.fr,2002-01-13,h,tanger,0661122198,2024-10-19,social_media
C02248,El Ouazzani,Hind,hind.elouazzani599@gmail.com,1972-08-06,1,MARRAKECH,0633280202,2024-05-08,web
C02249,Ziani,Khalid,khalid.ziani163@outlook.com,1966-11-28,h,casa,0669583464,2023-06-22,referral
C02250,El Ouazzani,Mustapha,mustapha.elouazzani119@gmail.com,1989-11-16,m,casa,0634546715,2022-11-26,social_media
C02251,Chraibi,Brahim,brahim.chraibi417@yahoo.fr,1995-07-25,H,FES,0680295929,2021-01-25,marketplace
C02252,Cherkaoui,Hanane,hanane.cherkaoui388@live.fr,1997-05-27,Femme,fes,0665126177,2022-12-07,marketplace
C02253,Bennani,Mustapha,mustapha.bennani206@outlook.com,1982-10-13,1,tanger,0679557343,2023-12-11,social_media
C02254,Bouzid,Hind,hind.bouzid839@yahoo.fr,1982-06-27,h,Mohammedia,0669505755,2022-05-28,marketplace
C02255,Bennani,Ghita,ghita.bennani25@yahoo.fr,2001-01-18,1,tanger,0680359390,2023-11-27,referral
C02256,Bouazza,Karim,karim.bouazza341@yahoo.fr,1977-09-28,h,MARRAKECH,0610978632,2021-08-17,marketplace
C02257,Cherkaoui,Mehdi,mehdi.cherkaoui948@yahoo.fr,1975-07-20,H,RABAT,0680445740,2024-05-24,web
C02258,Rahmouni,Laila,laila.rahmouni227@outlook.com,1965-06-01,m,MARRAKECH,0644570168,2024-04-06,web
C02259,Rahmouni,Youssef,youssef.rahmouni370@outlook.com,1987-04-07,1,Mohammedia,0647732986,2023-07-15,social_media
C02260,Ouahbi,Khalid,khalid.ouahbi254@gmail.com,1972-10-20,male,Fès,0655053446,2024-05-04,referral
C02261,Naciri,Youssef,youssef.naciri838@yahoo.fr,2000-08-14,h,Rabat,0681580988,2021-08-26,web
C02262,Skalli,Ilham,ilham.skalli307@outlook.com,1996-11-16,f,Fès,0641683303,2022-09-07,web
C02263,Benjelloun,Rachid,rachid.benjelloun458@yahoo.fr,1993-10-07,0,rbt,0656162622,2023-01-26,mobile
C02264,Filali,Hamza,hamza.filali744@gmail.com,1990-01-16,female,Nador,0682712656,2021-11-28,web
C02265,Fassi Fihri,Ilham,ilham.fassifihri945@outlook.com,1991-08-09,0,Marrakech,0688953537,2023-10-21,referral
C02266,El Idrissi,Dounia,dounia.elidrissi511@hotmail.com,2004-09-25,0,Tanger,0618876915,2021-08-19,web
C02267,Ouahbi,Hind,dounia.fassifihri368@outlook.com,1994-11-21,Femme,Mohammedia,0646091766,2023-08-17,referral
C02268,Amrani,Fatima,fatima.amrani862@live.fr,1981-11-10,Homme,Béni Mellal,0693240636,2021-05-09,mobile
C02269,Bennani,Zakaria,zakaria.bennani194@gmail.com,1975-11-26,h,FES,0621100757,2024-05-08,social_media
C02270,Skalli,Zakaria,zakaria.skalli849@live.fr,1995-09-22,h,Tétouan,0688869512,2025-06-24,mobile
C02271,Bouazza,Hamza,hamza.bouazza642@outlook.com,1981-03-14,m,FES,0617259175,2025-10-25,web
C02272,Cherkaoui,Houda,houda.cherkaoui622@hotmail.com,1974-01-20,m,El Jadida,0663626772,2022-04-12,marketplace
C02273,Amrani,Mohamed,mohamed.amrani612@outlook.com,1963-03-22,m,Safi,0613456913,2024-04-06,web
C02274,Haddad,Imad,imad.haddad96@hotmail.com,1968-04-03,Femme,Tanger,0615232080,2025-03-23,social_media
C02275,Rahmouni,Amina,amina.rahmouni542@yahoo.fr,1963-06-10,m,Casablanca,0670168124,2025-05-23,mobile
C02276,El Ouazzani,Nawal,nawal.elouazzani458@live.fr,1969-05-27,female,TNG,0653945212,2023-11-22,mobile
C02277,Lahlou,Amine,amine.lahlou161@live.fr,1968-07-09,f,Oujda,0623215963,2022-10-12,referral
C02278,Lahlou,Ali,ali.lahlou793@outlook.com,1981-10-02,female,RABAT,0626634072,2022-01-17,referral
C02279,Skalli,Driss,driss.skalli760@yahoo.fr,1960-12-25,Homme,Casablanca,0647812478,2023-09-18,referral
C02280,Tahiri,Samira,samira.tahiri586@live.fr,1962-04-11,m,Béni Mellal,0665428338,2021-08-28,referral
C02281,Rahmouni,Nawal,nawal.rahmouni715@live.fr,1992-09-03,Femme,Safi,0627999177,2021-09-25,mobile
C02282,El Mansouri,Said,said.elmansouri643@outlook.com,1971-06-10,female,Safi,0679030109,2021-03-07,social_media
C02283,Tahiri,Hassan,hassan.tahiri495@hotmail.com,2005-05-28,h,Tanger,0648145817,2023-06-20,referral
C02284,Naciri,Wafae,wafae.naciri918@outlook.com,1987-03-07,male,Fès,0666609483,2025-06-26,social_media
C02285,Lahlou,Said,said.lahlou352@hotmail.com,1988-05-20,h,mkch,0626632919,2021-07-10,mobile
C02286,Kettani,Amina,amina.kettani407@outlook.com,1967-12-21,1,Meknès,0676630564,2022-05-04,web
C02287,Lahlou,Hassan,hassan.lahlou247@live.fr,1983-07-26,Femme,casa,0684926185,2022-02-14,mobile
C02288,Kettani,Soufiane,soufiane.kettani522@outlook.com,1960-05-26,male,casa,0677476898,2025-02-01,social_media
C02289,El Mansouri,Khadija,khadija.elmansouri486@gmail.com,1980-03-03,0,Casablanca,0641073228,2025-08-19,mobile
C02290,Bennani,Khalid,khalid.bennani892@hotmail.com,1993-09-18,h,Casablanca,0613280789,2023-11-22,web
C02291,Rahmouni,Ali,ali.rahmouni612@hotmail.com,1962-03-13,H,fes,0692019001,2023-01-02,mobile
C02292,Naciri,Sara,sara.naciri444@live.fr,2002-11-08,0,Agadir,0670068638,2025-09-21,referral
C02293,Tazi,Imad,imad.tazi630@live.fr,1986-08-14,H,Mohammedia,0646637295,2024-04-24,mobile
C02294,Amrani,Sanae,sanae.amrani717@live.fr,1987-05-16,Homme,RABAT,0665435742,2023-03-24,marketplace
C02295,Benjelloun,Mohamed,mohamed.benjelloun199@live.fr,1987-07-08,female,mkch,0697403242,2024-10-26,marketplace
C02296,Naciri,Soufiane,soufiane.naciri455@outlook.com,1979-07-17,H,casa,0651064636,2024-11-03,marketplace
C02297,Cherkaoui,Driss,driss.cherkaoui721@live.fr,1987-07-10,h,Nador,0647466710,2022-04-20,web
C02298,Bouzid,Ghita,ghita.bouzid868@gmail.com,1997-07-13,h,El Jadida,0679707411,2024-11-26,web
C02299,El Amrani,Salma,salma.elamrani860@hotmail.com,2001-11-21,H,Fès,0685186749,2022-05-13,social_media
C02300,Amrani,Youssef,youssef.amrani236@hotmail.com,1984-11-23,female,Tétouan,0665522348,2021-04-17,social_media
C02301,Skalli,Loubna,loubna.skalli251@live.fr,1984-11-26,female,Nador,0670311494,2023-11-25,social_media
C02302,Rahmouni,Dounia,dounia.rahmouni515@outlook.com,1981-02-28,Femme,Casablanca,0674287273,2022-07-21,social_media
C02303,Haddad,Rachid,rachid.haddad992@hotmail.com,1986-02-09,Homme,Mohammedia,0643730309,2024-06-07,marketplace
C02304,El Mansouri,Youssef,youssef.elmansouri702@gmail.com,1983-03-02,1,Mohammedia,0694768182,2022-06-03,referral
C02305,Lahlou,Zakaria,zakaria.lahlou419@yahoo.fr,1995-06-02,m,Kénitra,0645314199,2025-02-21,mobile
C02306,Naciri,Houda,houda.naciri889@live.fr,1973-03-28,h,Béni Mellal,0616391511,2024-11-19,marketplace
C02307,Benkirane,Mehdi,mehdi.benkirane412@gmail.com,1964-12-27,f,MARRAKECH,0658805644,2024-01-02,mobile
C02308,Sefrioui,Ahmed,ahmed.sefrioui471@yahoo.fr,1997-07-12,Homme,fes,0654795481,2025-10-01,mobile
C02309,Lahlou,Hamza,hamza.lahlou440@live.fr,1992-04-02,h,Meknès,0674958696,2023-01-21,social_media
C02310,El Idrissi,Nawal,nawal.elidrissi439@gmail.com,1968-02-13,0,Fès,0648587692,2025-10-15,marketplace
C02311,Benali,Nadia,nadia.benali290@gmail.com,1978-04-03,female,fes,0647849912,2025-03-15,mobile
C02312,Chraibi,Houda,hind.benjelloun593@hotmail.com,1986-06-11,male,Oujda,0629534824,2025-01-14,marketplace
C02313,Skalli,Said,said.skalli468@outlook.com,2000-08-24,1,Casablanca,0652155837,2021-03-15,web
C02314,Tahiri,Ali,ali.tahiri500@live.fr,1964-02-06,male,Nador,0622255362,2021-12-17,social_media
C02315,Cherkaoui,Driss,driss.cherkaoui374@hotmail.com,2004-04-01,1,MARRAKECH,0647832768,2023-05-17,referral
C02316,Ouahbi,Meryem,meryem.ouahbi485@yahoo.fr,1969-02-23,male,Tnja,0629851561,2025-04-02,marketplace
C02317,Benjelloun,Soufiane,soufiane.benjelloun803@live.fr,1996-01-05,male,Nador,0697569763,2021-05-03,web
C02318,Benkirane,Hassan,hanane.benkirane183@live.fr,1983-12-08,H,Oujda,0641959392,2022-07-07,web
C02319,Naciri,Ali,ali.naciri477@hotmail.com,1978-02-13,Homme,Tnja,0670260178,2023-04-15,web
C02320,El Idrissi,Amina,amina.elidrissi849@gmail.com,1971-06-23,female,Casablanca,0640061384,2025-03-18,mobile
C02321,Benali,Ghita,ghita.benali95@outlook.com,1993-02-15,h,TANGER,0660328392,2024-10-15,web
C02322,Kettani,Amine,amine.kettani245@live.fr,2006-06-27,0,Casablanca,0660791205,2025-02-25,referral
C02323,Amrani,Nadia,nadia.amrani603@outlook.com,1961-09-20,f,Meknès,0615792887,2023-12-10,social_media
C02324,El Mansouri,Imad,imad.elmansouri758@hotmail.com,1961-11-16,Femme,fes,0687383138,2024-06-01,marketplace
C02325,Kettani,Mohamed,mohamed.kettani436@yahoo.fr,1997-11-27,H,Agadir,0627269849,2022-07-01,social_media
C02326,El Idrissi,Meryem,sanae.bouzid316@gmail.com,1974-07-27,H,Tanger,0619127237,2021-10-21,referral
C02327,Alaoui,Brahim,mehdi.elamrani413@live.fr,1985-11-06,H,Fès,0699701351,2025-01-12,referral
C02328,Ouahbi,Mustapha,mustapha.ouahbi87@gmail.com,1992-03-04,female,Fès,0667284455,2021-10-11,referral
C02329,Chraibi,Zineb,zineb.chraibi461@outlook.com,2004-10-22,m,casa,0632446387,2021-10-27,mobile
C02330,Cherkaoui,Amine,amine.cherkaoui246@outlook.com,2002-08-26,Femme,Tnja,0699955279,2023-12-17,referral
C02331,Bennani,Youssef,youssef.bennani109@yahoo.fr,1993-07-21,female,Fès,0682657410,2024-04-12,web
C02332,Kettani,Salma,salma.kettani522@yahoo.fr,1975-06-28,female,tanger,0654706902,2025-10-22,referral
C02333,Amrani,Reda,reda.amrani619@outlook.com,1969-01-27,Femme,Marrakech,0618265396,2021-10-07,social_media
C02334,Bouazza,Asmae,asmae.bouazza153@gmail.com,1986-10-19,h,Tnja,0642074747,2022-04-12,web
C02335,Amrani,Ahmed,ahmed.amrani571@outlook.com,1992-12-24,H,El Jadida,0641597770,2024-06-08,marketplace
C02336,Chraibi,Houda,houda.chraibi140@gmail.com,1976-08-17,1,TANGER,0684964698,2021-02-06,mobile
C02337,Ziani,Soufiane,soufiane.ziani764@yahoo.fr,1968-03-19,0,Tnja,0696542130,2022-02-15,social_media
C02338,Alaoui,Said,said.alaoui667@live.fr,2001-11-02,0,FES,0698606079,2023-06-16,social_media
C02339,Tazi,Wafae,wafae.tazi209@yahoo.fr,2001-06-07,female,Meknès,0620266504,2023-04-17,web
C02340,Lahlou,Hanane,hanane.lahlou145@live.fr,1992-01-24,m,Casablanca,0660084669,2022-07-19,social_media
C02341,Fassi Fihri,Asmae,asmae.fassifihri202@yahoo.fr,1989-01-26,h,TANGER,0653555409,2025-09-11,web
C02342,Amrani,Rachid,rachid.amrani273@yahoo.fr,1979-03-28,h,rbt,0673611589,2024-12-19,marketplace
C02343,Benjelloun,Nawal,soufiane.elamrani680@yahoo.fr,1994-11-20,h,MARRAKECH,0696100836,2024-10-20,web
C02344,Filali,Omar,omar.filali379@hotmail.com,1992-11-03,h,Oujda,0677039675,2021-02-11,web
C02345,El Ouazzani,Zineb,zineb.elouazzani55@outlook.com,2003-03-13,Femme,fes,0654872078,2022-05-27,marketplace
C02346,Alaoui,Hamza,hamza.alaoui851@gmail.com,2005-12-06,1,MARRAKECH,0686452557,2022-11-08,marketplace
C02347,Filali,Ahmed,ahmed.filali683@hotmail.com,1999-06-27,female,El Jadida,0616655503,2023-08-22,web
C02348,Ziani,Karim,karim.ziani53@gmail.com,1972-06-05,H,Safi,0621463219,2021-05-21,mobile
C02349,Fassi Fihri,Hamza,hamza.fassifihri500@gmail.com,1998-06-14,Homme,TNG,0621528500,2023-11-27,referral
C02350,Benjelloun,Samira,samira.benjelloun224@hotmail.com,1960-03-17,f,Safi,0619037824,2023-10-26,marketplace
C02351,Benkirane,Samira,samira.benkirane663@outlook.com,1970-10-02,f,RABAT,0650804570,2023-03-24,referral
C02352,Benali,Ahmed,ahmed.benali659@gmail.com,1998-05-17,h,Agadir,0648150544,2021-05-04,web
C02353,Benali,Nadia,nadia.benali711@yahoo.fr,1967-05-28,H,Tnja,0630647550,2022-07-11,web
C02354,Benali,Houda,fatima.bouzid318@hotmail.com,2001-05-23,m,casa,0677537883,2023-07-20,referral
C02355,Bouzid,Hind,hind.bouzid305@live.fr,1998-02-08,Femme,Fès,0653882319,2024-08-22,referral
C02356,El Mansouri,Asmae,asmae.elmansouri127@live.fr,2006-02-18,Homme,Oujda,0635593723,2021-02-04,web
C02357,Cherkaoui,Omar,omar.cherkaoui413@yahoo.fr,1975-05-06,f,Agadir,0611660253,2025-05-23,mobile
C02358,Bouzid,Rachid,rachid.bouzid489@outlook.com,1968-06-08,1,mkch,0682061007,2023-03-08,social_media
C02359,Benali,Youssef,youssef.benali@,2000-11-22,female,RABAT,0695871390,2025-09-16,social_media
C02360,El Mansouri,Hanane,hanane.elmansouri718@live.fr,1964-01-15,m,tanger,0649206677,2023-03-26,web
C02361,Naciri,Mehdi,mehdi.naciri875@yahoo.fr,1998-12-28,m,fes,0672002152,2024-03-10,mobile
C02362,Chraibi,Hamza,hamza.chraibi907@yahoo.fr,1997-11-07,Femme,Casablanca,0668304442,2025-03-16,mobile
C02363,Naciri,Samira,samira.naciri569@hotmail.com,1992-10-07,1,Agadir,0694095234,2024-11-07,mobile
C02364,Benkirane,Rim,rim.benkirane22@live.fr,2001-04-12,male,Casablanca,0620613030,2024-11-08,referral
C02365,Ziani,Nawal,nawal.ziani841@gmail.com,2003-02-21,0,Tnja,0651937863,2022-06-08,social_media
C02366,Alaoui,Nawal,imad.rahmouni872@hotmail.com,1996-10-20,female,Tnja,0656506859,2024-04-26,social_media
C02367,Naciri,Adil,adil.naciri788@hotmail.com,1997-06-03,male,Tanger,0647510315,2025-05-18,marketplace
C02368,Fassi Fihri,Hamza,hamza.fassifihri341@live.fr,2005-01-24,Femme,FES,0657112940,2023-10-03,marketplace
C02369,Cherkaoui,Adil,adil.cherkaoui943@gmail.com,1986-08-10,Femme,Marrakech,0640922759,2023-02-22,social_media
C02370,Tahiri,Ali,ali.tahiri966@gmail.com,1975-08-05,h,Tétouan,0628026540,2022-04-09,social_media
C02371,Benali,Hanane,omar.amrani501@outlook.com,2003-03-07,H,Fès,0679250239,2025-02-05,web
C02372,Benali,Zakaria,zakaria.benali769@live.fr,2003-12-11,h,Meknès,0631640113,2022-02-03,social_media
C02373,Chraibi,Wafae,wafae.chraibi913@outlook.com,1973-04-04,0,Meknès,0664056184,2021-09-17,mobile
C02374,Benali,Khadija,khadija.benali801@yahoo.fr,1961-04-27,male,Casablanca,0612511542,2025-02-17,mobile
C02375,Benkirane,Zineb,ahmed.benali659@gmail.com,1964-12-09,Femme,TNG,0670094560,2021-09-03,web
C02376,Chraibi,Rachid,rachid.chraibi650@outlook.com,1972-03-25,f,CASA,0691414105,2021-05-19,referral
C02377,Cherkaoui,Mohamed,mohamed.cherkaoui287@gmail.com,2006-04-10,1,tanger,0615823398,2023-03-04,social_media
C02378,Rahmouni,Youssef,youssef.rahmouni864@yahoo.fr,1972-02-08,m,CASA,0671097922,2023-06-11,referral
C02379,Tahiri,Youssef,youssef.tahiri702@hotmail.com,1987-12-15,female,casa,0675648753,2022-11-03,social_media
C02380,Naciri,Meryem,meryem.naciri913@live.fr,1995-08-16,H,TANGER,0668781243,2024-08-24,marketplace
C02381,Sefrioui,Nadia,nadia.sefrioui673@outlook.com,1994-10-08,female,casa,0695343826,2025-08-21,mobile
C02382,Kettani,Zakaria,zakaria.kettani282@gmail.com,1992-07-17,0,Nador,0671236164,2021-11-24,mobile
C02383,Benkirane,Reda,reda.benkirane985@outlook.com,2003-01-08,m,mkch,0652815231,2021-06-16,referral
C02384,Ziani,Mehdi,mehdi.ziani653@live.fr,1983-05-27,f,RABAT,0641613410,2023-10-07,referral
C02385,El Amrani,Ahmed,ahmed.elamrani258@yahoo.fr,1986-08-01,h,TNG,0672848904,2022-01-24,web
C02386,El Ouazzani,Nadia,nadia.elouazzani191@yahoo.fr,1982-12-11,H,Safi,0645833458,2022-11-11,marketplace
C02387,El Ouazzani,Khadija,khadija.elouazzani694@live.fr,1994-10-06,H,TNG,0614198813,2022-02-25,web
C02388,El Amrani,Omar,omar.elamrani23@yahoo.fr,1964-02-26,m,tanger,0624180104,2022-05-13,social_media
C02389,Benkirane,Mustapha,reda.kettani658@live.fr,1990-02-17,m,TANGER,0629989700,2024-05-09,social_media
C02390,El Mansouri,Hassan,hassan.elmansouri713@gmail.com,1961-02-17,female,tanger,0611849485,2024-08-25,mobile
C02391,El Ouazzani,Said,said.elouazzani676@yahoo.fr,1968-05-27,m,Tanger,0681150374,2024-11-14,referral
C02392,El Amrani,Hanane,hanane.elamrani831@live.fr,1963-05-26,Homme,Oujda,0672282055,2022-09-04,social_media
C02393,Ziani,Loubna,loubna.ziani268@hotmail.com,1978-09-04,h,Meknès,0617944059,2021-11-07,web
C02394,Amrani,Hassan,hassan.amrani86@hotmail.com,1983-02-17,1,rbt,0659285251,2021-03-15,referral
C02395,Bennani,Mustapha,mustapha.bennani278@hotmail.com,1969-06-13,m,Tétouan,0654372878,2024-05-01,mobile
C02396,Tazi,Said,said.tazi127@hotmail.com,1967-10-27,1,Marrakech,0613726953,2021-11-05,social_media
C02397,Amrani,Amine,brahim.skalli452@hotmail.com,2003-05-09,male,Agadir,0666885714,2022-11-28,social_media
C02398,Tahiri,Sara,sara.tahiri574@hotmail.com,1967-07-04,Femme,mkch,0693372541,2023-11-25,referral
C02399,Benjelloun,Zineb,zineb.benjelloun812@outlook.com,1980-04-15,1,FES,0663885207,2023-09-05,referral
C02400,Haddad,Imad,imad.haddad547@gmail.com,2002-05-02,Femme,Tnja,0636152810,2022-04-05,marketplace
C02401,Amrani,Wafae,wafae.amrani58@live.fr,1981-11-06,Femme,RABAT,0655105646,2025-09-01,web
C02402,Skalli,Hanane,hanane.skalli734@outlook.com,2000-08-26,m,Casablanca,0649552670,2022-06-09,mobile
C02403,Naciri,Rachid,rachid.naciri501@outlook.com,1976-10-08,female,Tétouan,0647891233,2021-05-14,web
C02404,Bouzid,Mohamed,mohamed.bouzid895@live.fr,1968-12-22,h,Meknès,0658990326,2024-06-26,mobile
C02405,Amrani,Brahim,brahim.amrani925@yahoo.fr,1997-02-05,H,MARRAKECH,0644113274,2021-01-28,web
C02406,Benjelloun,Ali,ali.benjelloun618@hotmail.com,1999-04-05,Femme,Béni Mellal,0669104147,2023-08-01,referral
C02407,Lahlou,Omar,omar.lahlou304@outlook.com,1968-06-02,f,mkch,0688448668,2022-12-22,marketplace
C02408,Haddad,Imad,imad.haddad265@live.fr,1982-03-22,H,Mohammedia,0677025040,2022-07-03,referral
C02409,Chraibi,Wafae,wafae.chraibi949@yahoo.fr,2005-10-12,Homme,RABAT,0625565853,2024-12-17,mobile
C02410,Tahiri,Mehdi,mehdi.tahiri727@outlook.com,1969-08-24,f,FES,0627813746,2021-09-08,mobile
C02411,Alaoui,Laila,laila.alaoui615@hotmail.com,1990-07-04,1,Casablanca,0646322502,2024-07-27,web
C02412,Bennani,Laila,laila.bennani345@outlook.com,1974-09-03,Homme,Agadir,0610879093,2021-01-12,mobile
C02413,Benkirane,Amina,amina.benkirane39@hotmail.com,1997-06-06,h,Casablanca,0669371666,2025-12-05,social_media
C02414,Fassi Fihri,Rachid,rachid.fassifihri216@live.fr,2000-08-07,0,mkch,0679797193,2022-12-15,mobile
C02415,Fassi Fihri,Wafae,wafae.fassifihri123@yahoo.fr,1970-02-09,f,Tanger,0643739790,2022-11-21,referral
C02416,El Amrani,Brahim,brahim.elamrani222@yahoo.fr,1975-02-01,male,Fès,0685204210,2023-03-01,referral
C02417,Benkirane,Meryem,meryem.benkirane32@hotmail.com,1999-04-27,female,Safi,0640566116,2022-08-15,web
C02418,Kettani,Ilham,ilham.kettani964@yahoo.fr,1970-11-23,0,Nador,0691408044,2024-11-12,web
C02419,Benkirane,Adil,adil.benkirane623@gmail.com,2000-08-03,m,Tanger,0688429219,2022-02-17,marketplace
C02420,Haddad,Karim,karim.haddad424@live.fr,1980-10-25,Femme,Oujda,0672352014,2025-09-24,marketplace
C02421,El Ouazzani,Ali,amine.alaoui680@hotmail.com,1987-01-20,h,TNG,0655126713,2023-02-15,web
C02422,El Idrissi,Rachid,rachid.elidrissi49@gmail.com,1982-09-23,0,Béni Mellal,0682639943,2024-06-11,marketplace
C02423,Ziani,Fatima,fatima.ziani772@live.fr,1988-03-08,Femme,Meknès,0649093288,2024-07-20,social_media
C02424,Sefrioui,Hamza,hamza.sefrioui107@yahoo.fr,1962-05-26,male,mkch,0646291161,2022-11-18,marketplace
C02425,Naciri,Dounia,dounia.naciri150@outlook.com,1978-10-28,Homme,Tétouan,0624310184,2022-10-10,social_media
C02426,El Ouazzani,Hind,hind.elouazzani453@gmail.com,1986-10-17,Homme,Casablanca,0669930717,2023-09-11,marketplace
C02427,Bennani,Meryem,meryem.bennani469@outlook.com,1992-08-20,male,Meknès,0670400210,2022-11-19,referral
C02428,Cherkaoui,Samira,samira.cherkaoui54@outlook.com,1967-07-24,female,Tnja,0699925170,2023-06-22,referral
C02429,Benjelloun,Omar,omar.benjelloun57,1972-07-12,0,tanger,0670002897,2021-09-27,marketplace
C02430,Fassi Fihri,Brahim,brahim.fassifihri143@live.fr,1974-11-24,male,mkch,0655941320,2022-08-07,social_media
C02431,Bouzid,Ali,ali.bouzid75@hotmail.com,1981-08-22,female,Tanger,0688782824,2025-10-12,web
C02432,Naciri,Omar,omar.naciri349@hotmail.com,2006-01-28,Homme,Tanger,0682167860,2023-08-26,mobile
C02433,Bennani,Driss,driss.bennani208@gmail.com,1975-11-13,0,fes,0626778540,2023-11-07,referral
C02434,Tahiri,Adil,adil.tahiri632@yahoo.fr,2006-08-27,H,FES,0615839746,2021-12-16,social_media
C02435,Benjelloun,Mustapha,mustapha.benjelloun852@gmail.com,1963-05-24,male,FES,0698647615,2025-02-24,social_media
C02436,Cherkaoui,Zineb,zineb.cherkaoui449@live.fr,1984-04-17,male,fes,0620648266,2024-07-06,marketplace
C02437,Rahmouni,Hanane,hanane.rahmouni757@gmail.com,1987-02-17,Homme,fes,0682372062,2022-05-25,social_media
C02438,Fassi Fihri,Rachid,rachid.fassifihri371@live.fr,2006-10-17,female,Tétouan,0666138561,2025-08-06,mobile
C02439,Ziani,Dounia,dounia.ziani649@gmail.com,1997-09-27,1,Kénitra,0685589668,2022-02-11,web
C02440,Cherkaoui,Amine,amine.cherkaoui297@gmail.com,1982-07-15,1,Tétouan,0699490181,2024-02-12,marketplace
C02441,Bouazza,Nabil,nabil.bouazza8@outlook.com,1996-02-04,male,Tnja,0651623157,2024-11-27,marketplace
C02442,Kettani,Khalid,khalid.kettani955@outlook.com,1976-08-13,female,Béni Mellal,0626874157,2021-09-12,web
C02443,Ouahbi,Said,said.ouahbi447@live.fr,1983-01-10,1,Agadir,0679713695,2025-10-18,social_media
C02444,Benkirane,Brahim,brahim.benkirane148@outlook.com,1960-07-03,H,Tétouan,0615448206,2025-06-23,social_media
C02445,Haddad,Houda,houda.haddad803@outlook.com,1977-01-02,H,Béni Mellal,0650975321,2024-08-05,social_media
C02446,Cherkaoui,Asmae,asmae.cherkaoui252@gmail.com,1972-02-18,h,Tétouan,0642086812,2022-10-27,mobile
C02447,El Idrissi,Meryem,meryem.elidrissi270@live.fr,1980-06-17,f,Tétouan,0627908635,2024-06-12,marketplace
C02448,Bouzid,Brahim,brahim.bouzid77@yahoo.fr,1982-08-23,f,Mohammedia,0619778829,2025-04-11,social_media
C02449,Cherkaoui,Sanae,sanae.cherkaoui730@outlook.com,1985-07-20,H,Nador,0637290989,2024-04-22,referral
C02450,Lahlou,Wafae,wafae.lahlou681@outlook.com,1980-11-13,H,TANGER,0690531418,2021-12-04,referral
C02451,Filali,Salma,salma.filali271@hotmail.com,1986-12-06,male,Meknès,0682032003,2025-04-13,marketplace
C02452,Ouahbi,Zakaria,zakaria.ouahbi497@gmail.com,2006-10-02,Femme,Béni Mellal,0697909784,2021-01-05,social_media
C02453,Filali,Ilham,ilham.filali321@live.fr,1960-04-18,m,FES,0627261216,2024-03-04,web
C02454,Bouazza,Nawal,nawal.bouazza43@live.fr,1970-05-27,f,RABAT,0634544692,2023-07-23,mobile
C02455,Skalli,Khalid,khalid.skalli223@outlook.com,1982-01-17,male,Oujda,0627646484,2022-05-07,social_media
C02456,El Amrani,Karim,karim.elamrani978@gmail.com,1980-10-25,H,CASA,0646729273,2025-05-03,mobile
C02457,Sefrioui,Hassan,adil.benkirane1@gmail.com,1890-12-28,Homme,Safi,0617262252,2022-03-17,referral
C02458,Haddad,Wafae,loubna.kettani508@outlook.com,1999-01-15,female,Rabat,0684794468,2024-02-22,mobile
C02459,Naciri,Said,said.naciri775@hotmail.com,1987-06-11,0,CASA,0618706917,2023-08-13,social_media
C02460,Kettani,Ali,ali.kettani329@yahoo.fr,1966-03-13,0,Meknès,0655578412,2024-07-04,mobile
C02461,Tahiri,Wafae,wafae.tahiri273@live.fr,1964-06-02,1,fes,0639874642,2021-04-09,mobile
C02462,Fassi Fihri,Asmae,asmae.fassifihri876@live.fr,1992-03-10,female,CASA,0638886122,2024-08-07,referral
C02463,Haddad,Omar,omar.haddad227@gmail.com,1988-06-20,h,casa,0658671587,2022-10-23,marketplace
C02464,El Mansouri,Ahmed,ahmed.elmansouri809@gmail.com,1971-01-27,1,Casablanca,0653647949,2024-11-24,referral
C02465,Naciri,Mohamed,mohamed.naciri195@yahoo.fr,1976-04-27,Homme,El Jadida,0685621910,2022-12-25,social_media
C02466,Berrada,Laila,laila.berrada647@gmail.com,1988-07-23,1,Agadir,0631100444,2025-04-11,social_media
C02467,Sefrioui,Imad,imad.sefrioui328@live.fr,1972-09-25,female,casa,0611914580,2023-04-02,web
C02468,El Amrani,Khadija,khadija.elamrani650@hotmail.com,2001-08-15,male,RABAT,0659617089,2023-05-13,referral
C02469,Fassi Fihri,Mustapha,zakaria.cherkaoui400@live.fr,2000-04-08,H,Tétouan,0660806922,2022-12-10,marketplace
C02470,Chraibi,Dounia,dounia.chraibi961@yahoo.fr,1972-06-04,H,Meknès,0637382160,2024-06-16,marketplace
C02471,Benali,Meryem,meryem.benali111@yahoo.fr,2003-07-12,H,tanger,0664812923,2025-06-19,marketplace
C02472,Bennani,Fatima,fatima.bennani459@hotmail.com,1977-09-09,0,Tnja,0685692578,2022-02-01,mobile
C02473,Skalli,Omar,omar.skalli347@yahoo.fr,2006-04-15,f,CASA,0663217173,2022-04-16,social_media
C02474,El Mansouri,Ahmed,ahmed.elmansouri315@outlook.com,1994-02-08,1,FES,0689233755,2024-03-06,referral
C02475,Haddad,Mohamed,mohamed.haddad654@yahoo.fr,1969-03-20,0,Casablanca,0699529662,2023-01-03,marketplace
C02476,Benkirane,Amina,amina.benkirane472@gmail.com,1981-04-20,Homme,Casablanca,0682275843,2021-09-15,mobile
C02477,El Mansouri,Dounia,mehdi.bouzid450@outlook.com,1979-07-14,female,TNG,0651420621,2024-07-20,referral
C02478,Benali,Soufiane,soufiane.benali649@live.fr,2003-12-12,m,TNG,0655015319,2021-09-11,referral
C02479,Chraibi,Imad,imad.chraibi489@live.fr,1969-04-26,1,Tnja,0631319091,2022-06-15,social_media
C02480,Naciri,Hassan,hassan.naciri840@live.fr,2006-11-09,male,tanger,0642341555,2024-03-07,marketplace
C02481,Chraibi,Asmae,asmae.chraibi48@gmail.com,1984-02-18,male,Meknès,0678880796,2021-07-28,social_media
C02482,Bouzid,Reda,reda.bouzid979@live.fr,1976-10-09,H,Agadir,0697242936,2021-04-22,referral
C02483,Chraibi,Zakaria,zakaria.chraibi428@yahoo.fr,1995-09-08,h,Meknès,0643228814,2022-02-18,referral
C02484,Ziani,Khalid,khalid.ziani481@yahoo.fr,1973-08-16,0,Fès,0691862254,2025-04-21,referral
C02485,Filali,Meryem,meryem.filali953@hotmail.com,1983-03-01,1,Oujda,0642274031,2021-11-05,referral
C02486,Cherkaoui,Omar,omar.cherkaoui249@hotmail.com,2003-02-10,f,mkch,0633814675,2021-10-18,web
C02487,Fassi Fihri,Youssef,youssef.fassifihri563@gmail.com,1967-03-20,0,Agadir,0642867893,2023-10-01,web
C02488,Kettani,Rim,rim.kettani926@outlook.com,2004-02-21,Femme,Tanger,0620627691,2025-11-25,social_media
C02489,Benali,Said,said.benali962@hotmail.com,1973-09-25,0,Kénitra,0619761723,2024-02-12,marketplace
C02490,El Mansouri,Mustapha,mustapha.elmansouri119@live.fr,2004-09-15,male,Casablanca,0628875252,2021-03-16,referral
C02491,Ouahbi,Khadija,khadija.ouahbi48@gmail.com,1960-09-24,Homme,RABAT,0686222461,2022-05-21,web
C02492,Fassi Fihri,Mehdi,nabil.haddad227@gmail.com,1964-09-08,f,Agadir,0657016900,2022-11-24,mobile
C02493,Fassi Fihri,Hind,hind.fassifihri672@hotmail.com,1966-07-15,Femme,Rabat,0648941046,2025-06-24,mobile
C02494,Fassi Fihri,Mehdi,mehdi.fassifihri96,1987-08-26,male,TNG,0628213263,2025-07-24,referral
C02495,El Idrissi,Said,said.elidrissi520@hotmail.com,1974-01-06,Femme,Agadir,0686956727,2022-01-20,marketplace
C02496,Rahmouni,Soufiane,soufiane.rahmouni657@hotmail.com,1890-02-20,Femme,Casablanca,0619966994,2025-05-25,web
C02497,El Ouazzani,Fatima,fatima.elouazzani3@yahoo.fr,1986-08-15,Femme,Agadir,0676648945,2021-04-26,referral
C02498,Haddad,Nabil,nabil.haddad@,1977-11-10,female,CASA,0641177793,2021-06-17,marketplace
C02499,Tazi,Mohamed,mohamed.tazi453@hotmail.com,2006-03-18,female,Mohammedia,0625811498,2022-10-01,referral
C02500,Alaoui,Amina,amina.alaoui93@gmail.com,1987-04-28,Femme,Oujda,0619797356,2024-09-01,referral
C02501,Alaoui,Nawal,nawal.alaoui43@yahoo.fr,2005-05-28,1,Casablanca,0621907190,2024-02-24,social_media
C02502,Benjelloun,Khalid,khalid.benjelloun962@yahoo.fr,1995-07-07,H,Béni Mellal,0644174038,2021-03-26,web
C02503,Haddad,Soufiane,soufiane.haddad650@yahoo.fr,2002-09-04,m,Kénitra,0623394719,2025-01-04,marketplace
C02504,Naciri,Samira,samira.naciri815@outlook.com,1997-06-05,male,Béni Mellal,0613890627,2023-10-13,web
C02505,Berrada,Brahim,brahim.berrada433@outlook.com,1989-01-05,f,Fès,0684506787,2022-11-07,web
C02506,Amrani,Ali,ali.amrani517@outlook.com,1972-12-05,Homme,Casablanca,0695377369,2021-10-12,referral
C02507,Benkirane,Houda,houda.benkirane578@live.fr,1991-03-15,Homme,Safi,0635524774,2022-10-20,mobile
C02508,Naciri,Samira,samira.naciri168@gmail.com,1975-10-17,female,Fès,0636232612,2024-11-14,referral
C02509,Filali,Zineb,zineb.filali547@yahoo.fr,1995-04-11,male,Mohammedia,0627565175,2024-11-12,mobile
C02510,Tahiri,Sanae,sanae.tahiri678@outlook.com,1981-04-27,H,Fès,0662402501,2022-05-01,mobile
C02511,Chraibi,Amine,amine.chraibi252@hotmail.com,1968-02-12,male,Tétouan,0644282692,2024-12-07,marketplace
C02512,Cherkaoui,Adil,adil.cherkaoui819@hotmail.com,1972-06-15,male,Agadir,0645748154,2021-05-09,marketplace
C02513,Tahiri,Amine,amine.tahiri278@hotmail.com,1989-06-09,Homme,Rabat,0686185885,2025-05-10,marketplace
C02514,Fassi Fihri,Hassan,hassan.fassifihri545@live.fr,1984-04-17,f,CASA,0631665427,2021-06-03,referral
C02515,Benjelloun,Adil,adil.benjelloun178@live.fr,1998-09-15,female,Meknès,0637420339,2022-05-15,marketplace
C02516,Haddad,Driss,driss.haddad384@outlook.com,1960-01-15,H,Marrakech,0659470496,2023-02-09,web
C02517,Ouahbi,Sara,sara.ouahbi905@outlook.com,1981-08-27,Homme,Fès,0653524373,2025-03-09,mobile
C02518,Tahiri,Fatima,fatima.tahiri144@gmail.com,1990-09-21,H,Fès,0637593567,2024-03-10,web
C02519,Tazi,Ghita,ghita.tazi14@outlook.com,2006-01-13,Homme,Tnja,0642527071,2025-11-14,social_media
C02520,El Idrissi,Ilham,ilham.elidrissi532@gmail.com,1984-06-01,1,rbt,0645736828,2024-02-28,social_media
C02521,Alaoui,Brahim,sara.ziani555@yahoo.fr,1960-05-25,f,Rabat,0632153640,2021-03-16,referral
C02522,Benkirane,Ilham,ilham.benkirane986@live.fr,1985-02-09,male,Agadir,0628926031,2025-09-10,marketplace
C02523,Haddad,Nabil,nabil.haddad633@outlook.com,1976-03-02,male,Mohammedia,0648375209,2021-11-03,web
C02524,Berrada,Rachid,rachid.berrada15@outlook.com,2005-09-14,Homme,tanger,0687687266,2021-12-12,marketplace
C02525,Tahiri,Said,said.tahiri280@live.fr,1973-08-23,h,tanger,0689595595,2025-09-06,mobile
C02526,Kettani,Said,said.kettani481@live.fr,1973-07-15,female,TANGER,0651860223,2024-01-16,web
C02527,Cherkaoui,Brahim,brahim.cherkaoui748@yahoo.fr,1974-10-02,h,Tanger,0668203606,2022-06-26,web
C02528,Lahlou,Loubna,loubna.lahlou634@outlook.com,2026-04-12,H,rbt,0662720160,2023-11-15,web
C02529,Ouahbi,Samira,samira.ouahbi90@hotmail.com,2002-03-13,f,Fès,0623929531,2023-11-10,referral
C02530,Ouahbi,Omar,omar.ouahbi597@yahoo.fr,1974-06-13,Homme,MARRAKECH,0631136281,2023-04-11,marketplace
C02531,Filali,Hanane,hanane.filali339@live.fr,2003-06-25,female,Fès,0675208435,2023-08-08,marketplace
C02532,Tahiri,Nawal,nawal.tahiri78@yahoo.fr,1978-07-15,1,fes,0621044911,2025-11-02,social_media
C02533,Ouahbi,Houda,houda.ouahbi604@outlook.com,2003-07-11,1,casa,0693775094,2022-04-26,social_media
C02534,Ouahbi,Soufiane,soufiane.ouahbi632@live.fr,1981-05-02,h,Kénitra,0685198253,2024-01-02,marketplace
C02535,Ziani,Samira,samira.ziani290@hotmail.com,1980-04-27,f,Nador,0637073908,2025-06-03,referral
C02536,Naciri,Hind,hind.naciri165@yahoo.fr,1987-12-06,0,Meknès,0678601638,2021-05-02,marketplace
C02537,Rahmouni,Khalid,khalid.rahmouni270@hotmail.com,1993-08-07,0,TNG,0634099882,2024-03-17,social_media
C02538,Benali,Ilham,ilham.benali709@hotmail.com,1964-08-03,0,rbt,0637156596,2024-01-08,mobile
C02539,El Mansouri,Ali,ali.elmansouri542@gmail.com,1987-01-22,Homme,CASA,0694619065,2022-11-01,referral
C02540,Amrani,Meryem,meryem.amrani554@live.fr,1975-07-16,female,Rabat,0672247131,2024-08-15,social_media
C02541,Skalli,Adil,adil.skalli319@outlook.com,1973-05-17,female,casa,0643570307,2021-10-11,mobile
C02542,El Idrissi,Amine,amine.elidrissi391@hotmail.com,1963-09-20,m,Safi,0643485845,2022-04-23,mobile
C02543,Cherkaoui,Meryem,meryem.cherkaoui319@gmail.com,1961-08-01,Femme,Nador,0612330551,2022-07-09,social_media
C02544,Alaoui,Adil,adil.alaoui289@outlook.com,1979-05-27,male,Marrakech,0631097223,2025-08-14,web
C02545,El Mansouri,Asmae,asmae.elmansouri753@hotmail.com,1997-08-08,H,Mohammedia,0647832433,2021-03-19,web
C02546,Benali,Said,samira.sefrioui594@gmail.com,1983-09-20,female,RABAT,0624986296,2022-08-15,mobile
C02547,Benkirane,Hamza,hamza.benkirane785@live.fr,2005-10-10,Homme,Tnja,0661552098,2025-06-03,marketplace
C02548,Tahiri,Meryem,meryem.tahiri322@yahoo.fr,1987-05-25,h,Meknès,0688407149,2023-03-08,web
C02549,Lahlou,Ahmed,ahmed.lahlou894@yahoo.fr,1984-08-18,1,FES,0676264701,2023-06-09,web
C02550,Ziani,Loubna,loubna.ziani614@outlook.com,1979-07-15,female,Marrakech,0640670085,2021-12-20,social_media
C02551,Skalli,Imad,wafae.haddad38@yahoo.fr,1990-12-02,m,Casablanca,0666822104,2024-04-09,web
C02552,Chraibi,Salma,salma.chraibi680@hotmail.com,2003-12-03,f,Tnja,0674616637,2024-05-12,marketplace
C02553,Lahlou,Hanane,hanane.lahlou735@hotmail.com,1968-09-25,Homme,FES,0677393840,2024-08-22,marketplace
C02554,El Amrani,Nawal,nawal.elamrani930@outlook.com,1982-12-15,m,TNG,0658963387,2021-12-11,social_media
C02555,Ouahbi,Meryem,meryem.ouahbi574@outlook.com,1986-12-08,male,Casablanca,0695795550,2024-05-14,web
C02556,Skalli,Ali,ali.skalli120@outlook.com,1986-04-06,f,Oujda,0620017969,2022-05-12,referral
C02557,Haddad,Khalid,khalid.haddad608@gmail.com,1996-08-28,male,CASA,0662054028,2023-09-27,referral
C02558,Sefrioui,Hassan,hassan.sefrioui772@live.fr,1965-10-14,female,Béni Mellal,0631748148,2022-01-12,social_media
C02559,Naciri,Laila,laila.naciri585@outlook.com,1996-12-03,0,Agadir,0641549305,2024-05-05,web
C02560,Kettani,Amina,amina.kettani601@outlook.com,1973-02-25,Homme,Marrakech,0677432265,2025-02-19,social_media
C02561,Bouazza,Soufiane,soufiane.bouazza372@live.fr,1890-03-07,m,El Jadida,0656747767,2021-07-07,social_media
C02562,Tahiri,Imad,imad.tahiri466@outlook.com,1998-09-10,Femme,Meknès,0649992670,2021-01-26,web
C02563,Cherkaoui,Khadija,khadija.cherkaoui@,1988-05-28,1,TNG,0653604277,2024-04-24,mobile
C02564,Rahmouni,Sara,sara.rahmouni83@outlook.com,1975-09-01,Femme,mkch,0688207548,2024-11-23,marketplace
C02565,Berrada,Adil,adil.berrada343@live.fr,2005-02-04,f,Casablanca,0620549791,2022-09-25,social_media
C02566,Alaoui,Driss,driss.alaoui435@outlook.com,1999-05-16,0,CASA,0697247431,2022-09-03,mobile
C02567,Ziani,Said,said.ziani@@yahoo.fr,2002-10-09,H,rbt,0658483068,2021-04-16,mobile
C02568,El Amrani,Mehdi,mehdi.elamrani160@hotmail.com,1988-12-11,f,Fès,0623172619,2024-08-27,referral
C02569,Benali,Khadija,khadija.benali379@gmail.com,1964-03-23,0,Casablanca,0648123035,2024-06-05,referral
C02570,Haddad,Reda,reda.haddad365@live.fr,1992-03-01,f,TNG,0647116183,2021-06-04,referral
C02571,Chraibi,Mustapha,mustapha.chraibi92@live.fr,1988-07-27,Homme,Béni Mellal,0632350402,2023-03-17,mobile
C02572,El Idrissi,Hind,hind.elidrissi673@yahoo.fr,1968-10-10,h,Casablanca,0649795905,2025-05-19,mobile
C02573,Tahiri,Laila,laila.tahiri492@outlook.com,2006-04-18,Femme,FES,0693930900,2025-07-11,marketplace
C02574,Naciri,Youssef,youssef.naciri715@gmail.com,1992-04-05,h,El Jadida,0697398934,2022-10-23,marketplace
C02575,Filali,Wafae,@outlook.com,1986-07-04,0,CASA,0640835265,2025-06-22,social_media
C02576,Kettani,Zakaria,driss.lahlou558@outlook.com,1974-11-23,H,Tanger,0623448330,2022-09-18,web
C02577,Haddad,Brahim,brahim.haddad873@outlook.com,1961-04-21,male,Mohammedia,0643584069,2024-04-10,referral
C02578,Lahlou,Khalid,khalid.lahlou1@outlook.com,1982-07-22,male,CASA,0648520806,2023-08-26,mobile
C02579,Kettani,Hanane,hanane.kettani267@yahoo.fr,1985-05-24,m,casa,0655864791,2025-01-19,marketplace
C02580,Bouazza,Sanae,sanae.bouazza765@outlook.com,1993-09-14,H,Casablanca,0631585967,2025-02-02,marketplace
C02581,Berrada,Amine,amine.berrada433@hotmail.com,1991-09-02,h,Nador,0679213478,2021-10-11,web
C02582,Filali,Ahmed,ahmed.filali126@outlook.com,1960-01-01,Homme,Mohammedia,0617461913,2021-10-22,web
C02583,Sefrioui,Zakaria,zakaria.sefrioui402@yahoo.fr,2006-08-10,Femme,Kénitra,0686833621,2022-07-25,mobile
C02584,Bennani,Ghita,ghita.bennani283@live.fr,1996-07-16,H,TNG,0629253744,2021-09-08,web
C02585,Lahlou,Mohamed,mohamed.lahlou955@hotmail.com,1971-06-21,Homme,CASA,0688238815,2021-02-03,web
C02586,Haddad,Ali,ali.haddad592@gmail.com,1971-06-19,Homme,Meknès,0689138429,2024-10-20,web
C02587,Filali,Sara,sara.filali572@hotmail.com,1984-07-02,1,Béni Mellal,0680274822,2024-03-27,referral
C02588,Cherkaoui,Meryem,meryem.cherkaoui664@gmail.com,1994-08-10,Homme,tanger,0697573909,2023-11-23,mobile
C02589,Sefrioui,Amine,amine.sefrioui245@outlook.com,1999-11-27,0,Casablanca,0634207580,2024-12-01,social_media
C02590,Sefrioui,Sara,sara.sefrioui484@gmail.com,1980-02-08,1,TANGER,0673069443,2022-02-03,referral
C02591,El Ouazzani,Said,said.elouazzani863@outlook.com,2002-09-18,female,Fès,0614478770,2025-03-25,mobile
C02592,Sefrioui,Omar,soufiane.bouazza790@hotmail.com,1971-04-22,female,casa,0611739404,2021-04-14,social_media
C02593,Kettani,Zakaria,zakaria.kettani893@live.fr,1971-07-11,f,casa,0635413170,2023-08-03,social_media
C02594,Kettani,Adil,adil.kettani98@yahoo.fr,1971-06-15,Homme,Kénitra,0679552700,2023-05-22,referral
C02595,Berrada,Said,said.berrada588@live.fr,1966-02-27,male,fes,0668086830,2021-06-24,social_media
C02596,Benkirane,Sara,sara.benkirane328@gmail.com,1962-11-12,Femme,Béni Mellal,0681411562,2021-11-14,web
C02597,Cherkaoui,Sanae,sanae.cherkaoui70@hotmail.com,1963-03-25,H,Béni Mellal,0667488952,2024-06-17,web
C02598,El Mansouri,Imad,imad.elmansouri208@outlook.com,1969-04-10,Femme,mkch,0647432847,2025-06-05,marketplace
C02599,Tazi,Said,said.tazi740@yahoo.fr,1972-09-18,Femme,CASA,0632305372,2021-11-07,marketplace
C02600,El Ouazzani,Amina,amina.elouazzani113@outlook.com,2005-12-17,f,El Jadida,0643680231,2024-10-15,social_media
C02601,Cherkaoui,Hamza,hamza.cherkaoui215@gmail.com,1988-12-06,female,Tétouan,0686611158,2024-09-04,mobile
C02602,Berrada,Ilham,ilham.berrada975@live.fr,2004-04-05,1,rbt,0662580810,2025-12-01,mobile
C02603,Ziani,Soufiane,soufiane.ziani934@gmail.com,1994-10-06,Homme,Safi,0642082935,2023-09-17,web
C02604,Bennani,Mohamed,mohamed.bennani412@yahoo.fr,1987-08-07,0,Agadir,0692191342,2023-11-10,web
C02605,Ziani,Nabil,nabil.ziani369@outlook.com,2005-07-21,H,MARRAKECH,0629831895,2022-02-07,marketplace
C02606,Fassi Fihri,Adil,adil.fassifihri929@outlook.com,1988-07-02,H,CASA,0638306585,2025-09-06,web
C02607,Benkirane,Nawal,nawal.benkirane534@hotmail.com,2002-04-13,female,Meknès,0637159949,2022-02-13,mobile
C02608,El Mansouri,Reda,reda.elmansouri106@gmail.com,1960-04-07,male,Fès,0616590289,2024-05-20,referral
C02609,Rahmouni,Zineb,zineb.rahmouni585@yahoo.fr,1976-11-23,female,MARRAKECH,0640700698,2022-11-02,web
C02610,Bouzid,Amine,amine.bouzid788@hotmail.com,1993-05-12,male,mkch,0648937138,2023-05-03,web
C02611,El Ouazzani,Said,said.elouazzani156@outlook.com,1966-11-01,h,Rabat,0667309562,2025-05-17,web
C02612,Tahiri,Adil,adil.tahiri188@gmail.com,1961-11-04,m,Meknès,0698600135,2024-05-20,marketplace
C02613,Haddad,Imad,imad.haddad913@outlook.com,1961-07-13,f,Tétouan,0648639975,2024-09-18,marketplace
C02614,Ouahbi,Sara,sara.ouahbi441@gmail.com,1973-09-19,1,Casablanca,0644124033,2022-06-09,web
C02615,Bouazza,Ahmed,ahmed.bouazza775@outlook.com,2002-11-01,m,Tanger,0614084424,2023-11-24,social_media
C02616,Benjelloun,Amine,amine.benjelloun240@yahoo.fr,1965-05-15,H,mkch,0644288292,2025-06-12,web
C02617,Naciri,Reda,reda.naciri772@yahoo.fr,1971-09-22,1,Tanger,0697721413,2025-02-12,mobile
C02618,Ouahbi,Brahim,brahim.ouahbi114@hotmail.com,1890-07-20,Femme,TANGER,0616105160,2024-03-11,marketplace
C02619,Tahiri,Hanane,hanane.tahiri286@hotmail.com,1978-04-02,0,Kénitra,0632651348,2022-12-25,marketplace
C02620,Kettani,Hamza,hamza.kettani407@live.fr,1992-05-10,Homme,Kénitra,0641134289,2021-11-27,social_media
C02621,Benjelloun,Nawal,nawal.benjelloun599@live.fr,1982-12-17,0,RABAT,0613529989,2021-04-08,referral
C02622,Benali,Rachid,rachid.benali570@yahoo.fr,1962-09-11,f,Fès,0646558491,2021-06-02,referral
C02623,El Idrissi,Dounia,dounia.elidrissi29@live.fr,1989-08-06,Femme,Fès,0616977413,2021-01-20,social_media
C02624,Kettani,Rachid,rachid.kettani582@hotmail.com,1976-12-01,h,Marrakech,0644386595,2021-04-23,marketplace
C02625,Sefrioui,Soufiane,soufiane.sefrioui406@live.fr,1978-05-20,Homme,mkch,0610659287,2024-07-13,social_media
C02626,Bouzid,Khalid,khalid.bouzid872@yahoo.fr,1995-02-18,m,Marrakech,0679358085,2021-04-14,referral
C02627,Berrada,Imad,imad.berrada810@hotmail.com,1979-04-19,Femme,CASA,0663976170,2022-06-04,web
C02628,Filali,Driss,driss.filali998@outlook.com,1978-09-02,Femme,Béni Mellal,0623240195,2022-11-24,social_media
C02629,Sefrioui,Mustapha,mustapha.sefrioui323@outlook.com,1981-04-16,f,TANGER,0691847869,2024-05-06,referral
C02630,Amrani,Driss,driss.amrani980@hotmail.com,1968-12-23,m,Kénitra,0697706372,2024-01-17,referral
C02631,Fassi Fihri,Nadia,nadia.fassifihri857@live.fr,1965-02-09,h,rbt,0650880085,2025-10-16,social_media
C02632,Tahiri,Laila,laila.tahiri689@hotmail.com,1997-10-02,female,Mohammedia,0681673532,2025-07-15,web
C02633,Benali,Nawal,nawal.benali589@yahoo.fr,1962-11-07,male,casa,0673101388,2023-01-11,mobile
C02634,Benkirane,Hind,hind.benkirane945@gmail.com,1967-12-22,h,Tanger,0693872594,2024-06-14,marketplace
C02635,Kettani,Khadija,khadija.kettani920@gmail.com,1989-02-22,1,TNG,0623538227,2024-10-19,social_media
C02636,Fassi Fihri,Nabil,nabil.fassifihri254@outlook.com,1981-08-18,0,Casablanca,0629513490,2024-08-04,social_media
C02637,Naciri,Mustapha,mustapha.naciri852@live.fr,1967-03-28,1,fes,0696078953,2024-09-20,referral
C02638,Fassi Fihri,Imad,imad.fassifihri979@live.fr,2000-09-10,Homme,Fès,0656664121,2021-12-23,referral
C02639,Cherkaoui,Nawal,nawal.cherkaoui64@hotmail.com,1973-02-17,female,Mohammedia,0664164841,2023-06-19,social_media
C02640,Chraibi,Amine,amine.chraibi262@yahoo.fr,1979-01-01,h,Marrakech,0646470794,2021-12-24,web
C02641,Chraibi,Nawal,nawal.chraibi245@hotmail.com,1979-01-15,m,Casablanca,0688425066,2025-08-06,social_media
C02642,Fassi Fihri,Hamza,hamza.fassifihri678@live.fr,1973-12-09,H,Meknès,0675152422,2023-10-23,referral
C02643,Berrada,Ilham,ilham.berrada817@gmail.com,1986-07-21,Femme,tanger,0659153916,2023-05-15,referral
C02644,Benali,Rim,rim.benali978@hotmail.com,1980-04-19,H,Casablanca,0689200654,2022-06-21,web
C02645,El Ouazzani,Hanane,hanane.elouazzani332@live.fr,1990-05-08,f,mkch,0631180277,2021-05-02,marketplace
C02646,Bennani,Youssef,youssef.bennani206@gmail.com,1989-06-05,Homme,El Jadida,0624830948,2024-01-15,mobile
C02647,Naciri,Wafae,wafae.naciri450@gmail.com,2025-03-23,female,Nador,0691535859,2024-03-19,web
C02648,Sefrioui,Nadia,nadia.sefrioui499@gmail.com,1970-08-02,H,El Jadida,0651877379,2022-12-12,mobile
C02649,Bouazza,Hind,hind.bouazza69@live.fr,1990-03-11,0,Béni Mellal,0647951371,2024-01-27,social_media
C02650,Fassi Fihri,Loubna,loubna.fassifihri447@hotmail.com,2004-06-02,m,Marrakech,0641884515,2022-07-03,marketplace
C02651,Ouahbi,Driss,driss.ouahbi96@hotmail.com,2005-07-13,female,mkch,0653348519,2024-07-13,marketplace
C02652,Amrani,Samira,samira.amrani161@yahoo.fr,1996-05-08,1,rbt,0632369333,2023-04-23,referral
C02653,El Ouazzani,Meryem,meryem.elouazzani375@gmail.com,1981-08-08,H,TNG,0660756308,2022-02-08,social_media
C02654,Benkirane,Ghita,ghita.benkirane366@yahoo.fr,1967-01-15,male,Béni Mellal,0699334534,2021-12-12,marketplace
C02655,Lahlou,Fatima,fatima.lahlou969@live.fr,1977-05-03,1,TANGER,0688742725,2022-04-11,referral
C02656,Ziani,Sanae,sanae.ziani956@hotmail.com,1985-04-11,male,casa,0661388703,2024-01-02,mobile
C02657,Tazi,Ali,ali.tazi495@gmail.com,2004-06-03,Femme,FES,0679924996,2025-04-16,marketplace
C02658,Tazi,Nadia,nadia.tazi822@outlook.com,1981-09-21,1,Tétouan,0693807204,2021-11-03,social_media
C02659,El Idrissi,Hamza,hamza.elidrissi427@yahoo.fr,1980-03-23,0,Casablanca,0630289477,2024-06-08,mobile
C02660,Rahmouni,Soufiane,soufiane.rahmouni41@outlook.com,1993-12-04,Homme,Tanger,0669422014,2022-10-24,web
C02661,Benjelloun,Sanae,sanae.benjelloun616@live.fr,1979-09-22,m,Kénitra,0679165942,2021-03-13,web
C02662,Amrani,Driss,driss.amrani534@gmail.com,1998-01-11,m,TANGER,0626205211,2025-01-18,marketplace
C02663,El Mansouri,Mehdi,mehdi.elmansouri35@yahoo.fr,1963-06-13,m,rbt,0679553400,2022-06-21,social_media
C02664,Ziani,Wafae,wafae.ziani985@hotmail.com,2004-07-19,m,Rabat,0628400814,2023-07-01,web
C02665,Chraibi,Hassan,hassan.chraibi795@outlook.com,2006-12-12,female,Fès,0635520958,2025-09-28,social_media
C02666,El Ouazzani,Khadija,khadija.elouazzani522@live.fr,2004-12-11,Homme,Tétouan,0633107350,2025-02-28,social_media
C02667,Berrada,Brahim,brahim.berrada230@hotmail.com,1986-11-12,m,RABAT,0626103879,2024-12-28,social_media
C02668,Ouahbi,Mustapha,@gmail.com,1992-10-22,H,Meknès,0623479079,2024-05-21,social_media
C02669,Sefrioui,Youssef,youssef.sefrioui897@hotmail.com,1968-03-28,male,Fès,0629830506,2022-01-16,marketplace
C02670,Kettani,Sanae,sanae.kettani97@yahoo.fr,1996-06-27,male,Fès,0653029517,2023-08-09,referral
C02671,Tahiri,Zakaria,zakaria.tahiri876@yahoo.fr,1962-09-08,m,Meknès,0647480785,2023-05-21,mobile
C02672,Sefrioui,Hanane,hanane.sefrioui579@yahoo.fr,1987-10-13,H,Tnja,0636326073,2023-07-20,mobile
C02673,Chraibi,Driss,driss.chraibi447@outlook.com,1965-03-16,1,Béni Mellal,0626477353,2023-04-09,referral
C02674,Naciri,Driss,driss.naciri651@yahoo.fr,1962-03-26,Femme,fes,0621801832,2022-09-01,social_media
C02675,Alaoui,Soufiane,soufiane.alaoui578@hotmail.com,1984-11-25,male,Tanger,0671046426,2025-05-09,mobile
C02676,Cherkaoui,Dounia,dounia.cherkaoui902@gmail.com,1961-12-07,Homme,Kénitra,0626602232,2022-04-24,referral
C02677,Tahiri,Soufiane,rachid.elmansouri203@yahoo.fr,1976-08-16,male,Béni Mellal,0623098693,2022-01-23,web
C02678,El Mansouri,Khadija,khadija.elmansouri236@live.fr,1971-07-01,m,Mohammedia,0669990687,2021-11-18,social_media
C02679,Filali,Ilham,ilham.filali193@hotmail.com,1980-04-19,Femme,Meknès,0627976106,2022-10-05,marketplace
C02680,Kettani,Mustapha,mustapha.kettani467@hotmail.com,1970-02-22,female,Casablanca,0635058624,2025-09-12,web
C02681,Sefrioui,Hassan,hassan.sefrioui36@outlook.com,1985-12-25,Homme,TNG,0677846804,2025-08-18,marketplace
C02682,Filali,Mohamed,mohamed.filali340@outlook.com,1995-04-12,Homme,Fès,0670005249,2025-10-10,social_media
C02683,Ziani,Khalid,khalid.ziani182@live.fr,1969-06-10,0,CASA,0666329361,2024-02-28,social_media
C02684,Chraibi,Zineb,zineb.chraibi538@outlook.com,1987-04-23,female,mkch,0640175519,2024-12-03,referral
C02685,Filali,Hassan,hassan.filali139@live.fr,1988-03-08,Femme,rbt,0621728561,2023-11-02,referral
C02686,Kettani,Mehdi,mehdi.kettani433@live.fr,1997-07-27,female,TNG,0685527644,2023-05-25,referral
C02687,El Ouazzani,Dounia,dounia.elouazzani725@gmail.com,1968-01-02,h,Fès,0626552417,2025-12-21,web
C02688,Tahiri,Salma,salma.tahiri517@hotmail.com,1971-06-03,Homme,casa,0688674866,2023-08-11,marketplace
C02689,Filali,Brahim,brahim.filali717@live.fr,1960-11-17,m,rbt,0645590392,2021-01-23,marketplace
C02690,Fassi Fihri,Mustapha,mustapha.fassifihri675@hotmail.com,2006-12-19,Homme,Fès,0698480354,2024-07-12,mobile
C02691,Cherkaoui,Loubna,loubna.cherkaoui118@yahoo.fr,1964-03-21,m,Fès,0641543248,2022-05-07,marketplace
C02692,El Ouazzani,Adil,adil.elouazzani697@outlook.com,1968-07-26,Femme,Tétouan,0674707236,2023-09-28,marketplace
C02693,Tazi,Soufiane,soufiane.tazi726@yahoo.fr,1990-08-03,m,Rabat,0665423294,2022-09-01,web
C02694,Haddad,Wafae,wafae.haddad863@outlook.com,1986-10-25,m,Fès,0673695346,2024-11-09,mobile
C02695,El Ouazzani,Meryem,meryem.elouazzani297@hotmail.com,1975-12-02,f,Béni Mellal,0636471174,2022-03-12,social_media
C02696,Lahlou,Wafae,wafae.lahlou334@yahoo.fr,1973-06-24,1,Fès,0622565008,2021-08-18,web
C02697,Sefrioui,Houda,houda.sefrioui305@live.fr,1986-12-22,0,Tétouan,0660852078,2021-03-22,web
C02698,Rahmouni,Imad,imad.rahmouni673@hotmail.com,1985-03-28,h,Marrakech,0650012072,2024-06-13,marketplace
C02699,Ziani,Youssef,youssef.ziani645@gmail.com,1973-01-02,Femme,Fès,0629474068,2024-04-13,web
C02700,Lahlou,Khadija,khadija.lahlou266@outlook.com,2005-11-02,f,FES,0622134078,2023-09-04,mobile
C02701,Filali,Nawal,nawal.filali767@outlook.com,1983-03-16,0,Kénitra,0687946266,2022-10-11,referral
C02702,Kettani,Nabil,nabil.kettani370@yahoo.fr,1990-02-06,m,rbt,0691736458,2025-10-13,referral
C02703,El Mansouri,Samira,samira.elmansouri998@hotmail.com,1996-04-07,H,Casablanca,0662491866,2021-04-05,referral
C02704,Benali,Hanane,hanane.benali21@outlook.com,1994-05-03,Homme,mkch,0621219525,2023-08-16,mobile
C02705,Sefrioui,Meryem,meryem.sefrioui718@hotmail.com,1986-02-16,Homme,RABAT,0655096698,2024-11-12,referral
C02706,Amrani,Amina,amina.amrani905@yahoo.fr,1961-07-07,Femme,TANGER,0629843056,2021-11-05,referral
C02707,Haddad,Houda,houda.haddad366@hotmail.com,1991-02-12,0,Mohammedia,0690346328,2022-06-26,social_media
C02708,Chraibi,Hamza,hamza.chraibi871@yahoo.fr,1980-01-15,H,Tétouan,0623785286,2022-09-08,web
C02709,Benkirane,Salma,salma.benkirane539@gmail.com,1979-06-25,Femme,tanger,0655421749,2021-12-22,referral
C02710,Skalli,Mohamed,mohamed.skalli@@gmail.com,1976-05-16,H,tanger,0638473676,2024-02-19,social_media
C02711,Chraibi,Reda,reda.chraibi850@hotmail.com,1975-04-08,male,El Jadida,0647111493,2023-08-15,referral
C02712,Cherkaoui,Karim,karim.cherkaoui916@live.fr,1987-03-17,female,FES,0656295469,2021-10-03,web
C02713,El Mansouri,Mustapha,mustapha.elmansouri908@live.fr,1970-02-20,0,Nador,0695012849,2023-01-11,web
C02714,Filali,Omar,omar.filali640@gmail.com,1998-02-09,male,Tnja,0670518349,2023-10-16,mobile
C02715,Bouzid,Asmae,asmae.bouzid546@live.fr,1995-02-15,m,Tnja,0641117825,2023-08-24,social_media
C02716,Haddad,Mehdi,mehdi.haddad540@live.fr,1998-11-22,female,Meknès,0658614596,2023-11-28,social_media
C02717,Rahmouni,Amine,amine.rahmouni260@live.fr,1984-02-14,h,MARRAKECH,0634305541,2022-10-11,marketplace
C02718,Kettani,Mustapha,mustapha.kettani243@yahoo.fr,1977-09-15,female,Fès,0619758685,2024-06-13,referral
C02719,Filali,Reda,reda.filali481@live.fr,1974-03-24,h,FES,0695798748,2022-10-02,web
C02720,Ziani,Samira,samira.ziani294@yahoo.fr,1995-06-10,m,Kénitra,0686138371,2021-06-24,web
C02721,El Mansouri,Laila,laila.elmansouri419@yahoo.fr,1968-04-20,1,FES,0664548752,2022-04-02,marketplace
C02722,Rahmouni,Ali,ali.rahmouni628@yahoo.fr,1994-01-19,0,fes,0634951678,2024-03-17,web
C02723,Sefrioui,Fatima,fatima.sefrioui501@live.fr,1995-03-25,female,tanger,0667032244,2024-04-15,mobile
C02724,El Ouazzani,Mustapha,mustapha.elouazzani657@live.fr,1984-07-01,0,FES,0686421261,2025-08-22,social_media
C02725,Skalli,Said,said.skalli703@gmail.com,1988-12-05,m,Safi,0691845614,2025-07-06,web
C02726,El Ouazzani,Fatima,fatima.elouazzani728@hotmail.com,1988-09-06,h,El Jadida,0641890372,2023-05-13,web
C02727,El Amrani,Hassan,hassan.elamrani436@yahoo.fr,1997-09-27,f,Mohammedia,0695565049,2024-03-09,marketplace
C02728,Rahmouni,Wafae,wafae.rahmouni687@outlook.com,1991-06-23,H,TNG,0683903008,2023-04-23,web
C02729,Skalli,Khalid,khalid.skalli146@outlook.com,1962-08-24,h,casa,0635485519,2021-06-03,web
C02730,El Ouazzani,Adil,adil.elouazzani799@gmail.com,1995-08-26,1,El Jadida,0679886287,2021-03-16,marketplace
C02731,Benali,Brahim,brahim.benali115@hotmail.com,1965-04-16,H,Tnja,0610338545,2021-08-08,social_media
C02732,Bennani,Wafae,wafae.bennani544@yahoo.fr,1992-04-28,H,Tétouan,0666825742,2024-09-04,social_media
C02733,Bouzid,Reda,reda.bouzid683@yahoo.fr,1982-10-12,male,tanger,0653908553,2024-04-24,marketplace
C02734,Skalli,Mohamed,mohamed.skalli922@outlook.com,1971-06-23,female,Tanger,0677403261,2025-11-20,referral
C02735,Benkirane,Imad,imad.benkirane542@yahoo.fr,1983-08-21,Femme,tanger,0612856174,2022-01-17,mobile
C02736,Alaoui,Amine,amine.alaoui379@gmail.com,1975-02-13,Homme,mkch,0625956147,2024-01-17,social_media
C02737,Tazi,Salma,salma.tazi645@yahoo.fr,1961-12-09,Femme,Kénitra,0657820958,2024-11-21,web
C02738,Skalli,Hassan,hassan.skalli35@yahoo.fr,1990-01-13,H,Fès,0614984544,2025-10-22,social_media
C02739,Haddad,Hassan,hassan.haddad448@yahoo.fr,1992-01-22,0,FES,0638342186,2022-11-13,referral
C02740,Kettani,Hassan,hassan.kettani312@hotmail.com,1962-09-24,1,RABAT,0618673345,2022-04-12,marketplace
C02741,Fassi Fihri,Dounia,dounia.fassifihri663@yahoo.fr,1986-07-23,Homme,CASA,0614726873,2022-11-20,web
C02742,Lahlou,Laila,laila.lahlou929@live.fr,2006-09-28,0,Tétouan,0676547190,2025-12-14,mobile
C02743,El Mansouri,Salma,salma.elmansouri386@live.fr,1988-04-03,m,Tnja,0677254510,2024-01-19,web
C02744,Benkirane,Asmae,asmae.benkirane229@gmail.com,1984-10-04,H,CASA,0658967244,2022-09-04,web
C02745,Skalli,Rachid,rachid.skalli395@outlook.com,1982-04-14,Homme,Kénitra,0664013875,2021-03-15,referral
C02746,Fassi Fihri,Khalid,khalid.fassifihri364@live.fr,1979-08-09,1,CASA,0618043280,2023-01-18,referral
C02747,Rahmouni,Ilham,ilham.rahmouni478@gmail.com,1991-02-14,female,Rabat,0661359023,2021-05-06,web
C02748,El Ouazzani,Rachid,rachid.elouazzani341@outlook.com,1971-07-09,f,mkch,0698529735,2023-06-22,referral
C02749,Haddad,Amina,amina.haddad293@live.fr,1996-02-27,male,Rabat,0672130359,2022-12-27,referral
C02750,Sefrioui,Driss,driss.sefrioui@,1980-12-06,female,casa,0673783281,2023-03-27,social_media
C02751,El Mansouri,Mustapha,mustapha.elmansouri448@yahoo.fr,1890-07-23,f,Tétouan,0635673399,2021-04-12,marketplace
C02752,Skalli,Ali,ali.skalli571@gmail.com,1965-04-18,male,Béni Mellal,0658329826,2023-02-28,marketplace
C02753,Ziani,Mohamed,mohamed.ziani953@yahoo.fr,1990-06-01,Femme,Safi,0677554179,2023-07-18,web
C02754,Bouazza,Rachid,rachid.bouazza@@hotmail.com,1979-01-23,H,El Jadida,0638439577,2022-11-20,social_media
C02755,Tahiri,Amine,amine.tahiri417@hotmail.com,1986-03-15,0,Kénitra,0668917054,2024-12-14,marketplace
C02756,Skalli,Driss,driss.skalli881@live.fr,1994-08-21,H,Meknès,0630273397,2024-05-19,referral
C02757,Haddad,Driss,driss.haddad207@gmail.com,2006-07-14,0,Fès,0691005547,2025-05-23,web
C02758,Amrani,Samira,samira.amrani920@outlook.com,1972-02-13,male,mkch,0637701628,2021-12-23,web
C02759,Alaoui,Driss,driss.alaoui310@hotmail.com,1972-04-04,Femme,Casablanca,0622862873,2023-11-24,referral
C02760,Bouzid,Khalid,khalid.bouzid@@live.fr,1998-04-17,Homme,Casablanca,0692490371,2025-12-24,marketplace
C02761,El Idrissi,Meryem,meryem.elidrissi794@yahoo.fr,1966-06-16,Femme,Tnja,0621621450,2022-05-26,marketplace
C02762,Alaoui,Meryem,meryem.alaoui13@outlook.com,1982-01-10,male,Kénitra,0665082683,2024-01-05,mobile
C02763,Ouahbi,Zineb,zineb.ouahbi655@live.fr,1995-12-05,female,Nador,0642844981,2024-11-04,marketplace
C02764,Berrada,Adil,adil.berrada543@gmail.com,1999-10-16,f,FES,0692561148,2021-07-05,referral
C02765,Haddad,Brahim,brahim.haddad189@yahoo.fr,1983-01-18,female,El Jadida,0622474588,2022-07-18,social_media
C02766,Fassi Fihri,Dounia,dounia.fassifihri43@yahoo.fr,2003-08-03,f,Oujda,0612401196,2023-04-19,mobile
C02767,Berrada,Ilham,ilham.berrada350@gmail.com,1962-08-01,m,El Jadida,0676093866,2022-11-10,marketplace
C02768,Bouazza,Said,said.bouazza536@live.fr,1974-03-15,female,casa,0654315281,2022-09-04,mobile
C02769,Fassi Fihri,Mehdi,mehdi.fassifihri465@live.fr,1962-02-10,1,mkch,0643396251,2025-11-28,referral
C02770,Kettani,Zineb,zineb.kettani241@yahoo.fr,1983-10-09,Femme,El Jadida,0617708195,2024-09-02,social_media
C02771,Fassi Fihri,Wafae,wafae.fassifihri222@outlook.com,1990-06-12,Homme,fes,0647600121,2023-11-01,marketplace
C02772,Kettani,Reda,reda.kettani14@gmail.com,1999-10-02,Femme,Mohammedia,0629436140,2022-02-15,web
C02773,Rahmouni,Meryem,zakaria.amrani407@live.fr,1983-11-14,0,Oujda,0612467794,2025-07-09,web
C02774,Bouzid,Hassan,hassan.bouzid908@gmail.com,1960-07-06,m,Oujda,0686107746,2022-07-02,mobile
C02775,Tahiri,Khalid,khalid.tahiri779@hotmail.com,1984-02-10,Homme,Kénitra,0635541822,2021-09-05,web
C02776,Tazi,Mustapha,mustapha.tazi617@gmail.com,1976-01-11,female,Mohammedia,0695475169,2021-10-22,referral
C02777,Tazi,Reda,reda.tazi6@gmail.com,1988-04-21,h,Nador,0665995065,2023-03-26,mobile
C02778,Tazi,Ali,ali.tazi245@outlook.com,1961-03-23,female,Kénitra,0660515843,2022-09-26,social_media
C02779,Bouzid,Khadija,khadija.bouzid761@yahoo.fr,1972-06-15,male,Tnja,0620892215,2024-08-10,marketplace
C02780,Kettani,Nawal,nawal.kettani346@outlook.com,1999-10-28,f,tanger,0656691095,2024-12-26,mobile
C02781,Skalli,Amine,amine.skalli967@outlook.com,1998-12-04,H,FES,0643457050,2024-12-18,web
C02782,Skalli,Amine,amine.skalli69@gmail.com,2004-09-10,f,Marrakech,0669002170,2023-05-14,mobile
C02783,Cherkaoui,Soufiane,soufiane.cherkaoui946@gmail.com,1965-10-01,female,Fès,0653107574,2024-07-20,marketplace
C02784,Bouazza,Samira,samira.bouazza361@live.fr,1967-11-26,m,Oujda,0621990379,2021-08-13,social_media
C02785,Cherkaoui,Amine,amine.cherkaoui107@gmail.com,1965-11-17,m,TANGER,0613974649,2021-08-06,mobile
C02786,Ziani,Hanane,hanane.ziani978@yahoo.fr,1964-11-25,male,Tanger,0627432227,2023-05-28,social_media
C02787,Benkirane,Rim,rim.benkirane77@yahoo.fr,2004-03-10,1,Oujda,0673488552,2021-02-09,marketplace
C02788,Bouzid,Dounia,dounia.bouzid282@hotmail.com,1963-11-14,male,Fès,0619836409,2023-03-24,web
C02789,Benjelloun,Zakaria,zakaria.benjelloun230@gmail.com,1966-11-23,male,casa,0641952672,2023-10-05,marketplace
C02790,Bouzid,Asmae,asmae.bouzid67@hotmail.com,1972-04-04,Femme,Béni Mellal,0652207890,2024-05-19,web
C02791,Bouazza,Said,said.bouazza99@gmail.com,1974-11-22,Homme,CASA,0642494048,2023-11-14,web
C02792,Kettani,Fatima,fatima.kettani869@live.fr,2003-12-11,H,TANGER,0617182398,2024-12-13,web
C02793,Amrani,Loubna,loubna.amrani110@yahoo.fr,2000-05-16,m,FES,0641959646,2023-08-08,marketplace
C02794,Bouazza,Nawal,nawal.bouazza255@outlook.com,1987-09-25,h,Casablanca,0658695821,2023-03-27,mobile
C02795,Rahmouni,Mustapha,mustapha.rahmouni261@gmail.com,1965-12-04,Femme,Oujda,0663395587,2025-06-20,referral
C02796,Benjelloun,Rim,youssef.tahiri984@hotmail.com,1990-10-05,m,Casablanca,0645822884,2025-02-17,social_media
C02797,Bouzid,Hind,hind.bouzid407@gmail.com,1971-05-03,H,casa,0622131317,2024-11-04,referral
C02798,Bennani,Rachid,rachid.bennani758@hotmail.com,1992-09-24,male,Fès,0637029340,2021-07-17,web
C02799,El Amrani,Amina,amina.elamrani960@outlook.com,1970-04-08,f,Fès,0662368332,2021-03-11,social_media
C02800,Alaoui,Ali,ali.alaoui872@live.fr,1971-12-15,0,Béni Mellal,0635431515,2021-05-03,marketplace
C02801,Bouazza,Hanane,hanane.bouazza148@hotmail.com,1976-03-26,female,Kénitra,0630275090,2021-11-10,web
C02802,Bennani,Houda,houda.bennani245@live.fr,1989-02-20,female,Safi,0655953395,2025-05-05,web
C02803,Skalli,Dounia,dounia.skalli680@hotmail.com,2001-01-28,h,Kénitra,0683470479,2025-06-12,social_media
C02804,Amrani,Driss,driss.amrani688@yahoo.fr,1989-03-08,male,Mohammedia,0623360701,2025-12-21,social_media
C02805,Berrada,Meryem,meryem.berrada88@hotmail.com,1964-04-21,h,Casablanca,0613943458,2022-01-04,social_media
C02806,Filali,Ali,ali.filali890@hotmail.com,1978-12-24,m,Tétouan,0628714500,2021-03-07,mobile
C02807,Bennani,Hamza,hamza.bennani805@outlook.com,1990-01-25,H,Fès,0688486054,2025-05-07,web
C02808,Sefrioui,Mohamed,mohamed.sefrioui900@live.fr,1967-04-04,Femme,tanger,0634938155,2024-12-18,mobile
C02809,Sefrioui,Youssef,youssef.sefrioui830@live.fr,1974-02-15,m,Safi,0690338434,2025-05-09,referral
C02810,Benkirane,Sara,sara.benkirane455@hotmail.com,1974-09-04,m,Mohammedia,0638033411,2021-04-26,social_media
C02811,Ziani,Rachid,rachid.ziani174@outlook.com,1991-01-01,Homme,Meknès,0653205954,2023-04-12,referral
C02812,Benjelloun,Mehdi,mehdi.benjelloun684@gmail.com,1971-10-21,H,Casablanca,0617779113,2022-09-11,mobile
C02813,Benjelloun,Sanae,sanae.benjelloun606@outlook.com,1982-04-15,female,Nador,0649565649,2021-06-14,web
C02814,Cherkaoui,Karim,karim.cherkaoui@@outlook.com,2002-12-13,m,tanger,0623404218,2022-04-03,referral
C02815,Naciri,Meryem,meryem.naciri107@gmail.com,1961-10-08,male,Nador,0625312753,2024-04-24,mobile
C02816,Amrani,Youssef,youssef.amrani638@outlook.com,1991-10-21,female,mkch,0623089264,2022-01-14,referral
C02817,Alaoui,Khadija,khadija.alaoui530@yahoo.fr,1971-05-15,Homme,MARRAKECH,0667928247,2023-03-10,referral
C02818,Amrani,Mustapha,mustapha.amrani901@yahoo.fr,1981-03-19,1,mkch,0639372653,2025-01-11,social_media
C02819,Haddad,Rim,rim.haddad25@hotmail.com,1962-10-12,f,Fès,0698776018,2024-09-27,referral
C02820,Skalli,Karim,karim.skalli943@gmail.com,1986-09-28,Femme,casa,0668443141,2023-05-11,marketplace
C02821,Tahiri,Rim,rim.tahiri845@gmail.com,1980-05-02,H,Agadir,0699386494,2023-02-12,marketplace
C02822,Alaoui,Rachid,rachid.alaoui50@hotmail.com,1998-12-20,h,tanger,0619603857,2022-01-01,mobile
C02823,Tazi,Ghita,ghita.tazi358@gmail.com,1961-10-03,Homme,El Jadida,0658231212,2023-05-14,marketplace
C02824,Bennani,Mohamed,hind.elouazzani881@yahoo.fr,1976-10-15,m,Tétouan,0638327520,2024-09-26,marketplace
C02825,Rahmouni,Sanae,soufiane.bouazza790@hotmail.com,1978-07-14,female,Tnja,0666646837,2022-06-15,web
C02826,Sefrioui,Mehdi,mehdi.sefrioui617@outlook.com,2002-02-26,m,TNG,0698298518,2024-06-06,marketplace
C02827,El Idrissi,Soufiane,soufiane.elidrissi338@live.fr,1961-08-28,Femme,Marrakech,0619550416,2021-08-09,social_media
C02828,Rahmouni,Hanane,hanane.rahmouni900@outlook.com,1962-12-08,female,fes,0626326206,2022-12-08,referral
C02829,Bennani,Mustapha,mustapha.bennani315@yahoo.fr,1978-05-13,1,TNG,0659053049,2025-07-10,referral
C02830,Benjelloun,Houda,houda.benjelloun965@gmail.com,1964-02-28,Homme,TNG,0627045008,2022-08-21,marketplace
C02831,El Amrani,Dounia,dounia.elamrani956@outlook.com,1989-12-23,Homme,Agadir,0645722680,2023-10-03,marketplace
C02832,El Mansouri,Wafae,wafae.elmansouri589@gmail.com,1994-05-13,m,FES,0696484637,2022-10-05,marketplace
C02833,Kettani,Loubna,loubna.kettani660@gmail.com,2000-11-26,H,tanger,0644177652,2024-07-26,referral
C02834,El Ouazzani,Mehdi,mehdi.elouazzani330@gmail.com,1966-09-15,H,Safi,0682239849,2021-07-05,referral
C02835,Chraibi,Nabil,nabil.chraibi436@outlook.com,1965-10-04,female,Casablanca,0631969004,2025-04-12,social_media
C02836,Skalli,Amina,amina.skalli216@live.fr,1960-09-26,h,Tnja,0670062387,2023-07-25,marketplace
C02837,Bouazza,Fatima,fatima.bouazza752@outlook.com,2002-07-16,Femme,RABAT,0647241745,2021-11-10,social_media
C02838,Benali,Mustapha,mustapha.benali35@yahoo.fr,1963-03-12,f,FES,0658315061,2021-12-03,marketplace
C02839,Haddad,Laila,laila.haddad656@gmail.com,1980-08-26,Homme,casa,0662270113,2023-03-12,mobile
C02840,Tahiri,Rachid,rachid.tahiri366@yahoo.fr,1984-11-14,H,Casablanca,0655401023,2022-04-27,marketplace
C02841,Naciri,Fatima,fatima.naciri579@gmail.com,2026-03-16,Femme,mkch,0693889776,2024-03-17,mobile
C02842,Skalli,Brahim,brahim.skalli510@live.fr,1970-12-21,H,Tnja,0641508318,2024-07-01,social_media
C02843,Benkirane,Ilham,ilham.benkirane797@hotmail.com,1971-11-25,m,Meknès,0658366530,2025-05-07,web
C02844,Haddad,Mustapha,mustapha.haddad443@gmail.com,2003-09-09,male,FES,0624250019,2022-05-16,social_media
C02845,Tazi,Wafae,wafae.tazi399@gmail.com,2003-08-26,h,Tnja,0633613185,2022-06-20,marketplace
C02846,Haddad,Khalid,khalid.haddad438@yahoo.fr,1969-04-02,f,tanger,0612836662,2024-11-02,referral
C02847,Filali,Mehdi,mehdi.filali19@live.fr,1971-07-19,Homme,tanger,0647769761,2022-05-20,web
C02848,Naciri,Meryem,meryem.naciri655@live.fr,2004-03-19,male,Marrakech,0615291726,2023-07-09,mobile
C02849,Benkirane,Amine,amine.benkirane474@live.fr,1982-10-12,1,Tétouan,0629473006,2021-02-21,web
C02850,Ziani,Sara,sara.ziani618@yahoo.fr,1997-05-05,m,Casablanca,0635351691,2022-10-10,referral
C02851,Lahlou,Hanane,hanane.lahlou543@hotmail.com,1975-05-21,Homme,tanger,0653554139,2025-11-25,web
C02852,Benali,Fatima,fatima.benali487@outlook.com,1996-04-27,1,Rabat,0658016392,2021-07-06,web
C02853,Lahlou,Samira,samira.lahlou435@hotmail.com,2001-11-10,0,Tétouan,0672525707,2025-04-23,mobile
C02854,Naciri,Reda,reda.naciri604@outlook.com,1996-05-28,female,Fès,0633013870,2025-02-26,referral
C02855,Fassi Fihri,Rim,rim.fassifihri492@outlook.com,1965-01-10,H,El Jadida,0632199093,2021-08-13,referral
C02856,Rahmouni,Driss,driss.rahmouni188@yahoo.fr,1974-02-22,male,RABAT,0612449416,2025-01-05,marketplace
C02857,Naciri,Ahmed,ahmed.naciri826@outlook.com,1977-04-26,m,casa,0634163541,2022-08-02,social_media
C02858,El Idrissi,Zakaria,zakaria.elidrissi406@live.fr,1973-06-07,Homme,Tanger,0614073573,2021-11-03,web
C02859,El Mansouri,Loubna,loubna.elmansouri454@outlook.com,1990-01-23,Femme,Rabat,0618805293,2021-12-23,social_media
C02860,Tazi,Mehdi,mehdi.tazi425@yahoo.fr,1880-12-23,female,Kénitra,0638598382,2024-04-15,mobile
C02861,Rahmouni,Hanane,houda.alaoui983@gmail.com,1996-03-14,m,Fès,0684034981,2022-02-27,referral
C02862,Tahiri,Houda,houda.tahiri1@gmail.com,2004-10-14,Homme,El Jadida,0697285554,2024-01-06,marketplace
C02863,Amrani,Laila,laila.amrani740@live.fr,1995-12-28,Femme,tanger,0655494683,2021-01-10,web
C02864,Tahiri,Said,said.tahiri725@gmail.com,2000-07-02,0,casa,0690587725,2022-08-13,mobile
C02865,Rahmouni,Laila,wafae.haddad160@gmail.com,1981-07-05,female,Tétouan,0611104601,2023-08-12,marketplace
C02866,Bouzid,Hassan,hassan.bouzid397@gmail.com,1986-02-25,Homme,RABAT,0644608384,2024-06-28,web
C02867,Kettani,Houda,houda.kettani813@gmail.com,1984-01-12,female,fes,0686171554,2025-01-03,social_media
C02868,Lahlou,Samira,samira.lahlou571@gmail.com,1980-01-09,female,TANGER,0622268646,2023-12-10,marketplace
C02869,Tahiri,Laila,laila.tahiri997@live.fr,2000-01-17,1,RABAT,0656512963,2025-01-23,web
C02870,Amrani,Amine,amine.amrani674@live.fr,1976-10-15,female,Agadir,0644196876,2021-05-05,web
C02871,El Amrani,Brahim,brahim.elamrani302@gmail.com,1984-11-18,H,Tanger,0611424006,2021-08-21,web
C02872,Benjelloun,Ahmed,ahmed.benjelloun369@outlook.com,2001-08-13,0,Kénitra,0616358098,2024-12-04,marketplace
C02873,Rahmouni,Nabil,houda.skalli183@hotmail.com,1967-12-24,f,Safi,0670233917,2025-01-01,social_media
C02874,Sefrioui,Houda,houda.sefrioui372@yahoo.fr,1990-08-26,Homme,CASA,0675512214,2021-07-14,mobile
C02875,Tahiri,Ilham,ilham.tahiri567@hotmail.com,1973-01-21,1,FES,0658637865,2025-03-04,mobile
C02876,Tahiri,Hamza,hamza.tahiri497@live.fr,1977-12-02,Femme,fes,0623724851,2025-11-19,mobile
C02877,Lahlou,Khadija,khadija.lahlou828@live.fr,1985-10-24,h,Mohammedia,0622160682,2025-09-01,mobile
C02878,Skalli,Houda,houda.skalli63@hotmail.com,1880-03-12,male,RABAT,0619376920,2024-11-02,social_media
C02879,Naciri,Houda,houda.naciri736@outlook.com,1981-10-12,m,Fès,0626542297,2025-02-11,social_media
C02880,Filali,Khalid,khalid.filali723@outlook.com,1982-09-28,f,El Jadida,0661775882,2024-12-07,web
C02881,Amrani,Ali,ali.amrani500@live.fr,1971-06-28,male,Casablanca,0683763349,2023-06-02,web
C02882,Alaoui,Rachid,rachid.alaoui573@outlook.com,2001-09-16,h,Oujda,0695362380,2021-09-07,marketplace
C02883,Bennani,Khadija,khadija.bennani399@outlook.com,1975-12-25,m,Meknès,0610780585,2025-04-01,marketplace
C02884,Naciri,Karim,karim.naciri2@outlook.com,1991-01-13,Femme,FES,0642880141,2023-10-28,social_media
C02885,El Mansouri,Mohamed,mohamed.elmansouri905@outlook.com,1995-04-02,Homme,fes,0626976965,2023-08-01,social_media
C02886,Alaoui,Wafae,wafae.alaoui436@outlook.com,1880-06-21,1,Oujda,0683204910,2021-02-20,marketplace
C02887,El Mansouri,Samira,samira.elmansouri925@hotmail.com,1991-05-01,female,TANGER,0632093578,2024-03-17,referral
C02888,El Ouazzani,Mohamed,mohamed.naciri872@outlook.com,1980-06-02,1,TANGER,0631072329,2021-04-11,marketplace
C02889,Rahmouni,Ahmed,ahmed.rahmouni523@live.fr,2006-06-04,female,mkch,0626154968,2022-10-24,referral
C02890,Sefrioui,Meryem,meryem.sefrioui767@yahoo.fr,2005-01-16,m,Fès,0646889531,2023-11-02,marketplace
C02891,Ziani,Adil,adil.ziani222@hotmail.com,1969-07-18,h,Béni Mellal,0670139403,2025-10-09,mobile
C02892,Cherkaoui,Driss,driss.cherkaoui959@live.fr,1963-07-02,m,FES,0665226257,2023-07-07,web
C02893,El Mansouri,Omar,omar.elmansouri489@hotmail.com,2001-06-18,f,casa,0667747693,2021-10-08,social_media
C02894,Chraibi,Nadia,nadia.chraibi992@hotmail.com,1979-12-11,Homme,Oujda,0666467130,2025-05-12,referral
C02895,Bennani,Nawal,nawal.bennani328@live.fr,2001-02-18,H,El Jadida,0687703734,2024-10-18,social_media
C02896,Amrani,Sara,sara.amrani@,1993-11-25,m,Kénitra,0686503747,2022-02-22,social_media
C02897,Skalli,Omar,omar.skalli744@live.fr,1961-05-08,m,Tanger,0667544693,2025-07-13,referral
C02898,Rahmouni,Youssef,youssef.rahmouni399@hotmail.com,1992-10-14,female,Nador,0677574005,2024-04-14,web
C02899,Cherkaoui,Mustapha,mustapha.cherkaoui864@gmail.com,1962-10-15,H,Fès,0687952181,2021-02-20,referral
C02900,Kettani,Nabil,nabil.kettani371@outlook.com,1960-10-17,m,El Jadida,0671793066,2024-04-13,referral
C02901,Fassi Fihri,Dounia,dounia.fassifihri901@gmail.com,2026-07-28,H,El Jadida,0618495389,2025-11-17,mobile
C02902,El Mansouri,Youssef,youssef.elmansouri176@yahoo.fr,1961-07-18,1,Nador,0690098829,2021-11-15,mobile
C02903,El Idrissi,Hassan,hassan.elidrissi806@live.fr,1962-09-02,h,Tanger,0684996123,2025-04-09,web
C02904,Tahiri,Nawal,nawal.tahiri931@yahoo.fr,1977-09-08,Homme,Tnja,0652724097,2022-05-14,referral
C02905,Tahiri,Nabil,nabil.tahiri62@outlook.com,2004-01-14,1,Casablanca,0665703311,2024-12-24,marketplace
C02906,Haddad,Imad,imad.haddad651@outlook.com,2006-09-01,h,Tanger,0633216712,2022-08-17,marketplace
C02907,El Ouazzani,Sara,sara.elouazzani429@hotmail.com,1978-02-11,f,TNG,0695443500,2023-08-18,web
C02908,Cherkaoui,Nabil,nabil.cherkaoui839@yahoo.fr,1981-07-05,f,fes,0690837837,2023-08-20,marketplace
C02909,Amrani,Laila,laila.amrani509@gmail.com,1962-06-21,0,Kénitra,0668344499,2025-08-14,mobile
C02910,Benali,Hassan,hassan.benali534@outlook.com,1967-06-15,m,Tétouan,0661834221,2024-05-14,mobile
C02911,Naciri,Driss,driss.naciri679@live.fr,1981-11-28,female,CASA,0654842190,2023-03-09,referral
C02912,El Ouazzani,Hind,hind.elouazzani183@live.fr,2005-07-16,1,Mohammedia,0668177314,2025-05-02,web
C02913,El Idrissi,Rachid,rachid.elidrissi168@live.fr,2002-09-17,0,Kénitra,0628113838,2022-04-20,mobile
C02914,Filali,Dounia,dounia.filali400@live.fr,2001-09-24,h,Fès,0665335261,2024-03-19,social_media
C02915,Amrani,Khadija,khadija.amrani382@outlook.com,1979-04-16,Femme,Casablanca,0687795602,2021-12-10,mobile
C02916,Amrani,Mustapha,mustapha.amrani664@gmail.com,1987-07-28,Femme,Rabat,0614882253,2023-07-21,referral
C02917,El Mansouri,Meryem,meryem.elmansouri581@gmail.com,1987-07-12,h,Casablanca,0655609668,2025-06-10,marketplace
C02918,Bennani,Sara,sara.bennani486@gmail.com,2001-12-28,m,FES,0697351052,2024-12-10,mobile
C02919,Bouazza,Fatima,fatima.bouazza842@hotmail.com,1992-08-22,Femme,Casablanca,0636614713,2022-01-16,mobile
C02920,Lahlou,Khalid,khalid.lahlou908@live.fr,2003-11-13,male,Casablanca,0676395871,2021-02-27,web
C02921,Alaoui,Rachid,rachid.alaoui35@yahoo.fr,1989-07-26,1,Agadir,0687216593,2023-04-10,marketplace
C02922,Skalli,Asmae,asmae.skalli690@outlook.com,1972-05-16,1,FES,0645350739,2024-11-28,web
C02923,Alaoui,Adil,adil.alaoui383@live.fr,1995-09-24,1,Oujda,0690464283,2024-06-12,referral
C02924,Ziani,Said,said.ziani267@gmail.com,1993-12-26,1,Fès,0623283516,2022-04-02,social_media
C02925,Tahiri,Laila,laila.tahiri933@gmail.com,1991-08-23,0,Fès,0648556228,2023-05-21,mobile
C02926,Ziani,Omar,omar.ziani696@yahoo.fr,2006-05-23,Homme,tanger,0673410883,2021-05-28,social_media
C02927,Bouazza,Imad,imad.bouazza936@yahoo.fr,1992-04-22,male,FES,0611365332,2023-02-19,social_media
C02928,Ouahbi,Soufiane,soufiane.ouahbi33@gmail.com,1971-10-17,f,Meknès,0643236400,2022-10-19,web
C02929,Berrada,Rachid,rachid.berrada515@hotmail.com,1990-01-28,f,Safi,0689475621,2022-05-17,web
C02930,Lahlou,Imad,imad.lahlou587@live.fr,1976-04-09,female,FES,0625700305,2023-07-12,mobile
C02931,El Mansouri,Sara,sara.elmansouri282@yahoo.fr,1961-07-28,0,rbt,0642123713,2022-02-24,referral
C02932,El Mansouri,Imad,imad.elmansouri956@yahoo.fr,1980-10-01,0,CASA,0626577507,2024-04-23,mobile
C02933,Bouazza,Ahmed,ahmed.bouazza187@gmail.com,1992-02-11,f,Marrakech,0676543273,2023-05-25,referral
C02934,Filali,Mehdi,mehdi.filali54@outlook.com,1999-06-21,female,Tanger,0627467836,2021-11-13,social_media
C02935,El Ouazzani,Houda,houda.elouazzani955@hotmail.com,1972-03-14,male,mkch,0610445154,2023-08-05,social_media
C02936,Benjelloun,Khadija,khadija.benjelloun493@gmail.com,1975-08-20,female,RABAT,0699061502,2025-08-16,marketplace
C02937,Cherkaoui,Imad,imad.cherkaoui637@live.fr,1966-09-10,h,El Jadida,0624445761,2023-05-09,referral
C02938,Sefrioui,Karim,karim.sefrioui997@outlook.com,1969-12-20,Femme,TNG,0657231543,2021-02-14,web
C02939,Skalli,Brahim,brahim.skalli951@outlook.com,1991-02-12,1,TANGER,0635913040,2023-12-08,mobile
C02940,El Ouazzani,Imad,imad.elouazzani73@hotmail.com,1981-07-03,h,Meknès,0622719551,2025-07-24,social_media
C02941,Bennani,Imad,imad.bennani3,2002-10-25,1,TNG,0680035330,2025-06-27,social_media
C02942,Lahlou,Mohamed,mohamed.lahlou965@hotmail.com,2001-07-07,f,CASA,0610375330,2021-10-23,marketplace
C02943,Benali,Hanane,hanane.benali214@live.fr,2003-03-23,male,CASA,0661646980,2024-05-22,mobile
C02944,El Amrani,Zakaria,zakaria.elamrani325@outlook.com,2002-05-25,h,Fès,0627984869,2022-09-16,web
C02945,Haddad,Nabil,nabil.haddad318@gmail.com,1967-10-23,0,CASA,0646261057,2025-07-22,marketplace
C02946,Filali,Wafae,wafae.filali649@hotmail.com,1890-08-15,male,Tétouan,0640671219,2021-06-15,social_media
C02947,Bouazza,Mohamed,mohamed.bouazza329@gmail.com,2001-02-26,female,Fès,0697648244,2021-04-03,referral
C02948,Alaoui,Omar,omar.alaoui593@yahoo.fr,1987-02-20,female,RABAT,0671622008,2024-07-24,social_media
C02949,Tahiri,Meryem,meryem.tahiri734@gmail.com,1960-03-13,Femme,Tanger,0660800081,2023-06-15,marketplace
C02950,Ouahbi,Adil,adil.ouahbi764@yahoo.fr,1990-08-10,male,Fès,0610364374,2021-01-11,social_media
C02951,Alaoui,Driss,driss.alaoui250@hotmail.com,2004-03-04,1,Fès,0695425274,2023-12-16,web
C02952,Benali,Salma,salma.benali226@yahoo.fr,1960-06-07,male,Kénitra,0690048927,2023-03-18,web
C02953,Tazi,Loubna,loubna.tazi593@hotmail.com,1967-06-28,male,MARRAKECH,0616775479,2021-08-04,social_media
C02954,Haddad,Khalid,khalid.haddad444@hotmail.com,1977-02-04,m,Nador,0687057084,2024-11-27,social_media
C02955,El Amrani,Adil,adil.elamrani609@gmail.com,1999-07-22,0,Mohammedia,0646392477,2021-09-15,referral
C02956,Ouahbi,Ahmed,ahmed.ouahbi620@hotmail.com,1991-09-17,1,Tanger,0670709172,2023-12-16,referral
C02957,Berrada,Zakaria,zakaria.berrada467@hotmail.com,1994-11-14,Homme,TNG,0677407019,2022-08-09,mobile
C02958,Alaoui,Sara,sara.alaoui731@live.fr,1981-10-12,m,Tétouan,0636091819,2021-02-26,mobile
C02959,Tahiri,Omar,omar.tahiri856@gmail.com,1964-05-01,f,RABAT,0634496186,2025-03-18,marketplace
C02960,El Mansouri,Hind,hind.elmansouri657@gmail.com,1996-05-22,h,MARRAKECH,0639073687,2022-11-26,web
C02961,Chraibi,Brahim,brahim.chraibi552@outlook.com,1999-02-12,0,Fès,0620007391,2021-09-24,mobile
C02962,Rahmouni,Brahim,brahim.rahmouni283@gmail.com,1979-05-20,m,Meknès,0656589213,2023-01-25,referral
C02963,Haddad,Amine,amine.haddad262@live.fr,2005-11-03,0,Tnja,0668252505,2025-11-06,referral
C02964,Haddad,Fatima,fatima.haddad981@outlook.com,1964-05-10,H,fes,0667262776,2021-07-21,social_media
C02965,Filali,Mustapha,mustapha.filali856@hotmail.com,1990-01-18,female,Tanger,0679642700,2021-06-24,marketplace
C02966,El Amrani,Laila,laila.elamrani639@yahoo.fr,2004-06-23,m,Casablanca,0610907671,2024-03-10,web
C02967,Tazi,Mehdi,mehdi.tazi765@gmail.com,1997-09-20,Femme,Rabat,0630445510,2024-03-25,marketplace
C02968,El Ouazzani,Ghita,ghita.elouazzani661@yahoo.fr,1982-09-07,male,Tnja,0690407654,2022-06-03,referral
C02969,Berrada,Mohamed,mohamed.berrada218@hotmail.com,1988-08-23,male,Fès,0653939374,2024-01-18,referral
C02970,Fassi Fihri,Soufiane,soufiane.fassifihri177@live.fr,1976-04-23,male,Safi,0634405556,2023-05-18,web
C02971,Alaoui,Imad,imad.alaoui321@gmail.com,1966-11-12,f,El Jadida,0683238143,2021-04-20,marketplace
C02972,Fassi Fihri,Sara,sara.fassifihri@,1980-03-27,0,Kénitra,0639576903,2023-03-22,mobile
C02973,Naciri,Rachid,rachid.naciri757@gmail.com,1996-07-11,1,RABAT,0610870749,2024-03-18,social_media
C02974,Lahlou,Karim,karim.lahlou431@gmail.com,2006-09-02,m,Nador,0692288936,2023-09-06,marketplace
C02975,Benkirane,Soufiane,soufiane.benkirane389@live.fr,1971-10-07,1,TNG,0667414769,2024-01-25,mobile
C02976,Ouahbi,Nawal,nadia.benkirane799@yahoo.fr,1968-11-05,H,Safi,0637227505,2024-03-25,web
C02977,Lahlou,Rim,rim.lahlou87@gmail.com,1961-04-27,m,CASA,0648332285,2023-02-27,social_media
C02978,Filali,Said,said.filali522@live.fr,1975-08-19,male,RABAT,0611060515,2025-09-16,referral
C02979,Amrani,Said,said.amrani553@hotmail.com,2005-03-21,H,Rabat,0692106739,2022-11-28,social_media
C02980,El Ouazzani,Samira,samira.elouazzani778@hotmail.com,1978-06-04,Femme,El Jadida,0661465683,2022-11-11,mobile
C02981,Alaoui,Amina,amina.alaoui804@hotmail.com,1968-10-19,H,Tétouan,0679498850,2024-02-07,web
C02982,El Amrani,Reda,reda.elamrani938@gmail.com,1998-10-09,male,MARRAKECH,0661584555,2023-02-02,referral
C02983,Haddad,Omar,omar.haddad391@gmail.com,1979-12-06,1,RABAT,0676486755,2024-09-12,web
C02984,Chraibi,Sara,sara.chraibi369@gmail.com,1971-06-21,0,CASA,0661448256,2021-11-19,referral
C02985,Cherkaoui,Omar,omar.cherkaoui561@hotmail.com,1960-11-18,Femme,Casablanca,0614167756,2025-09-13,referral
C02986,El Ouazzani,Mohamed,mohamed.elouazzani611@yahoo.fr,1961-04-25,f,Oujda,0678128034,2024-09-01,marketplace
C02987,Sefrioui,Dounia,dounia.sefrioui801@yahoo.fr,1967-04-06,Homme,fes,0676350662,2024-12-23,social_media
C02988,Ouahbi,Nadia,nadia.ouahbi795@hotmail.com,1992-01-26,H,Rabat,0649867888,2023-04-17,mobile
C02989,Kettani,Brahim,brahim.kettani338@outlook.com,1971-02-18,h,rbt,0614422092,2021-09-25,web
C02990,Benjelloun,Hanane,hanane.benjelloun613@hotmail.com,1967-03-13,female,Fès,0669158496,2023-10-23,marketplace
C02991,Bennani,Mehdi,mehdi.bennani110@hotmail.com,1961-05-06,1,Marrakech,0652240254,2022-03-16,referral
C02992,Ouahbi,Ahmed,ahmed.ouahbi326@live.fr,1976-02-13,f,Béni Mellal,0670871468,2023-03-28,mobile
C02993,Benkirane,Meryem,meryem.benkirane10@gmail.com,1880-08-20,h,Casablanca,0640266432,2022-06-03,social_media
C02994,Berrada,Houda,houda.berrada@@live.fr,1996-11-18,0,Agadir,0610655679,2021-10-10,web
C02995,Bouzid,Laila,laila.bouzid85@outlook.com,1989-08-05,h,El Jadida,0694928765,2024-03-02,marketplace
C02996,Benkirane,Brahim,brahim.benkirane754@outlook.com,1982-04-08,m,Casablanca,0625037081,2022-06-01,social_media
C02997,Berrada,Asmae,asmae.berrada37@gmail.com,1967-08-08,Femme,Tétouan,0620015089,2021-06-22,marketplace
C02998,El Amrani,Karim,karim.elamrani606@gmail.com,1997-03-10,1,FES,0622531026,2021-08-10,mobile
C02999,El Amrani,Imad,imad.elamrani346@outlook.com,1974-11-17,male,Kénitra,0636925774,2023-08-09,mobile
C03000,Skalli,Wafae,@gmail.com,1991-06-02,H,Fès,0667784036,2021-12-10,referral
C03001,Benjelloun,Amine,amine.benjelloun6@yahoo.fr,2000-06-28,male,Kénitra,0648984039,2023-09-23,social_media
C03002,Bouazza,Zineb,zineb.bouazza101@gmail.com,1973-03-01,1,casa,0624114417,2021-07-12,referral
C03003,Alaoui,Driss,driss.alaoui864@gmail.com,1989-06-04,male,mkch,0671938372,2025-03-13,social_media
C03004,Benjelloun,Fatima,fatima.benjelloun907@gmail.com,1992-11-10,male,Fès,0667885778,2022-12-20,marketplace
C03005,Benkirane,Imad,hamza.chraibi89@hotmail.com,1961-04-13,female,tanger,0675483005,2023-04-10,social_media
C03006,Benjelloun,Meryem,meryem.benjelloun740@hotmail.com,1997-08-10,Homme,tanger,0649808052,2023-04-03,marketplace
C03007,Alaoui,Nawal,nawal.alaoui51@gmail.com,2006-10-12,H,Tanger,0652296734,2023-08-07,social_media
C03008,Berrada,Laila,laila.berrada608@hotmail.com,1999-01-19,female,Rabat,0653406228,2025-03-09,web
C03009,Benjelloun,Salma,salma.benjelloun453@yahoo.fr,2025-02-16,male,Béni Mellal,0632469193,2021-07-01,mobile
C03010,Skalli,Said,said.skalli193@gmail.com,1971-09-01,0,Béni Mellal,0619296436,2025-06-10,social_media
C03011,Bennani,Soufiane,soufiane.bennani254@outlook.com,1995-05-18,f,Casablanca,0669808943,2022-09-04,mobile
C03012,Filali,Nadia,nadia.filali634@outlook.com,1994-03-26,h,mkch,0698712431,2025-07-21,marketplace
C03013,Berrada,Amine,amine.berrada292@outlook.com,1990-07-09,m,fes,0657728178,2024-09-27,social_media
C03014,Benkirane,Youssef,youssef.benkirane60@yahoo.fr,1979-04-26,Homme,FES,0630836326,2025-10-19,marketplace
C03015,Ziani,Mohamed,nabil.chraibi319@outlook.com,1966-05-08,h,Safi,0630552542,2025-11-28,marketplace
C03016,Alaoui,Amina,amina.alaoui962@hotmail.com,1981-10-04,0,TANGER,0685537487,2025-02-28,referral
C03017,Fassi Fihri,Ali,ali.fassifihri829@hotmail.com,1981-04-01,H,Casablanca,0612009221,2024-08-08,referral
C03018,Amrani,Youssef,youssef.amrani@@live.fr,1997-03-23,H,Mohammedia,0696797358,2021-10-28,web
C03019,Alaoui,Samira,samira.alaoui593@gmail.com,1979-06-23,female,tanger,0668585158,2023-01-28,referral
C03020,El Mansouri,Salma,salma.elmansouri466@live.fr,1975-02-25,0,TANGER,0660017373,2023-12-26,social_media
C03021,Skalli,Driss,driss.skalli640@outlook.com,1970-12-16,h,RABAT,0640650223,2022-03-09,social_media
C03022,El Amrani,Nadia,adil.bouazza306@yahoo.fr,2003-02-09,h,El Jadida,0651364717,2021-11-08,mobile
C03023,Bouzid,Nabil,nabil.bouzid154@hotmail.com,2004-09-03,H,Mohammedia,0694190390,2024-01-12,web
C03024,Rahmouni,Hanane,hanane.rahmouni698@hotmail.com,1988-05-24,m,Béni Mellal,0681687404,2022-08-08,web
C03025,Sefrioui,Ahmed,ahmed.sefrioui295@hotmail.com,1967-07-24,Homme,Casablanca,0626687988,2025-03-14,web
C03026,El Ouazzani,Hassan,hassan.elouazzani26@hotmail.com,1974-12-12,male,TANGER,0653435937,2023-02-09,marketplace
C03027,Ouahbi,Asmae,asmae.ouahbi925@outlook.com,1985-09-18,Homme,CASA,0664294421,2023-10-06,social_media
C03028,Tahiri,Imad,imad.tahiri559@gmail.com,1995-04-02,m,casa,0699643450,2021-05-18,marketplace
C03029,Bouzid,Amine,amine.bouzid11@outlook.com,1976-02-17,Femme,Fès,0627429420,2025-01-25,marketplace
C03030,Rahmouni,Khalid,khalid.rahmouni540@live.fr,2004-07-02,1,Mohammedia,0668241151,2025-08-07,mobile
C03031,Cherkaoui,Brahim,brahim.cherkaoui88@live.fr,1972-09-24,f,mkch,0610906671,2021-05-11,mobile
C03032,Sefrioui,Imad,imad.sefrioui582@yahoo.fr,1976-10-06,0,Meknès,0664643010,2024-04-18,referral
C03033,Amrani,Nadia,nadia.amrani910@hotmail.com,1995-02-18,female,MARRAKECH,0637855920,2021-06-12,referral
C03034,Benkirane,Zakaria,zakaria.benkirane955@gmail.com,1963-11-08,0,tanger,0619753625,2022-09-10,social_media
C03035,Bouzid,Rim,rim.bouzid524@hotmail.com,1986-12-22,m,Tanger,0619523473,2023-09-17,web
C03036,Amrani,Mohamed,mohamed.amrani428@gmail.com,1975-08-20,h,TNG,0682483854,2022-10-21,marketplace
C03037,Amrani,Wafae,wafae.amrani915@live.fr,2001-09-04,m,Agadir,0656757695,2023-07-19,mobile
C03038,Benali,Sara,sara.benali529@live.fr,1988-03-21,male,mkch,0623305397,2023-09-14,web
C03039,Benali,Soufiane,soufiane.benali54@hotmail.com,2003-10-09,1,TANGER,0621361832,2024-08-02,marketplace
C03040,Ouahbi,Meryem,meryem.ouahbi909@live.fr,1970-01-18,1,Mohammedia,0648247784,2022-07-05,referral
C03041,Skalli,Zakaria,zakaria.skalli220@hotmail.com,1964-08-08,male,TANGER,0664657165,2022-08-15,web
C03042,Haddad,Nadia,nadia.haddad723@gmail.com,1987-06-25,Femme,FES,0665416446,2024-05-03,referral
C03043,Amrani,Imad,imad.amrani954@outlook.com,1983-07-25,male,tanger,0657452078,2021-09-09,mobile
C03044,Kettani,Nabil,nabil.kettani371@live.fr,1992-04-14,female,Tétouan,0678861681,2021-09-22,mobile
C03045,Benkirane,Hassan,hassan.benkirane195@hotmail.com,1968-05-09,h,El Jadida,0657165100,2023-01-06,social_media
C03046,Berrada,Youssef,youssef.berrada832@outlook.com,1995-09-03,f,MARRAKECH,0610452009,2024-02-24,mobile
C03047,Cherkaoui,Adil,adil.cherkaoui66,2000-03-14,1,tanger,0678787591,2025-09-01,social_media
C03048,Alaoui,Amine,amine.alaoui796@outlook.com,1960-08-28,H,Tnja,0637732716,2025-04-20,web
C03049,El Mansouri,Driss,driss.elmansouri693@hotmail.com,1962-02-13,m,Meknès,0658974409,2023-08-12,marketplace
C03050,Bouzid,Zakaria,zakaria.skalli220@hotmail.com,1960-06-13,0,tanger,0674269483,2021-06-11,mobile
C03051,Filali,Imad,wafae.rahmouni98@gmail.com,1984-02-14,Homme,RABAT,0635995111,2021-11-11,web
C03052,Alaoui,Khalid,khalid.alaoui299@yahoo.fr,1965-09-03,1,Mohammedia,0661951154,2023-04-08,referral
C03053,El Ouazzani,Samira,loubna.lahlou316@outlook.com,1971-07-01,Femme,Oujda,0680449660,2023-04-08,referral
C03054,El Mansouri,Imad,imad.elmansouri976@live.fr,2005-12-27,h,RABAT,0652979487,2021-09-15,referral
C03055,El Idrissi,Zineb,zineb.elidrissi198@gmail.com,1976-06-04,Homme,Meknès,0626232261,2022-12-13,referral
C03056,Haddad,Rim,rim.haddad162@hotmail.com,1998-11-23,m,Oujda,0619416082,2023-05-07,mobile
C03057,Benjelloun,Mehdi,mehdi.benjelloun852@yahoo.fr,1990-03-11,Femme,Tanger,0684761345,2024-07-26,social_media
C03058,Bennani,Karim,karim.bennani964@hotmail.com,1988-12-03,male,TNG,0617060670,2023-02-26,marketplace
C03059,Kettani,Khalid,khalid.kettani978@outlook.com,2002-12-21,female,Safi,0627797295,2022-12-05,marketplace
C03060,Kettani,Hind,hind.kettani82@outlook.com,1997-02-26,0,Nador,0691173721,2022-01-27,marketplace
C03061,Alaoui,Soufiane,soufiane.alaoui722@live.fr,1995-12-17,1,Fès,0688920763,2022-07-27,social_media
C03062,El Idrissi,Rachid,rachid.elidrissi397@outlook.com,1992-10-19,0,TNG,0611094670,2024-10-28,referral
C03063,Chraibi,Loubna,loubna.chraibi935@live.fr,1975-06-19,0,Marrakech,0693647651,2021-12-24,marketplace
C03064,El Mansouri,Dounia,dounia.elmansouri478@yahoo.fr,1979-05-11,Homme,Mohammedia,0665292979,2022-08-18,web
C03065,Benjelloun,Said,said.benjelloun563@hotmail.com,1965-10-08,female,Mohammedia,0661248326,2025-02-09,web
C03066,Fassi Fihri,Reda,reda.fassifihri234@gmail.com,1967-11-01,H,casa,0659939511,2025-11-21,referral
C03067,Alaoui,Nabil,nabil.alaoui31@yahoo.fr,1998-11-06,female,Casablanca,0692135579,2023-07-15,social_media
C03068,Filali,Zineb,zineb.filali95@hotmail.com,1985-03-14,male,tanger,0680802516,2024-12-15,social_media
C03069,Rahmouni,Karim,karim.rahmouni402@live.fr,1890-03-24,0,Kénitra,0692540166,2024-03-10,referral
C03070,Haddad,Mohamed,mohamed.haddad407@outlook.com,1961-06-08,Homme,Tnja,0643345596,2024-05-09,marketplace
C03071,Skalli,Ghita,ghita.skalli136@gmail.com,1994-11-02,Homme,Agadir,0681274611,2021-12-06,referral
C03072,Sefrioui,Rachid,rachid.sefrioui10@live.fr,1961-06-08,1,Tnja,0648766825,2024-06-01,marketplace
C03073,Haddad,Adil,adil.haddad41@live.fr,1972-02-26,male,Agadir,0650327945,2023-03-26,web
C03074,Skalli,Salma,salma.skalli527@yahoo.fr,1993-07-28,female,Fès,0633428258,2021-11-26,social_media
C03075,Tahiri,Brahim,brahim.tahiri232@hotmail.com,1969-01-03,0,fes,0653014413,2025-05-09,social_media
C03076,Tazi,Khalid,khalid.tazi906@hotmail.com,1963-12-14,male,rbt,0638696517,2023-02-01,web
C03077,Bouazza,Ahmed,ahmed.bouazza685@hotmail.com,1976-11-14,female,fes,0647774607,2023-12-12,social_media
C03078,Benali,Amina,amina.benali780@hotmail.com,1971-07-09,m,Béni Mellal,0620217473,2023-11-02,referral
C03079,Haddad,Loubna,loubna.haddad920@live.fr,1981-04-11,1,Casablanca,0694502173,2023-03-11,social_media
C03080,El Amrani,Reda,reda.elamrani509@gmail.com,1992-05-23,male,fes,0619795738,2024-06-28,mobile
C03081,Filali,Laila,laila.filali689@outlook.com,1961-06-23,m,FES,0644955182,2025-03-22,web
C03082,Skalli,Dounia,dounia.skalli730@outlook.com,2002-11-21,Homme,El Jadida,0693783542,2024-02-04,marketplace
C03083,Cherkaoui,Rim,reda.elamrani252@gmail.com,1984-05-08,female,Nador,0627141273,2025-05-09,referral
C03084,Benjelloun,Said,said.benjelloun599@gmail.com,1966-10-12,m,RABAT,0676640445,2021-08-18,mobile
C03085,El Amrani,Said,said.elamrani28@live.fr,2000-04-06,0,Tétouan,0629084167,2025-03-13,web
C03086,Lahlou,Dounia,dounia.lahlou962@yahoo.fr,1992-05-20,Femme,fes,0656318544,2024-06-13,social_media
C03087,Benali,Karim,karim.benali249@live.fr,1997-11-12,0,Oujda,0678244755,2021-09-17,marketplace
C03088,El Ouazzani,Sanae,sanae.elouazzani805@hotmail.com,1996-06-16,H,Tanger,0678416141,2022-12-28,mobile
C03089,Cherkaoui,Loubna,loubna.cherkaoui575@gmail.com,1997-11-17,m,Safi,0695233316,2023-07-25,web
C03090,Skalli,Zineb,zineb.skalli686@hotmail.com,1973-03-15,male,CASA,0695746891,2021-09-26,referral
C03091,El Ouazzani,Zakaria,zakaria.elouazzani814@gmail.com,1991-06-22,Femme,Casablanca,0663739296,2022-01-09,referral
C03092,El Mansouri,Rim,rim.elmansouri22@live.fr,1991-04-20,0,TANGER,0649979722,2022-01-05,marketplace
C03093,Alaoui,Laila,laila.alaoui651@hotmail.com,2003-01-04,female,TANGER,0636287663,2021-03-02,social_media
C03094,Haddad,Hamza,hamza.haddad634@outlook.com,1965-11-25,f,Fès,0666411157,2024-07-22,marketplace
C03095,Kettani,Mohamed,mohamed.kettani355@hotmail.com,2004-12-01,h,Safi,0635873835,2025-04-04,web
C03096,Tahiri,Meryem,meryem.tahiri651@gmail.com,1996-01-02,male,Rabat,0661430193,2024-05-03,social_media
C03097,Cherkaoui,Laila,laila.cherkaoui@,1985-08-05,m,Casablanca,0650358916,2022-03-28,social_media
C03098,Benjelloun,Laila,laila.benjelloun40@gmail.com,2001-04-16,female,Casablanca,0693021539,2024-09-18,mobile
C03099,Benkirane,Amine,amine.benkirane62@gmail.com,1976-08-20,f,Tanger,0624056956,2025-12-02,web
C03100,Filali,Ali,ali.filali477@yahoo.fr,2000-06-15,male,RABAT,0612857263,2023-08-19,mobile
C03101,Bouzid,Sara,sara.bouzid649@yahoo.fr,1998-02-27,female,Tétouan,0692945169,2021-10-25,referral
C03102,Cherkaoui,Ghita,ghita.cherkaoui290@live.fr,1962-09-01,female,Nador,0638723526,2023-06-27,mobile
C03103,Alaoui,Mehdi,said.bennani7@hotmail.com,1961-03-13,Homme,FES,0645150449,2024-06-11,social_media
C03104,Chraibi,Driss,driss.chraibi972@gmail.com,1990-03-27,Homme,Nador,0656836354,2022-01-07,referral
C03105,Rahmouni,Mustapha,mustapha.rahmouni980@outlook.com,1963-12-09,1,Tanger,0611746396,2025-11-21,referral
C03106,Naciri,Loubna,loubna.naciri110@gmail.com,2004-04-02,male,Tanger,0672334125,2024-06-22,social_media
C03107,Berrada,Amine,amine.berrada720@gmail.com,1966-11-28,female,Tnja,0641269925,2024-07-14,marketplace
C03108,Berrada,Said,said.berrada207@outlook.com,1880-07-18,male,Rabat,0668135602,2024-09-21,marketplace
C03109,El Idrissi,Hassan,hassan.elidrissi908@outlook.com,1995-10-11,Homme,fes,0649167440,2022-11-15,mobile
C03110,El Ouazzani,Said,said.elouazzani552@outlook.com,1990-04-22,female,rbt,0662080402,2025-06-03,social_media
C03111,El Amrani,Hamza,hamza.elamrani758@outlook.com,1999-06-23,0,Casablanca,0696717061,2021-11-15,web
C03112,Haddad,Amine,amine.haddad746@outlook.com,2001-05-16,h,Fès,0689324145,2024-03-11,social_media
C03113,Lahlou,Ahmed,ahmed.lahlou704@yahoo.fr,1992-05-03,h,Kénitra,0687801254,2024-03-25,web
C03114,Tahiri,Reda,reda.tahiri329@gmail.com,1972-01-19,H,El Jadida,0621253777,2025-01-12,referral
C03115,Benjelloun,Mehdi,mehdi.benjelloun418@hotmail.com,1993-08-15,h,Casablanca,0643397067,2025-11-25,marketplace
C03116,Naciri,Hassan,hassan.naciri721@gmail.com,1991-12-10,Homme,Marrakech,0664636823,2022-01-20,marketplace
C03117,Haddad,Omar,omar.haddad401@hotmail.com,1998-12-21,0,TNG,0655043374,2022-10-28,web
C03118,Benkirane,Hamza,hamza.benkirane570@gmail.com,1968-08-16,h,MARRAKECH,0635131690,2022-04-04,marketplace
C03119,El Amrani,Omar,omar.elamrani403@outlook.com,1966-10-15,H,Tanger,0667086231,2023-05-15,marketplace
C03120,El Mansouri,Amina,amina.elmansouri411@live.fr,1997-03-03,male,mkch,0671924700,2024-06-03,web
C03121,Berrada,Soufiane,soufiane.berrada336@yahoo.fr,1980-01-21,H,rbt,0669004940,2021-06-26,marketplace
C03122,Bennani,Loubna,loubna.bennani430@outlook.com,1994-11-08,female,Meknès,0668479698,2021-03-15,web
C03123,Cherkaoui,Karim,karim.cherkaoui294@live.fr,1976-06-05,Femme,FES,0625931230,2023-09-18,social_media
C03124,Cherkaoui,Dounia,dounia.cherkaoui317@hotmail.com,1986-02-26,Femme,fes,0696534157,2023-02-04,referral
C03125,Bouazza,Khadija,khadija.bouazza690@yahoo.fr,2003-02-21,f,Tnja,0697546847,2022-10-17,mobile
C03126,Sefrioui,Samira,samira.sefrioui574@yahoo.fr,1989-08-03,Homme,Casablanca,0624107655,2022-08-16,marketplace
C03127,Skalli,Zakaria,zakaria.skalli5@live.fr,1991-10-09,0,Mohammedia,0698183509,2021-09-01,mobile
C03128,Haddad,Reda,reda.haddad580@hotmail.com,1998-10-25,1,Tétouan,0649650049,2024-06-18,web
C03129,Amrani,Brahim,brahim.amrani258@outlook.com,1988-03-17,female,CASA,0683838054,2021-03-08,social_media
C03130,Chraibi,Hamza,hamza.chraibi75,1995-09-01,m,Marrakech,0610006821,2021-12-08,web
C03131,El Ouazzani,Mehdi,mehdi.elouazzani560@hotmail.com,1970-12-21,H,RABAT,0635586356,2022-01-25,web
C03132,Ouahbi,Youssef,youssef.ouahbi922@gmail.com,1973-12-19,H,Agadir,0662558020,2024-07-21,mobile
C03133,Tazi,Rachid,rachid.tazi999@gmail.com,1890-08-24,Femme,Mohammedia,0632369161,2022-10-22,referral
C03134,El Amrani,Omar,omar.elamrani222@outlook.com,1970-12-13,H,Kénitra,0695469147,2022-09-19,referral
C03135,Benjelloun,Imad,imad.benjelloun360@yahoo.fr,1974-04-12,h,Fès,0656766543,2023-09-17,social_media
C03136,Sefrioui,Amina,amina.sefrioui410@yahoo.fr,1987-02-22,0,fes,0653107981,2025-01-12,referral
C03137,Alaoui,Mehdi,mehdi.alaoui420@live.fr,1963-11-28,1,casa,0667525183,2025-05-03,social_media
C03138,El Amrani,Ghita,ghita.elamrani192@gmail.com,2006-12-04,1,TNG,0645334047,2023-06-28,referral
C03139,Benkirane,Ahmed,ahmed.benkirane485@gmail.com,1979-09-24,h,Nador,0644556169,2024-05-19,web
C03140,Ouahbi,Wafae,wafae.ouahbi189@outlook.com,1994-01-16,1,El Jadida,0617489987,2022-01-27,referral
C03141,Lahlou,Fatima,fatima.lahlou83@gmail.com,2002-11-11,female,FES,0629711133,2024-06-22,referral
C03142,Benali,Ali,@outlook.com,1960-02-11,Femme,casa,0638328517,2025-02-05,social_media
C03143,Naciri,Laila,laila.naciri636@yahoo.fr,1962-01-05,1,MARRAKECH,0615340028,2023-02-19,social_media
C03144,Berrada,Rim,rim.berrada800@yahoo.fr,1990-12-16,Homme,Safi,0674317730,2022-05-18,social_media
C03145,Amrani,Khalid,khalid.amrani218@live.fr,1999-02-28,m,TANGER,0666045185,2021-01-23,mobile
C03146,El Mansouri,Nabil,nabil.elmansouri15@live.fr,1969-03-07,f,Fès,0685654679,2021-06-25,social_media
C03147,Amrani,Rim,rim.amrani569@outlook.com,1984-06-15,0,TNG,0656579671,2023-12-12,mobile
C03148,Benkirane,Adil,zakaria.kettani492@live.fr,1992-08-17,Femme,mkch,0651591370,2022-11-13,referral
C03149,Bennani,Karim,karim.bennani180@gmail.com,1975-04-10,m,CASA,0656858360,2024-10-17,mobile
C03150,Bouazza,Ghita,ghita.bouazza295@yahoo.fr,1979-06-02,H,Marrakech,0661759306,2023-11-24,mobile
C03151,Bennani,Hanane,hanane.bennani932@live.fr,1997-07-21,male,Rabat,0696562128,2021-04-18,social_media
C03152,Bouazza,Nawal,nawal.bouazza334@yahoo.fr,1966-11-07,h,Tnja,0648763550,2022-11-05,web
C03153,El Ouazzani,Ilham,ilham.elouazzani83@gmail.com,1988-12-26,female,rbt,0635994863,2024-05-27,social_media
C03154,Benkirane,Rachid,rachid.benkirane887@gmail.com,1976-04-22,h,Fès,0646413818,2024-10-25,social_media
C03155,Cherkaoui,Driss,driss.cherkaoui400@outlook.com,1992-07-03,Homme,Tnja,0622171050,2024-11-24,referral
C03156,Bouzid,Rim,rim.bouzid537@yahoo.fr,1999-07-21,Homme,Oujda,0619038759,2023-03-24,social_media
C03157,Bouazza,Khadija,khadija.bouazza199@yahoo.fr,2025-12-28,m,Béni Mellal,0628782652,2024-05-02,referral
C03158,Skalli,Zineb,zineb.skalli551@yahoo.fr,1983-10-28,h,Béni Mellal,0665802437,2021-11-06,referral
C03159,Kettani,Youssef,youssef.kettani462@hotmail.com,1975-06-19,H,TNG,0641667669,2023-02-06,marketplace
C03160,Cherkaoui,Hamza,hamza.cherkaoui710@yahoo.fr,1980-08-03,1,Agadir,0672442048,2021-07-06,marketplace
C03161,El Idrissi,Samira,samira.elidrissi129@live.fr,1963-03-07,Homme,Fès,0695087125,2021-08-09,web
C03162,Bennani,Ahmed,ahmed.bennani800@gmail.com,1977-04-07,male,Kénitra,0610276462,2023-11-14,mobile
C03163,Cherkaoui,Hind,hind.cherkaoui408@yahoo.fr,1995-11-16,0,CASA,0630233001,2021-03-11,web
C03164,Benjelloun,Ahmed,ahmed.benjelloun875@yahoo.fr,1984-09-12,0,CASA,0698463964,2021-05-24,marketplace
C03165,Bouzid,Hamza,hamza.bouzid842@hotmail.com,1969-03-09,m,Meknès,0658344436,2021-06-24,mobile
C03166,Tazi,Khalid,@hotmail.com,1983-11-06,f,casa,0677992163,2022-05-02,social_media
C03167,Chraibi,Ali,ali.chraibi225@hotmail.com,1983-10-18,H,El Jadida,0630648117,2021-09-25,referral
C03168,Haddad,Mehdi,mehdi.haddad305@outlook.com,1982-12-12,h,TANGER,0637170879,2024-12-07,referral
C03169,Tahiri,Driss,driss.tahiri645@outlook.com,2025-08-12,1,Meknès,0652229719,2021-02-15,web
C03170,Benali,Soufiane,soufiane.benali801@yahoo.fr,1962-11-13,male,casa,0689289109,2023-09-13,social_media
C03171,Fassi Fihri,Amina,amina.fassifihri297@hotmail.com,1975-12-03,0,Tanger,0614990013,2025-02-28,social_media
C03172,Benali,Hanane,hanane.benali391@hotmail.com,1965-05-23,f,Rabat,0630667686,2022-01-27,referral
C03173,Benali,Omar,omar.benali162@hotmail.com,1960-12-25,1,mkch,0654276449,2022-11-10,marketplace
C03174,Tahiri,Rachid,soufiane.berrada24,2004-01-01,h,rbt,0627369493,2021-02-07,social_media
C03175,Fassi Fihri,Driss,driss.fassifihri272@hotmail.com,1991-10-04,H,CASA,0631716308,2022-06-08,referral
C03176,El Idrissi,Khalid,khalid.elidrissi189@outlook.com,1986-12-16,female,rbt,0682122671,2024-05-02,referral
C03177,Ziani,Rim,rim.ziani385@hotmail.com,2001-08-02,Femme,TANGER,0643015392,2025-01-13,mobile
C03178,Kettani,Omar,omar.kettani739@gmail.com,1986-02-16,0,fes,0688879758,2022-07-06,mobile
C03179,El Amrani,Driss,driss.elamrani482@live.fr,1971-12-10,H,Oujda,0618593677,2022-09-05,marketplace
C03180,Fassi Fihri,Driss,driss.fassifihri165@hotmail.com,1965-04-17,1,Oujda,0631923013,2023-03-24,mobile
C03181,Bouzid,Mohamed,@outlook.com,2006-11-04,1,fes,0633054582,2023-05-03,marketplace
C03182,Fassi Fihri,Hamza,hamza.fassifihri258@hotmail.com,2002-11-19,h,Casablanca,0640426403,2022-10-23,marketplace
C03183,Fassi Fihri,Adil,adil.fassifihri202@hotmail.com,1972-06-18,h,Marrakech,0680100281,2022-04-23,social_media
C03184,Lahlou,Brahim,brahim.lahlou749@gmail.com,1962-10-21,h,Tanger,0674722232,2023-06-18,marketplace
C03185,Sefrioui,Khadija,khadija.sefrioui829@yahoo.fr,2003-04-01,1,Agadir,0685102704,2021-08-01,social_media
C03186,Benkirane,Meryem,meryem.benkirane833@live.fr,1978-08-24,male,El Jadida,0693184327,2023-03-24,web
C03187,Tahiri,Karim,karim.tahiri891@outlook.com,1968-11-27,Femme,mkch,0698662694,2022-08-28,web
C03188,Benali,Samira,samira.benali823@yahoo.fr,1966-02-24,1,Tétouan,0665093650,2021-06-12,mobile
C03189,Berrada,Meryem,meryem.berrada457@outlook.com,1996-05-02,male,Tanger,0650562898,2023-10-13,social_media
C03190,Chraibi,Mehdi,mehdi.chraibi862@hotmail.com,2005-03-01,Homme,mkch,0640188396,2024-06-09,mobile
C03191,Tazi,Ghita,ghita.tazi306@hotmail.com,1973-08-03,Homme,Fès,0645767883,2023-03-27,mobile
C03192,Haddad,Khadija,khadija.haddad693@yahoo.fr,1961-10-24,f,Kénitra,0620472982,2023-04-24,mobile
C03193,Fassi Fihri,Ali,ali.fassifihri601@yahoo.fr,1988-11-21,male,Mohammedia,0631921204,2024-05-10,referral
C03194,Bennani,Karim,karim.bennani472@gmail.com,1962-02-05,female,RABAT,0611243979,2023-05-17,marketplace
C03195,El Mansouri,Imad,imad.elmansouri116@gmail.com,1961-01-09,1,rbt,0617334310,2023-10-03,web
C03196,Naciri,Mehdi,mehdi.naciri940@yahoo.fr,1973-01-23,f,Meknès,0645554295,2024-05-02,web
C03197,El Ouazzani,Youssef,youssef.elouazzani702@yahoo.fr,1960-04-03,m,MARRAKECH,0678929391,2023-12-17,social_media
C03198,Bouzid,Youssef,youssef.bouzid790@gmail.com,1977-02-09,male,Safi,0619660147,2025-04-12,marketplace
C03199,Lahlou,Brahim,brahim.lahlou737@yahoo.fr,1964-06-25,f,Casablanca,0625416017,2022-09-13,web
C03200,El Idrissi,Salma,salma.elidrissi179@outlook.com,1983-10-07,f,Marrakech,0662732347,2023-02-02,web
C03201,Skalli,Asmae,asmae.skalli977@yahoo.fr,1967-12-02,m,Nador,0619983348,2024-04-16,mobile
C03202,Berrada,Nabil,nabil.berrada559@gmail.com,1971-05-01,Femme,fes,0614628146,2025-09-14,referral
C03203,Berrada,Brahim,asmae.tazi763@gmail.com,1997-12-21,Femme,Tanger,0619982037,2025-10-08,referral
C03204,Filali,Laila,laila.filali831@gmail.com,2006-10-15,m,Marrakech,0698820686,2021-10-05,mobile
C03205,Ouahbi,Nabil,nabil.ouahbi344@gmail.com,1982-05-21,Homme,Tétouan,0654396042,2022-05-23,web
C03206,Benjelloun,Adil,adil.benjelloun249@outlook.com,1985-07-09,1,CASA,0615036602,2025-02-03,marketplace
C03207,Ziani,Hamza,hamza.ziani152@outlook.com,1990-08-20,1,RABAT,0661729362,2025-04-22,social_media
C03208,Alaoui,Ahmed,ahmed.alaoui523@gmail.com,1974-11-12,female,Casablanca,0639391250,2021-12-23,mobile
C03209,Lahlou,Salma,salma.lahlou183@live.fr,1984-02-27,female,Kénitra,0612167821,2024-11-06,web
C03210,Ziani,Omar,omar.ziani696@gmail.com,2003-09-28,Femme,FES,0624811571,2024-10-14,web
C03211,Benkirane,Fatima,nadia.cherkaoui23@hotmail.com,2002-08-13,Homme,Agadir,0665296219,2024-04-25,web
C03212,Amrani,Asmae,asmae.amrani836@hotmail.com,1985-12-13,0,Safi,0655683490,2024-07-01,marketplace
C03213,Alaoui,Imad,imad.alaoui852@yahoo.fr,1962-07-21,m,Casablanca,0616436552,2025-03-12,referral
C03214,Lahlou,Khadija,khadija.lahlou951@outlook.com,1978-02-28,Femme,Tnja,0666073498,2022-05-07,web
C03215,Alaoui,Ali,ali.alaoui651@live.fr,1965-10-04,1,Casablanca,0651673970,2025-02-24,referral
C03216,Chraibi,Nadia,nadia.chraibi270@live.fr,1988-08-09,female,fes,0625958464,2025-12-03,social_media
C03217,Lahlou,Said,said.lahlou286@gmail.com,1966-06-27,m,CASA,0699230719,2024-06-21,mobile
C03218,Skalli,Ilham,ilham.skalli254@live.fr,1963-04-14,m,Oujda,0667626003,2024-05-18,social_media
C03219,Kettani,Hind,hind.kettani791@hotmail.com,1976-11-23,Femme,Fès,0690323506,2024-05-07,mobile
C03220,El Idrissi,Zakaria,zakaria.elidrissi470@gmail.com,1991-09-03,1,rbt,0643430688,2021-02-01,mobile
C03221,Sefrioui,Fatima,fatima.sefrioui264@hotmail.com,1880-10-15,1,El Jadida,0679827495,2023-08-23,referral
C03222,El Idrissi,Nawal,nawal.elidrissi87@outlook.com,1977-10-02,male,El Jadida,0689185858,2023-04-26,marketplace
C03223,Naciri,Hind,hind.naciri982@outlook.com,2004-08-05,f,Agadir,0655698083,2024-02-01,marketplace
C03224,Fassi Fihri,Khadija,khadija.fassifihri764@gmail.com,1986-06-24,male,Meknès,0622216415,2023-10-05,referral
C03225,Benkirane,Hind,hind.benkirane925@outlook.com,1972-11-19,H,Tnja,0635527270,2024-05-12,referral
C03226,Bennani,Sanae,sanae.bennani555@hotmail.com,1979-05-09,1,Rabat,0640144463,2022-12-23,social_media
C03227,Filali,Hind,hind.filali993@live.fr,1989-10-10,m,Mohammedia,0639000942,2024-07-25,web
C03228,Bouazza,Mehdi,driss.haddad876@live.fr,1991-09-26,Homme,Tnja,0637200904,2023-03-28,marketplace
C03229,Tazi,Soufiane,soufiane.tazi809@gmail.com,1987-08-13,Femme,Marrakech,0664881400,2021-09-20,web
C03230,Chraibi,Khalid,khalid.chraibi907@live.fr,1968-12-12,Femme,Agadir,0627555113,2024-06-18,referral
C03231,Benjelloun,Said,said.benjelloun740@yahoo.fr,1996-09-13,m,rbt,0644059241,2022-09-07,social_media
C03232,Haddad,Hind,hind.haddad123@live.fr,1962-03-20,m,TNG,0634603223,2024-06-08,referral
C03233,Ouahbi,Sara,ali.elidrissi499@hotmail.com,1966-10-02,f,Mohammedia,0676597532,2023-12-17,referral
C03234,Tazi,Mohamed,mohamed.tazi528@gmail.com,1975-05-26,Femme,Kénitra,0691359965,2023-02-06,referral
C03235,Tahiri,Imad,imad.tahiri280@yahoo.fr,1995-09-04,Homme,Oujda,0651280790,2023-11-16,mobile
C03236,El Ouazzani,Fatima,nadia.sefrioui499@gmail.com,2003-01-21,Homme,casa,0667418757,2021-08-17,social_media
C03237,Skalli,Said,said.skalli796@gmail.com,2000-11-27,m,Nador,0697551607,2024-12-02,mobile
C03238,Cherkaoui,Nabil,nabil.cherkaoui70@outlook.com,1982-02-27,0,tanger,0630109992,2024-12-08,referral
C03239,Naciri,Adil,adil.naciri521@yahoo.fr,2004-05-21,f,rbt,0683239538,2022-07-10,marketplace
C03240,Fassi Fihri,Zakaria,zakaria.fassifihri763@yahoo.fr,1976-07-01,female,mkch,0644214276,2021-08-22,web
C03241,Alaoui,Zineb,zineb.alaoui846@gmail.com,1972-11-11,m,Béni Mellal,0626965667,2025-11-14,social_media
C03242,Rahmouni,Imad,imad.rahmouni490@outlook.com,1979-08-25,H,Tanger,0625365187,2021-05-12,mobile
C03243,Alaoui,Soufiane,soufiane.alaoui664@live.fr,2001-07-11,1,Safi,0699607456,2022-10-08,social_media
C03244,Fassi Fihri,Khalid,khalid.fassifihri780@yahoo.fr,2025-10-21,female,Tétouan,0691209297,2025-10-08,social_media
C03245,Skalli,Ali,ali.skalli673@outlook.com,1997-05-15,0,Agadir,0644892124,2021-06-09,social_media
C03246,Sefrioui,Nawal,nawal.sefrioui678@live.fr,1995-12-21,0,Tanger,0691427314,2024-07-25,mobile
C03247,Benjelloun,Khadija,khadija.benjelloun554@live.fr,1988-02-28,0,FES,0641318832,2023-12-17,marketplace
C03248,Filali,Ghita,ghita.filali26@hotmail.com,2005-04-18,Homme,rbt,0633721556,2023-05-09,marketplace
C03249,Filali,Driss,driss.filali@@live.fr,2000-10-23,Homme,El Jadida,0616276257,2025-11-20,referral
C03250,Cherkaoui,Hind,hind.cherkaoui500@hotmail.com,1982-08-18,Homme,Mohammedia,0682077175,2024-04-16,web
C03251,El Idrissi,Adil,adil.elidrissi67@hotmail.com,1975-12-17,male,tanger,0649159857,2024-04-03,web
C03252,Tazi,Nadia,nadia.tazi408@gmail.com,1970-05-24,h,rbt,0683221181,2024-10-24,referral
C03253,Tahiri,Ghita,ghita.tahiri902@outlook.com,1968-03-10,male,RABAT,0694556647,2024-10-21,mobile
C03254,Bouzid,Mustapha,mustapha.bouzid451@outlook.com,1988-02-21,H,Marrakech,0686609022,2023-09-22,marketplace
C03255,Skalli,Omar,omar.skalli380@live.fr,1998-09-02,female,Nador,0649233740,2021-10-07,web
C03256,Amrani,Nabil,nabil.amrani276@yahoo.fr,1966-02-12,Homme,fes,0634257479,2023-09-06,web
C03257,Skalli,Wafae,wafae.skalli95@outlook.com,1987-08-16,f,Mohammedia,0636497101,2024-11-20,web
C03258,Ouahbi,Khalid,khalid.ouahbi250@yahoo.fr,1982-06-01,Homme,Fès,0642624788,2022-06-08,mobile
C03259,Bennani,Meryem,meryem.bennani346@hotmail.com,1998-02-10,f,Mohammedia,0691242422,2025-10-22,marketplace
C03260,Kettani,Rim,rim.kettani98@hotmail.com,2002-12-05,m,Safi,0635046429,2023-09-07,web
C03261,Rahmouni,Rachid,rachid.rahmouni314@yahoo.fr,1985-08-20,0,FES,0640930568,2025-09-22,social_media
C03262,Chraibi,Karim,karim.chraibi737@yahoo.fr,2002-07-07,Homme,Fès,0670192727,2022-07-28,mobile
C03263,Alaoui,Ghita,ghita.alaoui282@gmail.com,1999-03-25,male,Meknès,0633477341,2021-02-20,marketplace
C03264,Bouazza,Mehdi,mehdi.bouazza442@gmail.com,1996-10-24,Femme,Fès,0628037538,2022-09-16,web
C03265,Cherkaoui,Mohamed,mohamed.cherkaoui741@hotmail.com,1998-01-04,H,Tnja,0699452416,2023-01-25,marketplace
C03266,Kettani,Zineb,zineb.kettani446@gmail.com,1984-09-02,male,RABAT,0614134415,2022-01-10,web
C03267,El Amrani,Samira,samira.elamrani@,1973-04-14,Homme,FES,0645163702,2021-06-16,mobile
C03268,El Idrissi,Amine,amine.elidrissi589@yahoo.fr,1968-10-03,Femme,CASA,0624463721,2024-10-24,referral
C03269,Rahmouni,Driss,driss.rahmouni886@live.fr,1986-06-23,m,Rabat,0659475037,2025-03-01,referral
C03270,Cherkaoui,Imad,mohamed.berrada85@gmail.com,1960-02-25,male,Béni Mellal,0698803269,2021-06-27,mobile
C03271,Alaoui,Asmae,asmae.alaoui299@outlook.com,1972-11-09,h,CASA,0626924684,2025-08-07,web
C03272,Chraibi,Brahim,brahim.chraibi381@gmail.com,1961-06-08,m,CASA,0633191356,2022-06-14,marketplace
C03273,Benkirane,Sanae,sanae.benkirane18@live.fr,1976-07-09,H,casa,0653312532,2025-12-11,marketplace
C03274,El Amrani,Salma,salma.elamrani750@live.fr,2000-08-25,male,Casablanca,0695925572,2023-02-03,referral
C03275,Ziani,Mehdi,mehdi.ziani241@gmail.com,1985-08-15,f,Rabat,0658354708,2021-10-28,mobile
C03276,Benali,Zakaria,zakaria.benali871@live.fr,2004-04-20,Femme,rbt,0611880394,2023-03-19,web
C03277,El Amrani,Loubna,loubna.elamrani147@live.fr,1980-08-17,H,TANGER,0683058802,2022-10-23,web
C03278,Cherkaoui,Mohamed,mohamed.cherkaoui212@outlook.com,1995-07-19,female,Safi,0637548485,2023-09-12,web
C03279,El Ouazzani,Zakaria,zakaria.elouazzani824@gmail.com,2004-11-04,H,RABAT,0617689856,2023-01-11,web
C03280,Naciri,Sara,samira.elmansouri925@hotmail.com,1979-12-22,male,TNG,0628141430,2021-12-28,mobile
C03281,El Idrissi,Loubna,loubna.elidrissi292@live.fr,2004-10-13,m,Nador,0658471823,2022-06-27,social_media
C03282,El Idrissi,Rachid,rachid.elidrissi556@live.fr,1972-11-05,1,fes,0689029155,2021-06-05,marketplace
C03283,El Idrissi,Adil,adil.elidrissi907@gmail.com,2005-01-20,f,Kénitra,0628189790,2024-12-11,social_media
C03284,El Idrissi,Amina,amina.elidrissi732@outlook.com,1963-01-03,male,rbt,0637787305,2021-03-23,mobile
C03285,El Idrissi,Fatima,fatima.elidrissi594@outlook.com,1984-11-15,male,Safi,0683598596,2022-03-08,mobile
C03286,El Idrissi,Hassan,hassan.elidrissi315@hotmail.com,1961-12-16,Homme,Agadir,0696322215,2023-11-20,web
C03287,Sefrioui,Mehdi,mehdi.sefrioui351@gmail.com,2006-05-06,h,casa,0668518015,2025-11-03,referral
C03288,Skalli,Omar,omar.skalli184@outlook.com,1978-02-02,female,tanger,0656952923,2023-10-03,social_media
C03289,Sefrioui,Wafae,wafae.sefrioui348@yahoo.fr,1983-03-20,f,Tnja,0694143668,2024-05-08,marketplace
C03290,Kettani,Amine,amine.kettani565@hotmail.com,2001-11-06,0,TNG,0699007100,2025-09-02,mobile
C03291,Haddad,Omar,omar.haddad177@outlook.com,2006-05-05,f,CASA,0655044129,2021-05-21,social_media
C03292,Amrani,Amine,amine.amrani372@yahoo.fr,1974-01-07,f,Fès,0618770123,2021-03-09,mobile
C03293,El Idrissi,Amine,amine.elidrissi289@gmail.com,1975-08-21,0,Agadir,0613729462,2024-09-22,marketplace
C03294,Berrada,Driss,driss.berrada989@outlook.com,1979-10-15,1,Fès,0673489348,2024-10-21,referral
C03295,El Ouazzani,Loubna,loubna.elouazzani413@yahoo.fr,1964-04-12,1,mkch,0668312495,2021-08-23,marketplace
C03296,El Ouazzani,Hind,hind.elouazzani724@outlook.com,1962-08-04,1,Béni Mellal,0647940473,2021-10-28,social_media
C03297,Filali,Soufiane,soufiane.filali132@hotmail.com,1990-01-24,Femme,Fès,0659571765,2023-03-05,referral
C03298,Bouazza,Sara,sara.bouazza783@hotmail.com,1986-02-14,1,Kénitra,0693410225,2024-12-28,social_media
C03299,Chraibi,Hassan,hassan.chraibi41@outlook.com,1997-06-03,h,TNG,0676315359,2021-02-12,referral
C03300,Amrani,Amina,amina.amrani936@gmail.com,1993-07-01,h,CASA,0627478849,2022-07-10,mobile
C03301,Tahiri,Hamza,hamza.tahiri817@yahoo.fr,1997-04-15,Homme,Meknès,0696832327,2021-05-15,referral
C03302,Sefrioui,Mohamed,mohamed.sefrioui662@yahoo.fr,1991-09-09,m,Rabat,0618113030,2023-05-02,mobile
C03303,Filali,Laila,laila.filali262@live.fr,1973-07-13,H,Kénitra,0651548212,2024-01-10,referral
C03304,El Idrissi,Rim,rim.elidrissi537@live.fr,2005-08-21,f,Agadir,0669780652,2022-05-27,social_media
C03305,El Ouazzani,Adil,adil.elouazzani384@yahoo.fr,1975-11-21,H,Kénitra,0679789230,2021-11-17,web
C03306,Skalli,Mustapha,mustapha.skalli840@gmail.com,2000-06-11,Homme,CASA,0695466375,2024-10-15,web
C03307,Rahmouni,Ilham,ilham.rahmouni915@outlook.com,1983-06-07,m,Meknès,0675086738,2021-01-03,mobile
C03308,El Idrissi,Rachid,rachid.elidrissi177@outlook.com,1996-11-18,1,Marrakech,0627069555,2023-07-15,marketplace
C03309,Skalli,Ali,ali.skalli872@yahoo.fr,1982-07-11,1,Meknès,0651343636,2022-11-13,mobile
C03310,Cherkaoui,Laila,laila.cherkaoui159@yahoo.fr,1968-01-09,female,Fès,0649268139,2021-01-14,referral
C03311,Fassi Fihri,Nabil,nabil.fassifihri161@yahoo.fr,2006-05-17,male,Fès,0693605420,2024-07-02,social_media
C03312,El Ouazzani,Karim,karim.elouazzani35@yahoo.fr,1996-06-13,1,Agadir,0634075158,2025-04-26,web
C03313,Chraibi,Mohamed,mohamed.chraibi407@gmail.com,2006-06-18,Femme,CASA,0699850979,2025-05-09,marketplace
C03314,Benjelloun,Khalid,khalid.benjelloun74@yahoo.fr,2003-03-02,h,MARRAKECH,0675991483,2025-10-13,social_media
C03315,Bennani,Zineb,zineb.bennani251@hotmail.com,1989-06-04,male,Safi,0689220762,2025-07-16,mobile
C03316,Alaoui,Asmae,asmae.alaoui441@live.fr,1973-05-06,Femme,Tétouan,0616264821,2022-01-16,marketplace
C03317,Bennani,Soufiane,soufiane.bennani173@outlook.com,1998-06-17,female,Tétouan,0663715764,2025-04-24,social_media
C03318,Benkirane,Houda,houda.benkirane85@gmail.com,1990-11-28,male,Fès,0677466237,2025-08-07,referral
C03319,Tazi,Amine,amine.tazi669@gmail.com,1973-09-08,0,Tnja,0638235919,2023-03-05,social_media
C03320,Benjelloun,Youssef,youssef.benjelloun@,2003-10-13,Homme,Tétouan,0614649758,2025-05-14,marketplace
C03321,Chraibi,Houda,houda.chraibi742@outlook.com,1997-04-07,f,Meknès,0617474815,2025-10-16,mobile
C03322,El Amrani,Hassan,hassan.elamrani760@gmail.com,1990-11-13,male,mkch,0691969102,2021-01-05,social_media
C03323,Bouazza,Ghita,ghita.bouazza301@yahoo.fr,1972-08-15,Femme,mkch,0698615219,2021-03-20,social_media
C03324,Skalli,Youssef,youssef.skalli330@hotmail.com,1988-03-25,m,Agadir,0646040418,2023-07-22,marketplace
C03325,Alaoui,Hind,hind.alaoui779@live.fr,1997-01-13,Homme,Rabat,0641584042,2023-07-24,mobile
C03326,Bouzid,Dounia,dounia.bouzid73@live.fr,1967-03-12,female,tanger,0670948966,2025-12-06,mobile
C03327,Tazi,Wafae,wafae.tazi299@live.fr,1998-03-12,male,Fès,0619487711,2022-09-09,referral
C03328,Bouzid,Mustapha,mustapha.bouzid415@outlook.com,1983-09-27,f,Agadir,0668101392,2025-04-14,web
C03329,Cherkaoui,Reda,reda.cherkaoui49@yahoo.fr,1992-04-13,0,MARRAKECH,0695163618,2021-06-27,referral
C03330,Chraibi,Khalid,adil.sefrioui488@gmail.com,1986-06-08,H,tanger,0635020294,2021-01-02,mobile
C03331,Alaoui,Ali,ali.alaoui709@hotmail.com,1960-10-05,h,Tétouan,0639811889,2025-01-08,social_media
C03332,Berrada,Laila,laila.berrada824@hotmail.com,1996-04-19,f,Agadir,0664712498,2022-11-05,referral
C03333,Skalli,Wafae,wafae.skalli511@hotmail.com,2006-12-25,Homme,Fès,0687055458,2022-07-24,referral
C03334,Alaoui,Hassan,hassan.alaoui818@hotmail.com,1999-09-04,female,casa,0677267305,2024-02-22,web
C03335,Benali,Loubna,loubna.benali548@live.fr,1974-07-24,m,Tanger,0646062717,2022-08-05,marketplace
C03336,Fassi Fihri,Omar,omar.fassifihri617@yahoo.fr,2004-12-23,female,Kénitra,0629824502,2024-03-06,web
C03337,Amrani,Nawal,nawal.amrani52@yahoo.fr,1971-10-15,1,FES,0621454739,2023-06-04,social_media
C03338,Chraibi,Ahmed,ahmed.chraibi409@live.fr,1980-02-08,m,fes,0667189553,2022-10-14,web
C03339,Benali,Samira,samira.benali865@yahoo.fr,1990-02-22,female,El Jadida,0638480568,2021-09-03,mobile
C03340,Berrada,Rim,rim.berrada122@live.fr,1981-06-28,0,Tétouan,0668066760,2021-07-07,referral
C03341,Skalli,Loubna,loubna.skalli470@outlook.com,1982-10-20,f,CASA,0660880926,2025-02-20,social_media
C03342,Bennani,Hind,hind.bennani203@hotmail.com,1982-11-04,1,Tnja,0699473454,2023-04-15,web
C03343,El Amrani,Nadia,nadia.elamrani304@hotmail.com,1967-08-15,Homme,Fès,0646696983,2024-05-23,mobile
C03344,Ouahbi,Amine,amine.ouahbi135@yahoo.fr,1990-04-17,1,rbt,0687354996,2021-11-24,web
C03345,El Ouazzani,Laila,ilham.elidrissi532@gmail.com,1994-04-24,0,Tnja,0677929835,2025-06-01,mobile
C03346,El Idrissi,Mustapha,mustapha.elidrissi322@yahoo.fr,1980-11-14,m,Rabat,0649561600,2022-11-23,mobile
C03347,Tazi,Nabil,nabil.tazi916@gmail.com,1982-05-15,h,MARRAKECH,0644959499,2021-12-12,mobile
C03348,Bouazza,Imad,imad.bouazza332@hotmail.com,1969-12-22,H,Béni Mellal,0682397561,2022-01-13,mobile
C03349,Ziani,Ghita,driss.tahiri394@outlook.com,1967-11-18,Homme,Meknès,0623418988,2024-10-22,referral
C03350,Tazi,Loubna,loubna.tazi379@hotmail.com,1979-06-08,male,Oujda,0636884931,2024-06-04,mobile
C03351,El Idrissi,Asmae,asmae.elidrissi478@outlook.com,1987-01-11,0,Rabat,0670757039,2023-04-08,web
C03352,Rahmouni,Soufiane,soufiane.rahmouni481@outlook.com,1986-10-25,0,Tétouan,0620482951,2023-04-26,mobile
C03353,Benali,Zakaria,zakaria.benali@@yahoo.fr,1998-07-15,h,Mohammedia,0621955160,2022-01-09,referral
C03354,Cherkaoui,Driss,driss.cherkaoui775@live.fr,2000-08-11,f,Fès,0644607611,2025-07-23,social_media
C03355,Filali,Fatima,fatima.filali841@live.fr,1988-06-11,f,Kénitra,0623798509,2021-05-13,social_media
C03356,Benkirane,Karim,karim.benkirane233@gmail.com,1981-05-12,Homme,FES,0689048335,2024-07-27,web
C03357,Benjelloun,Meryem,meryem.benjelloun957@yahoo.fr,1986-11-24,1,Safi,0654303812,2021-04-17,marketplace
C03358,Fassi Fihri,Zakaria,zakaria.fassifihri964@gmail.com,1973-05-07,0,Béni Mellal,0658957836,2023-09-23,referral
C03359,El Ouazzani,Ilham,ilham.elouazzani254@outlook.com,2002-10-05,female,El Jadida,0696859475,2022-06-23,marketplace
C03360,Cherkaoui,Adil,adil.cherkaoui181@outlook.com,1987-06-28,male,Mohammedia,0690123805,2022-11-11,marketplace
C03361,Haddad,Mehdi,mehdi.haddad827@yahoo.fr,1992-11-05,Homme,TNG,0665432675,2025-05-18,mobile
C03362,Haddad,Khadija,khadija.haddad721@outlook.com,1967-08-19,h,rbt,0692711050,2022-12-27,marketplace
C03363,El Mansouri,Meryem,meryem.elmansouri270@gmail.com,1962-10-13,h,Tétouan,0651779531,2024-07-05,mobile
C03364,Kettani,Nawal,nawal.kettani@,2004-08-26,Homme,rbt,0643754093,2021-04-12,social_media
C03365,Bennani,Karim,karim.bennani585@outlook.com,1960-10-01,female,Rabat,0657464211,2024-12-21,web
C03366,Alaoui,Zineb,zineb.alaoui847@hotmail.com,1983-12-02,female,MARRAKECH,0618394560,2023-02-23,social_media
C03367,Ziani,Omar,omar.ziani54@hotmail.com,1973-10-01,1,Rabat,0657767596,2021-03-19,web
C03368,El Mansouri,Ahmed,ahmed.elmansouri925@yahoo.fr,1963-12-12,female,Agadir,0642297865,2023-06-05,social_media
C03369,Alaoui,Driss,driss.alaoui984@live.fr,1980-07-18,Homme,rbt,0661294750,2023-05-05,mobile
C03370,Filali,Karim,karim.filali914@live.fr,1996-01-07,H,Béni Mellal,0617122637,2023-09-07,referral
C03371,Cherkaoui,Ahmed,ahmed.cherkaoui433@gmail.com,2002-12-09,m,mkch,0659142523,2025-01-07,referral
C03372,El Idrissi,Hassan,hassan.elidrissi758@outlook.com,2003-11-08,female,Oujda,0670919327,2021-12-27,web
C03373,Benali,Omar,omar.benali164@live.fr,2002-04-19,f,Tanger,0680878292,2022-04-03,social_media
C03374,El Amrani,Imad,imad.elamrani692@gmail.com,1963-03-28,H,Tanger,0642345912,2022-09-18,social_media
C03375,Kettani,Dounia,dounia.kettani817@hotmail.com,1980-04-26,m,Mohammedia,0646296752,2023-07-10,web
C03376,Bouazza,Ilham,ilham.bouazza299@yahoo.fr,1975-10-19,0,Agadir,0612236153,2024-03-10,mobile
C03377,Haddad,Rachid,rachid.haddad231@gmail.com,1980-01-20,1,casa,0613163424,2021-10-21,mobile
C03378,Filali,Nawal,nawal.filali534@hotmail.com,1996-11-26,female,casa,0674535895,2021-01-13,mobile
C03379,Fassi Fihri,Zakaria,zakaria.fassifihri994@outlook.com,2002-01-28,female,mkch,0687374142,2022-12-10,social_media
C03380,Ziani,Driss,driss.ziani986@hotmail.com,1971-01-03,1,RABAT,0695156305,2021-11-04,marketplace
C03381,Filali,Zineb,zineb.filali870@live.fr,1963-06-04,Homme,Tanger,0635337606,2025-08-01,mobile
C03382,El Ouazzani,Imad,imad.elouazzani631@yahoo.fr,2000-10-17,female,mkch,0613496882,2022-10-03,mobile
C03383,El Idrissi,Rachid,rachid.elidrissi656@hotmail.com,1969-10-15,m,Rabat,0670136290,2022-10-11,marketplace
C03384,Berrada,Salma,salma.berrada475@hotmail.com,2001-12-07,male,mkch,0634250844,2022-12-01,mobile
C03385,Bouzid,Nabil,nabil.bouzid856@outlook.com,1991-05-14,male,Marrakech,0637904295,2022-02-28,mobile
C03386,Naciri,Brahim,brahim.naciri182@live.fr,1985-03-03,Femme,El Jadida,0653777609,2025-03-20,referral
C03387,El Mansouri,Brahim,brahim.elmansouri769@gmail.com,1987-04-25,Homme,Oujda,0633538324,2024-09-23,marketplace
C03388,Filali,Zineb,zineb.filali557@yahoo.fr,1997-06-22,H,tanger,0675243312,2023-11-16,web
C03389,Chraibi,Reda,reda.chraibi406@gmail.com,1977-06-03,Femme,Tnja,0696055379,2021-06-19,web
C03390,Ouahbi,Omar,omar.ouahbi516@outlook.com,1984-10-16,Femme,Agadir,0683210252,2025-06-02,web
C03391,Naciri,Zineb,zineb.naciri@@outlook.com,1971-09-12,male,rbt,0623718489,2021-12-10,social_media
C03392,Skalli,Nabil,nabil.skalli29@hotmail.com,1971-04-18,m,Nador,0647810126,2021-03-19,marketplace
C03393,Benali,Hind,hind.benali388@outlook.com,1978-09-15,1,Marrakech,0673255680,2023-10-28,web
C03394,Berrada,Amine,amine.berrada283@yahoo.fr,1994-06-08,h,casa,0698685344,2022-06-17,marketplace
C03395,Benali,Ghita,ghita.benali864@live.fr,1982-11-21,h,Safi,0629213640,2025-12-11,mobile
C03396,Bouazza,Hanane,hanane.bouazza133@gmail.com,1965-08-22,Femme,Casablanca,0643477660,2023-10-15,web
C03397,Haddad,Hassan,sanae.benali967@outlook.com,1963-06-22,male,casa,0653248576,2021-05-22,referral
C03398,Ouahbi,Ghita,ghita.ouahbi671@live.fr,2005-06-20,f,Tétouan,0679769395,2024-06-25,mobile
C03399,El Mansouri,Soufiane,soufiane.elmansouri754@live.fr,1961-11-17,Femme,rbt,0635094299,2023-02-17,referral
C03400,Skalli,Asmae,asmae.skalli37@live.fr,1962-12-12,Homme,Agadir,0626213131,2023-02-11,referral
C03401,El Ouazzani,Mehdi,karim.alaoui315@hotmail.com,1984-11-01,Femme,fes,0666876816,2024-02-22,referral
C03402,Filali,Mehdi,mehdi.filali176@gmail.com,1984-10-11,Femme,FES,0658921104,2023-10-27,referral
C03403,El Ouazzani,Hanane,hanane.elouazzani598@outlook.com,2002-02-27,m,Fès,0643799705,2023-07-19,referral
C03404,Ouahbi,Mohamed,said.filali668@hotmail.com,1964-11-05,H,rbt,0644738576,2021-10-25,marketplace
C03405,Ziani,Hind,hind.ziani975@yahoo.fr,1972-09-12,f,Tétouan,0673975645,2024-04-07,marketplace
C03406,Naciri,Loubna,loubna.naciri710@live.fr,2005-09-16,Homme,RABAT,0679238283,2021-02-18,web
C03407,Naciri,Dounia,dounia.naciri739@gmail.com,2002-03-07,f,casa,0641558428,2022-02-09,mobile
C03408,El Ouazzani,Imad,imad.elouazzani900@outlook.com,1998-07-08,m,tanger,0675137626,2022-12-17,referral
C03409,Tahiri,Loubna,loubna.tahiri692@hotmail.com,1969-03-02,f,Casablanca,0649425152,2023-05-17,mobile
C03410,Haddad,Salma,salma.haddad795@live.fr,1997-06-16,female,Béni Mellal,0649045434,2021-01-26,mobile
C03411,Haddad,Samira,samira.haddad16@gmail.com,1970-03-09,h,Agadir,0626697062,2021-08-02,referral
C03412,Benali,Ghita,ghita.benali245@gmail.com,1974-01-27,0,Oujda,0673484049,2023-12-22,referral
C03413,Tazi,Imad,imad.tazi229@hotmail.com,1992-03-25,female,Marrakech,0694311639,2022-01-03,marketplace
C03414,Naciri,Ilham,ilham.naciri429@live.fr,1965-07-15,female,El Jadida,0665977126,2021-11-02,mobile
C03415,El Idrissi,Omar,omar.elidrissi11@yahoo.fr,2006-11-21,1,El Jadida,0638599722,2023-11-27,social_media
C03416,Berrada,Brahim,ilham.rahmouni915@outlook.com,1976-10-13,f,Marrakech,0687841872,2025-12-27,marketplace
C03417,Benali,Omar,omar.benali863@gmail.com,1976-06-09,h,Tnja,0689698363,2025-05-24,social_media
C03418,El Ouazzani,Hassan,hassan.elouazzani296@gmail.com,2003-02-15,1,Meknès,0686370881,2023-07-08,marketplace
C03419,Benali,Laila,laila.benali104@yahoo.fr,1983-08-10,male,Meknès,0649246370,2025-02-26,marketplace
C03420,Naciri,Omar,omar.naciri547@live.fr,1961-09-20,H,El Jadida,0641974726,2022-01-09,web
C03421,El Mansouri,Reda,reda.elmansouri244@gmail.com,1998-10-16,1,mkch,0639365350,2023-05-17,referral
C03422,Kettani,Mustapha,mustapha.kettani756@outlook.com,1976-02-06,1,fes,0637321684,2023-01-23,referral
C03423,Filali,Laila,laila.filali295@hotmail.com,1969-01-15,f,FES,0674829389,2023-02-20,marketplace
C03424,Bennani,Mustapha,mustapha.bennani242@outlook.com,2000-09-16,m,casa,0660039663,2024-04-08,mobile
C03425,Sefrioui,Mohamed,mohamed.sefrioui194@live.fr,1994-03-14,Femme,Safi,0680792853,2022-03-03,referral
C03426,El Idrissi,Ali,ali.elidrissi536@live.fr,1993-12-22,m,rbt,0623382960,2021-09-04,referral
C03427,Benkirane,Houda,houda.benkirane838@outlook.com,2001-01-14,f,Meknès,0698318356,2023-04-07,referral
C03428,Skalli,Samira,samira.skalli201@yahoo.fr,1998-08-05,0,Mohammedia,0685847323,2021-05-02,mobile
C03429,Benjelloun,Omar,omar.benjelloun83,1967-07-07,0,mkch,0696965354,2022-03-10,mobile
C03430,Bouazza,Zakaria,zakaria.bouazza314@hotmail.com,1961-08-04,female,fes,0659097424,2022-02-06,social_media
C03431,Ziani,Sanae,sanae.ziani80@live.fr,1992-11-06,male,Marrakech,0649041112,2024-03-09,referral
C03432,El Ouazzani,Youssef,youssef.elouazzani597@live.fr,1994-04-03,male,Fès,0676169858,2021-10-15,referral
C03433,Chraibi,Salma,salma.chraibi875@yahoo.fr,1963-06-09,male,Fès,0629317547,2023-01-25,social_media
C03434,El Idrissi,Youssef,youssef.elidrissi100@hotmail.com,1961-01-01,1,tanger,0665163746,2022-07-28,referral
C03435,Amrani,Hassan,hassan.amrani659@outlook.com,2000-02-24,h,MARRAKECH,0659137409,2025-05-26,referral
C03436,Amrani,Khalid,khalid.amrani110@hotmail.com,1986-04-28,m,TANGER,0625195055,2024-03-11,web
C03437,Sefrioui,Soufiane,soufiane.sefrioui978@hotmail.com,1974-08-01,m,Fès,0670983168,2023-01-13,marketplace
C03438,El Amrani,Houda,houda.elamrani885@hotmail.com,1985-06-27,Femme,Nador,0639868720,2023-08-13,web
C03439,El Mansouri,Ahmed,ahmed.elmansouri921@yahoo.fr,1974-06-24,Femme,Oujda,0637383592,2023-03-27,social_media
C03440,Chraibi,Rachid,rachid.chraibi888@outlook.com,2004-08-13,male,Agadir,0696438380,2021-08-10,social_media
C03441,Rahmouni,Laila,laila.rahmouni963@yahoo.fr,2004-01-12,Femme,RABAT,0629772964,2025-07-09,marketplace
C03442,Benkirane,Nabil,nabil.benkirane279@outlook.com,2001-07-02,m,fes,0678662670,2022-05-28,referral
C03443,Tazi,Karim,karim.tazi48@outlook.com,1996-10-12,f,Nador,0695789525,2022-02-04,marketplace
C03444,Benjelloun,Hamza,@gmail.com,1963-12-17,m,CASA,0681299646,2024-09-01,referral
C03445,Naciri,Zakaria,zakaria.naciri515@yahoo.fr,1976-11-18,Femme,Béni Mellal,0692265987,2024-06-25,social_media
C03446,Benjelloun,Hanane,hanane.benjelloun752@yahoo.fr,1963-12-25,1,Tnja,0681161840,2023-04-13,mobile
C03447,Bouzid,Samira,samira.bouzid600@yahoo.fr,2004-08-17,H,TNG,0652605611,2024-08-06,mobile
C03448,El Idrissi,Zakaria,zakaria.elidrissi6@live.fr,1998-05-12,Femme,Mohammedia,0690859364,2021-02-28,mobile
C03449,Rahmouni,Houda,houda.rahmouni494@outlook.com,1969-08-11,Homme,Tnja,0624160136,2022-04-15,web
C03450,Tahiri,Amina,amina.tahiri890@yahoo.fr,1995-08-12,h,Nador,0637368318,2024-01-12,mobile
C03451,Bouzid,Karim,karim.bouzid701@hotmail.com,1977-02-20,f,Meknès,0685751060,2024-03-23,marketplace
C03452,Cherkaoui,Youssef,omar.elouazzani79@hotmail.com,1969-12-24,male,mkch,0615342208,2025-10-09,web
C03453,Tazi,Rim,rim.tazi769@gmail.com,1966-09-09,0,Tanger,0617660349,2024-08-19,referral
C03454,Kettani,Karim,karim.kettani999@gmail.com,1999-03-16,0,Fès,0621319336,2023-07-02,web
C03455,Bouazza,Khalid,hassan.ouahbi816@gmail.com,1992-04-05,h,Mohammedia,0663449230,2023-11-22,social_media
C03456,Benkirane,Meryem,meryem.benkirane@,1880-01-04,m,Casablanca,0628853261,2021-03-25,mobile
C03457,Naciri,Houda,houda.naciri849@live.fr,1966-12-02,male,casa,0683290305,2021-02-25,web
C03458,Cherkaoui,Wafae,wafae.cherkaoui@@live.fr,1964-01-27,Homme,TNG,0650925072,2021-05-20,web
C03459,Amrani,Adil,adil.amrani154@live.fr,1968-10-11,1,Tnja,0626313213,2025-11-13,social_media
C03460,Tazi,Amine,amine.tazi889@gmail.com,1998-07-11,female,Tétouan,0646965542,2023-01-06,mobile
C03461,Ouahbi,Meryem,meryem.ouahbi938@hotmail.com,1981-12-15,H,CASA,0654115338,2023-10-27,web
C03462,El Mansouri,Houda,houda.elmansouri667@yahoo.fr,1971-04-04,1,Kénitra,0648585265,2024-11-11,referral
C03463,Ouahbi,Amine,amine.ouahbi3@hotmail.com,2000-03-01,0,rbt,0680331546,2022-02-25,social_media
C03464,Benjelloun,Nabil,nabil.benjelloun906@live.fr,1991-04-20,Homme,tanger,0650169234,2021-01-27,referral
C03465,Naciri,Youssef,youssef.naciri428@outlook.com,1996-07-02,h,fes,0668272078,2022-12-20,marketplace
C03466,Tazi,Ilham,ilham.tazi812@yahoo.fr,1998-06-28,m,Béni Mellal,0677394689,2023-06-21,marketplace
C03467,Lahlou,Asmae,asmae.lahlou735@outlook.com,1988-02-12,female,fes,0672490430,2022-05-06,referral
C03468,Bouazza,Nadia,nadia.bouazza931@live.fr,1971-08-25,1,Fès,0644501825,2024-07-11,referral
C03469,Kettani,Amina,amina.kettani789@live.fr,2000-05-21,Homme,rbt,0614035702,2021-04-24,web
C03470,Ouahbi,Amine,amine.ouahbi394@hotmail.com,1978-06-07,Homme,Fès,0638867394,2025-09-06,mobile
C03471,Rahmouni,Zineb,zineb.rahmouni224@hotmail.com,1968-09-20,Femme,MARRAKECH,0674998368,2024-06-25,marketplace
C03472,Berrada,Imad,imad.berrada862@hotmail.com,2000-08-21,m,Marrakech,0692072799,2024-02-26,web
C03473,El Ouazzani,Dounia,dounia.elouazzani102@gmail.com,1982-12-25,female,Marrakech,0661062982,2025-02-21,mobile
C03474,Amrani,Ali,ali.amrani165@yahoo.fr,2006-07-11,h,TANGER,0618617490,2021-10-25,social_media
C03475,El Ouazzani,Driss,driss.elouazzani378@gmail.com,1968-02-28,Femme,casa,0697984650,2023-02-02,referral
C03476,Bennani,Meryem,meryem.bennani876@live.fr,1991-04-05,m,Casablanca,0655083480,2021-11-13,social_media
C03477,El Ouazzani,Amina,amina.elouazzani@,1985-08-14,male,Oujda,0623483226,2022-12-21,web
C03478,Tahiri,Ahmed,ahmed.tahiri348@outlook.com,1990-02-09,m,FES,0634957701,2021-05-28,social_media
C03479,Berrada,Zineb,zineb.berrada32@hotmail.com,1984-02-10,h,MARRAKECH,0637082203,2022-09-24,referral
C03480,Chraibi,Meryem,meryem.chraibi726@yahoo.fr,1980-05-28,female,RABAT,0648169659,2021-06-18,social_media
C03481,Rahmouni,Reda,reda.rahmouni501@yahoo.fr,1990-03-21,h,TNG,0691486514,2023-06-27,social_media
C03482,Ziani,Sanae,sanae.ziani192@hotmail.com,1961-12-21,H,Safi,0612862761,2023-03-04,web
C03483,Ziani,Imad,imad.ziani122@outlook.com,1980-05-12,h,tanger,0697095087,2022-10-24,web
C03484,Naciri,Rim,rim.naciri390@live.fr,1971-04-08,h,RABAT,0642378622,2025-06-26,web
C03485,Bouazza,Soufiane,soufiane.bouazza756@yahoo.fr,1971-11-12,1,Nador,0670992620,2024-12-07,social_media
C03486,El Idrissi,Nadia,nadia.elidrissi162@yahoo.fr,1962-02-08,1,fes,0625699798,2021-12-27,web
C03487,Kettani,Amine,amine.kettani374@hotmail.com,1996-11-06,0,Fès,0655606280,2021-06-03,social_media
C03488,Amrani,Zineb,zineb.amrani908@outlook.com,2003-10-07,H,Rabat,0678920720,2023-12-22,referral
C03489,Lahlou,Youssef,youssef.lahlou919@live.fr,2006-08-07,Homme,Nador,0647664344,2025-07-26,mobile
C03490,Ouahbi,Nadia,khadija.fassifihri225@live.fr,1995-07-22,f,casa,0673839985,2025-11-24,referral
C03491,Naciri,Soufiane,soufiane.naciri339@outlook.com,1968-01-23,female,Casablanca,0657475077,2025-08-28,web
C03492,Haddad,Hind,hind.haddad701@gmail.com,1985-09-11,h,RABAT,0620565786,2025-05-10,social_media
C03493,Amrani,Brahim,brahim.amrani785@gmail.com,2005-09-11,0,El Jadida,0661920852,2023-01-06,mobile
C03494,Bouzid,Youssef,youssef.bouzid769@hotmail.com,1967-09-11,m,Kénitra,0698472964,2022-03-20,web
C03495,Bouzid,Ali,ali.bouzid712@hotmail.com,1999-09-15,f,RABAT,0649054394,2021-11-22,referral
C03496,Benjelloun,Said,@hotmail.com,1988-12-16,Homme,fes,0697007013,2024-05-04,marketplace
C03497,Ouahbi,Nawal,nawal.ouahbi216@live.fr,1983-04-28,f,mkch,0636421157,2022-12-14,web
C03498,El Ouazzani,Ali,ali.elouazzani414@outlook.com,1981-01-15,H,Casablanca,0615987579,2024-07-14,social_media
C03499,Lahlou,Dounia,dounia.lahlou959@live.fr,1986-09-20,m,Rabat,0638076307,2024-06-12,mobile
C03500,Kettani,Rachid,rachid.kettani665@gmail.com,2003-05-07,Homme,Casablanca,0648055232,2025-07-17,referral
C03501,Ziani,Samira,amina.benjelloun205@outlook.com,2000-04-17,male,tanger,0638927145,2025-02-19,referral
C03502,Kettani,Amina,amina.kettani98@live.fr,1966-10-18,f,Kénitra,0622928390,2024-10-05,social_media
C03503,Ouahbi,Amine,amine.ouahbi477@gmail.com,1880-09-14,H,RABAT,0652870052,2024-11-27,mobile
C03504,El Mansouri,Omar,omar.elmansouri342@gmail.com,1966-07-28,h,Kénitra,0620794452,2024-06-26,social_media
C03505,Tazi,Nadia,nadia.tazi867@gmail.com,1975-02-08,0,Fès,0675620401,2023-03-23,social_media
C03506,Skalli,Nawal,nawal.skalli976@hotmail.com,1993-03-11,h,Rabat,0655306742,2024-07-21,web
C03507,El Idrissi,Driss,driss.elidrissi481@hotmail.com,1986-03-18,female,TANGER,0648564109,2021-12-07,web
C03508,Alaoui,Said,said.alaoui291@hotmail.com,1986-11-17,0,Meknès,0650469653,2024-06-15,marketplace
C03509,El Mansouri,Said,said.elmansouri146@live.fr,1973-10-18,Homme,FES,0627058496,2022-02-25,marketplace
C03510,Benkirane,Loubna,loubna.benkirane287@outlook.com,1964-06-03,female,Safi,0699300107,2022-05-25,social_media
C03511,Naciri,Reda,reda.naciri710@yahoo.fr,1974-09-16,male,Béni Mellal,0676029534,2023-05-16,web
C03512,Fassi Fihri,Ahmed,ahmed.fassifihri657@hotmail.com,1975-05-28,Femme,Fès,0659478593,2021-01-14,social_media
C03513,Haddad,Amina,amina.haddad432@outlook.com,2005-01-14,h,mkch,0641717084,2024-11-02,referral
C03514,El Ouazzani,Khalid,khalid.elouazzani263@outlook.com,2003-09-09,female,FES,0626375051,2022-10-16,web
C03515,Alaoui,Youssef,youssef.alaoui37@yahoo.fr,1971-08-24,0,RABAT,0628147529,2021-08-07,web
C03516,Alaoui,Soufiane,soufiane.alaoui405@outlook.com,1992-05-16,male,Safi,0696234178,2025-09-16,referral
C03517,Sefrioui,Reda,reda.sefrioui875@yahoo.fr,1982-08-23,Homme,tanger,0623281327,2025-08-03,marketplace
C03518,El Ouazzani,Meryem,meryem.elouazzani427@yahoo.fr,1997-12-06,h,Casablanca,0686647548,2022-11-23,marketplace
C03519,Ouahbi,Reda,reda.ouahbi781@hotmail.com,1987-09-22,0,El Jadida,0650489494,2025-10-17,mobile
C03520,Fassi Fihri,Karim,karim.fassifihri62@yahoo.fr,1968-05-04,male,Fès,0632602225,2021-05-25,web
C03521,Lahlou,Asmae,asmae.lahlou222@hotmail.com,1990-07-02,f,Meknès,0686465922,2022-12-21,social_media
C03522,Alaoui,Meryem,meryem.alaoui806@yahoo.fr,2005-10-16,H,Tnja,0652592557,2021-05-25,mobile
C03523,Benkirane,Adil,adil.benkirane72@outlook.com,1984-03-04,female,Mohammedia,0694694276,2022-06-10,marketplace
C03524,Benjelloun,Ahmed,ahmed.benjelloun353@gmail.com,2003-05-18,0,TNG,0658676893,2025-10-23,mobile
C03525,Fassi Fihri,Meryem,meryem.fassifihri533@gmail.com,1961-03-09,m,Casablanca,0614296633,2021-11-15,mobile
C03526,Fassi Fihri,Rachid,rachid.fassifihri741@outlook.com,1969-05-03,0,Meknès,0626631734,2023-11-15,referral
C03527,Ouahbi,Hanane,hanane.ouahbi866@hotmail.com,2002-12-24,male,Fès,0696139714,2023-12-05,referral
C03528,Benali,Youssef,youssef.benali140@outlook.com,2005-06-03,f,mkch,0675811875,2024-06-01,referral
C03529,Amrani,Ahmed,ahmed.amrani704@yahoo.fr,1965-10-14,1,Tétouan,0663203210,2023-02-20,social_media
C03530,Benjelloun,Ahmed,ahmed.benjelloun53@outlook.com,2004-07-25,Femme,rbt,0638746640,2025-07-06,social_media
C03531,El Ouazzani,Nabil,nabil.elouazzani126@outlook.com,2004-11-28,f,Tnja,0660960349,2025-02-16,social_media
C03532,Bouazza,Mustapha,mustapha.bouazza131@gmail.com,1970-12-09,m,FES,0669385274,2023-06-06,referral
C03533,Cherkaoui,Zineb,zineb.cherkaoui225@gmail.com,1986-05-14,m,CASA,0690101485,2023-10-10,web
C03534,Chraibi,Sanae,sanae.chraibi616@yahoo.fr,1972-12-06,H,Tétouan,0688021787,2021-04-24,mobile
C03535,Ouahbi,Reda,reda.ouahbi@,1991-09-12,male,Safi,0661878045,2023-06-16,marketplace
C03536,Berrada,Brahim,brahim.berrada295@outlook.com,1969-03-12,Homme,Marrakech,0644720006,2024-06-01,web
C03537,Bouzid,Adil,adil.bouzid709@hotmail.com,1980-06-24,Homme,Tanger,0648449378,2024-04-04,referral
C03538,Chraibi,Adil,adil.chraibi828@hotmail.com,1890-11-17,1,Béni Mellal,0618168748,2021-08-03,web
C03539,Sefrioui,Said,said.sefrioui280@outlook.com,1998-07-20,H,Tnja,0698320303,2024-10-08,mobile
C03540,Filali,Ilham,ilham.filali518@hotmail.com,1995-09-07,0,Mohammedia,0663493483,2025-12-26,referral
C03541,Berrada,Loubna,loubna.berrada126@live.fr,1994-02-13,Femme,FES,0629065725,2023-03-24,mobile
C03542,Rahmouni,Mustapha,mustapha.rahmouni242@live.fr,1983-03-04,h,Kénitra,0613364248,2025-10-17,social_media
C03543,Haddad,Laila,laila.haddad683@gmail.com,1999-12-12,male,Meknès,0672236529,2021-09-13,mobile
C03544,Chraibi,Amina,amina.chraibi548@hotmail.com,1988-09-28,male,El Jadida,0640725180,2024-08-22,referral
C03545,Tazi,Reda,reda.tazi368@gmail.com,1996-10-08,h,Béni Mellal,0638928301,2022-01-12,social_media
C03546,Chraibi,Soufiane,soufiane.chraibi144@yahoo.fr,1977-09-23,1,Kénitra,0662282117,2024-08-07,marketplace
C03547,Benjelloun,Reda,reda.benjelloun629@gmail.com,1969-10-10,h,El Jadida,0658899498,2021-07-08,social_media
C03548,Bouzid,Nabil,nabil.bouzid564@live.fr,2004-09-11,0,MARRAKECH,0628773207,2021-01-15,referral
C03549,Benali,Zineb,zineb.benali664@live.fr,1960-01-19,0,mkch,0667543868,2025-10-17,social_media
C03550,Fassi Fihri,Wafae,wafae.fassifihri42,1992-08-24,Homme,casa,0691518447,2022-06-24,social_media
C03551,Benali,Karim,karim.benali241@yahoo.fr,1966-12-02,Homme,casa,0687023811,2024-08-24,referral
C03552,Berrada,Rim,rim.berrada145@hotmail.com,1965-06-08,1,El Jadida,0629831964,2022-01-01,social_media
C03553,Filali,Nabil,nabil.filali877@gmail.com,1999-08-25,Femme,MARRAKECH,0642646754,2024-12-19,referral
C03554,El Idrissi,Samira,samira.elidrissi247@yahoo.fr,1967-07-17,Homme,casa,0615030656,2021-03-25,social_media
C03555,Bennani,Mohamed,mohamed.bennani627@outlook.com,1982-06-17,m,Casablanca,0688573974,2023-10-08,mobile
C03556,Benjelloun,Laila,laila.benjelloun967@yahoo.fr,1979-12-18,Femme,Agadir,0621263713,2025-05-09,mobile
C03557,Ziani,Wafae,wafae.ziani932@gmail.com,1963-04-18,Femme,Oujda,0688356174,2021-06-14,marketplace
C03558,Kettani,Khadija,khadija.kettani756@yahoo.fr,1964-01-27,m,casa,0625028743,2024-04-14,web
C03559,Ouahbi,Loubna,loubna.ouahbi43@yahoo.fr,1972-01-22,female,Marrakech,0690682154,2024-10-26,mobile
C03560,Tazi,Amina,amina.tazi136@yahoo.fr,1998-10-19,Homme,MARRAKECH,0687347820,2024-03-17,mobile
C03561,Fassi Fihri,Imad,imad.fassifihri58@yahoo.fr,1984-01-18,H,Safi,0686632440,2022-12-04,web
C03562,Bennani,Adil,adil.bennani363@live.fr,1999-09-03,Homme,Béni Mellal,0612073863,2025-05-09,referral
C03563,Benali,Sanae,sanae.benali316@yahoo.fr,2001-01-22,male,Agadir,0671385641,2023-05-17,marketplace
C03564,Skalli,Youssef,youssef.skalli157@outlook.com,1983-07-01,male,RABAT,0646536109,2025-11-10,social_media
C03565,Alaoui,Nawal,nawal.alaoui861@hotmail.com,1981-01-14,f,mkch,0660485797,2024-11-12,social_media
C03566,Alaoui,Nawal,nawal.alaoui22@live.fr,1989-07-11,Femme,CASA,0638556223,2024-09-19,social_media
C03567,Ziani,Sara,sara.ziani316@live.fr,1997-01-23,f,Fès,0630455611,2022-06-28,web
C03568,Tahiri,Wafae,wafae.tahiri607@gmail.com,1977-08-03,male,Béni Mellal,0697552273,2023-03-09,mobile
C03569,Tazi,Amine,amine.tazi134@gmail.com,1991-08-07,h,Casablanca,0639421545,2025-02-26,mobile
C03570,Amrani,Reda,reda.amrani379@yahoo.fr,1960-04-10,f,TANGER,0636318342,2024-04-26,mobile
C03571,Bouazza,Rachid,rachid.bouazza427@yahoo.fr,1994-01-24,1,TANGER,0614211007,2023-09-02,web
C03572,Ziani,Sanae,sanae.ziani558@hotmail.com,1963-02-28,Femme,Safi,0682947125,2023-05-08,marketplace
C03573,Benkirane,Amine,amine.benkirane465@outlook.com,2006-02-26,m,MARRAKECH,0625362428,2023-09-17,marketplace
C03574,Rahmouni,Ghita,ghita.rahmouni278@yahoo.fr,1981-05-04,f,casa,0610500482,2024-02-02,social_media
C03575,Benali,Asmae,asmae.benali401@outlook.com,1980-11-11,1,Meknès,0663558890,2022-11-22,mobile
C03576,Chraibi,Mustapha,mustapha.chraibi619@yahoo.fr,2002-04-09,male,casa,0685302350,2023-03-08,web
C03577,Fassi Fihri,Houda,houda.fassifihri996@outlook.com,1993-11-13,male,casa,0631497819,2021-05-13,referral
C03578,Cherkaoui,Khalid,khalid.cherkaoui964@live.fr,2002-06-03,Femme,Oujda,0636437484,2022-02-22,marketplace
C03579,El Ouazzani,Amine,amine.elouazzani497@hotmail.com,1996-04-15,m,Meknès,0640422131,2022-12-06,referral
C03580,Kettani,Salma,salma.kettani625@gmail.com,1970-06-17,male,TANGER,0680151319,2025-06-22,marketplace
C03581,Cherkaoui,Salma,@outlook.com,1972-10-16,Femme,Tanger,0666354096,2022-10-21,web
C03582,Chraibi,Nawal,nawal.chraibi497@outlook.com,1992-04-24,Femme,Casablanca,0654131165,2023-05-05,web
C03583,Haddad,Youssef,youssef.haddad342@yahoo.fr,1966-06-05,Femme,Casablanca,0651778820,2025-07-08,referral
C03584,Chraibi,Ahmed,ahmed.chraibi50@outlook.com,1967-05-10,f,El Jadida,0676069246,2023-04-08,marketplace
C03585,El Idrissi,Fatima,fatima.elidrissi628@outlook.com,2003-05-03,Femme,Casablanca,0635204626,2023-08-08,social_media
C03586,Benjelloun,Zakaria,zakaria.benjelloun91@live.fr,1960-10-01,m,tanger,0660242890,2024-02-19,social_media
C03587,El Mansouri,Dounia,dounia.elmansouri320@gmail.com,2001-06-11,Femme,Tnja,0675274973,2025-04-18,mobile
C03588,Ouahbi,Youssef,youssef.ouahbi610@hotmail.com,1963-09-09,female,FES,0619205111,2022-09-17,social_media
C03589,Sefrioui,Zineb,zineb.sefrioui731@outlook.com,1998-10-02,1,Fès,0651839740,2024-01-26,social_media
C03590,Alaoui,Said,said.alaoui86,2003-10-20,0,rbt,0678886593,2021-09-03,social_media
C03591,Alaoui,Youssef,youssef.alaoui654@outlook.com,1989-03-06,1,Fès,0667273365,2022-08-08,referral
C03592,Benjelloun,Khadija,khadija.benjelloun939@hotmail.com,1976-08-08,0,Nador,0628904035,2023-04-11,mobile
C03593,Lahlou,Soufiane,soufiane.lahlou211@live.fr,1973-10-15,Homme,mkch,0659546861,2022-05-27,web
C03594,Lahlou,Soufiane,soufiane.lahlou445@live.fr,1963-12-01,h,CASA,0671524281,2025-09-20,mobile
C03595,Naciri,Mohamed,mohamed.naciri265@gmail.com,1965-02-20,Femme,FES,0636858900,2025-02-23,social_media
C03596,Naciri,Hassan,hassan.naciri715@hotmail.com,1962-01-14,m,fes,0696695026,2022-09-25,referral
C03597,Cherkaoui,Houda,houda.cherkaoui209@yahoo.fr,2001-10-11,H,casa,0685469603,2025-05-12,referral
C03598,Tazi,Said,said.tazi889@yahoo.fr,1989-06-13,female,Tétouan,0631796090,2023-06-04,referral
C03599,El Amrani,Loubna,loubna.elamrani447@yahoo.fr,1982-08-02,h,tanger,0610436604,2022-02-24,web
C03600,Tazi,Imad,imad.tazi660@hotmail.com,1973-11-25,0,TNG,0650440641,2023-03-03,marketplace
C03601,Benali,Nadia,nadia.benali693@yahoo.fr,1996-09-17,Femme,MARRAKECH,0679839031,2022-10-14,mobile
C03602,Lahlou,Amina,rim.haddad162@hotmail.com,1981-03-03,1,Nador,0636265483,2023-02-16,marketplace
C03603,Ouahbi,Asmae,asmae.ouahbi976@outlook.com,1969-12-09,m,Tnja,0673864076,2024-02-12,marketplace
C03604,Alaoui,Amine,brahim.tahiri267@live.fr,1971-02-23,H,fes,0655399286,2022-04-19,marketplace
C03605,Ouahbi,Amine,amine.ouahbi525@live.fr,1976-02-09,male,TANGER,0640961067,2022-03-14,mobile
C03606,El Idrissi,Omar,omar.elidrissi328@yahoo.fr,1977-06-04,Homme,Nador,0682955492,2025-07-16,social_media
C03607,Rahmouni,Zakaria,zakaria.rahmouni696@gmail.com,1971-07-18,m,casa,0633473768,2023-03-07,social_media
C03608,Rahmouni,Ali,ali.rahmouni626@outlook.com,1996-12-07,Homme,rbt,0655798510,2021-01-28,social_media
C03609,Amrani,Nabil,nabil.amrani721@hotmail.com,1989-09-24,1,Nador,0631695153,2024-07-21,social_media
C03610,Cherkaoui,Hamza,said.naciri56@live.fr,1987-09-20,Femme,mkch,0660073579,2021-10-24,web
C03611,Chraibi,Reda,reda.chraibi402@live.fr,1966-10-21,female,Oujda,0648975760,2021-11-19,referral
C03612,El Ouazzani,Dounia,dounia.elouazzani121@outlook.com,2002-01-02,Homme,Rabat,0658625303,2022-05-03,marketplace
C03613,Sefrioui,Said,said.sefrioui921@hotmail.com,1970-08-02,male,Nador,0689609762,2022-09-25,referral
C03614,Sefrioui,Adil,adil.sefrioui378@live.fr,1965-07-06,male,Tétouan,0664371912,2021-01-23,marketplace
C03615,El Mansouri,Meryem,meryem.elmansouri863@yahoo.fr,2003-05-24,h,El Jadida,0655622377,2022-02-01,marketplace
C03616,El Amrani,Ahmed,ahmed.elamrani697@hotmail.com,1996-07-02,m,Fès,0687606799,2025-11-18,marketplace
C03617,El Ouazzani,Driss,driss.elouazzani340@hotmail.com,1972-02-09,h,Tétouan,0654751230,2025-05-25,mobile
C03618,Lahlou,Houda,houda.lahlou47@outlook.com,1880-09-02,H,mkch,0687074096,2023-01-21,referral
C03619,El Idrissi,Samira,rim.bennani46@yahoo.fr,1977-08-21,Homme,rbt,0690719704,2023-12-06,social_media
C03620,Benjelloun,Asmae,asmae.benjelloun176@hotmail.com,1977-12-08,f,Fès,0633931781,2025-12-28,marketplace
C03621,Tahiri,Driss,driss.tahiri868@gmail.com,1989-05-23,male,TANGER,0641848563,2023-03-12,referral
C03622,Sefrioui,Hind,hind.sefrioui464@hotmail.com,1971-01-19,Femme,Béni Mellal,0683675766,2021-09-21,web
C03623,Rahmouni,Hassan,hassan.rahmouni126@outlook.com,1962-10-26,male,mkch,0611075142,2024-01-06,referral
C03624,Ziani,Rim,rim.ziani446@live.fr,2003-06-20,m,Marrakech,0655845652,2021-02-16,mobile
C03625,Bennani,Nabil,nabil.bennani917@yahoo.fr,2026-01-10,1,tanger,0674236302,2022-08-25,marketplace
C03626,Filali,Houda,houda.filali479@hotmail.com,1974-04-08,Femme,Casablanca,0635012961,2021-01-07,marketplace
C03627,Rahmouni,Wafae,wafae.rahmouni456@yahoo.fr,1975-02-04,male,Rabat,0665641791,2023-02-20,referral
C03628,Benkirane,Hassan,hassan.benkirane145@hotmail.com,1973-01-19,Homme,Rabat,0696171947,2025-01-07,marketplace
C03629,Amrani,Salma,salma.amrani841@yahoo.fr,1984-07-16,f,FES,0651086994,2021-04-13,social_media
C03630,Skalli,Nadia,nadia.skalli333@yahoo.fr,1968-06-22,f,CASA,0698576831,2022-05-17,marketplace
C03631,El Ouazzani,Ilham,ilham.elouazzani217@live.fr,1988-08-11,h,Béni Mellal,0639689804,2025-04-21,marketplace
C03632,Haddad,Soufiane,houda.tahiri1@gmail.com,1972-12-26,female,Meknès,0615490715,2021-06-09,mobile
C03633,Sefrioui,Nabil,nabil.sefrioui905@gmail.com,1972-03-16,0,Tanger,0646150570,2021-04-21,referral
C03634,Ouahbi,Amine,amine.ouahbi129@yahoo.fr,1986-05-06,m,El Jadida,0619950920,2024-03-24,mobile
C03635,Benjelloun,Hind,hind.benjelloun208@yahoo.fr,1990-10-14,Femme,CASA,0662327411,2024-11-10,social_media
C03636,Bouzid,Houda,imad.berrada810@hotmail.com,1973-04-05,h,Rabat,0685288425,2024-10-25,referral
C03637,Benali,Salma,salma.benali176@gmail.com,1998-10-13,female,FES,0690921786,2021-05-28,marketplace
C03638,Lahlou,Sanae,sanae.lahlou753@yahoo.fr,1962-04-18,f,Marrakech,0630164072,2023-10-11,social_media
C03639,Sefrioui,Adil,adil.sefrioui994@hotmail.com,1979-02-25,1,rbt,0661343139,2021-10-13,web
C03640,Haddad,Nawal,nawal.haddad902@live.fr,1962-09-17,1,Mohammedia,0686296626,2023-01-14,web
C03641,El Mansouri,Karim,karim.elmansouri81@gmail.com,2001-03-08,female,Oujda,0658672478,2025-11-27,referral
C03642,Naciri,Salma,salma.naciri642@live.fr,1972-01-26,1,Mohammedia,0684282681,2022-04-12,mobile
C03643,Benkirane,Brahim,brahim.benkirane70@yahoo.fr,1999-10-16,h,Kénitra,0698772199,2024-04-18,social_media
C03644,Benkirane,Rim,rim.benkirane449@outlook.com,2000-09-23,female,Kénitra,0689612126,2023-03-05,social_media
C03645,Skalli,Asmae,asmae.skalli262@yahoo.fr,1977-04-01,f,El Jadida,0613116924,2024-03-27,social_media
C03646,El Amrani,Hassan,hassan.elamrani829@yahoo.fr,1988-03-02,H,Tnja,0620621354,2022-10-17,web
C03647,Sefrioui,Mohamed,mohamed.sefrioui945@hotmail.com,1997-12-18,Homme,Meknès,0694956292,2021-02-23,social_media
C03648,Cherkaoui,Sara,sara.cherkaoui2@yahoo.fr,1981-01-28,m,Tétouan,0632925532,2023-05-08,social_media
C03649,Fassi Fihri,Brahim,salma.bouzid199@hotmail.com,2001-05-25,h,TNG,0660702758,2021-07-03,referral
C03650,Chraibi,Soufiane,soufiane.chraibi851@yahoo.fr,1967-11-21,1,mkch,0642282921,2024-04-05,referral
C03651,Alaoui,Mustapha,mustapha.alaoui730@outlook.com,1970-03-14,Femme,Kénitra,0626397956,2023-10-09,marketplace
C03652,Cherkaoui,Reda,reda.cherkaoui86@yahoo.fr,1967-07-10,H,tanger,0665102031,2023-12-14,referral
C03653,El Idrissi,Mustapha,mustapha.elidrissi702@hotmail.com,1963-03-27,0,Fès,0655423845,2025-11-04,referral
C03654,Ouahbi,Dounia,dounia.ouahbi860@gmail.com,1963-02-10,Femme,Rabat,0635678602,2024-01-05,marketplace
C03655,Bouazza,Said,said.bouazza522@outlook.com,1963-09-04,h,Marrakech,0655177240,2022-12-08,social_media
C03656,Bouzid,Ahmed,ahmed.bouzid405@outlook.com,1971-08-17,female,El Jadida,0672885567,2025-09-09,referral
C03657,Tazi,Rim,rim.tazi875@gmail.com,1991-11-15,H,TANGER,0611694314,2021-06-03,marketplace
C03658,Bouazza,Mohamed,mohamed.bouazza190@gmail.com,2005-02-23,H,Marrakech,0651747837,2023-09-06,web
C03659,Tahiri,Zineb,zineb.tahiri281@gmail.com,2000-10-10,0,Tnja,0665391477,2022-06-19,mobile
C03660,Filali,Mohamed,mohamed.filali605@gmail.com,1975-05-12,m,RABAT,0623957644,2021-01-09,referral
C03661,Tazi,Soufiane,soufiane.tazi@@gmail.com,1966-07-22,0,Tanger,0645921092,2024-09-24,social_media
C03662,El Amrani,Reda,reda.elamrani954@gmail.com,1993-02-17,1,TNG,0687053505,2021-09-13,social_media
C03663,Filali,Sara,sara.filali919@yahoo.fr,1979-08-25,Homme,Mohammedia,0639855265,2024-03-03,referral
C03664,Bouazza,Mehdi,mehdi.bouazza27@hotmail.com,2025-10-22,male,Béni Mellal,0631148744,2023-02-16,mobile
C03665,Alaoui,Driss,driss.alaoui58@outlook.com,1984-04-27,f,fes,0683221810,2024-03-04,marketplace
C03666,Cherkaoui,Wafae,wafae.cherkaoui964@live.fr,1979-08-02,Femme,mkch,0621858588,2023-12-15,mobile
C03667,Bouzid,Samira,samira.bouzid878@outlook.com,1985-07-14,Femme,Casablanca,0671523489,2024-02-11,web
C03668,Berrada,Salma,salma.berrada19@outlook.com,2000-09-25,m,Tanger,0659287710,2025-04-25,referral
C03669,Ziani,Imad,imad.ziani187@outlook.com,1986-02-12,1,Fès,0641896222,2021-12-23,mobile
C03670,Rahmouni,Driss,driss.rahmouni549@yahoo.fr,2003-11-23,H,Rabat,0611347797,2025-12-07,marketplace
C03671,Fassi Fihri,Omar,omar.fassifihri896@live.fr,1967-12-23,h,Safi,0642271567,2021-02-23,mobile
C03672,Ziani,Sanae,sanae.ziani1,1982-09-10,0,fes,0612133558,2025-11-27,web
C03673,Skalli,Khadija,khadija.skalli@@yahoo.fr,1998-01-20,male,Casablanca,0629195869,2023-10-02,social_media
C03674,Alaoui,Wafae,wafae.alaoui198@outlook.com,1996-02-17,Homme,mkch,0645798841,2022-09-14,referral
C03675,Bouzid,Nadia,nadia.bouzid601@outlook.com,1984-08-22,1,Béni Mellal,0671430641,2024-02-15,marketplace
C03676,Naciri,Adil,adil.naciri956@yahoo.fr,1982-05-23,h,El Jadida,0672027228,2025-11-20,referral
C03677,El Amrani,Ahmed,ahmed.elamrani707@gmail.com,1990-01-12,Homme,Agadir,0673414472,2021-09-26,marketplace
C03678,Skalli,Khadija,khadija.skalli272@hotmail.com,2006-09-18,male,Rabat,0689419461,2024-08-17,marketplace
C03679,Amrani,Salma,salma.amrani943@gmail.com,1977-12-03,h,Casablanca,0623587186,2023-03-01,mobile
C03680,Benali,Driss,driss.benali217@yahoo.fr,1964-05-01,H,Agadir,0651870557,2023-07-06,social_media
C03681,Tahiri,Soufiane,soufiane.tahiri861@yahoo.fr,1970-08-08,0,Oujda,0698697037,2022-01-17,referral
C03682,Skalli,Hassan,hassan.skalli407@yahoo.fr,1971-02-24,Homme,Fès,0649717091,2021-10-11,referral
C03683,El Idrissi,Adil,adil.elidrissi822@outlook.com,1996-01-19,female,MARRAKECH,0686656472,2025-02-23,referral
C03684,Bouazza,Ghita,ghita.bouazza407@yahoo.fr,1983-02-03,H,Tanger,0657123444,2021-04-23,social_media
C03685,Skalli,Houda,houda.skalli137@outlook.com,1962-03-17,female,RABAT,0689233275,2021-06-15,marketplace
C03686,Rahmouni,Mohamed,mohamed.rahmouni305@yahoo.fr,1984-11-08,m,FES,0670240345,2021-06-24,mobile
C03687,Berrada,Adil,adil.berrada168@gmail.com,1995-04-19,1,Tnja,0671670861,2021-06-07,web
C03688,Bouazza,Karim,karim.bouazza720@outlook.com,1960-11-27,female,Casablanca,0647478261,2022-03-24,referral
C03689,Benali,Nadia,nadia.benali664@hotmail.com,1990-10-09,1,Safi,0683187697,2024-07-28,marketplace
C03690,Benjelloun,Hamza,hamza.benjelloun518@yahoo.fr,1995-12-02,f,TANGER,0673921913,2024-08-12,marketplace
C03691,Sefrioui,Ali,ali.sefrioui563@outlook.com,2004-10-06,Femme,Safi,0686211598,2023-03-15,mobile
C03692,El Amrani,Reda,reda.elamrani685@live.fr,1971-11-17,1,El Jadida,0624477507,2024-04-11,web
C03693,Sefrioui,Hanane,hanane.sefrioui266@hotmail.com,1990-11-16,male,Meknès,0664705566,2024-05-15,mobile
C03694,Tahiri,Dounia,dounia.tahiri198@gmail.com,1971-08-16,f,FES,0665003799,2025-07-02,referral
C03695,El Amrani,Zakaria,zakaria.elamrani684@outlook.com,1981-11-23,male,Agadir,0653541102,2021-11-27,social_media
C03696,Bouzid,Hassan,hassan.bouzid843@hotmail.com,1965-09-24,1,mkch,0625204953,2024-06-25,marketplace
C03697,Tazi,Omar,omar.tazi693@gmail.com,1992-11-27,Homme,Fès,0681356398,2024-10-02,social_media
C03698,Skalli,Asmae,asmae.skalli448@yahoo.fr,1991-01-26,f,MARRAKECH,0692420770,2023-10-08,social_media
C03699,Benali,Amine,amine.benali709@yahoo.fr,1968-05-13,Femme,Meknès,0698327935,2023-06-05,referral
C03700,Benkirane,Mustapha,mustapha.benkirane942@hotmail.com,1971-03-26,female,Kénitra,0621078589,2024-12-04,mobile
C03701,Bennani,Loubna,loubna.bennani85@hotmail.com,1994-05-15,m,Casablanca,0669948193,2023-06-12,social_media
C03702,Bouazza,Soufiane,soufiane.bouazza574@hotmail.com,2002-12-03,0,Rabat,0665820179,2025-11-08,social_media
C03703,Haddad,Laila,laila.haddad367@hotmail.com,1998-09-27,H,TNG,0687528038,2024-04-05,social_media
C03704,Benjelloun,Loubna,loubna.benjelloun146@outlook.com,2000-03-09,Femme,Oujda,0691893354,2023-07-28,referral
C03705,Benkirane,Brahim,brahim.benkirane617@gmail.com,1979-08-17,h,fes,0665924861,2022-01-27,mobile
C03706,El Mansouri,Asmae,asmae.elmansouri515@yahoo.fr,1971-05-09,male,Tnja,0621020180,2023-07-08,mobile
C03707,Benjelloun,Dounia,dounia.benjelloun594@gmail.com,1996-01-19,1,Tnja,0620734963,2025-02-22,mobile
C03708,Filali,Hamza,hamza.filali672@yahoo.fr,1965-04-13,f,Casablanca,0653581286,2025-05-02,marketplace
C03709,El Amrani,Hind,ali.bouzid75@hotmail.com,1991-08-12,Femme,FES,0616206356,2021-10-02,mobile
C03710,Alaoui,Adil,adil.alaoui294@hotmail.com,1970-07-15,female,RABAT,0666668307,2023-09-10,marketplace
C03711,Tazi,Sara,sara.tazi144@hotmail.com,1976-04-15,m,Casablanca,0617398773,2024-08-08,marketplace
C03712,Fassi Fihri,Reda,reda.fassifihri433@live.fr,1999-07-18,f,Nador,0637653315,2022-03-09,web
C03713,El Amrani,Dounia,dounia.elamrani365@hotmail.com,1993-04-24,f,TNG,0637649200,2025-03-23,web
C03714,Benjelloun,Amine,amine.benjelloun946@hotmail.com,1988-01-15,f,Tanger,0697502338,2024-10-23,mobile
C03715,Benjelloun,Zineb,zineb.benjelloun754@yahoo.fr,1988-02-04,Femme,CASA,0665729326,2022-02-12,referral
C03716,El Idrissi,Nadia,nadia.elidrissi306@hotmail.com,1987-04-19,m,Nador,0648482063,2023-07-17,marketplace
C03717,Rahmouni,Amine,amine.rahmouni15@live.fr,2005-08-05,m,Casablanca,0635158511,2024-04-22,social_media
C03718,Kettani,Hamza,hamza.kettani159@live.fr,1890-09-25,f,RABAT,0679295869,2024-03-28,referral
C03719,Chraibi,Karim,driss.benjelloun989@gmail.com,1997-12-20,male,casa,0694652013,2021-12-24,web
C03720,El Amrani,Hind,hind.elamrani764@hotmail.com,1972-10-11,Homme,Safi,0620375992,2021-03-03,web
C03721,Kettani,Loubna,loubna.kettani@,1968-12-06,m,Casablanca,0641546108,2021-09-19,referral
C03722,Filali,Hind,hind.filali585@live.fr,1988-02-27,m,El Jadida,0673104259,2021-02-10,referral
C03723,Benali,Nabil,nabil.benali629@live.fr,1996-01-26,Femme,Fès,0617823314,2024-07-11,social_media
C03724,Tahiri,Imad,imad.tahiri474@yahoo.fr,1972-02-14,H,Agadir,0656759493,2021-04-27,web
C03725,Ouahbi,Hassan,hassan.ouahbi404@gmail.com,1963-12-23,Femme,Fès,0646961495,2023-03-28,web
C03726,Haddad,Asmae,asmae.haddad442@yahoo.fr,1985-11-22,Homme,Béni Mellal,0626120414,2023-07-20,marketplace
C03727,El Mansouri,Zakaria,zakaria.elmansouri6@gmail.com,1973-08-09,m,fes,0646402653,2022-08-17,social_media
C03728,Filali,Fatima,fatima.filali520@hotmail.com,2006-11-22,female,Agadir,0639957848,2025-12-08,social_media
C03729,Bouazza,Hamza,hamza.bouazza738@hotmail.com,1967-08-16,1,Marrakech,0682343569,2024-06-15,social_media
C03730,Tazi,Asmae,asmae.tazi45,1984-03-21,m,Marrakech,0642042273,2023-08-20,referral
C03731,El Mansouri,Mehdi,mehdi.elmansouri88@live.fr,1984-04-03,H,Tnja,0695008029,2023-12-12,marketplace
C03732,Bouazza,Khadija,khadija.bouazza493@live.fr,2004-04-04,m,Mohammedia,0684029726,2025-04-24,mobile
C03733,Bennani,Hanane,hanane.bennani282@yahoo.fr,1966-11-07,H,CASA,0677988449,2025-02-08,marketplace
C03734,El Mansouri,Dounia,dounia.elmansouri964@live.fr,1977-06-15,f,Agadir,0670236759,2021-02-16,mobile
C03735,El Amrani,Mustapha,mustapha.elamrani49@gmail.com,2006-10-16,m,Casablanca,0687524633,2021-03-16,mobile
C03736,Benkirane,Youssef,youssef.benkirane169@outlook.com,2006-10-20,1,Nador,0668287384,2025-12-01,web
C03737,Chraibi,Zakaria,zakaria.chraibi11@outlook.com,1966-02-27,h,El Jadida,0687471017,2025-03-18,mobile
C03738,Kettani,Fatima,fatima.kettani442@live.fr,1997-08-11,Femme,MARRAKECH,0660656661,2022-04-23,mobile
C03739,Ziani,Rachid,rachid.ziani645@live.fr,1985-02-22,1,Marrakech,0662974836,2024-06-21,referral
C03740,Skalli,Rachid,rachid.skalli983@live.fr,1961-07-26,Homme,Casablanca,0630558316,2025-10-22,marketplace
C03741,Filali,Loubna,loubna.filali12@gmail.com,2004-12-18,0,TANGER,0694072891,2024-06-13,mobile
C03742,Haddad,Hassan,hassan.haddad520@gmail.com,1994-04-03,f,Meknès,0631955947,2025-03-15,social_media
C03743,Sefrioui,Rim,rim.sefrioui49@yahoo.fr,1968-09-03,0,CASA,0698872038,2025-02-13,social_media
C03744,El Ouazzani,Mustapha,nadia.benali664@hotmail.com,1987-02-16,f,tanger,0645126359,2023-06-15,web
C03745,Tazi,Driss,loubna.fassifihri447@hotmail.com,1965-04-08,H,Tanger,0632617298,2021-11-21,web
C03746,Ziani,Reda,reda.ziani@,1970-02-12,m,mkch,0687876113,2025-12-03,mobile
C03747,Berrada,Mustapha,mustapha.berrada256@yahoo.fr,1964-09-24,Homme,Meknès,0686961745,2023-07-18,web
C03748,Benkirane,Imad,imad.benkirane934@hotmail.com,1991-01-21,0,mkch,0679168189,2025-02-10,social_media
C03749,Haddad,Salma,salma.haddad@,1984-06-14,1,TNG,0681765125,2021-10-16,referral
C03750,Berrada,Ahmed,ahmed.berrada422@outlook.com,1996-10-28,male,El Jadida,0671413525,2022-12-23,social_media
C03751,Benali,Dounia,dounia.benali713@outlook.com,1994-12-14,H,Fès,0669366655,2023-10-15,marketplace
C03752,Kettani,Rim,rim.kettani220@outlook.com,1962-08-11,male,CASA,0665227412,2021-12-27,referral
C03753,Tahiri,Imad,imad.tahiri241@outlook.com,1978-12-03,0,Kénitra,0685482625,2022-07-16,referral
C03754,El Ouazzani,Said,said.elouazzani252@outlook.com,1985-01-24,m,Safi,0671728006,2023-03-03,mobile
C03755,Cherkaoui,Karim,karim.cherkaoui527@yahoo.fr,2000-09-17,m,Tnja,0630995196,2021-03-23,referral
C03756,Skalli,Nawal,nawal.skalli634@outlook.com,1991-11-02,female,TNG,0688129673,2024-10-24,web
C03757,Haddad,Dounia,dounia.haddad131@outlook.com,1978-04-25,m,Rabat,0620567769,2023-05-20,referral
C03758,Ouahbi,Zineb,zineb.ouahbi654@gmail.com,1991-02-04,female,TANGER,0691825540,2024-03-10,referral
C03759,Bouzid,Wafae,wafae.bouzid207@yahoo.fr,1999-05-04,0,RABAT,0662586052,2024-03-21,social_media
C03760,Sefrioui,Mohamed,mohamed.sefrioui168@outlook.com,1975-03-28,h,Rabat,0663436653,2021-06-28,social_media
C03761,El Amrani,Ahmed,ahmed.elamrani524@gmail.com,1981-12-20,h,Tanger,0616049456,2025-10-06,social_media
C03762,Ouahbi,Loubna,hind.benali298@hotmail.com,1995-10-21,h,Rabat,0614690496,2024-01-11,mobile
C03763,El Idrissi,Hind,hind.elidrissi244@outlook.com,1976-02-09,f,tanger,0650269674,2024-06-12,marketplace
C03764,Amrani,Hamza,hamza.amrani373@yahoo.fr,1999-02-12,0,mkch,0613154978,2024-07-07,mobile
C03765,Sefrioui,Karim,mehdi.skalli232@hotmail.com,1980-03-26,male,Meknès,0618630365,2023-11-01,referral
C03766,Amrani,Ali,ali.amrani@@yahoo.fr,2003-08-16,male,FES,0637912517,2025-11-04,marketplace
C03767,Berrada,Said,said.berrada561@yahoo.fr,1980-04-12,Homme,Tnja,0699745071,2021-10-01,marketplace
C03768,Tahiri,Ali,ali.tahiri284@live.fr,1998-12-09,f,Oujda,0637441439,2024-06-04,mobile
C03769,Bennani,Meryem,meryem.bennani634@yahoo.fr,1977-04-17,m,Agadir,0613472962,2023-08-23,referral
C03770,Rahmouni,Wafae,wafae.rahmouni372@gmail.com,1975-10-22,1,El Jadida,0662483644,2022-11-08,mobile
C03771,Berrada,Karim,karim.berrada370@outlook.com,1998-03-23,H,Marrakech,0624514516,2023-10-24,mobile
C03772,Alaoui,Mehdi,mehdi.alaoui178@outlook.com,2001-10-06,m,Marrakech,0665624704,2023-06-04,social_media
C03773,El Ouazzani,Hanane,hanane.elouazzani699@gmail.com,1965-02-16,male,tanger,0630043745,2022-10-28,mobile
C03774,Ziani,Said,said.ziani750@hotmail.com,1982-07-06,f,Fès,0628426213,2025-08-24,marketplace
C03775,Alaoui,Ghita,ghita.alaoui589@gmail.com,1965-07-18,Homme,Mohammedia,0691858303,2022-09-22,referral
C03776,Bouazza,Reda,reda.bouazza293@yahoo.fr,1984-03-20,1,Marrakech,0680220675,2024-01-07,social_media
C03777,Bouazza,Zineb,zineb.bouazza145@hotmail.com,1968-05-06,female,Fès,0684653674,2024-04-15,mobile
C03778,Fassi Fihri,Ahmed,ahmed.fassifihri107@yahoo.fr,1994-05-16,Femme,TNG,0647248849,2023-10-01,marketplace
C03779,El Ouazzani,Ahmed,ahmed.elouazzani220@yahoo.fr,1979-11-24,male,Safi,0653183141,2021-07-23,mobile
C03780,Fassi Fihri,Nadia,nadia.fassifihri648@hotmail.com,1974-05-24,h,Tétouan,0688816407,2023-02-19,marketplace
C03781,Filali,Mohamed,mohamed.filali461@live.fr,2005-09-26,H,Tétouan,0699765489,2021-12-11,social_media
C03782,Chraibi,Adil,adil.chraibi811@yahoo.fr,1971-01-10,1,Béni Mellal,0670209579,2022-11-27,social_media
C03783,Haddad,Laila,laila.haddad949@live.fr,1968-07-04,Homme,Tétouan,0641899679,2023-03-17,web
C03784,Benkirane,Adil,adil.benkirane881@gmail.com,2006-08-21,1,TNG,0677315092,2025-01-20,referral
C03785,Bennani,Houda,houda.bennani365@hotmail.com,1997-05-25,h,CASA,0656372777,2022-04-21,marketplace
C03786,Cherkaoui,Ahmed,ahmed.cherkaoui502@hotmail.com,1997-01-06,m,Tnja,0612074873,2023-02-01,mobile
C03787,Benkirane,Driss,driss.benkirane858@yahoo.fr,1993-04-11,1,Tnja,0699584820,2025-12-26,marketplace
C03788,Chraibi,Houda,houda.chraibi183@hotmail.com,2026-08-21,m,TANGER,0674581564,2021-01-08,referral
C03789,Rahmouni,Amine,amine.rahmouni918@gmail.com,1992-09-18,Femme,Meknès,0687296542,2025-06-27,mobile
C03790,Benkirane,Khadija,khadija.benkirane969@gmail.com,1992-07-13,Femme,Fès,0688299985,2021-01-19,referral
C03791,Ziani,Zineb,zineb.ziani106@gmail.com,1975-07-10,Homme,Tnja,0643299974,2025-12-16,social_media
C03792,Haddad,Ali,ali.haddad150@gmail.com,2004-04-09,m,TNG,0685748711,2022-12-05,social_media
C03793,Chraibi,Soufiane,soufiane.chraibi344@gmail.com,2006-10-23,female,Casablanca,0689848903,2023-11-20,marketplace
C03794,Rahmouni,Meryem,meryem.rahmouni450@yahoo.fr,1965-10-26,h,Casablanca,0616319660,2021-12-21,mobile
C03795,Bouzid,Karim,karim.bouzid640@yahoo.fr,1977-01-11,0,tanger,0681548855,2021-06-11,referral
C03796,Chraibi,Asmae,asmae.chraibi675@gmail.com,1984-02-03,0,TANGER,0625554033,2023-05-05,web
C03797,Filali,Loubna,loubna.filali826@live.fr,1999-03-24,H,rbt,0687934624,2024-06-22,marketplace
C03798,Amrani,Mehdi,mehdi.amrani434@outlook.com,1988-05-01,male,Kénitra,0686077521,2021-12-03,referral
C03799,Benali,Amine,amine.benali919@gmail.com,1977-04-06,f,Agadir,0645635946,2024-06-25,referral
C03800,Tazi,Samira,samira.tazi641@live.fr,2001-11-11,H,Tnja,0690277560,2023-02-15,web
C03801,Bouzid,Karim,karim.bouzid925@live.fr,1983-10-23,h,Fès,0637504101,2023-09-20,web
C03802,Haddad,Zineb,zineb.haddad538@gmail.com,1986-10-11,Homme,Casablanca,0622534117,2024-10-18,referral
C03803,Cherkaoui,Mehdi,mehdi.cherkaoui408@gmail.com,1984-05-01,0,Agadir,0669989341,2022-12-02,marketplace
C03804,Benali,Brahim,brahim.benali28@live.fr,1963-07-15,h,Tanger,0624033449,2021-01-19,social_media
C03805,El Idrissi,Nawal,nawal.elidrissi620@yahoo.fr,1973-12-16,m,TANGER,0657495176,2023-10-09,marketplace
C03806,Haddad,Nadia,nadia.haddad538@gmail.com,2005-06-09,0,Béni Mellal,0672038497,2025-04-09,referral
C03807,Filali,Omar,omar.filali562@live.fr,2000-12-18,male,tanger,0641983518,2024-12-21,mobile
C03808,El Ouazzani,Driss,driss.elouazzani24@hotmail.com,1987-03-08,m,Marrakech,0681281128,2022-06-11,referral
C03809,Tahiri,Imad,imad.tahiri170@gmail.com,1966-09-01,h,Marrakech,0645713682,2024-09-28,marketplace
C03810,El Ouazzani,Khalid,khalid.elouazzani63@gmail.com,1982-10-15,male,Fès,0622410205,2024-06-16,mobile
C03811,Ouahbi,Hassan,hassan.ouahbi309@live.fr,1982-02-20,Femme,Casablanca,0686993807,2024-02-09,referral
C03812,Benali,Ahmed,ahmed.benali710@gmail.com,2001-05-10,Homme,Nador,0697129525,2025-07-06,marketplace
C03813,Chraibi,Amine,amine.chraibi565@hotmail.com,1973-10-26,Femme,fes,0662395160,2021-08-13,social_media
C03814,Ouahbi,Omar,omar.ouahbi31,1997-10-16,Homme,mkch,0684815065,2021-07-12,web
C03815,Benjelloun,Omar,omar.benjelloun815@gmail.com,1962-11-26,Femme,Béni Mellal,0678662541,2025-07-24,web
C03816,Berrada,Wafae,wafae.berrada123@outlook.com,1998-11-08,1,Agadir,0610164137,2023-03-14,web
C03817,El Ouazzani,Imad,imad.elouazzani352@outlook.com,1987-02-07,1,Fès,0644891026,2023-11-26,mobile
C03818,Tazi,Fatima,fatima.tazi219@hotmail.com,1963-01-06,H,Fès,0615783301,2023-11-08,marketplace
C03819,Kettani,Hind,hind.kettani800@gmail.com,1983-04-08,Homme,mkch,0664171337,2021-02-11,marketplace
C03820,Skalli,Sara,sara.skalli974@hotmail.com,1972-11-04,male,Fès,0641782545,2025-05-18,mobile
C03821,Berrada,Brahim,brahim.berrada154@yahoo.fr,1983-09-15,f,Tnja,0636052509,2021-07-13,referral
C03822,Cherkaoui,Youssef,youssef.cherkaoui99@hotmail.com,1962-08-01,1,rbt,0621231380,2021-09-05,marketplace
C03823,Rahmouni,Rachid,rachid.rahmouni971@hotmail.com,1994-04-23,f,Agadir,0697431715,2022-05-01,web
C03824,Ziani,Ahmed,ahmed.ziani715@yahoo.fr,1987-12-13,Homme,Fès,0630205498,2025-12-13,marketplace
C03825,Benali,Nabil,nabil.benali498@gmail.com,1983-12-16,f,Kénitra,0669641460,2023-02-21,marketplace
C03826,Tahiri,Driss,driss.tahiri6@hotmail.com,1968-04-15,1,Meknès,0651756971,2021-07-13,mobile
C03827,Tahiri,Dounia,dounia.tahiri939@yahoo.fr,1970-02-03,0,casa,0692357045,2021-06-05,mobile
C03828,Benali,Mohamed,mohamed.benali218@live.fr,1976-03-02,h,tanger,0622540266,2021-12-25,social_media
C03829,Tazi,Sara,sara.tazi42@gmail.com,1985-01-02,m,Casablanca,0616283885,2023-03-21,marketplace
C03830,Chraibi,Hind,zineb.tahiri586@live.fr,1973-08-22,H,fes,0681041184,2022-03-15,mobile
C03831,Tahiri,Houda,houda.tahiri171@gmail.com,1994-09-28,h,Meknès,0664923674,2021-08-25,referral
C03832,Lahlou,Asmae,asmae.lahlou814@outlook.com,1998-03-18,female,Tnja,0666868668,2025-02-09,mobile
C03833,Ouahbi,Houda,houda.ouahbi701@yahoo.fr,1964-02-13,Homme,Tnja,0645616644,2021-12-17,social_media
C03834,Benkirane,Amine,amine.benkirane168@hotmail.com,1996-05-09,1,Casablanca,0650543936,2024-11-26,referral
C03835,Rahmouni,Ali,ali.rahmouni811@live.fr,1976-03-04,male,Nador,0693300870,2023-08-05,referral
C03836,Bouzid,Omar,omar.bouzid66@outlook.com,1994-03-15,m,Rabat,0663225039,2024-05-22,web
C03837,Cherkaoui,Amina,amina.cherkaoui331@yahoo.fr,1981-12-19,h,CASA,0633191700,2021-04-15,web
C03838,El Ouazzani,Rim,rim.elouazzani967@gmail.com,1999-10-24,0,TANGER,0685069002,2022-05-13,social_media
C03839,Skalli,Mustapha,mustapha.skalli119@live.fr,1997-04-18,0,Casablanca,0685756815,2022-09-22,web
C03840,Tahiri,Mehdi,mehdi.tahiri454@gmail.com,1980-06-01,Femme,TANGER,0678375074,2023-01-13,web
C03841,Tazi,Soufiane,soufiane.tazi137@outlook.com,2000-07-06,Homme,El Jadida,0662704135,2021-08-23,mobile
C03842,El Mansouri,Houda,houda.elmansouri849@live.fr,1986-06-03,0,Tétouan,0670718988,2023-10-20,marketplace
C03843,Tazi,Youssef,youssef.tazi395@yahoo.fr,1978-06-26,Homme,Tétouan,0697971678,2021-02-05,mobile
C03844,El Amrani,Driss,driss.elamrani305@live.fr,1982-10-08,H,Fès,0679846999,2021-09-19,referral
C03845,Ziani,Fatima,fatima.ziani156@hotmail.com,1991-07-14,1,Meknès,0664204836,2025-08-02,referral
C03846,Fassi Fihri,Reda,reda.fassifihri388@hotmail.com,1961-11-01,H,Casablanca,0675463211,2025-11-16,mobile
C03847,Ziani,Hassan,hassan.ziani375@hotmail.com,1880-03-03,male,Tnja,0635354100,2022-06-11,web
C03848,Amrani,Said,said.amrani443@hotmail.com,1963-07-16,Homme,Tnja,0648986265,2023-07-10,web
C03849,Benjelloun,Ahmed,ahmed.benjelloun188@hotmail.com,1981-12-16,H,Tétouan,0656574135,2022-01-28,marketplace
C03850,Fassi Fihri,Karim,karim.fassifihri830@outlook.com,1995-06-27,f,CASA,0630687060,2023-06-01,social_media
C03851,El Mansouri,Ilham,ilham.elmansouri362@gmail.com,1989-03-05,Femme,RABAT,0687608344,2025-09-10,referral
C03852,Berrada,Brahim,brahim.berrada749@live.fr,1993-01-04,H,El Jadida,0655703282,2021-07-21,mobile
C03853,El Mansouri,Hassan,hassan.elmansouri322@gmail.com,1976-02-14,0,Béni Mellal,0612397313,2022-11-15,social_media
C03854,Benjelloun,Hanane,hanane.benjelloun47@gmail.com,1982-01-06,1,fes,0610625362,2025-05-26,social_media
C03855,Haddad,Sara,sara.haddad752@outlook.com,1992-06-19,female,Casablanca,0690204554,2021-06-25,web
C03856,Fassi Fihri,Laila,laila.fassifihri776@live.fr,1979-08-04,Homme,Casablanca,0678750698,2023-01-22,referral
C03857,Filali,Brahim,brahim.filali332@gmail.com,1968-10-04,Femme,Tnja,0688157636,2022-08-21,web
C03858,Benkirane,Hind,hind.benkirane@@yahoo.fr,1960-10-23,H,rbt,0696050431,2025-05-16,referral
C03859,Skalli,Amine,amine.skalli786@hotmail.com,1984-08-27,h,Fès,0668173329,2024-05-04,marketplace
C03860,Benjelloun,Nabil,nabil.benjelloun782@outlook.com,2003-08-04,male,fes,0663293740,2024-05-08,web
C03861,El Idrissi,Salma,salma.elidrissi378@live.fr,1964-08-04,male,Fès,0650373159,2024-09-16,social_media
C03862,Chraibi,Said,said.chraibi750@yahoo.fr,1880-01-06,0,Rabat,0625733412,2025-09-07,marketplace
C03863,Benjelloun,Meryem,meryem.benjelloun87@gmail.com,1989-05-15,f,MARRAKECH,0622514977,2023-12-18,marketplace
C03864,Chraibi,Wafae,wafae.chraibi891@live.fr,1963-03-24,f,Oujda,0653233313,2021-03-09,referral
C03865,Tahiri,Mustapha,mustapha.tahiri64,1983-08-09,m,Mohammedia,0648668446,2022-07-23,mobile
C03866,El Amrani,Hamza,hamza.elamrani63@outlook.com,1980-11-10,Homme,Fès,0691410460,2024-07-14,mobile
C03867,Kettani,Fatima,fatima.kettani471@live.fr,1967-12-17,1,mkch,0665062021,2024-01-17,mobile
C03868,Filali,Hassan,hassan.filali237@yahoo.fr,1995-03-19,Homme,FES,0678933870,2021-12-07,marketplace
C03869,Sefrioui,Driss,khadija.alaoui530@yahoo.fr,1986-12-05,m,Mohammedia,0647033918,2024-09-23,referral
C03870,El Amrani,Salma,salma.elamrani614@outlook.com,1975-08-21,Homme,Nador,0695631226,2025-03-13,web
C03871,Alaoui,Asmae,asmae.alaoui256@hotmail.com,1890-10-16,H,Casablanca,0695612668,2025-01-14,social_media
C03872,Berrada,Sanae,sanae.berrada322@outlook.com,1971-03-04,Homme,casa,0623890759,2022-09-18,social_media
C03873,Rahmouni,Nadia,nadia.rahmouni839@live.fr,1969-04-06,Femme,Agadir,0650932378,2024-03-08,marketplace
C03874,Filali,Ahmed,ahmed.filali529@gmail.com,1976-09-19,male,CASA,0699840804,2025-05-18,mobile
C03875,Cherkaoui,Houda,houda.cherkaoui181@hotmail.com,1985-02-20,0,Béni Mellal,0620882743,2025-10-15,web
C03876,Filali,Amine,amine.filali202@outlook.com,1974-08-25,H,Marrakech,0633967699,2023-12-22,web
C03877,El Amrani,Nawal,nawal.elamrani264@yahoo.fr,1976-09-20,Femme,Tanger,0645348485,2025-08-26,marketplace
C03878,El Amrani,Hamza,hamza.elamrani700@live.fr,1992-06-21,Femme,Oujda,0668780297,2021-09-07,marketplace
C03879,Tahiri,Amina,amina.tahiri410@gmail.com,1960-11-15,m,MARRAKECH,0699146745,2024-04-14,social_media
C03880,Sefrioui,Ali,ali.sefrioui532@live.fr,1980-08-27,Femme,Rabat,0654613443,2022-04-08,mobile
C03881,Filali,Mustapha,mustapha.filali189@gmail.com,1978-11-02,h,RABAT,0648848637,2023-07-20,social_media
C03882,Haddad,Amine,amine.haddad962@outlook.com,1962-08-20,1,Fès,0682606687,2024-03-09,web
C03883,Lahlou,Ilham,ilham.lahlou269@hotmail.com,1988-12-08,1,Nador,0620585805,2024-03-02,social_media
C03884,Tazi,Fatima,fatima.tazi329@outlook.com,1978-08-08,f,El Jadida,0666188021,2023-02-02,social_media
C03885,Benjelloun,Zineb,zineb.benjelloun810@live.fr,1967-12-13,h,MARRAKECH,0679708140,2024-11-16,referral
C03886,Rahmouni,Mohamed,mohamed.rahmouni770@yahoo.fr,1960-01-18,1,Casablanca,0626194562,2022-04-10,referral
C03887,Filali,Amine,amine.filali809@yahoo.fr,1972-01-25,Femme,Oujda,0611310807,2022-09-28,mobile
C03888,Cherkaoui,Laila,laila.cherkaoui452@hotmail.com,2004-01-26,f,rbt,0694147542,2023-09-17,referral
C03889,Benkirane,Driss,driss.benkirane579@yahoo.fr,1971-11-19,female,Kénitra,0615233691,2022-08-17,referral
C03890,Amrani,Loubna,loubna.amrani406@live.fr,1971-01-09,h,CASA,0665665748,2024-08-18,mobile
C03891,Benkirane,Sara,sara.benkirane593@outlook.com,1990-01-15,f,Tétouan,0682181799,2024-12-20,social_media
C03892,Benjelloun,Laila,laila.benjelloun66@live.fr,1976-11-06,Homme,Casablanca,0654860885,2024-03-11,social_media
C03893,Sefrioui,Amine,amine.sefrioui507@live.fr,1961-03-06,m,Agadir,0659973540,2024-03-16,mobile
C03894,Benali,Ali,ali.benali798@outlook.com,1975-02-28,1,Fès,0639743493,2021-12-09,marketplace
C03895,Bouzid,Khalid,khalid.bouzid163@live.fr,1988-03-15,0,Safi,0697709725,2024-08-04,referral
C03896,Chraibi,Rachid,rachid.chraibi194@yahoo.fr,1981-11-15,m,El Jadida,0661134987,2023-01-20,referral
C03897,Benkirane,Imad,imad.benkirane517@live.fr,1985-03-20,male,Meknès,0676773846,2022-10-03,social_media
C03898,Filali,Hind,hind.filali248@yahoo.fr,1965-01-01,m,TANGER,0673201662,2021-08-28,referral
C03899,Benali,Amine,amine.benali751@hotmail.com,1994-08-22,H,Tétouan,0634960455,2021-04-06,marketplace
C03900,Tazi,Zakaria,zakaria.tazi237@hotmail.com,1976-11-10,h,tanger,0656978269,2023-05-22,marketplace
C03901,Fassi Fihri,Hanane,hanane.fassifihri936@live.fr,1988-11-24,female,Agadir,0651850571,2024-02-15,web
C03902,Benkirane,Khalid,khalid.benkirane583@outlook.com,2003-07-04,male,Fès,0691775750,2022-08-14,referral
C03903,El Ouazzani,Nadia,nadia.elouazzani842@gmail.com,1973-01-18,male,RABAT,0676269853,2024-09-28,referral
C03904,Fassi Fihri,Ahmed,ahmed.fassifihri181@gmail.com,1980-12-26,H,Fès,0668294398,2025-02-12,social_media
C03905,Bouzid,Hamza,hamza.bouzid727@hotmail.com,1972-06-14,1,Marrakech,0648672520,2022-09-28,marketplace
C03906,Fassi Fihri,Soufiane,soufiane.fassifihri905@hotmail.com,1970-06-23,H,RABAT,0645618232,2022-01-02,mobile
C03907,Tazi,Brahim,brahim.tazi513@hotmail.com,1999-07-22,H,Meknès,0698715506,2024-07-26,social_media
C03908,Cherkaoui,Mohamed,mohamed.cherkaoui174@outlook.com,1990-06-03,f,casa,0681811526,2022-08-14,marketplace
C03909,Tahiri,Hassan,hassan.tahiri754@live.fr,1966-09-10,f,FES,0630584162,2023-02-20,web
C03910,Haddad,Rachid,rachid.haddad256@yahoo.fr,1983-07-18,male,Tnja,0695070590,2023-11-12,referral
C03911,Bennani,Laila,laila.bennani856@gmail.com,1998-10-16,f,TANGER,0655590812,2022-03-28,social_media
C03912,Naciri,Dounia,dounia.naciri132@gmail.com,1967-11-06,Femme,Kénitra,0660038872,2022-08-06,marketplace
C03913,Filali,Dounia,hind.naciri165@yahoo.fr,1980-09-05,h,Tanger,0667437930,2023-05-26,social_media
C03914,Amrani,Amina,amina.amrani453@outlook.com,2026-06-03,h,Tnja,0610600806,2024-04-18,social_media
C03915,Filali,Khalid,khalid.filali945@live.fr,1962-08-07,female,Tnja,0632793937,2024-12-05,referral
C03916,Kettani,Salma,salma.kettani52,1979-05-01,male,Casablanca,0692067132,2022-10-03,marketplace
C03917,El Amrani,Mohamed,mohamed.elamrani288@live.fr,1971-03-18,Femme,CASA,0663894453,2022-06-23,web
C03918,Benali,Amina,amina.benali999@hotmail.com,1979-09-21,h,Casablanca,0693436006,2024-04-14,mobile
C03919,Lahlou,Khadija,khadija.lahlou402@yahoo.fr,1976-04-11,H,Casablanca,0691367068,2021-08-12,mobile
C03920,Chraibi,Hamza,hamza.chraibi555@gmail.com,2001-02-25,f,El Jadida,0689411860,2023-08-22,social_media
C03921,Chraibi,Hamza,hamza.chraibi541@gmail.com,1981-09-27,Femme,tanger,0689248292,2023-04-16,referral
C03922,Sefrioui,Sanae,sanae.sefrioui729@outlook.com,1964-02-19,f,casa,0669778756,2025-09-18,marketplace
C03923,Cherkaoui,Hanane,hanane.cherkaoui487@gmail.com,1980-08-10,1,mkch,0613133720,2024-11-15,social_media
C03924,Rahmouni,Imad,imad.rahmouni566@yahoo.fr,1983-07-10,Femme,Meknès,0672599968,2022-03-28,marketplace
C03925,Tahiri,Ahmed,ahmed.tahiri373@outlook.com,1982-07-06,Femme,Rabat,0693748245,2024-07-25,referral
C03926,Bennani,Reda,reda.bennani462@hotmail.com,1980-05-13,Femme,Tanger,0647256957,2022-02-14,social_media
C03927,Bouzid,Soufiane,soufiane.bouzid798@live.fr,2004-09-07,Homme,tanger,0640182111,2025-09-07,mobile
C03928,Ziani,Laila,laila.ziani367@hotmail.com,1992-11-06,0,Tnja,0668354125,2021-07-14,marketplace
C03929,Haddad,Mustapha,imad.haddad913@outlook.com,1960-01-01,female,TANGER,0666121011,2022-03-24,social_media
C03930,El Ouazzani,Ahmed,ahmed.elouazzani521@gmail.com,2004-10-23,H,MARRAKECH,0629279640,2025-02-13,social_media
C03931,Lahlou,Asmae,asmae.lahlou885@hotmail.com,1963-02-05,m,mkch,0658526836,2022-10-04,mobile
C03932,Skalli,Nabil,nabil.skalli493@hotmail.com,1985-02-13,h,FES,0691340943,2022-05-05,mobile
C03933,El Idrissi,Mohamed,mohamed.elidrissi904@outlook.com,1978-05-13,m,Mohammedia,0649730928,2021-09-08,referral
C03934,Ziani,Laila,laila.ziani762@outlook.com,1972-02-05,f,mkch,0652796149,2022-04-04,mobile
C03935,Bouzid,Mustapha,mustapha.bouzid858@gmail.com,2000-04-15,1,Tanger,0624286915,2023-02-10,social_media
C03936,Naciri,Adil,adil.naciri702@live.fr,1989-11-28,male,Oujda,0669760759,2022-11-05,referral
C03937,Rahmouni,Hamza,hamza.rahmouni713@yahoo.fr,1983-06-12,H,Béni Mellal,0618909892,2021-02-05,referral
C03938,Rahmouni,Wafae,wafae.rahmouni947@yahoo.fr,1972-06-19,f,Safi,0621271974,2023-04-01,referral
C03939,Ziani,Rachid,rachid.ziani345@gmail.com,1983-11-22,female,Meknès,0644868454,2025-10-04,marketplace
C03940,Alaoui,Ahmed,ahmed.alaoui656@gmail.com,2000-08-03,1,Casablanca,0667650394,2022-12-21,web
C03941,Tazi,Amina,ali.cherkaoui598@live.fr,1990-06-05,1,TANGER,0680634031,2021-01-02,marketplace
C03942,El Mansouri,Samira,samira.elmansouri694@yahoo.fr,1969-03-06,1,rbt,0696349654,2025-01-24,marketplace
C03943,Rahmouni,Zineb,zineb.rahmouni@@outlook.com,1973-12-28,f,RABAT,0614422871,2024-10-27,social_media
C03944,Benjelloun,Hind,hind.benjelloun146@outlook.com,2006-04-18,H,TNG,0654799619,2025-11-22,web
C03945,Bouazza,Ali,karim.alaoui859@outlook.com,1960-11-15,1,TNG,0643374616,2024-03-15,mobile
C03946,Benkirane,Mehdi,mehdi.benkirane863@outlook.com,1985-03-28,1,Kénitra,0667126761,2022-06-02,mobile
C03947,El Ouazzani,Mehdi,mehdi.elouazzani917@hotmail.com,1986-05-14,0,Rabat,0614010092,2024-06-25,mobile
C03948,Skalli,Driss,driss.skalli555@gmail.com,1966-01-27,Homme,Oujda,0647077700,2021-12-01,marketplace
C03949,Lahlou,Youssef,youssef.lahlou553@live.fr,1976-01-22,m,Fès,0612648608,2025-07-23,web
C03950,Bouzid,Hanane,hanane.bouzid683@yahoo.fr,1969-03-12,H,TNG,0662364936,2022-08-15,referral
C03951,Lahlou,Said,said.lahlou320@yahoo.fr,1961-02-20,male,tanger,0658259122,2022-03-26,mobile
C03952,El Mansouri,Rim,rim.elmansouri141@yahoo.fr,1984-01-20,h,Agadir,0678343816,2023-03-07,web
C03953,Benkirane,Ilham,ilham.benkirane706@gmail.com,1974-11-11,female,RABAT,0693593636,2024-08-15,mobile
C03954,Bennani,Rachid,rachid.bennani252@live.fr,1974-02-16,Homme,Oujda,0637391589,2023-11-12,mobile
C03955,Bouazza,Nadia,nadia.bouazza480@outlook.com,1987-06-18,Homme,FES,0670940058,2023-09-05,social_media
C03956,Rahmouni,Zineb,zineb.rahmouni601@live.fr,1996-08-08,male,CASA,0675984100,2021-11-08,referral
C03957,El Idrissi,Loubna,loubna.elidrissi653@yahoo.fr,1972-07-18,Homme,TNG,0693760136,2024-07-04,web
C03958,Skalli,Mohamed,mohamed.skalli102@gmail.com,1966-01-16,male,mkch,0683149724,2023-10-21,web
C03959,Rahmouni,Hind,hind.rahmouni907@outlook.com,1964-08-03,h,TNG,0626920598,2025-08-27,referral
C03960,Benali,Mohamed,mohamed.benali904@hotmail.com,1985-03-21,f,Marrakech,0662391493,2023-03-02,web
C03961,Filali,Ahmed,ahmed.filali640@outlook.com,2025-04-11,f,casa,0626827919,2022-07-18,web
C03962,Naciri,Zineb,zineb.naciri596@gmail.com,1991-12-04,female,Casablanca,0643073993,2021-12-16,mobile
C03963,Lahlou,Nabil,nabil.lahlou124@hotmail.com,1972-05-17,h,Casablanca,0695430630,2025-10-25,web
C03964,Rahmouni,Rachid,rachid.rahmouni454@gmail.com,2001-05-27,0,RABAT,0618949426,2024-04-25,web
C03965,Filali,Khalid,khalid.filali668@gmail.com,1973-06-01,female,TANGER,0658536445,2023-05-10,referral
C03966,El Idrissi,Reda,reda.elidrissi153@gmail.com,1996-10-16,0,Tanger,0623868716,2022-05-27,mobile
C03967,Skalli,Mohamed,mohamed.skalli461@gmail.com,1967-11-18,Homme,mkch,0694548776,2024-12-05,referral
C03968,Benkirane,Adil,adil.benkirane91@hotmail.com,1978-09-21,f,Kénitra,0627952139,2021-08-27,web
C03969,Filali,Rim,rim.filali747@yahoo.fr,1994-05-02,H,TNG,0669523345,2022-03-06,social_media
C03970,Alaoui,Dounia,dounia.alaoui568@gmail.com,1968-06-06,1,Béni Mellal,0648080929,2024-10-07,marketplace
C03971,El Idrissi,Nawal,nawal.elidrissi416@gmail.com,1960-09-07,h,Fès,0647136192,2021-07-07,marketplace
C03972,El Idrissi,Mustapha,mustapha.elidrissi263@live.fr,1977-03-26,m,RABAT,0655313552,2022-08-08,mobile
C03973,Ouahbi,Wafae,wafae.ouahbi319@hotmail.com,2001-11-24,female,casa,0654625017,2022-03-06,mobile
C03974,Fassi Fihri,Hamza,hamza.fassifihri268@outlook.com,1993-05-16,female,Tanger,0611276083,2021-04-16,marketplace
C03975,El Amrani,Mustapha,mustapha.elamrani144@yahoo.fr,2000-11-06,female,FES,0650988480,2021-01-24,web
C03976,El Amrani,Nadia,mustapha.bouzid451@outlook.com,1990-11-07,Homme,Casablanca,0638212160,2025-05-12,marketplace
C03977,Berrada,Khadija,khadija.berrada680@yahoo.fr,1986-10-09,f,Oujda,0655476809,2022-07-28,referral
C03978,El Mansouri,Driss,driss.elmansouri621@gmail.com,2004-02-27,h,Fès,0651551423,2022-12-21,marketplace
C03979,Amrani,Samira,samira.amrani400@live.fr,1979-03-18,1,FES,0696882075,2022-02-17,referral
C03980,El Idrissi,Khalid,khalid.elidrissi410@outlook.com,1962-10-03,male,Agadir,0625087157,2021-06-09,social_media
C03981,Haddad,Hassan,hassan.haddad6@outlook.com,1967-02-22,female,Tétouan,0667528839,2023-01-28,marketplace
C03982,Bouzid,Hanane,hanane.bouzid186@gmail.com,2001-12-09,Femme,Casablanca,0657844012,2025-01-15,mobile
C03983,Sefrioui,Mehdi,mehdi.sefrioui959@yahoo.fr,1979-11-20,0,Tnja,0654388161,2023-07-28,web
C03984,Berrada,Reda,reda.berrada867@hotmail.com,1962-06-19,1,Meknès,0658859474,2024-08-14,social_media
C03985,Ziani,Rachid,rachid.ziani236@hotmail.com,1991-10-27,H,Marrakech,0637472925,2024-10-24,referral
C03986,El Amrani,Nawal,nawal.elamrani104@live.fr,1973-06-21,1,Kénitra,0679692185,2022-10-02,mobile
C03987,Naciri,Ahmed,ahmed.naciri432@live.fr,1988-09-14,male,fes,0627603371,2025-08-07,web
C03988,Tazi,Reda,reda.tazi632@outlook.com,1969-07-25,f,Casablanca,0621021166,2025-08-22,referral
C03989,El Amrani,Rim,rim.elamrani352@gmail.com,1961-06-25,m,Casablanca,0618668701,2023-02-19,referral
C03990,Ziani,Wafae,wafae.ziani548@live.fr,1990-05-06,Homme,Marrakech,0627587309,2024-02-10,mobile
C03991,Alaoui,Zineb,zineb.alaoui84@yahoo.fr,1992-10-21,Homme,TNG,0614020263,2022-11-15,referral
C03992,Lahlou,Karim,karim.lahlou230@yahoo.fr,1979-11-28,female,Marrakech,0663957948,2025-03-09,web
C03993,Ouahbi,Salma,salma.ouahbi642@live.fr,2000-08-06,1,Tnja,0697555411,2024-04-04,marketplace
C03994,Alaoui,Ahmed,ahmed.alaoui448@outlook.com,1997-06-27,H,Casablanca,0638578316,2024-10-01,marketplace
C03995,Benali,Youssef,youssef.benali154@yahoo.fr,1996-09-09,male,Kénitra,0663472897,2025-09-16,referral
C03996,Naciri,Sanae,sanae.naciri990@yahoo.fr,1971-02-05,male,Meknès,0660946187,2022-05-19,web
C03997,Cherkaoui,Imad,imad.cherkaoui723@gmail.com,1985-05-23,female,Kénitra,0624882782,2022-07-03,mobile
C03998,Rahmouni,Loubna,loubna.rahmouni60@outlook.com,1970-10-17,H,Fès,0660161156,2023-08-24,marketplace
C03999,Tahiri,Youssef,youssef.tahiri441@live.fr,1977-09-08,m,El Jadida,0664348396,2025-11-12,web
C04000,Sefrioui,Adil,adil.sefrioui941@live.fr,1998-06-08,Femme,MARRAKECH,0670467488,2022-05-20,marketplace
C04001,Cherkaoui,Ilham,ilham.cherkaoui657@hotmail.com,1973-03-13,m,casa,0682712887,2021-04-26,social_media
C04002,Lahlou,Ghita,ghita.lahlou136@yahoo.fr,1985-09-07,female,RABAT,0611147676,2024-12-17,mobile
C04003,Tazi,Nabil,nabil.tazi330@outlook.com,1985-02-23,H,Mohammedia,0665537003,2022-01-09,marketplace
C04004,Skalli,Khalid,khalid.skalli227@outlook.com,2005-09-22,male,Oujda,0629187751,2021-04-20,mobile
C04005,Ouahbi,Nadia,nadia.ouahbi992@yahoo.fr,1996-09-27,m,Kénitra,0696258427,2022-01-10,referral
C04006,Kettani,Mehdi,mehdi.kettani179@gmail.com,1996-12-07,m,Mohammedia,0656577620,2024-11-16,referral
C04007,Haddad,Hamza,hamza.haddad853@live.fr,1964-04-07,1,Fès,0648360321,2024-01-24,marketplace
C04008,Naciri,Laila,laila.naciri911@live.fr,1998-11-03,m,tanger,0630859395,2021-04-20,referral
C04009,Ziani,Adil,adil.ziani639@yahoo.fr,1974-02-08,male,mkch,0612586803,2025-01-23,mobile
C04010,Cherkaoui,Sanae,sanae.cherkaoui768@outlook.com,1985-02-10,0,Oujda,0665572620,2021-05-16,web
C04011,Chraibi,Nawal,nawal.chraibi549@yahoo.fr,2025-11-05,f,Rabat,0641669334,2025-03-06,web
C04012,Tahiri,Hanane,hanane.tahiri730@live.fr,1997-04-21,H,Casablanca,0615203132,2022-01-03,referral
C04013,Naciri,Loubna,loubna.naciri493@gmail.com,2003-08-10,f,MARRAKECH,0614646314,2024-09-08,web
C04014,Benjelloun,Zineb,zineb.benjelloun522@gmail.com,1976-03-11,f,mkch,0628610854,2022-08-10,marketplace
C04015,Tazi,Zineb,zineb.tazi340@live.fr,1973-10-05,female,tanger,0635475878,2025-11-21,web
C04016,Lahlou,Ahmed,omar.benjelloun815@gmail.com,1988-10-23,female,Kénitra,0622174366,2022-04-10,web
C04017,Ouahbi,Amina,amina.ouahbi357@hotmail.com,1963-07-25,Homme,El Jadida,0685209178,2022-07-27,marketplace
C04018,Benkirane,Ahmed,ahmed.benkirane807@outlook.com,1965-12-16,female,TANGER,0668777099,2024-11-18,mobile
C04019,Berrada,Asmae,asmae.berrada175@yahoo.fr,2000-02-02,m,MARRAKECH,0618504539,2021-12-10,web
C04020,Tahiri,Loubna,loubna.tahiri943@yahoo.fr,1966-02-16,1,Casablanca,0653622284,2024-09-06,web
C04021,Rahmouni,Omar,omar.rahmouni27@live.fr,1983-05-14,H,Béni Mellal,0615782041,2025-01-12,referral
C04022,Ziani,Imad,rachid.bennani445@live.fr,1978-08-07,Femme,Fès,0669058111,2021-09-27,referral
C04023,Skalli,Nabil,nabil.skalli230@outlook.com,1978-02-08,1,TNG,0653164458,2022-11-07,referral
C04024,El Amrani,Houda,houda.elamrani221@gmail.com,1973-06-18,f,Tanger,0613151814,2022-04-11,social_media
C04025,El Amrani,Hassan,hassan.elamrani485@yahoo.fr,1993-04-06,f,FES,0614793634,2025-07-28,marketplace
C04026,El Mansouri,Amine,amine.elmansouri860@yahoo.fr,1967-12-25,0,Meknès,0651257824,2025-10-05,marketplace
C04027,Tahiri,Rim,rim.tahiri642@outlook.com,1961-04-02,Homme,Kénitra,0620916014,2023-09-25,referral
C04028,Sefrioui,Soufiane,soufiane.sefrioui@,1994-11-02,Femme,Safi,0692175245,2025-10-09,web
C04029,Ouahbi,Ghita,ghita.ouahbi454@hotmail.com,1999-04-23,Homme,Rabat,0657358541,2025-07-24,marketplace
C04030,Skalli,Reda,reda.skalli913@hotmail.com,1994-12-10,m,Tanger,0687383608,2024-11-22,mobile
C04031,Tazi,Ali,ali.tazi979@hotmail.com,1972-11-12,0,Nador,0668353566,2025-02-09,web
C04032,El Idrissi,Khadija,khadija.elidrissi747@gmail.com,1960-08-27,Homme,Kénitra,0697513494,2024-02-26,social_media
C04033,Tahiri,Salma,salma.tahiri743@live.fr,1988-04-10,m,Marrakech,0667769234,2025-12-19,mobile
C04034,Lahlou,Ali,ali.lahlou871@hotmail.com,1991-06-05,0,Nador,0634820795,2025-07-04,mobile
C04035,Bouazza,Mohamed,mohamed.bouazza138@gmail.com,1994-02-18,m,fes,0695770868,2022-06-02,web
C04036,Kettani,Reda,reda.kettani688@gmail.com,2005-09-24,Homme,CASA,0656494573,2023-03-08,web
C04037,Bennani,Dounia,dounia.bennani319@outlook.com,1994-12-17,1,Tnja,0641209436,2023-02-13,marketplace
C04038,El Ouazzani,Hanane,hanane.elouazzani497@hotmail.com,1972-10-22,h,MARRAKECH,0659486031,2022-01-12,web
C04039,Tahiri,Nawal,nawal.tahiri810@gmail.com,1974-01-10,female,rbt,0646567754,2022-05-20,referral
C04040,Benkirane,Brahim,brahim.benkirane708@hotmail.com,2003-08-07,H,Meknès,0611519196,2021-05-21,mobile
C04041,Alaoui,Sara,sara.alaoui109@live.fr,1964-02-21,m,Kénitra,0656215826,2023-01-16,marketplace
C04042,Benkirane,Rim,rim.benkirane74@hotmail.com,1978-04-02,male,Tétouan,0644999130,2023-04-10,social_media
C04043,Alaoui,Nawal,nawal.alaoui917@hotmail.com,1966-07-03,H,CASA,0621441554,2022-08-21,referral
C04044,Sefrioui,Dounia,dounia.sefrioui503@gmail.com,1967-05-13,H,Fès,0649489280,2022-06-11,mobile
C04045,Benali,Adil,adil.benali220@outlook.com,1988-03-02,H,mkch,0680500971,2022-03-07,mobile
C04046,Kettani,Amina,amina.kettani625@yahoo.fr,2004-05-01,m,Fès,0656017101,2022-07-12,referral
C04047,Benjelloun,Hamza,hamza.benjelloun950@live.fr,1961-09-04,Femme,RABAT,0647500650,2025-06-21,referral
C04048,Tahiri,Samira,samira.tahiri242@yahoo.fr,1991-11-25,f,Agadir,0688690681,2023-10-02,referral
C04049,Kettani,Rachid,rachid.kettani889@live.fr,1964-12-07,f,Fès,0615125899,2022-05-25,social_media
C04050,Tahiri,Ahmed,ahmed.tahiri98@outlook.com,2006-04-16,Homme,Mohammedia,0653165961,2021-03-28,marketplace
C04051,Cherkaoui,Khalid,khalid.cherkaoui123@live.fr,1989-08-22,Homme,Fès,0670410483,2021-09-02,marketplace
C04052,Filali,Amina,amina.filali862@live.fr,2004-02-21,0,TANGER,0610014187,2023-02-19,referral
C04053,Filali,Houda,houda.filali325@yahoo.fr,1997-11-25,female,Béni Mellal,0612388974,2025-03-12,social_media
C04054,Amrani,Mehdi,mehdi.amrani426@hotmail.com,1974-08-04,female,Safi,0662900471,2022-02-10,mobile
C04055,Bouazza,Youssef,youssef.bouazza337@live.fr,1994-07-07,m,Tétouan,0616670189,2022-04-03,mobile
C04056,Kettani,Said,said.kettani271@outlook.com,1974-06-05,Homme,El Jadida,0679833605,2021-07-01,mobile
C04057,Benali,Hamza,hamza.benali468@live.fr,2003-10-07,H,casa,0662499010,2023-10-23,marketplace
C04058,Cherkaoui,Driss,driss.cherkaoui636@hotmail.com,1966-12-11,Femme,FES,0665935485,2023-03-23,mobile
C04059,Ouahbi,Rim,rim.ouahbi552@live.fr,1990-01-03,f,Agadir,0688281396,2022-07-03,web
C04060,Amrani,Nabil,nabil.amrani124@hotmail.com,1988-06-19,1,CASA,0645613367,2023-02-10,social_media
C04061,Alaoui,Hamza,hamza.alaoui231@yahoo.fr,1984-10-26,Homme,Mohammedia,0668410842,2024-10-04,mobile
C04062,Rahmouni,Omar,omar.rahmouni590@hotmail.com,1962-01-15,Homme,mkch,0637889696,2025-09-06,mobile
C04063,Ziani,Sanae,sanae.ziani513@outlook.com,1986-04-20,f,CASA,0677593622,2022-02-04,social_media
C04064,Tahiri,Salma,salma.tahiri393@hotmail.com,1974-06-24,male,TNG,0695556335,2021-01-12,referral
C04065,El Mansouri,Hassan,nawal.benkirane534@hotmail.com,2003-05-15,male,Meknès,0641418921,2025-03-19,social_media
C04066,El Idrissi,Ghita,ghita.elidrissi886@outlook.com,1994-08-19,male,casa,0682435023,2022-10-13,social_media
C04067,Tahiri,Adil,adil.tahiri848@outlook.com,1983-03-16,female,El Jadida,0612478762,2022-07-01,social_media
C04068,Benjelloun,Mohamed,mohamed.benjelloun283@live.fr,1992-10-02,m,TNG,0652597635,2021-02-15,mobile
C04069,Berrada,Ghita,ghita.berrada@@outlook.com,2006-12-18,m,Tnja,0633377474,2024-02-17,marketplace
C04070,Chraibi,Ahmed,ahmed.chraibi42@yahoo.fr,1995-01-05,male,Tanger,0650385722,2022-03-22,marketplace
C04071,Tazi,Asmae,asmae.tazi95@yahoo.fr,1986-03-28,male,TANGER,0617043292,2024-06-16,marketplace
C04072,Rahmouni,Sanae,sanae.rahmouni202@hotmail.com,1976-01-20,H,Casablanca,0635131272,2025-12-04,social_media
C04073,El Ouazzani,Meryem,meryem.elouazzani590@yahoo.fr,1988-04-27,male,Fès,0645146796,2023-10-18,web
C04074,El Ouazzani,Dounia,loubna.berrada126@live.fr,1984-12-11,m,Fès,0671647778,2022-10-14,referral
C04075,El Idrissi,Hanane,hanane.elidrissi862@live.fr,1991-04-23,H,Béni Mellal,0613856812,2021-12-02,web
C04076,Kettani,Wafae,youssef.kettani462@hotmail.com,1890-12-23,female,Agadir,0627547619,2024-05-25,mobile
C04077,Amrani,Omar,omar.amrani186@yahoo.fr,1976-06-21,Femme,Marrakech,0693981183,2024-03-21,web
C04078,Fassi Fihri,Mohamed,mehdi.alaoui337@yahoo.fr,1972-10-26,Femme,Marrakech,0656727046,2024-06-09,mobile
C04079,El Idrissi,Said,said.elidrissi328@outlook.com,1998-06-01,female,Kénitra,0664708566,2025-11-06,mobile
C04080,Rahmouni,Driss,driss.rahmouni693@yahoo.fr,1972-12-04,female,RABAT,0611344689,2023-12-07,social_media
C04081,Rahmouni,Karim,karim.rahmouni513@live.fr,1988-01-20,1,Tnja,0690220652,2025-01-14,referral
C04082,El Idrissi,Sanae,sanae.elidrissi132@live.fr,1979-10-02,H,Rabat,0624031288,2024-02-22,mobile
C04083,Chraibi,Laila,laila.chraibi56@live.fr,1989-09-11,H,TANGER,0690368752,2025-01-07,web
C04084,Rahmouni,Nabil,nabil.rahmouni807@live.fr,1991-06-03,female,Casablanca,0693687002,2025-12-27,marketplace
C04085,Fassi Fihri,Rachid,rachid.fassifihri657@outlook.com,2006-08-07,h,RABAT,0614097358,2022-09-01,marketplace
C04086,El Amrani,Laila,laila.elamrani669@hotmail.com,2001-10-10,0,Béni Mellal,0611068419,2023-02-26,marketplace
C04087,Benali,Nadia,nadia.benali35@gmail.com,1984-06-18,1,Casablanca,0635497877,2024-03-23,mobile
C04088,Sefrioui,Mustapha,mustapha.sefrioui235@live.fr,1978-08-21,f,Rabat,0652257818,2023-07-15,social_media
C04089,Tazi,Said,said.tazi342@gmail.com,1971-05-08,Homme,Oujda,0688006858,2022-02-24,social_media
C04090,Benjelloun,Amina,ali.amrani165@yahoo.fr,2005-01-02,female,CASA,0646359069,2023-07-17,web
C04091,Kettani,Amina,amina.kettani58@yahoo.fr,1976-02-08,0,tanger,0610749951,2022-07-07,web
C04092,Bennani,Samira,samira.bennani135@live.fr,1969-02-25,H,Casablanca,0614097975,2022-04-15,marketplace
C04093,Cherkaoui,Khadija,@outlook.com,1989-04-25,H,Béni Mellal,0628551785,2023-06-04,referral
C04094,Haddad,Amine,amine.haddad550@hotmail.com,2006-04-04,female,El Jadida,0630726415,2024-01-21,social_media
C04095,Tahiri,Mehdi,mehdi.tahiri949@live.fr,1985-12-04,Homme,Fès,0617429231,2022-09-27,social_media
C04096,Skalli,Nawal,nawal.skalli108@gmail.com,1965-07-28,1,mkch,0662430390,2021-06-13,social_media
C04097,Skalli,Dounia,dounia.skalli773@outlook.com,1968-10-05,h,Marrakech,0679748408,2025-11-27,web
C04098,Ouahbi,Hamza,hamza.ouahbi645@live.fr,1985-06-23,0,Tétouan,0615781516,2023-05-12,referral
C04099,Benkirane,Rachid,rachid.benkirane616@yahoo.fr,1962-07-19,H,CASA,0687782484,2021-05-08,referral
C04100,Benkirane,Zakaria,zakaria.benkirane592@live.fr,1979-05-28,h,TANGER,0629604076,2021-07-02,social_media
C04101,Ziani,Khadija,khadija.ziani315@live.fr,1996-09-19,Femme,Fès,0610119541,2025-01-06,social_media
C04102,Bennani,Mehdi,mehdi.bennani901@live.fr,1974-04-07,H,Agadir,0618134946,2024-08-15,marketplace
C04103,Ziani,Mustapha,mustapha.ziani240@yahoo.fr,2004-08-19,1,mkch,0660165578,2021-04-05,mobile
C04104,Naciri,Amina,amina.naciri776@live.fr,2004-01-10,Femme,mkch,0675259607,2021-07-06,marketplace
C04105,Berrada,Amine,amine.berrada763@gmail.com,1977-05-21,f,Nador,0629557927,2025-06-01,marketplace
C04106,Alaoui,Meryem,meryem.alaoui852@outlook.com,1990-08-22,f,tanger,0641068035,2025-12-16,web
C04107,Bouazza,Ghita,ghita.bouazza723@gmail.com,1890-08-06,Femme,El Jadida,0642659418,2021-05-02,mobile
C04108,Alaoui,Zineb,zineb.alaoui21,2005-11-28,Homme,Nador,0651658452,2022-11-25,mobile
C04109,Skalli,Rachid,mohamed.elmansouri505@outlook.com,1993-07-18,Femme,Rabat,0668871996,2024-07-15,marketplace
C04110,Haddad,Khalid,khalid.haddad392@hotmail.com,1978-09-24,H,Fès,0657602700,2021-07-17,mobile
C04111,Ziani,Brahim,brahim.ziani705@gmail.com,1979-07-04,h,fes,0694326819,2025-08-02,mobile
C04112,Haddad,Karim,karim.haddad819@yahoo.fr,2004-07-09,1,Kénitra,0613867351,2022-06-25,referral
C04113,Amrani,Houda,houda.amrani648@yahoo.fr,2000-12-10,1,Tnja,0675850783,2024-11-27,mobile
C04114,Kettani,Sara,sara.kettani886@yahoo.fr,2001-02-08,1,Agadir,0610713499,2022-03-10,social_media
C04115,El Amrani,Khalid,khalid.elamrani@,1961-06-24,h,Tétouan,0699426305,2024-10-12,referral
C04116,Ouahbi,Ahmed,ahmed.ouahbi98@live.fr,2003-02-05,male,CASA,0634884562,2023-09-02,marketplace
C04117,Tazi,Houda,fatima.lahlou969@live.fr,1969-05-04,h,Meknès,0665900846,2023-03-23,marketplace
C04118,Tazi,Adil,adil.tazi263@gmail.com,1988-03-10,male,Fès,0611371730,2024-07-13,marketplace
C04119,Tazi,Nadia,nadia.tazi721@live.fr,1984-07-26,0,Mohammedia,0673405116,2025-04-16,social_media
C04120,El Mansouri,Houda,houda.elmansouri173@yahoo.fr,1994-11-16,1,rbt,0677735334,2024-02-05,mobile
C04121,Fassi Fihri,Amine,amine.fassifihri628@live.fr,1998-05-22,Homme,Mohammedia,0651826446,2025-02-19,web
C04122,El Idrissi,Reda,reda.elidrissi356@outlook.com,1962-09-14,1,Tanger,0653435965,2024-04-05,referral
C04123,Benjelloun,Loubna,loubna.benjelloun31@gmail.com,1984-06-13,H,Mohammedia,0681868928,2025-04-21,social_media
C04124,Fassi Fihri,Meryem,meryem.fassifihri270@yahoo.fr,1990-09-14,m,TNG,0674889205,2023-08-25,web
C04125,Bouzid,Brahim,brahim.bouzid907@gmail.com,1991-01-13,1,Oujda,0685135930,2023-04-22,web
C04126,Benkirane,Mustapha,mustapha.benkirane968@yahoo.fr,1974-06-21,h,Oujda,0612568345,2021-03-19,marketplace
C04127,Rahmouni,Brahim,brahim.rahmouni725@hotmail.com,1963-06-28,male,Safi,0652415011,2021-01-09,web
C04128,Tahiri,Fatima,fatima.tahiri783@outlook.com,1980-10-06,male,TNG,0695858621,2023-04-19,referral
C04129,Bouazza,Zakaria,zakaria.bouazza167@hotmail.com,1967-02-14,H,tanger,0664006123,2025-12-13,web
C04130,Haddad,Reda,reda.haddad900@live.fr,1982-07-28,1,TNG,0622683159,2025-11-28,social_media
C04131,Benjelloun,Nawal,nawal.benjelloun990@hotmail.com,1975-09-08,H,mkch,0695810095,2022-07-13,marketplace
C04132,El Mansouri,Mehdi,mehdi.elmansouri235@yahoo.fr,1989-09-24,female,Fès,0663113887,2023-06-26,social_media
C04133,El Idrissi,Meryem,meryem.elidrissi409@yahoo.fr,1998-07-10,Femme,Béni Mellal,0678637812,2021-06-15,social_media
C04134,Alaoui,Asmae,asmae.alaoui955@outlook.com,1966-05-24,f,casa,0670730044,2024-04-01,marketplace
C04135,Berrada,Fatima,fatima.berrada510@live.fr,1960-02-27,female,Fès,0693879098,2025-10-14,referral
C04136,Rahmouni,Ali,ali.rahmouni487@gmail.com,1997-12-18,1,El Jadida,0684219885,2025-05-07,social_media
C04137,Benali,Zineb,zineb.benali24@live.fr,1979-06-15,0,Tétouan,0671000361,2025-06-12,mobile
C04138,Skalli,Meryem,meryem.skalli592@outlook.com,1965-06-14,male,CASA,0612863700,2021-04-21,mobile
C04139,Amrani,Ghita,ghita.amrani894@outlook.com,2005-11-25,1,Fès,0690822842,2025-05-25,social_media
C04140,El Ouazzani,Brahim,brahim.elouazzani475@live.fr,1978-08-04,male,Tnja,0674739950,2025-02-22,marketplace
C04141,Bennani,Laila,laila.bennani111@outlook.com,2000-06-04,h,CASA,0666260306,2021-08-11,mobile
C04142,Benali,Zineb,zineb.benali423@gmail.com,1984-03-14,Homme,Tnja,0666330081,2025-07-20,social_media
C04143,Rahmouni,Nabil,nabil.rahmouni220@hotmail.com,1991-04-03,H,El Jadida,0679337810,2025-07-26,mobile
C04144,Ziani,Adil,hamza.cherkaoui753@live.fr,1999-08-06,H,tanger,0659722588,2024-08-04,social_media
C04145,El Mansouri,Ghita,ghita.elmansouri75@gmail.com,2003-10-24,female,TANGER,0649281958,2023-11-12,web
C04146,Benjelloun,Hind,hind.benjelloun500@gmail.com,2004-11-13,male,Tanger,0654510569,2023-03-18,mobile
C04147,Skalli,Rachid,rachid.skalli712@outlook.com,1981-10-06,Femme,TANGER,0626910776,2022-03-28,web
C04148,Rahmouni,Khalid,khalid.rahmouni925@live.fr,1977-03-21,Femme,CASA,0698353787,2021-02-17,web
C04149,Berrada,Hassan,hassan.berrada752@outlook.com,1991-01-09,m,Agadir,0673431736,2024-07-17,web
C04150,Benkirane,Dounia,dounia.benkirane626@outlook.com,1969-04-02,f,Béni Mellal,0656032007,2023-07-23,referral
C04151,Rahmouni,Khalid,khalid.rahmouni624@live.fr,1966-07-22,Femme,Casablanca,0623659231,2024-06-18,mobile
C04152,Naciri,Adil,adil.naciri780@hotmail.com,1994-07-28,1,FES,0628706500,2021-11-01,web
C04153,Naciri,Mohamed,mohamed.naciri895@gmail.com,1976-08-18,Femme,Kénitra,0683427796,2022-05-17,web
C04154,Alaoui,Hind,hind.alaoui267@hotmail.com,2004-05-07,H,RABAT,0625153184,2023-05-10,social_media
C04155,Chraibi,Hind,hind.chraibi852@gmail.com,1975-10-06,male,Rabat,0625372410,2025-06-01,referral
C04156,Tazi,Khalid,khalid.tazi138@hotmail.com,2005-01-18,m,FES,0699780406,2024-03-13,social_media
C04157,El Amrani,Samira,samira.elamrani635@gmail.com,1963-10-01,f,Oujda,0678529502,2023-06-21,web
C04158,Benali,Mustapha,mustapha.benali881@live.fr,1962-02-18,1,Tanger,0656949663,2023-10-02,mobile
C04159,Tazi,Amine,amine.tazi899@outlook.com,1971-05-04,H,tanger,0655009662,2022-09-13,web
C04160,El Mansouri,Loubna,loubna.elmansouri99@gmail.com,1998-11-23,f,MARRAKECH,0645512727,2022-03-06,referral
C04161,Benjelloun,Rachid,rachid.benjelloun735@gmail.com,1982-10-21,Homme,Fès,0628022373,2022-12-05,web
C04162,Benali,Hanane,hanane.benali839@yahoo.fr,1995-03-12,male,Oujda,0625948151,2023-12-19,marketplace
C04163,Rahmouni,Ahmed,ahmed.rahmouni175@outlook.com,1964-09-06,f,Casablanca,0615135059,2021-09-21,referral
C04164,Sefrioui,Nabil,nabil.sefrioui507@live.fr,2005-05-15,m,Kénitra,0630800935,2022-03-09,web
C04165,El Ouazzani,Nawal,nawal.elouazzani442@hotmail.com,1990-01-16,m,Tnja,0697796935,2022-08-27,referral
C04166,Naciri,Mohamed,mohamed.naciri764@outlook.com,1964-02-24,Homme,TANGER,0697164656,2024-03-03,mobile
C04167,Naciri,Hamza,hamza.naciri393@gmail.com,1991-01-05,male,rbt,0620638226,2022-12-10,web
C04168,Fassi Fihri,Asmae,asmae.fassifihri548@gmail.com,1997-02-10,f,fes,0687466875,2022-11-04,mobile
C04169,Benali,Rachid,rachid.benali821@yahoo.fr,1993-10-06,f,Casablanca,0641033174,2022-01-16,web
C04170,Berrada,Nabil,nabil.berrada532@live.fr,1964-04-24,h,Mohammedia,0641193358,2021-05-05,referral
C04171,Sefrioui,Khalid,khalid.sefrioui@@live.fr,1989-08-24,m,Meknès,0681118358,2021-10-15,marketplace
C04172,Benali,Karim,karim.benali68@live.fr,1964-04-04,h,FES,0645051459,2024-11-21,marketplace
C04173,Skalli,Imad,imad.skalli368@live.fr,1976-05-02,f,Casablanca,0684680005,2022-06-23,referral
C04174,Tazi,Samira,samira.tazi538@live.fr,1960-09-22,m,Marrakech,0653634616,2024-05-18,mobile
C04175,Benali,Driss,driss.benali295@outlook.com,1988-11-05,h,Tanger,0676558989,2023-05-16,social_media
C04176,Filali,Zakaria,zakaria.filali763@gmail.com,1968-05-16,H,Kénitra,0625028385,2025-02-26,web
C04177,El Idrissi,Dounia,dounia.elidrissi117@hotmail.com,1976-05-14,male,FES,0666240691,2025-04-03,referral
C04178,El Amrani,Nawal,nawal.elamrani295@outlook.com,2000-05-09,f,Tanger,0660563748,2023-02-20,marketplace
C04179,Amrani,Houda,houda.amrani712@outlook.com,1960-02-16,m,MARRAKECH,0649377906,2023-09-28,mobile
C04180,Benjelloun,Houda,houda.benjelloun123@outlook.com,2001-05-27,male,rbt,0687850646,2024-04-23,web
C04181,Lahlou,Hanane,hanane.lahlou547@yahoo.fr,1973-06-22,0,Agadir,0658494795,2025-12-27,web
C04182,Tazi,Karim,karim.tazi382@live.fr,1986-10-08,male,Kénitra,0666161227,2023-06-04,referral
C04183,Rahmouni,Zakaria,zakaria.rahmouni832@outlook.com,1979-04-19,0,Agadir,0678828516,2024-02-17,referral
C04184,El Ouazzani,Amina,amina.elouazzani742@outlook.com,1983-12-07,f,Meknès,0645007351,2025-03-17,web
C04185,Kettani,Laila,laila.kettani412@live.fr,1979-01-14,male,Tétouan,0689404040,2024-09-20,marketplace
C04186,Fassi Fihri,Mehdi,brahim.tahiri232@hotmail.com,1966-11-22,H,TANGER,0625218742,2025-08-06,mobile
C04187,Tahiri,Nadia,nadia.tahiri37@hotmail.com,1981-08-27,m,Béni Mellal,0682063781,2022-11-07,social_media
C04188,Tahiri,Asmae,asmae.tahiri559@gmail.com,1975-12-28,m,Marrakech,0617947270,2024-11-09,social_media
C04189,Bennani,Sanae,hanane.elouazzani497@hotmail.com,1975-06-02,Femme,tanger,0680989592,2022-02-17,marketplace
C04190,Tazi,Zineb,zineb.tazi187@hotmail.com,1974-04-14,male,Safi,0634664775,2024-11-01,mobile
C04191,Kettani,Ahmed,ahmed.kettani912@hotmail.com,1996-02-08,h,Agadir,0619958479,2021-12-11,web
C04192,Haddad,Ahmed,ahmed.haddad922@yahoo.fr,2000-10-14,m,Mohammedia,0660598239,2021-12-11,mobile
C04193,Bennani,Mehdi,mehdi.bennani470@yahoo.fr,1992-09-11,h,Mohammedia,0696326091,2023-04-09,social_media
C04194,Skalli,Laila,laila.skalli626@hotmail.com,1990-04-08,H,Oujda,0639893889,2022-01-02,web
C04195,Bouzid,Amine,amine.bouzid242@hotmail.com,2001-01-04,male,Safi,0694434861,2022-11-17,web
C04196,Filali,Fatima,fatima.filali92@gmail.com,2006-09-04,m,Casablanca,0698125984,2025-08-24,marketplace
C04197,Lahlou,Khalid,amine.naciri231@yahoo.fr,2004-04-21,male,CASA,0671195139,2024-04-25,marketplace
C04198,Lahlou,Karim,karim.lahlou360@yahoo.fr,2003-09-23,0,Agadir,0664296700,2023-08-25,social_media
C04199,Kettani,Driss,driss.kettani2@live.fr,1984-02-20,Homme,Rabat,0623174082,2022-06-18,marketplace
C04200,Benkirane,Amine,amine.benkirane845@live.fr,1998-07-11,Femme,Meknès,0643557122,2024-01-18,social_media
C04201,El Amrani,Laila,laila.elamrani880@live.fr,1989-08-12,Homme,rbt,0618925068,2023-07-25,mobile
C04202,Bennani,Mohamed,houda.bouzid639@gmail.com,1982-01-16,f,Tanger,0646281249,2024-03-19,mobile
C04203,Tahiri,Omar,said.skalli936@hotmail.com,1971-01-17,f,Kénitra,0621358774,2022-05-28,referral
C04204,El Ouazzani,Ali,ali.elouazzani487@live.fr,1988-03-07,female,rbt,0671332251,2021-12-23,mobile
C04205,Bouazza,Amine,amine.bouazza754@outlook.com,1992-10-12,0,Tétouan,0658787477,2022-12-28,mobile
C04206,Ouahbi,Said,said.ouahbi332@yahoo.fr,1977-02-10,0,Nador,0648779706,2022-07-02,mobile
C04207,El Mansouri,Omar,omar.elmansouri554@gmail.com,1987-05-21,0,El Jadida,0630697458,2021-05-10,marketplace
C04208,Ziani,Khadija,khadija.ziani197@live.fr,2003-01-04,male,rbt,0681025480,2023-06-01,referral
C04209,Cherkaoui,Adil,adil.cherkaoui534@yahoo.fr,2005-11-21,h,Tanger,0656168592,2022-10-13,mobile
C04210,Kettani,Rachid,rachid.kettani908@live.fr,1975-06-02,male,FES,0680577865,2023-02-27,mobile
C04211,Fassi Fihri,Mohamed,mohamed.fassifihri372@yahoo.fr,1977-03-19,female,Casablanca,0694515906,2023-01-08,mobile
C04212,Bouzid,Karim,karim.bouzid307@hotmail.com,1982-05-25,H,Marrakech,0694296566,2025-09-02,marketplace
C04213,Lahlou,Khalid,amine.tazi669@gmail.com,1972-05-20,0,Béni Mellal,0617229436,2021-07-13,marketplace
C04214,El Ouazzani,Hanane,hanane.elouazzani41@live.fr,1971-04-07,0,Meknès,0638402114,2021-10-21,web
C04215,Tazi,Dounia,dounia.tazi128@live.fr,1991-08-07,m,Casablanca,0669879895,2025-01-02,social_media
C04216,Haddad,Sanae,sanae.haddad880@gmail.com,1960-12-14,H,mkch,0698691629,2024-07-17,referral
C04217,Benali,Mehdi,mehdi.benali444@gmail.com,1994-02-22,0,Oujda,0649380886,2022-08-05,referral
C04218,Ouahbi,Salma,salma.ouahbi369@gmail.com,1999-09-20,Homme,Kénitra,0698102500,2025-05-16,mobile
C04219,Amrani,Hassan,hassan.amrani836@yahoo.fr,1960-02-27,h,Safi,0659488546,2023-04-22,referral
C04220,Berrada,Adil,adil.berrada210@gmail.com,1890-07-22,m,Agadir,0624830006,2025-07-02,social_media
C04221,Skalli,Ali,ali.skalli363@yahoo.fr,2005-08-28,Femme,TANGER,0631369909,2024-02-10,social_media
C04222,El Mansouri,Amina,amina.elmansouri422@hotmail.com,2000-12-03,Homme,Tanger,0615404914,2021-01-17,web
C04223,Bouazza,Houda,houda.bouazza633@yahoo.fr,1976-09-19,male,Casablanca,0628744384,2023-07-09,marketplace
C04224,Tahiri,Said,said.tahiri454@gmail.com,1890-08-06,0,Rabat,0661660649,2023-07-12,mobile
C04225,Cherkaoui,Hanane,hanane.cherkaoui869@hotmail.com,1961-01-01,Homme,Rabat,0612977489,2022-05-06,web
C04226,El Ouazzani,Rim,rim.elouazzani399@gmail.com,1997-06-25,male,Fès,0649707710,2024-09-16,marketplace
C04227,Tahiri,Omar,omar.tahiri514@yahoo.fr,1991-05-25,H,RABAT,0693481251,2022-02-23,marketplace
C04228,Ouahbi,Hassan,hassan.ouahbi742@live.fr,1990-02-14,female,Rabat,0680458212,2021-11-14,marketplace
C04229,Ouahbi,Dounia,dounia.ouahbi614@live.fr,2004-09-23,H,El Jadida,0651411599,2022-08-20,web
C04230,Rahmouni,Imad,imad.rahmouni605@gmail.com,1962-10-17,Femme,Oujda,0678983526,2024-01-08,mobile
C04231,Ziani,Houda,houda.ziani768@yahoo.fr,2002-04-09,H,casa,0662328736,2023-05-27,mobile
C04232,Bouzid,Zineb,zineb.bouzid264@outlook.com,1966-02-01,Homme,Tnja,0632200740,2021-06-05,web
C04233,Sefrioui,Ghita,ghita.sefrioui905@yahoo.fr,1970-04-14,f,TANGER,0661567040,2025-09-14,web
C04234,Fassi Fihri,Reda,reda.fassifihri243@hotmail.com,1981-12-06,0,Kénitra,0645503063,2022-06-24,referral
C04235,Lahlou,Zineb,zineb.lahlou215@gmail.com,1965-11-07,female,Casablanca,0617227922,2022-05-16,social_media
C04236,El Idrissi,Zakaria,zakaria.elidrissi285@gmail.com,1977-12-11,Homme,Safi,0697260464,2023-06-28,web
C04237,Filali,Rim,rim.filali6@hotmail.com,1989-07-12,0,Tétouan,0659870482,2024-09-03,referral
C04238,Rahmouni,Khalid,khalid.rahmouni652@yahoo.fr,1995-07-09,Femme,Mohammedia,0639081866,2022-02-25,social_media
C04239,Kettani,Amine,amine.kettani961@yahoo.fr,2003-03-20,f,Fès,0623262027,2023-06-07,referral
C04240,Tazi,Said,said.tazi812@yahoo.fr,1981-05-28,male,TANGER,0653641084,2021-01-17,mobile
C04241,El Amrani,Mohamed,mohamed.elamrani788@yahoo.fr,1999-07-23,h,Fès,0689349508,2021-12-20,web
C04242,El Ouazzani,Ilham,ilham.elouazzani813@live.fr,1974-02-04,h,Tnja,0699058907,2025-08-01,referral
C04243,Skalli,Ahmed,ahmed.skalli711@yahoo.fr,1964-07-11,female,Béni Mellal,0687214205,2024-08-02,referral
C04244,Kettani,Asmae,asmae.kettani338@live.fr,1995-06-05,H,Agadir,0692136146,2025-06-15,marketplace
C04245,Ouahbi,Meryem,meryem.ouahbi956@yahoo.fr,1997-09-11,Femme,Tanger,0684237116,2021-02-18,web
C04246,Rahmouni,Soufiane,soufiane.rahmouni502@live.fr,1980-02-23,female,Casablanca,0665206861,2023-10-13,social_media
C04247,El Idrissi,Soufiane,soufiane.elidrissi325@live.fr,1972-12-10,male,Marrakech,0685186414,2022-11-13,mobile
C04248,Bouzid,Dounia,dounia.bouzid353@live.fr,2000-10-27,h,fes,0616098398,2023-08-01,web
C04249,Lahlou,Hassan,hassan.lahlou173@hotmail.com,1993-08-26,f,Casablanca,0635380566,2025-10-22,web
C04250,El Mansouri,Amine,amine.elmansouri971@outlook.com,2004-03-24,female,Tnja,0631537896,2024-03-19,mobile
C04251,Rahmouni,Brahim,brahim.rahmouni453@hotmail.com,1995-06-07,Femme,Tanger,0627369891,2022-12-15,social_media
C04252,Chraibi,Khadija,khadija.chraibi378@outlook.com,2026-04-01,male,CASA,0699407676,2022-08-11,mobile
C04253,Lahlou,Rachid,rachid.lahlou787@live.fr,1968-10-09,m,rbt,0669342241,2025-02-28,web
C04254,Naciri,Brahim,brahim.naciri153@outlook.com,1965-10-03,male,RABAT,0692649447,2024-04-15,referral
C04255,Bennani,Fatima,fatima.bennani@,1991-01-25,Homme,Tnja,0615237299,2025-08-16,web
C04256,Tahiri,Hamza,hamza.tahiri274@hotmail.com,1973-03-04,Homme,Fès,0673317343,2021-04-13,marketplace
C04257,Ziani,Khadija,khadija.ziani843@yahoo.fr,1997-09-07,1,Fès,0678998246,2021-12-28,web
C04258,Amrani,Khadija,khadija.amrani31@hotmail.com,1995-11-07,Homme,fes,0651229599,2021-06-24,marketplace
C04259,Berrada,Reda,reda.berrada703@yahoo.fr,1983-09-04,female,rbt,0677949185,2025-08-09,referral
C04260,Chraibi,Zineb,zineb.chraibi560@yahoo.fr,1985-05-06,female,Agadir,0664702212,2023-01-10,marketplace
C04261,Naciri,Meryem,meryem.naciri143@yahoo.fr,1979-01-14,female,TANGER,0646223959,2024-02-05,marketplace
C04262,Chraibi,Ahmed,ahmed.chraibi161@gmail.com,1995-02-04,m,FES,0663314561,2024-01-15,mobile
C04263,Ziani,Fatima,fatima.ziani665@live.fr,1984-09-09,male,RABAT,0612491056,2024-03-24,mobile
C04264,Tazi,Mehdi,mehdi.tazi825@gmail.com,1971-10-12,Homme,Tétouan,0656175890,2023-01-22,social_media
C04265,El Mansouri,Hind,hind.elmansouri828@live.fr,1977-08-26,1,tanger,0638005500,2022-08-22,web
C04266,Ziani,Reda,reda.ziani445@gmail.com,1973-08-10,female,El Jadida,0673824507,2023-12-12,web
C04267,El Amrani,Meryem,meryem.elamrani205@outlook.com,1969-02-04,male,CASA,0698062036,2023-01-15,referral
C04268,Chraibi,Sara,sara.chraibi612@yahoo.fr,1993-04-28,male,tanger,0672048120,2025-05-06,web
C04269,Tahiri,Sara,sara.tahiri305@hotmail.com,2002-10-05,Homme,Fès,0669739816,2022-03-11,web
C04270,Bennani,Hassan,hassan.bennani871@yahoo.fr,1970-05-04,m,Tnja,0647694035,2023-04-21,marketplace
C04271,Bouzid,Adil,adil.bouzid493@live.fr,2006-01-13,0,fes,0676315244,2022-04-12,marketplace
C04272,Naciri,Ilham,ilham.naciri280@live.fr,1986-05-13,female,El Jadida,0663252304,2024-08-13,social_media
C04273,Naciri,Wafae,wafae.naciri310@hotmail.com,2006-05-01,f,Tnja,0629033916,2022-03-10,mobile
C04274,Tahiri,Rachid,rachid.tahiri719@hotmail.com,2004-11-05,Femme,RABAT,0622762103,2021-05-13,web
C04275,Sefrioui,Brahim,brahim.sefrioui968@yahoo.fr,1966-10-18,0,Nador,0620139867,2022-07-12,marketplace
C04276,Skalli,Youssef,youssef.skalli550@gmail.com,1989-10-25,h,Safi,0671582790,2021-01-11,referral
C04277,Tazi,Rachid,salma.benali226@yahoo.fr,2002-04-11,m,Tnja,0638116493,2023-06-04,social_media
C04278,Berrada,Khadija,khadija.berrada180@yahoo.fr,2003-09-11,h,fes,0635662889,2025-06-01,web
C04279,Lahlou,Amine,amine.lahlou366@live.fr,1971-05-03,Femme,RABAT,0624926380,2025-12-15,social_media
C04280,Rahmouni,Said,said.rahmouni830@outlook.com,1960-04-05,0,Marrakech,0643402877,2025-01-22,mobile
C04281,Benkirane,Nadia,nadia.benkirane73@outlook.com,1999-02-16,0,fes,0619475300,2025-03-27,social_media
C04282,Benali,Hassan,hassan.benali896@gmail.com,1986-09-16,H,FES,0625866726,2022-07-04,social_media
C04283,Fassi Fihri,Mohamed,mohamed.fassifihri214@yahoo.fr,1973-06-11,f,Tétouan,0671923606,2025-10-13,mobile
C04284,El Idrissi,Soufiane,soufiane.elidrissi208@gmail.com,1971-05-07,1,Rabat,0661162260,2023-12-22,social_media
C04285,Benali,Amina,amina.benali984@gmail.com,1965-06-08,h,El Jadida,0644610624,2025-05-28,web
C04286,Tazi,Fatima,fatima.tazi746@outlook.com,1995-05-20,Homme,Nador,0670632855,2025-05-09,marketplace
C04287,Chraibi,Mehdi,mehdi.chraibi492@gmail.com,1972-06-08,m,Oujda,0667529712,2022-12-08,referral
C04288,Lahlou,Nabil,nabil.lahlou31@live.fr,1994-03-11,f,Safi,0642045695,2023-05-17,referral
C04289,Tazi,Khalid,khalid.tazi914@hotmail.com,1960-06-01,1,TNG,0690045747,2024-04-02,web
C04290,Ziani,Omar,omar.ziani322@live.fr,1988-04-04,Homme,El Jadida,0664276918,2022-10-24,mobile
C04291,Amrani,Hind,hind.amrani592@live.fr,1965-03-03,0,Tanger,0658128721,2023-04-28,referral
C04292,Haddad,Nadia,nadia.haddad266@live.fr,1969-09-17,0,Agadir,0659385540,2021-06-14,referral
C04293,Alaoui,Hind,hind.alaoui180@gmail.com,1961-07-09,Homme,Meknès,0642178010,2025-02-07,marketplace
C04294,Haddad,Hamza,hamza.haddad275@hotmail.com,1980-01-13,h,Fès,0638894174,2025-09-10,referral
C04295,El Amrani,Karim,karim.elamrani28@outlook.com,2005-03-08,h,Béni Mellal,0628430524,2025-02-20,referral
C04296,El Amrani,Zakaria,zakaria.elamrani364@yahoo.fr,2005-01-28,female,Béni Mellal,0697111883,2022-11-04,referral
C04297,Lahlou,Khalid,khalid.lahlou487@hotmail.com,1967-11-06,h,Meknès,0649572662,2025-11-14,marketplace
C04298,Sefrioui,Zineb,zineb.sefrioui508@outlook.com,2000-02-20,1,Safi,0640509009,2025-05-04,social_media
C04299,El Ouazzani,Soufiane,soufiane.elouazzani593@hotmail.com,1962-12-25,female,Meknès,0610259056,2021-05-15,referral
C04300,Tazi,Mehdi,mehdi.tazi113@outlook.com,1968-11-22,h,TNG,0645215051,2025-05-23,mobile
C04301,Bouazza,Salma,salma.bouazza271@gmail.com,1994-10-19,H,Rabat,0624655628,2023-02-06,social_media
C04302,El Mansouri,Ghita,ghita.elmansouri981@yahoo.fr,1967-09-07,female,Kénitra,0671567673,2024-01-10,web
C04303,Ouahbi,Nadia,nadia.ouahbi672@gmail.com,1971-02-24,female,El Jadida,0659409421,2022-01-08,referral
C04304,Filali,Karim,karim.filali635@outlook.com,2003-07-21,h,MARRAKECH,0660241229,2022-12-09,mobile
C04305,Lahlou,Ali,ali.lahlou478@live.fr,1996-11-20,H,Safi,0658060781,2025-09-11,mobile
C04306,Berrada,Ilham,ilham.berrada495@outlook.com,1995-05-12,h,CASA,0648236558,2025-06-11,mobile
C04307,Skalli,Youssef,youssef.skalli743@live.fr,1996-02-06,Homme,fes,0685595273,2025-09-22,social_media
C04308,Bouazza,Karim,karim.bouazza@@hotmail.com,1960-11-03,Femme,Fès,0657492687,2024-02-20,marketplace
C04309,Rahmouni,Hanane,hanane.rahmouni136@hotmail.com,1986-03-03,male,fes,0695269402,2023-12-14,social_media
C04310,Tahiri,Reda,reda.tahiri509@hotmail.com,1973-07-13,male,Kénitra,0699633991,2022-09-14,web
C04311,Sefrioui,Imad,imad.sefrioui698@gmail.com,1961-06-08,female,Tétouan,0684044835,2021-09-21,social_media
C04312,Fassi Fihri,Said,said.fassifihri527@live.fr,1989-05-14,1,Marrakech,0649475426,2021-01-08,web
C04313,Ouahbi,Ali,ali.ouahbi177@live.fr,1965-08-03,H,fes,0685934342,2025-10-09,social_media
C04314,Ouahbi,Mohamed,mohamed.ouahbi489@live.fr,1963-12-16,m,Casablanca,0652996943,2021-11-06,mobile
C04315,El Idrissi,Asmae,asmae.elidrissi867@yahoo.fr,1976-11-01,f,Agadir,0634763871,2022-08-18,web
C04316,Tazi,Reda,reda.tazi947@hotmail.com,1998-06-07,f,CASA,0668198190,2021-02-25,referral
C04317,Benali,Soufiane,soufiane.benali824@yahoo.fr,1980-01-27,f,FES,0613912897,2025-10-14,social_media
C04318,Kettani,Nadia,nadia.kettani828@outlook.com,1984-01-14,male,TANGER,0618041441,2021-06-23,social_media
C04319,El Idrissi,Ali,ali.elidrissi235@live.fr,1966-11-10,f,Tanger,0693255162,2023-01-15,web
C04320,Ziani,Zakaria,zakaria.ziani231@yahoo.fr,1987-02-12,0,Fès,0648964166,2023-03-05,web
C04321,Tazi,Rachid,rachid.tazi844@live.fr,1968-07-12,Homme,RABAT,0654015753,2025-12-08,mobile
C04322,Cherkaoui,Reda,reda.cherkaoui807@outlook.com,1986-10-09,h,Tanger,0694468305,2023-07-17,marketplace
C04323,Ouahbi,Driss,driss.ouahbi635@gmail.com,1996-02-06,0,Tnja,0643942994,2022-10-24,marketplace
C04324,Filali,Ghita,ghita.filali632@yahoo.fr,1981-08-28,h,rbt,0690005562,2025-05-09,web
C04325,Rahmouni,Houda,houda.rahmouni492@gmail.com,1979-11-13,0,Fès,0697724724,2023-11-02,mobile
C04326,Benali,Fatima,fatima.benali520@gmail.com,1962-09-03,f,casa,0682434910,2025-12-20,web
C04327,Kettani,Sara,sara.kettani116@gmail.com,2001-05-09,H,Tanger,0640910594,2023-05-11,mobile
C04328,Berrada,Mustapha,mustapha.berrada577@gmail.com,1996-05-12,f,Fès,0680509671,2022-07-12,mobile
C04329,Lahlou,Said,said.lahlou825@yahoo.fr,1880-01-18,f,FES,0679937162,2025-09-24,social_media
C04330,Tahiri,Zineb,zineb.tahiri246@yahoo.fr,1983-06-14,f,Agadir,0635488807,2025-12-22,web
C04331,Ziani,Laila,laila.ziani295@yahoo.fr,1991-04-05,0,Casablanca,0619682155,2024-07-28,referral
C04332,Tahiri,Ilham,ilham.tahiri459@hotmail.com,1970-06-23,m,Rabat,0652735333,2022-08-22,referral
C04333,Benkirane,Said,said.benkirane712@gmail.com,1977-01-22,Femme,CASA,0667925806,2021-08-09,social_media
C04334,El Ouazzani,Brahim,brahim.elouazzani550@live.fr,1963-08-13,h,TNG,0687567029,2021-06-22,marketplace
C04335,El Amrani,Sanae,sanae.elamrani258@gmail.com,1986-10-23,female,Mohammedia,0643497431,2024-08-23,mobile
C04336,Ziani,Laila,laila.ziani31@outlook.com,2026-04-25,male,MARRAKECH,0683797924,2024-03-07,web
C04337,Berrada,Amine,amine.berrada873@outlook.com,1971-10-13,f,Fès,0634335725,2024-09-21,social_media
C04338,Sefrioui,Hamza,hamza.sefrioui670@gmail.com,2003-05-10,h,TANGER,0697824865,2024-01-21,social_media
C04339,Ziani,Loubna,loubna.ziani995@live.fr,1964-10-03,Femme,Kénitra,0614236230,2022-04-24,marketplace
C04340,Kettani,Amine,amine.kettani216@yahoo.fr,1976-06-24,h,mkch,0665659256,2021-05-10,mobile
C04341,El Amrani,Hassan,hassan.elamrani415@gmail.com,2006-07-25,Homme,RABAT,0617377927,2023-02-16,web
C04342,El Ouazzani,Karim,karim.elouazzani264@gmail.com,1967-03-24,h,Tétouan,0662969797,2021-07-26,web
C04343,Filali,Soufiane,soufiane.filali711@gmail.com,1960-03-24,H,Béni Mellal,0622991746,2025-11-19,social_media
C04344,Sefrioui,Zakaria,zakaria.sefrioui830@outlook.com,1975-01-25,m,Casablanca,0671999601,2025-12-15,mobile
C04345,Chraibi,Driss,driss.chraibi232@outlook.com,1987-01-03,male,FES,0616013946,2023-12-02,referral
C04346,Skalli,Reda,reda.skalli70@live.fr,1991-10-06,Homme,Safi,0618745977,2021-03-15,referral
C04347,Berrada,Samira,samira.berrada495@gmail.com,1987-09-08,male,Casablanca,0619086314,2024-03-01,social_media
C04348,Skalli,Imad,imad.skalli81@outlook.com,2004-10-23,Homme,Nador,0684407803,2024-04-09,web
C04349,El Mansouri,Youssef,youssef.elmansouri900@outlook.com,2002-06-08,0,El Jadida,0611026216,2025-11-08,marketplace
C04350,Benkirane,Meryem,ghita.ouahbi671@live.fr,1964-01-14,female,El Jadida,0678097755,2021-10-12,web
C04351,Sefrioui,Meryem,meryem.sefrioui733@hotmail.com,1987-07-25,h,Béni Mellal,0612326205,2021-05-12,web
C04352,Kettani,Sanae,sanae.kettani896@yahoo.fr,2005-04-13,H,Mohammedia,0618805006,2021-03-11,marketplace
C04353,El Amrani,Soufiane,soufiane.elamrani988@gmail.com,1968-05-03,male,casa,0618960780,2023-12-06,mobile
C04354,Rahmouni,Imad,imad.rahmouni810@hotmail.com,2026-01-26,h,Oujda,0677863978,2022-11-06,referral
C04355,El Ouazzani,Ali,ali.elouazzani761@outlook.com,2000-05-21,0,RABAT,0689228298,2021-01-18,marketplace
C04356,Kettani,Youssef,youssef.kettani624@yahoo.fr,1976-10-10,1,Oujda,0613129927,2021-04-08,referral
C04357,Tahiri,Rachid,rachid.tahiri160@yahoo.fr,1999-12-09,Femme,Safi,0655784799,2022-03-17,web
C04358,Filali,Karim,karim.filali152@hotmail.com,1966-04-07,male,mkch,0611448255,2022-11-07,marketplace
C04359,Amrani,Imad,imad.amrani127@gmail.com,1973-12-28,f,tanger,0693276947,2024-08-23,web
C04360,Cherkaoui,Amine,amine.cherkaoui758@hotmail.com,1993-10-01,Femme,Marrakech,0698938152,2025-09-07,web
C04361,Ziani,Brahim,brahim.ziani212@hotmail.com,2001-10-03,0,Rabat,0666742673,2025-09-26,web
C04362,Berrada,Zakaria,zakaria.berrada417@live.fr,1994-02-09,H,TNG,0652654121,2022-04-25,referral
C04363,Amrani,Reda,reda.amrani736@live.fr,1988-08-22,Femme,TANGER,0614858782,2025-07-17,social_media
C04364,Ziani,Mustapha,mustapha.ziani287@hotmail.com,2001-06-19,m,Agadir,0661215367,2025-12-21,marketplace
C04365,Naciri,Mohamed,reda.fassifihri234@gmail.com,1991-06-09,h,Tnja,0645381713,2022-03-21,referral
C04366,Tazi,Khadija,khadija.tazi397@outlook.com,1985-04-21,Homme,FES,0693594938,2025-02-11,social_media
C04367,Bouzid,Zakaria,zakaria.bouzid738@live.fr,1977-09-28,male,mkch,0653535312,2023-06-09,mobile
C04368,Benali,Brahim,brahim.benali929@hotmail.com,1963-09-22,0,Safi,0658232932,2021-02-16,referral
C04369,Naciri,Ahmed,ahmed.naciri676@yahoo.fr,1997-01-17,Homme,Casablanca,0673162100,2025-12-12,web
C04370,Bouzid,Youssef,youssef.bouzid263@gmail.com,2000-06-27,f,Agadir,0660601922,2025-07-01,marketplace
C04371,Fassi Fihri,Ali,ali.fassifihri801@live.fr,1978-04-14,1,casa,0681683204,2021-12-09,referral
C04372,Benkirane,Zineb,zineb.benkirane546@gmail.com,1988-07-17,male,Mohammedia,0638669712,2022-07-21,social_media
C04373,Alaoui,Dounia,dounia.alaoui595@live.fr,1963-04-14,m,Kénitra,0614702263,2023-10-23,social_media
C04374,El Ouazzani,Adil,sanae.bouazza688@gmail.com,1981-01-04,Homme,Casablanca,0649055093,2022-04-07,mobile
C04375,Tahiri,Hanane,hanane.tahiri717@outlook.com,1992-09-12,1,rbt,0612717655,2022-12-09,mobile
C04376,Benali,Amine,amine.benali340@gmail.com,1973-03-07,m,FES,0679817378,2021-01-15,marketplace
C04377,Naciri,Zakaria,laila.elamrani880@live.fr,1880-02-17,H,Fès,0678548059,2024-07-28,mobile
C04378,Amrani,Khalid,khalid.amrani82@gmail.com,2005-08-24,Homme,Meknès,0620009586,2023-02-18,referral
C04379,El Ouazzani,Amina,amina.elouazzani978@yahoo.fr,1967-10-09,f,Marrakech,0682255032,2025-03-24,referral
C04380,Chraibi,Rim,rim.chraibi215@yahoo.fr,2006-02-18,0,Kénitra,0682124712,2025-07-21,mobile
C04381,Kettani,Rachid,rachid.kettani293@outlook.com,1988-03-15,0,fes,0671111149,2023-11-24,referral
C04382,Naciri,Salma,salma.naciri27@live.fr,1992-02-22,h,Oujda,0654500348,2022-12-04,marketplace
C04383,Benali,Hamza,hamza.benali252@outlook.com,1961-05-22,0,Mohammedia,0655127078,2021-05-27,referral
C04384,Tazi,Adil,adil.tazi277@outlook.com,1962-07-08,0,Tnja,0670633949,2022-09-15,marketplace
C04385,Tahiri,Laila,laila.tahiri39@yahoo.fr,2003-10-19,H,Rabat,0679768076,2024-10-23,referral
C04386,Naciri,Adil,adil.naciri696@gmail.com,2003-08-19,m,Casablanca,0635138052,2022-10-19,social_media
C04387,Cherkaoui,Dounia,dounia.cherkaoui889@gmail.com,1998-01-23,male,tanger,0681610180,2025-08-24,referral
C04388,Kettani,Fatima,fatima.kettani241@live.fr,1960-02-25,h,TNG,0647644742,2022-07-05,web
C04389,Tazi,Mehdi,mehdi.tazi810@yahoo.fr,1985-08-10,h,rbt,0635940344,2023-06-14,mobile
C04390,Tahiri,Imad,imad.tahiri375@gmail.com,1993-11-10,Femme,RABAT,0611545022,2025-09-27,marketplace
C04391,Kettani,Laila,laila.kettani@,2002-08-28,Homme,MARRAKECH,0633564863,2021-05-28,marketplace
C04392,El Amrani,Zakaria,zakaria.elamrani808@gmail.com,1971-11-09,H,Mohammedia,0684110814,2025-03-18,marketplace
C04393,Bouzid,Wafae,wafae.bouzid325@outlook.com,2000-08-11,h,Fès,0611598853,2021-03-05,social_media
C04394,Rahmouni,Said,said.rahmouni649@live.fr,1971-03-09,h,Tanger,0640993282,2024-11-02,mobile
C04395,Amrani,Meryem,karim.lahlou230@yahoo.fr,1999-11-14,0,TANGER,0640977344,2023-03-19,referral
C04396,Skalli,Nawal,nawal.skalli450@gmail.com,1960-01-23,Femme,mkch,0627171464,2025-03-22,marketplace
C04397,El Idrissi,Brahim,brahim.elidrissi644@gmail.com,2002-08-02,0,TNG,0635286159,2023-02-19,social_media
C04398,Benjelloun,Khalid,khalid.benjelloun861@yahoo.fr,1970-05-04,f,TNG,0632154762,2022-11-23,referral
C04399,Alaoui,Ahmed,ahmed.alaoui184@hotmail.com,1967-04-19,1,RABAT,0628219362,2025-11-22,referral
C04400,El Idrissi,Zakaria,khalid.haddad392@hotmail.com,1999-02-13,Homme,Marrakech,0621326552,2021-01-23,referral
C04401,Skalli,Wafae,wafae.skalli988@hotmail.com,1979-11-26,0,tanger,0621918794,2022-11-18,marketplace
C04402,Bouazza,Sara,sara.bouazza729@gmail.com,1999-10-15,Femme,rbt,0621635506,2025-09-28,social_media
C04403,El Amrani,Mohamed,mohamed.elamrani835@live.fr,1982-05-26,f,mkch,0668385856,2022-12-04,social_media
C04404,El Amrani,Meryem,meryem.elamrani967@gmail.com,1995-09-05,Homme,Meknès,0699190285,2021-07-09,marketplace
C04405,Bouazza,Omar,omar.bouazza631@gmail.com,1987-06-05,m,rbt,0671151134,2025-04-20,mobile
C04406,Tahiri,Imad,imad.tahiri762@gmail.com,2006-08-20,1,Safi,0619628463,2021-07-15,mobile
C04407,El Mansouri,Driss,driss.elmansouri100@gmail.com,1980-04-08,Homme,Tnja,0694574152,2022-05-25,referral
C04408,El Ouazzani,Youssef,youssef.elouazzani406@gmail.com,1995-07-27,0,TNG,0618152183,2021-10-06,mobile
C04409,Benkirane,Amina,amina.benkirane47@yahoo.fr,1984-09-22,Femme,mkch,0618151693,2023-06-22,web
C04410,Tahiri,Adil,adil.tahiri351@hotmail.com,1961-07-01,1,Marrakech,0696554784,2023-06-27,referral
C04411,Benkirane,Nabil,nabil.ouahbi705@outlook.com,1989-11-04,f,Meknès,0626623364,2024-03-19,mobile
C04412,El Idrissi,Zakaria,zakaria.elidrissi229@hotmail.com,1979-04-01,Femme,Kénitra,0666035423,2025-11-05,referral
C04413,Bouazza,Zakaria,zakaria.bouazza121@hotmail.com,1992-06-23,0,mkch,0658751410,2022-01-21,social_media
C04414,Sefrioui,Driss,driss.sefrioui265@hotmail.com,1982-12-20,m,MARRAKECH,0673191422,2023-02-19,marketplace
C04415,Filali,Ilham,ilham.filali258@gmail.com,2000-11-10,Femme,rbt,0628805609,2025-12-26,web
C04416,Skalli,Laila,laila.skalli964@yahoo.fr,1966-08-23,Femme,TNG,0649449291,2025-05-19,marketplace
C04417,Benali,Houda,houda.benali145@hotmail.com,1989-05-05,H,Casablanca,0665074087,2024-10-27,mobile
C04418,Haddad,Rachid,rachid.haddad24@yahoo.fr,1994-11-22,Femme,Meknès,0619012623,2024-12-10,social_media
C04419,Benali,Reda,fatima.alaoui504@yahoo.fr,1970-06-04,1,RABAT,0677638590,2022-02-04,referral
C04420,Bouzid,Zineb,zineb.bouzid108@hotmail.com,1983-07-08,1,Fès,0616491133,2024-04-01,marketplace
C04421,Cherkaoui,Nadia,nadia.cherkaoui874@live.fr,1960-08-22,Femme,El Jadida,0664133590,2023-06-23,referral
C04422,Benjelloun,Ahmed,ahmed.benjelloun216@outlook.com,1972-12-22,male,Fès,0629953171,2025-07-26,marketplace
C04423,Benjelloun,Rim,rim.benjelloun126@outlook.com,2003-07-25,f,fes,0651599287,2023-08-13,web
C04424,Bouzid,Karim,karim.bouzid521@yahoo.fr,1996-07-15,Femme,Rabat,0640262612,2025-07-20,referral
C04425,Benjelloun,Houda,houda.benjelloun952@outlook.com,1971-09-11,h,Oujda,0634915191,2021-06-14,referral
C04426,Haddad,Mustapha,mustapha.haddad459@outlook.com,2004-04-14,Homme,RABAT,0673052378,2021-02-02,referral
C04427,Bouzid,Hanane,hanane.bouzid220@yahoo.fr,1995-12-25,m,Casablanca,0699016164,2021-07-22,marketplace
C04428,Tahiri,Ilham,ilham.tahiri643@gmail.com,1979-09-26,H,FES,0680197968,2024-07-01,marketplace
C04429,El Mansouri,Hind,hind.elmansouri209@gmail.com,1978-03-18,male,Oujda,0629279693,2024-07-06,social_media
C04430,Bouazza,Driss,driss.bouazza468@gmail.com,1986-08-08,1,Nador,0615943119,2025-01-13,social_media
C04431,El Amrani,Hanane,hanane.elamrani950@hotmail.com,1986-02-09,female,Safi,0665195921,2024-12-14,marketplace
C04432,Bouazza,Hanane,hanane.bouazza@,1968-04-09,f,rbt,0655547257,2025-12-09,social_media
C04433,Haddad,Rachid,rachid.haddad441@outlook.com,1979-09-21,f,Agadir,0689919759,2021-01-19,marketplace
C04434,Sefrioui,Hanane,hanane.sefrioui251@live.fr,1960-04-21,f,Tanger,0657072296,2022-12-04,social_media
C04435,Alaoui,Hanane,hanane.alaoui845@hotmail.com,1981-02-20,Femme,Casablanca,0661737376,2025-04-18,web
C04436,Naciri,Khalid,khalid.naciri633@yahoo.fr,1965-02-02,1,Béni Mellal,0688961430,2022-01-18,social_media
C04437,Bouzid,Loubna,ahmed.elmansouri315@outlook.com,1977-02-13,0,Casablanca,0695352841,2021-07-13,web
C04438,Bouzid,Mohamed,mohamed.bouzid291@yahoo.fr,1960-05-26,0,Béni Mellal,0685417756,2025-01-17,web
C04439,Kettani,Imad,imad.kettani536@live.fr,1976-12-28,Homme,TNG,0689172756,2021-03-10,mobile
C04440,Benali,Ahmed,ahmed.benali615@live.fr,1981-11-10,0,Tnja,0655184732,2023-11-09,referral
C04441,Alaoui,Ilham,ilham.alaoui929@outlook.com,1998-06-05,Femme,Marrakech,0647211929,2024-02-25,marketplace
C04442,Bouazza,Rim,rim.bouazza850@hotmail.com,1987-04-02,H,El Jadida,0679372967,2023-02-05,web
C04443,Haddad,Nabil,nabil.haddad235@outlook.com,1972-09-27,h,Kénitra,0694460028,2023-07-18,mobile
C04444,Skalli,Imad,imad.skalli750@gmail.com,2003-01-27,female,MARRAKECH,0626035018,2022-05-07,social_media
C04445,Cherkaoui,Hamza,hamza.cherkaoui189@outlook.com,1983-08-03,Femme,fes,0675418421,2022-01-11,marketplace
C04446,Amrani,Meryem,meryem.amrani3@outlook.com,1968-11-22,H,casa,0629061849,2025-08-02,marketplace
C04447,Rahmouni,Hassan,hassan.rahmouni913@hotmail.com,1997-12-02,Femme,tanger,0687463961,2024-01-01,social_media
C04448,Chraibi,Brahim,brahim.chraibi271@yahoo.fr,1974-05-12,female,MARRAKECH,0625166366,2024-02-14,marketplace
C04449,Benali,Ghita,ghita.benali252@hotmail.com,1880-04-22,male,Rabat,0634134924,2022-04-03,mobile
C04450,Kettani,Khalid,khalid.kettani516@outlook.com,1986-10-02,1,Casablanca,0637817832,2022-06-01,marketplace
C04451,Bouzid,Khadija,khadija.bouzid737@live.fr,1890-05-18,1,RABAT,0620302264,2023-02-21,social_media
C04452,Tahiri,Reda,reda.tahiri164@live.fr,2000-07-16,0,Meknès,0670611393,2025-06-17,mobile
C04453,Benjelloun,Soufiane,soufiane.benjelloun960@outlook.com,1968-10-07,male,RABAT,0675531987,2021-01-24,mobile
C04454,Sefrioui,Karim,karim.sefrioui298@outlook.com,2002-06-01,female,Tétouan,0632424454,2025-09-28,marketplace
C04455,El Mansouri,Fatima,fatima.elmansouri800@yahoo.fr,1992-09-16,Homme,Kénitra,0616306837,2023-03-04,referral
C04456,Bennani,Reda,reda.bennani703@yahoo.fr,1976-12-17,Femme,Tnja,0610885253,2025-09-08,web
C04457,Benali,Adil,adil.benali30@live.fr,1974-10-08,m,MARRAKECH,0658410698,2025-09-28,social_media
C04458,Rahmouni,Adil,adil.rahmouni883@gmail.com,1992-04-20,m,tanger,0680539238,2024-06-10,referral
C04459,Bouazza,Zineb,zineb.bouazza802@hotmail.com,1983-04-14,0,Tanger,0694624286,2022-05-15,web
C04460,Kettani,Hind,hind.kettani264@gmail.com,1995-01-12,H,Mohammedia,0627600560,2023-05-12,referral
C04461,Fassi Fihri,Zakaria,khalid.rahmouni985@outlook.com,1971-02-21,Homme,Tétouan,0623121833,2025-10-07,web
C04462,Bouzid,Mustapha,mustapha.bouzid827@outlook.com,1977-02-13,H,El Jadida,0618393651,2023-12-16,marketplace
C04463,Benkirane,Mustapha,mustapha.benkirane989@yahoo.fr,1985-07-07,female,Marrakech,0647121921,2022-07-06,social_media
C04464,Fassi Fihri,Youssef,youssef.fassifihri556@outlook.com,1995-07-14,Femme,Kénitra,0667246852,2024-08-07,web
C04465,Ouahbi,Omar,omar.ouahbi654@gmail.com,1965-06-09,f,Nador,0678072888,2024-10-19,marketplace
C04466,Benkirane,Salma,salma.benkirane613@gmail.com,1986-03-26,Femme,rbt,0617817426,2025-10-21,referral
C04467,Kettani,Karim,samira.tazi538@live.fr,1998-09-01,f,Oujda,0642950316,2023-08-23,mobile
C04468,Berrada,Houda,houda.berrada716@hotmail.com,2005-12-04,Homme,Nador,0656161964,2021-07-05,referral
C04469,Benali,Driss,driss.benali516@gmail.com,1988-08-15,female,Casablanca,0625609688,2021-07-07,marketplace
C04470,Sefrioui,Nadia,nadia.sefrioui814@live.fr,1985-02-03,m,Fès,0618790027,2025-12-19,referral
C04471,El Amrani,Karim,karim.elamrani38@yahoo.fr,2002-09-08,Homme,rbt,0682770371,2023-11-18,referral
C04472,Bouazza,Imad,imad.bouazza662@yahoo.fr,1980-09-10,0,mkch,0692004373,2022-01-10,marketplace
C04473,Fassi Fihri,Ilham,ilham.fassifihri398@outlook.com,1974-09-14,H,Béni Mellal,0620226195,2024-09-17,marketplace
C04474,Cherkaoui,Ghita,ghita.cherkaoui689@hotmail.com,1972-12-07,h,FES,0633246404,2024-04-07,social_media
C04475,Sefrioui,Khadija,khadija.sefrioui651@live.fr,1969-01-17,f,Tnja,0672755959,2023-03-26,mobile
C04476,El Idrissi,Brahim,brahim.elidrissi96@hotmail.com,1976-12-09,h,TNG,0668145429,2025-03-19,web
C04477,Rahmouni,Fatima,fatima.rahmouni692@hotmail.com,1963-07-06,Femme,Casablanca,0660011849,2023-07-25,mobile
C04478,Bouazza,Meryem,meryem.bouazza362@hotmail.com,1969-10-05,1,Kénitra,0657020057,2021-07-14,marketplace
C04479,Bouazza,Adil,adil.bouazza56@outlook.com,1964-01-19,male,Casablanca,0674904922,2023-12-12,marketplace
C04480,Sefrioui,Zakaria,zakaria.sefrioui794@yahoo.fr,1965-02-16,1,rbt,0684667493,2021-11-23,marketplace
C04481,Bouzid,Ghita,ghita.bouzid705@gmail.com,1965-09-18,h,fes,0677764960,2024-06-26,web
C04482,Rahmouni,Brahim,brahim.rahmouni646@live.fr,1993-05-02,f,casa,0619082258,2025-11-15,referral
C04483,Lahlou,Ahmed,ahmed.lahlou780@hotmail.com,2026-12-26,male,fes,0649110556,2021-10-25,web
C04484,Chraibi,Said,said.chraibi823@yahoo.fr,1960-09-14,H,Oujda,0637548910,2021-05-14,referral
C04485,Rahmouni,Omar,omar.rahmouni178@yahoo.fr,2001-07-05,female,TNG,0646918055,2022-02-24,social_media
C04486,Berrada,Ahmed,ahmed.berrada766@gmail.com,1970-10-05,male,rbt,0631792990,2024-07-19,mobile
C04487,El Idrissi,Youssef,youssef.elidrissi145@yahoo.fr,1987-04-01,0,TNG,0677179204,2022-12-19,social_media
C04488,El Idrissi,Loubna,loubna.elidrissi19@live.fr,1981-04-12,f,rbt,0656861812,2025-02-07,referral
C04489,Amrani,Adil,adil.amrani458@yahoo.fr,1969-05-11,female,rbt,0679889664,2025-02-20,social_media
C04490,Cherkaoui,Mehdi,mehdi.cherkaoui808@gmail.com,1970-11-25,h,Fès,0671395155,2022-10-06,marketplace
C04491,Sefrioui,Mehdi,mehdi.sefrioui382@gmail.com,1981-12-10,female,Meknès,0635791245,2024-06-12,mobile
C04492,Cherkaoui,Amine,khalid.fassifihri154@gmail.com,1997-10-04,male,RABAT,0611690927,2023-11-04,social_media
C04493,Benali,Hanane,hanane.benali527@outlook.com,2004-07-01,H,Safi,0652063640,2021-05-27,marketplace
C04494,El Mansouri,Driss,driss.elmansouri883@outlook.com,1985-12-19,1,Mohammedia,0629761006,2023-04-15,marketplace
C04495,Kettani,Brahim,brahim.kettani940@hotmail.com,1978-11-21,f,Nador,0631769265,2022-07-20,web
C04496,Filali,Amine,amine.filali736@yahoo.fr,1963-03-20,1,FES,0687291175,2024-01-17,marketplace
C04497,Kettani,Driss,driss.kettani680@outlook.com,1995-10-13,m,FES,0627482196,2024-09-26,social_media
C04498,Bouzid,Hanane,wafae.bennani544@yahoo.fr,1961-05-22,h,Marrakech,0648250577,2023-08-20,web
C04499,Rahmouni,Said,salma.benkirane539@gmail.com,1986-11-26,f,Kénitra,0661706703,2022-08-01,web
C04500,Bennani,Ali,ali.bennani102@live.fr,1975-08-05,m,casa,0674817429,2025-02-15,marketplace
C04501,Benkirane,Driss,driss.benkirane485@yahoo.fr,2003-12-04,H,Oujda,0648984160,2023-12-28,marketplace
C04502,Chraibi,Meryem,meryem.chraibi764@hotmail.com,1994-04-13,Homme,TNG,0689606379,2024-01-02,social_media
C04503,Ouahbi,Amine,amine.ouahbi426@live.fr,2005-08-24,H,TANGER,0688865847,2023-08-04,referral
C04504,Bouazza,Hamza,hamza.bouazza704@gmail.com,1995-07-27,0,Safi,0684388220,2021-07-11,marketplace
C04505,Benali,Mehdi,mehdi.benali750@gmail.com,1986-05-13,m,Agadir,0697369855,2022-01-14,social_media
C04506,Sefrioui,Driss,driss.sefrioui799@outlook.com,1961-03-28,0,rbt,0633830870,2025-12-22,referral
C04507,El Amrani,Zakaria,zakaria.elamrani447@hotmail.com,1995-01-08,m,CASA,0694321596,2021-06-04,mobile
C04508,Skalli,Adil,adil.skalli717@gmail.com,2001-03-12,H,Tnja,0666937939,2024-09-07,mobile
C04509,El Idrissi,Loubna,loubna.elidrissi18@hotmail.com,1987-01-02,1,fes,0682402858,2021-11-03,web
C04510,Alaoui,Sara,sara.alaoui538@hotmail.com,1964-11-05,female,TANGER,0645421839,2022-02-05,mobile
C04511,Rahmouni,Dounia,dounia.rahmouni967@yahoo.fr,1988-11-09,male,Casablanca,0616322062,2023-03-28,marketplace
C04512,Ziani,Khadija,khadija.ziani69@gmail.com,1961-09-26,h,Marrakech,0621181903,2023-11-04,web
C04513,Alaoui,Samira,samira.alaoui170@gmail.com,1964-02-06,Homme,Nador,0654493493,2025-08-25,web
C04514,Bouzid,Houda,houda.bouzid200@gmail.com,1988-10-19,female,Kénitra,0642294861,2021-05-20,social_media
C04515,Haddad,Salma,salma.haddad283@gmail.com,1994-09-26,f,Tétouan,0664967730,2021-08-11,web
C04516,Benkirane,Ali,ali.benkirane553@yahoo.fr,1970-08-11,0,casa,0634812629,2022-07-24,marketplace
C04517,Haddad,Hanane,hanane.haddad363@gmail.com,2002-12-10,h,Oujda,0687465721,2024-06-01,web
C04518,Cherkaoui,Sanae,sanae.cherkaoui197@outlook.com,1962-11-21,Femme,fes,0677913412,2023-09-11,referral
C04519,Lahlou,Reda,reda.lahlou487@outlook.com,1983-08-14,Femme,Mohammedia,0619572128,2024-03-15,web
C04520,El Idrissi,Hind,ghita.elamrani192@gmail.com,2005-12-12,m,tanger,0680992021,2022-09-13,mobile
C04521,Skalli,Meryem,meryem.skalli@@outlook.com,1984-02-14,h,CASA,0679889952,2025-01-02,marketplace
C04522,Skalli,Nabil,nabil.skalli765@gmail.com,1979-04-25,Femme,Marrakech,0665125453,2025-05-09,referral
C04523,Fassi Fihri,Khalid,khalid.fassifihri612@hotmail.com,2005-04-18,male,rbt,0692638245,2022-04-09,marketplace
C04524,Skalli,Samira,samira.skalli759@live.fr,2003-08-03,1,Mohammedia,0692872788,2022-06-18,referral
C04525,Chraibi,Ghita,ghita.chraibi24@outlook.com,2003-11-16,f,Marrakech,0682605852,2025-08-03,social_media
C04526,El Amrani,Rim,rim.elamrani170@live.fr,1988-08-05,H,Tnja,0616528781,2023-09-10,web
C04527,Ouahbi,Fatima,fatima.ouahbi649@hotmail.com,2005-07-22,male,mkch,0610250524,2024-01-11,social_media
C04528,Rahmouni,Mohamed,mohamed.rahmouni759@yahoo.fr,1998-08-07,1,TNG,0645343144,2024-11-18,web
C04529,Benjelloun,Mohamed,mohamed.benjelloun28@live.fr,2003-02-16,f,Marrakech,0676892183,2024-03-07,referral
C04530,Bennani,Sara,sara.bennani337@gmail.com,1967-11-19,h,Oujda,0680713743,2022-06-04,social_media
C04531,Benjelloun,Mohamed,nabil.elmansouri456@gmail.com,1988-12-10,H,Rabat,0656239441,2023-08-04,social_media
C04532,Benali,Mehdi,mehdi.benali332@gmail.com,2025-09-17,female,Tanger,0668544460,2022-09-05,referral
C04533,Tazi,Youssef,youssef.tazi148@gmail.com,1969-07-28,1,Marrakech,0698495996,2022-01-16,social_media
C04534,Lahlou,Wafae,wafae.lahlou696@yahoo.fr,1998-08-05,female,TNG,0613640369,2023-01-26,social_media
C04535,Amrani,Rim,rim.amrani961@yahoo.fr,1997-05-19,male,rbt,0626031481,2022-11-07,marketplace
C04536,Bouazza,Mohamed,mohamed.bouazza826@gmail.com,1989-02-20,H,Kénitra,0636455172,2021-10-23,social_media
C04537,Kettani,Amine,amine.kettani520@yahoo.fr,1975-08-27,male,MARRAKECH,0619086101,2024-01-14,social_media
C04538,Skalli,Ali,ali.skalli353@outlook.com,2002-08-18,m,casa,0617824974,2022-07-09,referral
C04539,El Amrani,Laila,laila.elamrani213@yahoo.fr,2004-06-19,Homme,TNG,0678614943,2025-02-02,social_media
C04540,Skalli,Mustapha,mustapha.skalli746@outlook.com,1890-12-17,male,Tnja,0679767747,2021-09-14,mobile
C04541,El Ouazzani,Mohamed,mohamed.elouazzani752@live.fr,1960-02-04,0,Meknès,0689850343,2022-07-26,referral
C04542,El Ouazzani,Driss,driss.elouazzani269@hotmail.com,2003-04-10,1,Rabat,0696382773,2025-08-16,social_media
C04543,El Idrissi,Karim,karim.elidrissi547@live.fr,1967-06-25,m,Safi,0628698450,2024-02-18,social_media
C04544,Ouahbi,Hamza,@gmail.com,1987-06-28,female,fes,0643579133,2024-06-18,web
C04545,Naciri,Imad,imad.naciri661@gmail.com,1988-04-14,h,Tétouan,0676534589,2023-06-14,web
C04546,Naciri,Ahmed,ahmed.naciri623@yahoo.fr,1979-02-11,1,Béni Mellal,0699815394,2023-08-27,mobile
C04547,Tazi,Karim,karim.tazi254@gmail.com,2004-01-06,h,Kénitra,0670558473,2025-03-19,social_media
C04548,Fassi Fihri,Hamza,hamza.fassifihri830@outlook.com,1983-01-27,m,CASA,0665392453,2022-04-14,referral
C04549,El Mansouri,Wafae,wafae.elmansouri620@yahoo.fr,1977-05-16,h,Béni Mellal,0654526683,2022-03-10,social_media
C04550,Skalli,Brahim,brahim.skalli580@yahoo.fr,1989-11-13,Femme,Tétouan,0633361175,2021-05-03,referral
C04551,El Idrissi,Mustapha,mustapha.elidrissi395@gmail.com,1977-05-06,female,fes,0660803925,2025-04-19,mobile
C04552,Benjelloun,Houda,@gmail.com,1990-02-06,female,RABAT,0641132129,2021-01-15,web
C04553,Benkirane,Youssef,youssef.benkirane811@outlook.com,1998-08-21,m,Kénitra,0674676099,2024-07-23,marketplace
C04554,Ziani,Driss,driss.ziani228@live.fr,1998-10-02,h,rbt,0650348921,2023-09-17,web
C04555,Filali,Ghita,ghita.filali188@live.fr,1967-02-28,Homme,Casablanca,0641182133,2025-09-01,marketplace
C04556,Naciri,Youssef,youssef.naciri110@outlook.com,1991-04-17,m,TANGER,0663193099,2021-01-25,mobile
C04557,El Amrani,Mohamed,soufiane.filali711@gmail.com,1985-04-10,female,Fès,0662310853,2021-06-10,marketplace
C04558,Haddad,Samira,samira.haddad488@gmail.com,1960-02-15,m,Meknès,0649311987,2023-06-01,referral
C04559,El Ouazzani,Samira,samira.elouazzani296@gmail.com,2006-06-08,H,tanger,0690191828,2022-09-16,mobile
C04560,Benali,Sara,sara.benali609@hotmail.com,1967-12-03,h,Kénitra,0697606261,2025-08-09,web
C04561,Benjelloun,Mustapha,mustapha.benjelloun396@hotmail.com,1970-04-22,0,CASA,0694722589,2024-07-02,mobile
C04562,Berrada,Mustapha,mustapha.berrada281@yahoo.fr,1968-03-14,h,tanger,0677314458,2023-08-05,mobile
C04563,El Mansouri,Sara,sara.elmansouri648@hotmail.com,1971-03-05,0,Casablanca,0623462357,2024-06-13,social_media
C04564,Sefrioui,Nawal,nawal.sefrioui699@yahoo.fr,1961-10-27,0,fes,0679195119,2025-12-03,web
C04565,Naciri,Wafae,wafae.naciri750@yahoo.fr,1970-10-14,1,Tétouan,0690865604,2022-06-26,social_media
C04566,Sefrioui,Omar,omar.sefrioui153@hotmail.com,1976-10-18,H,Tnja,0691354508,2021-01-27,mobile
C04567,El Ouazzani,Asmae,asmae.elouazzani377@live.fr,1998-05-10,female,Safi,0628910075,2023-12-10,referral
C04568,Amrani,Rim,rim.amrani439@hotmail.com,1976-09-07,female,Kénitra,0657377808,2022-08-22,marketplace
C04569,Bouazza,Rim,rim.bouazza555@outlook.com,1964-02-28,0,casa,0625281886,2024-06-07,mobile
C04570,Benjelloun,Asmae,asmae.benjelloun712@outlook.com,1962-06-16,Femme,Safi,0658545771,2021-08-03,referral
C04571,Benkirane,Ghita,ghita.benkirane809@hotmail.com,2000-11-26,0,El Jadida,0626427408,2023-06-01,mobile
C04572,El Mansouri,Reda,reda.elmansouri724@gmail.com,1974-08-07,f,Rabat,0695232580,2022-01-22,mobile
C04573,El Ouazzani,Ahmed,ahmed.elouazzani180@live.fr,1985-09-13,0,mkch,0696253131,2025-12-24,social_media
C04574,Filali,Mohamed,mohamed.filali640@gmail.com,1994-07-26,female,Meknès,0691950066,2022-10-24,referral
C04575,Chraibi,Samira,samira.chraibi590@gmail.com,1965-02-01,H,Nador,0650962324,2022-10-17,referral
C04576,Ouahbi,Loubna,loubna.ouahbi15@yahoo.fr,1968-10-24,0,Mohammedia,0677194469,2024-10-10,social_media
C04577,El Amrani,Soufiane,soufiane.elamrani714@gmail.com,1960-07-27,1,RABAT,0633040628,2023-04-07,mobile
C04578,Benali,Hind,hind.benali846@gmail.com,2003-02-03,h,El Jadida,0661720348,2023-02-24,marketplace
C04579,Benali,Dounia,dounia.benali817@outlook.com,1983-10-16,Homme,Oujda,0688476541,2025-03-14,web
C04580,Alaoui,Mohamed,mohamed.alaoui4@outlook.com,1993-09-25,Homme,Casablanca,0698596835,2025-05-28,mobile
C04581,Cherkaoui,Meryem,meryem.cherkaoui471@live.fr,1983-04-18,Homme,fes,0698548854,2025-09-21,referral
C04582,Haddad,Hamza,hamza.haddad895@yahoo.fr,1969-04-24,m,TNG,0614463617,2024-02-14,web
C04583,Kettani,Driss,driss.kettani639@live.fr,1968-12-27,1,TANGER,0658572443,2021-01-04,web
C04584,Bennani,Adil,adil.bennani828@outlook.com,2003-11-05,h,Casablanca,0671453815,2021-10-15,social_media
C04585,El Amrani,Asmae,asmae.elamrani996@gmail.com,1964-10-24,0,Meknès,0638818033,2023-03-05,social_media
C04586,Fassi Fihri,Karim,karim.fassifihri265@gmail.com,2003-06-01,female,rbt,0630463157,2024-07-26,mobile
C04587,Filali,Omar,omar.filali41@yahoo.fr,1976-09-08,female,Meknès,0699380864,2021-08-25,marketplace
C04588,Chraibi,Nadia,nadia.chraibi408@gmail.com,2005-07-08,m,tanger,0672431127,2021-08-07,mobile
C04589,Skalli,Soufiane,soufiane.skalli559@yahoo.fr,1988-01-04,female,Oujda,0684807622,2022-09-20,referral
C04590,Ziani,Omar,omar.ziani569@outlook.com,1974-11-28,Femme,Casablanca,0628291274,2023-09-14,mobile
C04591,El Amrani,Omar,omar.elamrani845@hotmail.com,1964-01-04,1,Fès,0628940766,2023-11-09,mobile
C04592,Bouzid,Nawal,nawal.bouzid774@yahoo.fr,1966-11-21,male,RABAT,0675225757,2022-06-04,marketplace
C04593,El Idrissi,Hamza,hamza.elidrissi319@live.fr,1996-04-23,m,fes,0623458919,2025-01-08,social_media
C04594,Bouzid,Laila,laila.bouzid11@live.fr,2006-09-16,male,fes,0656379398,2023-12-18,web
C04595,El Ouazzani,Salma,salma.elouazzani118@outlook.com,1984-11-18,male,MARRAKECH,0671222812,2023-12-19,social_media
C04596,Ziani,Adil,adil.ziani377@outlook.com,1970-08-27,1,Casablanca,0665108345,2024-12-10,referral
C04597,Naciri,Laila,laila.naciri341@hotmail.com,1978-05-26,H,Mohammedia,0633002535,2024-11-18,web
C04598,Kettani,Mehdi,mehdi.kettani254@live.fr,2003-09-03,male,Agadir,0645429162,2022-08-05,mobile
C04599,El Mansouri,Khadija,khadija.elmansouri233@yahoo.fr,2000-01-11,male,Rabat,0676433105,2024-03-13,social_media
C04600,Bennani,Nadia,nadia.bennani739@hotmail.com,1963-08-15,m,Tétouan,0613750750,2025-01-24,web
C04601,Benali,Ahmed,ahmed.benali185@hotmail.com,1999-06-12,Femme,Casablanca,0667615977,2023-01-26,mobile
C04602,El Idrissi,Reda,reda.elidrissi205@outlook.com,1994-01-14,m,Meknès,0661188108,2024-08-24,marketplace
C04603,Berrada,Asmae,asmae.berrada682@gmail.com,1985-06-03,h,Béni Mellal,0643564081,2022-07-11,social_media
C04604,Bennani,Hanane,hanane.bennani804@hotmail.com,1975-09-15,Homme,Marrakech,0617981048,2024-09-16,web
C04605,Skalli,Zakaria,zakaria.skalli58@yahoo.fr,1990-07-08,Homme,MARRAKECH,0697901565,2022-09-28,web
C04606,Benali,Said,said.benali993@hotmail.com,1969-01-07,Homme,Casablanca,0627373835,2024-07-02,web
C04607,El Ouazzani,Khadija,khadija.elouazzani244@outlook.com,1965-07-27,0,TANGER,0668438454,2025-11-15,web
C04608,Alaoui,Driss,amine.ouahbi129@yahoo.fr,1964-10-19,Homme,Tnja,0646738641,2023-10-07,marketplace
C04609,Tazi,Ilham,ilham.tazi373@gmail.com,2004-09-05,male,TANGER,0628709819,2024-11-06,marketplace
C04610,El Ouazzani,Said,said.elouazzani635@gmail.com,1962-09-21,Homme,CASA,0661517501,2025-01-14,web
C04611,Benjelloun,Karim,karim.benjelloun661@live.fr,1986-10-07,m,Fès,0636529990,2021-04-28,mobile
C04612,Skalli,Hassan,hassan.skalli32@live.fr,1984-05-09,1,Agadir,0678544556,2023-06-26,web
C04613,Benjelloun,Brahim,brahim.benjelloun810@gmail.com,1967-06-20,male,TNG,0672589334,2021-06-14,marketplace
C04614,Bouazza,Fatima,fatima.bouazza259@live.fr,2004-01-14,female,rbt,0682839723,2021-11-24,web
C04615,Ouahbi,Nabil,nabil.ouahbi32@outlook.com,1969-05-18,m,RABAT,0618983068,2025-12-15,marketplace
C04616,Kettani,Adil,rim.kettani926@outlook.com,1961-03-27,Femme,mkch,0670508662,2021-11-19,referral
C04617,El Mansouri,Adil,adil.elmansouri668@gmail.com,1985-06-13,female,Casablanca,0668575336,2021-03-10,social_media
C04618,Ziani,Adil,adil.ziani145@gmail.com,1968-09-24,Femme,MARRAKECH,0624659683,2021-03-13,marketplace
C04619,Benali,Omar,omar.benali512@yahoo.fr,1967-04-14,H,TNG,0646789870,2025-02-20,referral
C04620,Benjelloun,Rachid,rachid.benjelloun930@hotmail.com,2000-11-05,male,Casablanca,0622558335,2024-03-20,social_media
C04621,El Idrissi,Amine,zineb.benali664@live.fr,2006-09-10,1,TNG,0662453306,2021-10-07,mobile
C04622,Tazi,Mehdi,amina.tahiri376@hotmail.com,1970-10-11,0,Rabat,0698876973,2022-02-19,mobile
C04623,Fassi Fihri,Said,said.fassifihri947@hotmail.com,1971-04-03,1,Rabat,0651714811,2021-06-28,social_media
C04624,Naciri,Wafae,wafae.naciri264@gmail.com,1994-11-17,female,Casablanca,0633346137,2022-02-26,web
C04625,Skalli,Youssef,youssef.skalli351@live.fr,1992-05-12,0,mkch,0690183178,2021-03-27,referral
C04626,Naciri,Nabil,hamza.bouzid842@hotmail.com,1976-09-15,H,Tnja,0669303080,2024-05-06,mobile
C04627,Ziani,Mohamed,mohamed.ziani854@gmail.com,1986-11-27,1,Fès,0683030490,2025-12-21,mobile
C04628,Berrada,Brahim,brahim.berrada82@gmail.com,1965-07-18,Homme,TNG,0633055452,2021-08-08,referral
C04629,El Ouazzani,Brahim,brahim.elouazzani466@gmail.com,1961-07-14,Femme,fes,0699108533,2023-11-02,marketplace
C04630,Amrani,Ali,ali.amrani52@gmail.com,1986-02-15,Homme,Fès,0652615577,2022-08-15,mobile
C04631,Skalli,Wafae,wafae.skalli696@hotmail.com,1964-09-14,Homme,CASA,0647447957,2025-09-04,mobile
C04632,Sefrioui,Salma,salma.sefrioui185@live.fr,2003-05-20,Femme,Tanger,0645772897,2022-03-19,social_media
C04633,Haddad,Sanae,sanae.haddad645@outlook.com,1994-06-15,female,mkch,0622554639,2021-12-02,web
C04634,Bennani,Houda,houda.bennani454@hotmail.com,2002-08-04,female,El Jadida,0674764464,2025-06-11,mobile
C04635,Benjelloun,Nadia,nadia.benjelloun560@hotmail.com,1991-11-28,f,Mohammedia,0629949385,2022-11-16,social_media
C04636,Rahmouni,Brahim,brahim.rahmouni966@outlook.com,1967-12-12,m,Kénitra,0614071330,2021-11-02,referral
C04637,El Idrissi,Ilham,ilham.elidrissi883@live.fr,1993-07-04,1,RABAT,0623009630,2022-11-03,web
C04638,Sefrioui,Said,said.sefrioui477@outlook.com,1970-01-22,m,Fès,0687894965,2023-12-11,mobile
C04639,Lahlou,Driss,driss.lahlou232@outlook.com,1977-07-18,h,Kénitra,0661575068,2021-10-14,mobile
C04640,Bennani,Dounia,dounia.bennani889@hotmail.com,2003-06-16,m,Mohammedia,0654455821,2021-09-03,web
C04641,Tahiri,Fatima,fatima.tahiri900@outlook.com,1971-07-03,female,mkch,0650648543,2023-12-27,social_media
C04642,Lahlou,Ali,ali.lahlou914@yahoo.fr,1986-07-18,female,Casablanca,0651582927,2025-12-15,mobile
C04643,Tazi,Nabil,nabil.tazi610@live.fr,1999-02-22,Homme,Safi,0691735914,2024-06-07,social_media
C04644,El Ouazzani,Laila,laila.elouazzani68@gmail.com,1986-07-17,Homme,Nador,0633049129,2023-10-27,social_media
C04645,Benjelloun,Nawal,nawal.benjelloun893@hotmail.com,1969-05-01,Femme,RABAT,0679987656,2022-04-02,referral
C04646,Berrada,Meryem,meryem.berrada289@live.fr,1962-02-02,1,RABAT,0686716676,2022-11-08,marketplace
C04647,Berrada,Soufiane,soufiane.berrada64@gmail.com,1990-12-09,h,Marrakech,0686141392,2025-11-04,mobile
C04648,Berrada,Nadia,nadia.berrada379@live.fr,2004-12-15,Homme,Tnja,0633773615,2021-11-26,marketplace
C04649,Filali,Meryem,meryem.filali884@live.fr,1995-08-15,male,RABAT,0673363733,2024-03-20,marketplace
C04650,El Ouazzani,Hind,hind.elouazzani@,1991-09-06,h,mkch,0628295833,2021-11-19,social_media
C04651,Naciri,Fatima,fatima.naciri759@outlook.com,1971-09-16,m,FES,0698766745,2022-05-12,social_media
C04652,El Amrani,Nadia,nadia.elamrani873@live.fr,1973-06-10,Femme,Rabat,0685382698,2025-03-11,social_media
C04653,Chraibi,Said,said.chraibi230@yahoo.fr,1983-07-03,Homme,TANGER,0634916896,2022-07-17,mobile
C04654,Tahiri,Dounia,dounia.tahiri728@live.fr,2025-07-22,1,Béni Mellal,0673107758,2024-05-02,mobile
C04655,Ouahbi,Zakaria,zakaria.ouahbi527@gmail.com,1991-10-01,m,tanger,0620912785,2025-05-18,marketplace
C04656,Kettani,Houda,houda.kettani75@gmail.com,1960-08-21,female,tanger,0642063108,2022-07-03,mobile
C04657,Rahmouni,Youssef,youssef.rahmouni794@hotmail.com,1992-02-21,male,El Jadida,0693617503,2025-08-19,web
C04658,Cherkaoui,Meryem,meryem.cherkaoui235@outlook.com,1998-12-13,m,MARRAKECH,0669006332,2024-02-19,referral
C04659,Rahmouni,Asmae,asmae.rahmouni537@outlook.com,1977-02-14,h,El Jadida,0699124408,2025-03-14,marketplace
C04660,Bennani,Khadija,khadija.bennani955@hotmail.com,1968-08-03,female,Marrakech,0657555690,2022-02-26,web
C04661,Bouazza,Rim,rim.bouazza864@live.fr,1987-08-07,m,Kénitra,0630099179,2023-10-20,referral
C04662,Chraibi,Amina,amina.chraibi425@live.fr,1960-06-10,female,TNG,0625158293,2025-06-21,mobile
C04663,Berrada,Amine,amine.berrada837@live.fr,1977-10-22,male,Tanger,0623588167,2025-08-16,marketplace
C04664,Tahiri,Driss,driss.tahiri569@outlook.com,1998-09-08,1,Fès,0685534947,2022-12-19,web
C04665,Ziani,Dounia,dounia.ziani514@outlook.com,1964-02-24,0,Agadir,0662457202,2022-12-26,web
C04666,Tahiri,Wafae,wafae.tahiri541@hotmail.com,1982-04-20,f,Nador,0638566587,2025-09-23,social_media
C04667,Bouazza,Imad,imad.bouazza961@hotmail.com,1970-07-22,female,FES,0638415878,2024-08-15,web
C04668,Benali,Omar,omar.benali675@yahoo.fr,1978-01-15,0,Casablanca,0664504899,2021-12-24,mobile
C04669,Bouzid,Hanane,hanane.bouzid493@yahoo.fr,1961-11-11,male,Meknès,0640797705,2024-05-04,web
C04670,Bouzid,Hind,hind.bouzid742@gmail.com,1979-06-04,male,tanger,0665117029,2022-12-12,web
C04671,Tazi,Khadija,khadija.tazi15@live.fr,1981-10-27,Homme,Fès,0637380943,2023-11-01,social_media
C04672,Rahmouni,Dounia,dounia.rahmouni176@outlook.com,2000-05-07,1,Tanger,0666287139,2022-03-24,web
C04673,Benkirane,Hanane,hanane.benkirane967@outlook.com,2004-09-07,Homme,FES,0644744942,2024-06-20,marketplace
C04674,Rahmouni,Youssef,omar.filali640@gmail.com,1961-07-15,1,El Jadida,0680430984,2023-02-12,social_media
C04675,El Amrani,Said,said.elamrani@@yahoo.fr,2001-11-12,1,fes,0676017935,2021-08-11,social_media
C04676,Bouzid,Brahim,brahim.bouzid188@live.fr,1979-03-28,0,Marrakech,0647941078,2023-12-02,mobile
C04677,Tahiri,Hassan,hassan.tahiri605@gmail.com,1963-11-06,Femme,FES,0654414116,2022-03-14,social_media
C04678,Haddad,Driss,driss.haddad385@outlook.com,2006-12-04,1,Tétouan,0618730806,2024-09-22,marketplace
C04679,Benkirane,Youssef,youssef.benkirane370@outlook.com,1979-07-20,h,TANGER,0625635516,2022-11-27,web
C04680,Benali,Sara,sara.benali476@live.fr,1971-12-17,male,Rabat,0611588786,2024-07-16,marketplace
C04681,Rahmouni,Mustapha,mustapha.rahmouni397@live.fr,1963-05-02,f,Kénitra,0664737413,2025-01-17,mobile
C04682,Filali,Loubna,loubna.filali746@yahoo.fr,1989-01-19,0,Marrakech,0621169541,2022-02-20,mobile
C04683,Berrada,Meryem,meryem.berrada836@live.fr,2006-05-04,Femme,Oujda,0664110043,2022-07-14,mobile
C04684,Chraibi,Khadija,khadija.chraibi402@yahoo.fr,1999-01-23,H,mkch,0654456594,2022-09-18,marketplace
C04685,Naciri,Ahmed,driss.bennani208@gmail.com,1981-06-28,f,Fès,0672237585,2023-12-05,social_media
C04686,Bouazza,Meryem,meryem.bouazza915@gmail.com,1994-08-14,Homme,Fès,0678045980,2023-12-14,referral
C04687,Alaoui,Driss,driss.alaoui711@live.fr,1966-12-24,Homme,Nador,0649357981,2025-06-27,social_media
C04688,Ouahbi,Amine,amine.ouahbi149@outlook.com,1973-02-10,0,Marrakech,0664495287,2023-09-18,mobile
C04689,Bennani,Zakaria,zakaria.bennani326@live.fr,1996-12-24,1,Nador,0634724658,2025-08-11,social_media
C04690,Bennani,Mustapha,mustapha.bennani421@yahoo.fr,1972-03-20,m,Meknès,0621821920,2021-12-18,web
C04691,Chraibi,Driss,driss.chraibi703@live.fr,2000-07-03,1,RABAT,0653520803,2022-07-03,web
C04692,Cherkaoui,Mohamed,mohamed.cherkaoui643@yahoo.fr,1969-01-20,female,Fès,0661851449,2024-10-17,web
C04693,El Ouazzani,Mustapha,mustapha.elouazzani948@outlook.com,1968-12-07,Femme,Fès,0676669876,2025-11-10,social_media
C04694,Ouahbi,Adil,adil.ouahbi755@gmail.com,1999-12-28,h,TNG,0626119462,2021-10-11,referral
C04695,Ziani,Fatima,fatima.ziani634@live.fr,1890-03-13,Femme,El Jadida,0655646191,2024-03-24,web
C04696,Lahlou,Amine,meryem.elmansouri270@gmail.com,1970-05-14,0,Tanger,0699189924,2024-08-14,referral
C04697,Bouazza,Sanae,sanae.bouazza38,1999-11-03,H,Casablanca,0630946351,2021-08-21,referral
C04698,Kettani,Asmae,asmae.kettani291@hotmail.com,2000-08-02,1,Safi,0648010797,2022-05-07,referral
C04699,El Amrani,Ahmed,ahmed.elamrani239@gmail.com,2000-01-11,m,fes,0639430255,2025-04-21,marketplace
C04700,Amrani,Laila,laila.amrani503@yahoo.fr,1981-04-19,female,El Jadida,0678087370,2025-12-06,social_media
C04701,Ziani,Hind,hind.ziani691@yahoo.fr,1986-05-26,0,Safi,0657479417,2021-11-13,web
C04702,Cherkaoui,Hassan,hassan.cherkaoui354@gmail.com,1983-02-09,0,El Jadida,0684896670,2025-03-13,mobile
C04703,Chraibi,Said,said.chraibi254@live.fr,2003-03-09,0,CASA,0673578421,2021-02-16,web
C04704,Chraibi,Mehdi,mehdi.chraibi116@hotmail.com,1966-06-05,female,Agadir,0687881429,2021-12-26,mobile
C04705,Amrani,Ilham,mustapha.rahmouni980@outlook.com,1983-06-04,male,FES,0642289761,2022-02-01,referral
C04706,Sefrioui,Reda,reda.sefrioui341@hotmail.com,2026-06-13,male,Kénitra,0643452427,2024-05-11,social_media
C04707,Bennani,Hanane,hanane.bennani260@outlook.com,1983-02-14,h,Béni Mellal,0630718011,2021-04-04,web
C04708,El Mansouri,Meryem,meryem.elmansouri756@hotmail.com,1977-01-08,Homme,Meknès,0646484395,2022-08-23,web
C04709,Benjelloun,Adil,adil.benjelloun373@hotmail.com,1999-03-21,1,Fès,0646886643,2021-08-10,web
C04710,El Amrani,Zineb,zineb.elamrani168@outlook.com,1972-03-21,H,tanger,0635828840,2025-05-11,referral
C04711,Filali,Hamza,hamza.filali928@gmail.com,2004-01-23,h,Casablanca,0684800911,2021-12-19,referral
C04712,Benkirane,Asmae,asmae.benkirane68@gmail.com,1994-05-21,female,Safi,0615596794,2024-05-09,web
C04713,El Amrani,Rachid,rachid.elamrani998@gmail.com,1986-05-19,0,Agadir,0669358545,2022-04-05,mobile
C04714,Filali,Hassan,hassan.filali901@gmail.com,1990-07-21,Femme,Fès,0653034150,2023-10-19,mobile
C04715,Berrada,Nadia,nadia.berrada746@hotmail.com,2000-07-25,Femme,mkch,0648638500,2024-02-13,referral
C04716,El Idrissi,Ali,ali.elidrissi933@yahoo.fr,1980-06-08,Homme,Fès,0656949542,2025-06-12,referral
C04717,Ziani,Brahim,brahim.ziani580@live.fr,2003-05-09,f,Tétouan,0684473056,2025-10-12,marketplace
C04718,Filali,Driss,driss.filali772@gmail.com,1994-04-05,f,Kénitra,0667281784,2021-03-04,web
C04719,El Ouazzani,Ghita,ghita.elouazzani366@hotmail.com,2003-02-21,male,Tnja,0695611563,2021-03-26,referral
C04720,Cherkaoui,Karim,karim.cherkaoui448@hotmail.com,1960-01-15,f,CASA,0683631622,2023-10-18,referral
C04721,Lahlou,Mohamed,mohamed.lahlou299@live.fr,1995-01-02,Homme,FES,0665106991,2025-07-14,marketplace
C04722,Tazi,Imad,imad.tazi638@hotmail.com,1975-04-20,Femme,Fès,0667633633,2022-07-09,referral
C04723,El Amrani,Brahim,brahim.elamrani949@outlook.com,1969-01-12,Homme,Tnja,0680335982,2023-09-18,marketplace
C04724,Berrada,Mehdi,mehdi.berrada616@outlook.com,1963-08-16,Femme,CASA,0627265084,2022-07-20,marketplace
C04725,Bennani,Omar,omar.bennani667@live.fr,1981-01-16,h,Fès,0614999889,2021-02-05,web
C04726,Bennani,Zineb,zineb.bennani960@yahoo.fr,1968-11-10,female,Fès,0692812910,2025-06-19,mobile
C04727,Sefrioui,Hanane,hanane.sefrioui483@live.fr,1963-06-08,Femme,tanger,0664259289,2025-07-16,social_media
C04728,El Amrani,Mohamed,mohamed.elamrani911@outlook.com,1990-03-18,0,Tnja,0669506413,2021-04-14,web
C04729,Ziani,Wafae,wafae.ziani701@yahoo.fr,1972-06-16,h,Casablanca,0636437507,2025-03-06,referral
C04730,Tahiri,Driss,driss.tahiri947@gmail.com,1969-10-12,female,Béni Mellal,0651464940,2022-07-10,web
C04731,Rahmouni,Mustapha,mustapha.rahmouni955@outlook.com,1967-09-18,female,RABAT,0610705209,2022-07-17,referral
C04732,Sefrioui,Loubna,asmae.kettani338@live.fr,1993-02-16,m,Meknès,0655049590,2023-06-05,mobile
C04733,Bouazza,Meryem,meryem.bouazza330@yahoo.fr,1972-01-18,1,Fès,0672548277,2025-12-26,mobile
C04734,Ouahbi,Hanane,hanane.ouahbi679@gmail.com,1972-04-05,male,tanger,0677230655,2021-11-11,mobile
C04735,Bennani,Nadia,nadia.bennani129@live.fr,1989-05-08,0,RABAT,0677626740,2024-01-10,referral
C04736,Amrani,Karim,karim.amrani754@hotmail.com,1980-01-14,male,Mohammedia,0649397554,2021-12-19,social_media
C04737,Benkirane,Meryem,meryem.benkirane14@live.fr,1982-02-28,H,casa,0626343891,2022-02-19,marketplace
C04738,El Ouazzani,Adil,adil.elouazzani458@gmail.com,1973-09-13,0,TANGER,0620275662,2023-07-27,web
C04739,Benkirane,Rim,rim.benkirane463@hotmail.com,1987-06-28,f,casa,0684174912,2023-09-20,referral
C04740,Tazi,Driss,driss.tazi495@hotmail.com,1967-09-25,male,Meknès,0627160231,2023-07-28,mobile
C04741,Benkirane,Mehdi,mehdi.benkirane412@gmail.com,1968-11-10,0,Casablanca,0698854708,2024-01-24,referral
C04742,Tahiri,Salma,salma.tahiri997@yahoo.fr,1969-10-02,h,Meknès,0692415327,2021-04-12,mobile
C04743,Kettani,Nawal,nawal.kettani202@live.fr,1975-12-01,m,Casablanca,0677757703,2022-01-16,mobile
C04744,Benali,Meryem,meryem.benali152@yahoo.fr,1969-11-12,male,RABAT,0699067251,2024-10-18,web
C04745,Cherkaoui,Houda,omar.fassifihri110@hotmail.com,1999-10-06,0,Casablanca,0620713752,2023-07-08,web
C04746,Ouahbi,Mohamed,driss.haddad581@hotmail.com,2025-01-06,1,MARRAKECH,0672645513,2024-07-03,social_media
C04747,Fassi Fihri,Amine,amine.fassifihri256@live.fr,2002-03-25,H,Safi,0621446192,2022-11-22,social_media
C04748,El Idrissi,Loubna,loubna.elidrissi819@hotmail.com,1983-11-14,male,Agadir,0612890314,2023-08-27,social_media
C04749,Naciri,Ahmed,ahmed.naciri419@gmail.com,1978-03-03,Homme,Casablanca,0626142893,2021-07-21,web
C04750,Bennani,Meryem,meryem.bennani330@yahoo.fr,1996-05-25,male,Tanger,0646298587,2021-12-05,marketplace
C04751,El Idrissi,Khalid,khalid.elidrissi834@yahoo.fr,1890-04-24,h,Mohammedia,0691610980,2025-11-16,referral
C04752,Bouazza,Houda,houda.bouazza771@hotmail.com,1988-01-20,0,El Jadida,0659743957,2025-10-27,mobile
C04753,Lahlou,Amina,amina.lahlou62@outlook.com,1965-11-06,f,Nador,0656991068,2021-06-12,mobile
C04754,Haddad,Brahim,brahim.haddad897@gmail.com,1880-07-03,0,Oujda,0651435026,2025-09-01,web
C04755,Ouahbi,Hamza,hamza.ouahbi395@hotmail.com,1987-12-04,f,rbt,0628366332,2021-12-26,referral
C04756,Kettani,Hind,hind.kettani881@outlook.com,1978-10-26,Homme,TNG,0641253478,2022-02-14,referral
C04757,Benkirane,Zineb,zineb.benkirane372@yahoo.fr,1979-08-03,0,TANGER,0652918647,2024-08-04,marketplace
C04758,Ziani,Zakaria,zakaria.ziani242@yahoo.fr,1984-04-04,male,mkch,0653659605,2025-11-04,referral
C04759,Alaoui,Asmae,asmae.alaoui202@live.fr,1976-04-02,h,Agadir,0631135835,2025-03-14,web
C04760,Berrada,Loubna,loubna.berrada115@gmail.com,1973-09-04,Homme,Rabat,0680035363,2021-02-22,referral
C04761,Tahiri,Sara,sara.tahiri292@hotmail.com,1995-10-20,0,Casablanca,0663490927,2025-12-23,social_media
C04762,Haddad,Sara,sara.haddad106@hotmail.com,1993-02-18,m,mkch,0681692141,2025-06-21,marketplace
C04763,Rahmouni,Karim,karim.rahmouni85@hotmail.com,1982-11-15,Homme,MARRAKECH,0693037999,2022-05-13,referral
C04764,Naciri,Asmae,asmae.naciri702@yahoo.fr,1981-12-23,female,Casablanca,0627879537,2023-03-22,social_media
C04765,Lahlou,Ali,ali.lahlou899@outlook.com,1963-12-11,female,Casablanca,0683666659,2022-07-25,referral
C04766,Bennani,Ilham,ilham.bennani443@live.fr,1975-09-06,H,rbt,0672940623,2021-02-18,social_media
C04767,Fassi Fihri,Ahmed,ahmed.fassifihri947@yahoo.fr,1983-04-21,h,Rabat,0630094533,2021-10-04,social_media
C04768,Cherkaoui,Rim,rim.cherkaoui183@outlook.com,1969-08-05,male,CASA,0611576895,2023-05-15,referral
C04769,Kettani,Asmae,asmae.kettani14@yahoo.fr,1982-03-14,Homme,Kénitra,0658924153,2023-11-26,marketplace
C04770,Skalli,Rim,rim.skalli912@outlook.com,1960-01-28,female,Agadir,0653035397,2023-07-27,marketplace
C04771,Bennani,Karim,karim.bennani494@gmail.com,1973-09-15,Homme,CASA,0611294765,2022-11-15,social_media
C04772,Haddad,Nawal,nawal.haddad361@hotmail.com,1995-05-09,0,Meknès,0630185982,2025-03-08,referral
C04773,Tahiri,Salma,salma.tahiri38@gmail.com,1967-09-14,female,Rabat,0642579759,2025-10-26,referral
C04774,Naciri,Soufiane,soufiane.naciri196@yahoo.fr,2004-02-05,Femme,mkch,0639278080,2025-05-02,referral
C04775,Ouahbi,Youssef,youssef.ouahbi899@live.fr,1965-10-07,Femme,Tétouan,0671922921,2021-09-21,mobile
C04776,Skalli,Mehdi,mehdi.skalli939@live.fr,1975-05-09,f,Fès,0686037768,2021-11-12,mobile
C04777,Tahiri,Sanae,sanae.tahiri241@live.fr,1991-04-22,h,Mohammedia,0680377919,2022-06-24,web
C04778,Fassi Fihri,Reda,reda.fassifihri957@live.fr,1964-05-17,h,Tnja,0692550099,2025-01-11,marketplace
C04779,Chraibi,Said,said.chraibi414@yahoo.fr,1972-01-02,female,Fès,0649330684,2024-04-13,social_media
C04780,Kettani,Zakaria,zakaria.kettani855@yahoo.fr,2002-09-20,m,Casablanca,0693286733,2021-10-05,marketplace
C04781,El Ouazzani,Laila,laila.elouazzani201@hotmail.com,1975-09-01,male,mkch,0615467904,2023-08-26,web
C04782,Cherkaoui,Mohamed,mohamed.cherkaoui35,1998-10-15,female,Marrakech,0687788422,2021-06-15,social_media
C04783,Sefrioui,Mohamed,mohamed.sefrioui500@hotmail.com,1971-06-12,m,Béni Mellal,0619642214,2024-09-10,referral
C04784,Berrada,Omar,omar.berrada120@gmail.com,2001-12-03,1,TNG,0614056661,2025-07-14,social_media
C04785,Tazi,Hassan,hassan.tazi508@yahoo.fr,1992-11-21,h,Béni Mellal,0638002215,2023-06-23,social_media
C04786,El Amrani,Loubna,loubna.elamrani996@gmail.com,1983-04-10,f,FES,0634520937,2024-05-19,mobile
C04787,Tazi,Reda,reda.tazi743@outlook.com,1982-07-12,m,FES,0699429328,2021-04-19,web
C04788,Fassi Fihri,Dounia,dounia.fassifihri851@outlook.com,2006-04-20,male,Nador,0687018477,2024-03-11,referral
C04789,Ouahbi,Rim,rim.ouahbi670@gmail.com,1968-08-08,H,Marrakech,0628707701,2024-12-06,social_media
C04790,Chraibi,Zakaria,zakaria.chraibi113@outlook.com,1972-06-17,f,mkch,0622715866,2021-08-17,web
C04791,El Mansouri,Amina,amina.elmansouri193@gmail.com,1979-03-03,Femme,TANGER,0636857355,2021-12-28,marketplace
C04792,Tazi,Khalid,khalid.tazi@@yahoo.fr,1979-04-03,Homme,tanger,0675131747,2023-03-06,referral
C04793,El Amrani,Mohamed,mohamed.elamrani446@yahoo.fr,1975-01-06,female,El Jadida,0682119580,2021-01-14,social_media
C04794,Fassi Fihri,Ghita,ghita.fassifihri52@hotmail.com,1969-05-15,0,CASA,0680053798,2021-05-06,marketplace
C04795,Bennani,Said,said.bennani414@hotmail.com,1975-03-24,f,Tanger,0652578303,2021-01-17,referral
C04796,Skalli,Rim,rim.skalli902@gmail.com,2002-07-10,1,casa,0626901052,2022-02-01,referral
C04797,Alaoui,Omar,omar.alaoui447@outlook.com,1991-02-21,h,Oujda,0666830391,2024-09-25,mobile
C04798,Fassi Fihri,Driss,driss.fassifihri591@live.fr,1996-05-17,female,TANGER,0628878425,2021-08-09,social_media
C04799,El Idrissi,Mohamed,mohamed.elidrissi63@yahoo.fr,1982-01-08,female,Tétouan,0679139229,2021-07-21,web
C04800,Chraibi,Mehdi,mehdi.chraibi@@yahoo.fr,1961-04-19,male,Marrakech,0626376342,2021-09-21,referral
C04801,El Amrani,Youssef,youssef.elamrani416@outlook.com,1978-01-18,Homme,Meknès,0655001304,2025-09-17,web
C04802,Fassi Fihri,Mustapha,mustapha.fassifihri12,1997-07-01,f,Meknès,0617481709,2023-07-06,referral
C04803,El Mansouri,Reda,reda.elmansouri172@hotmail.com,1978-04-20,0,Kénitra,0677619775,2024-07-28,mobile
C04804,Benali,Amina,amina.benali98@live.fr,2005-03-26,0,Meknès,0653673370,2025-10-12,social_media
C04805,Rahmouni,Karim,karim.rahmouni372@hotmail.com,1964-04-26,H,rbt,0695897891,2025-01-16,marketplace
C04806,Berrada,Sara,sara.berrada583@outlook.com,1968-03-04,h,Agadir,0670776514,2022-04-22,web
C04807,Bouazza,Amina,amina.bouazza514@live.fr,2003-03-22,1,tanger,0695232551,2024-01-02,marketplace
C04808,Ouahbi,Adil,adil.ouahbi773@gmail.com,1984-10-22,f,Fès,0696270219,2024-08-22,social_media
C04809,Amrani,Omar,omar.amrani197@outlook.com,2006-05-05,H,Oujda,0654912829,2021-08-18,social_media
C04810,Sefrioui,Hamza,hamza.sefrioui722@yahoo.fr,1978-03-24,m,Rabat,0697112981,2022-09-02,referral
C04811,Ziani,Ahmed,ahmed.ziani55@live.fr,1981-12-05,f,tanger,0636700558,2024-06-21,social_media
C04812,Benjelloun,Fatima,fatima.benjelloun178@gmail.com,1995-07-10,f,El Jadida,0691060013,2021-02-13,mobile
C04813,Bennani,Imad,imad.bennani609@live.fr,2004-11-14,0,Casablanca,0642734687,2023-10-01,social_media
C04814,Tazi,Rim,rim.tazi532@live.fr,1998-01-03,male,CASA,0656797176,2021-02-18,marketplace
C04815,Filali,Ali,ali.filali294@yahoo.fr,1995-02-23,female,Fès,0645929474,2024-02-16,social_media
C04816,Rahmouni,Mohamed,mohamed.rahmouni187@live.fr,1990-04-13,female,Oujda,0654398801,2022-04-01,social_media
C04817,Naciri,Youssef,youssef.naciri396@hotmail.com,1994-12-12,female,casa,0697337929,2025-06-06,web
C04818,Berrada,Asmae,asmae.berrada616@hotmail.com,2003-09-16,Femme,Tnja,0644131173,2023-03-05,mobile
C04819,Bennani,Wafae,wafae.bennani818@hotmail.com,1970-07-08,h,mkch,0685296892,2023-05-10,mobile
C04820,Alaoui,Amine,amine.alaoui346@yahoo.fr,1960-02-20,Femme,TNG,0675811941,2022-11-15,mobile
C04821,Skalli,Hanane,hanane.skalli734@outlook.com,2004-12-24,male,Oujda,0672293565,2024-02-01,web
C04822,Chraibi,Mohamed,mohamed.chraibi867@yahoo.fr,1972-02-09,Femme,tanger,0630703897,2024-11-10,web
C04823,Bouzid,Nabil,nabil.bouzid588@outlook.com,1965-12-07,Femme,Mohammedia,0649765631,2023-04-25,marketplace
C04824,Benali,Nabil,nabil.benali238@hotmail.com,1975-08-18,male,El Jadida,0610701647,2024-02-06,marketplace
C04825,Kettani,Ilham,ilham.kettani494@outlook.com,1976-10-12,female,MARRAKECH,0696248518,2021-07-26,referral
C04826,Tahiri,Ahmed,ahmed.tahiri89@gmail.com,1971-10-28,h,Nador,0684509607,2022-08-22,web
C04827,Berrada,Hind,hind.berrada12@live.fr,1998-04-07,Homme,tanger,0655589649,2025-04-19,web
C04828,Benkirane,Nabil,nabil.benkirane692@hotmail.com,1976-02-08,male,Casablanca,0635901383,2023-12-02,referral
C04829,Tazi,Said,said.tazi9,1991-04-28,Homme,Tanger,0633475003,2024-09-11,mobile
C04830,El Mansouri,Imad,imad.elmansouri125@outlook.com,2002-08-25,female,RABAT,0650725933,2022-09-28,web
C04831,Tazi,Amine,amine.tazi869@yahoo.fr,1990-07-24,m,Tanger,0660758201,2024-08-17,web
C04832,Filali,Hind,hind.filali362@yahoo.fr,1967-01-26,male,Mohammedia,0650484380,2024-11-27,social_media
C04833,Tazi,Mehdi,mehdi.tazi455@outlook.com,1986-05-03,m,Kénitra,0632110239,2023-05-03,social_media
C04834,Kettani,Nawal,nawal.kettani@,1972-06-06,h,casa,0610125310,2023-02-05,referral
C04835,Skalli,Ali,ali.skalli511@outlook.com,2003-09-15,Homme,Meknès,0679634768,2021-02-05,web
C04836,Bennani,Rim,rim.bennani103@yahoo.fr,1986-02-02,0,El Jadida,0636850327,2021-01-17,web
C04837,Skalli,Mehdi,laila.lahlou929@live.fr,1992-09-14,1,Béni Mellal,0648721338,2022-09-22,web
C04838,Berrada,Hind,hind.berrada831@yahoo.fr,1984-10-01,H,Tétouan,0632324890,2023-08-19,mobile
C04839,Filali,Ahmed,ahmed.filali586@hotmail.com,1982-04-17,H,TANGER,0653917780,2025-04-07,social_media
C04840,El Idrissi,Rachid,rachid.elidrissi85@yahoo.fr,1994-11-19,h,El Jadida,0661004534,2022-08-17,referral
C04841,Lahlou,Ghita,ghita.lahlou481@live.fr,2004-04-15,male,Fès,0692278420,2025-12-27,marketplace
C04842,Rahmouni,Zakaria,zakaria.rahmouni331@live.fr,1969-02-13,m,Béni Mellal,0694643566,2022-12-21,marketplace
C04843,Benali,Reda,reda.benali888@yahoo.fr,1967-11-03,male,Marrakech,0628618806,2025-05-26,social_media
C04844,Tahiri,Salma,salma.tahiri150@hotmail.com,1997-06-21,m,TANGER,0612877961,2024-09-17,referral
C04845,Bouzid,Omar,omar.bouzid251@outlook.com,1985-01-14,1,TANGER,0629492936,2024-01-13,marketplace
C04846,Tazi,Ilham,ilham.tazi172@live.fr,2005-09-23,female,Marrakech,0653743227,2021-10-26,social_media
C04847,Bouazza,Hind,hind.bouazza244@live.fr,1991-12-08,h,RABAT,0644303452,2024-12-11,web
C04848,Tahiri,Brahim,brahim.tahiri123@hotmail.com,1969-08-06,female,Tanger,0642490509,2022-02-13,web
C04849,El Amrani,Soufiane,soufiane.elamrani609@live.fr,1988-04-08,f,Tnja,0655028530,2023-01-20,referral
C04850,El Mansouri,Said,said.elmansouri190@live.fr,1987-03-09,male,mkch,0689588830,2022-10-24,social_media
C04851,Benali,Hind,hind.benali18@live.fr,1987-04-07,0,Fès,0621291927,2025-11-20,mobile
C04852,Alaoui,Mohamed,mohamed.alaoui658@hotmail.com,2006-07-01,1,fes,0619573174,2025-11-07,marketplace
C04853,Amrani,Soufiane,soufiane.amrani116@outlook.com,1995-10-09,0,Oujda,0699620757,2023-11-09,referral
C04854,Benali,Nawal,nawal.benali162@yahoo.fr,1988-03-12,f,Nador,0620169938,2021-07-15,mobile
C04855,Filali,Soufiane,soufiane.filali838@outlook.com,1975-02-08,0,Tanger,0649138017,2023-07-10,mobile
C04856,Skalli,Meryem,meryem.skalli592@hotmail.com,1972-12-05,0,fes,0692321214,2024-06-02,web
C04857,Tazi,Zakaria,zakaria.tazi668@yahoo.fr,1981-10-28,H,CASA,0617005270,2021-04-28,web
C04858,Ziani,Brahim,brahim.ziani291@hotmail.com,1961-07-12,f,El Jadida,0625060941,2024-02-05,social_media
C04859,Berrada,Hanane,hanane.berrada185@outlook.com,2005-08-16,male,Béni Mellal,0655425436,2022-08-25,mobile
C04860,Benkirane,Khalid,khalid.benkirane725@outlook.com,2001-03-04,h,fes,0678502989,2025-01-24,referral
C04861,El Idrissi,Nadia,nadia.elidrissi518@live.fr,1991-10-25,male,MARRAKECH,0642801601,2025-12-12,marketplace
C04862,Alaoui,Imad,imad.alaoui416@outlook.com,1970-07-15,Femme,Kénitra,0633684482,2023-07-12,referral
C04863,Naciri,Dounia,dounia.naciri384@gmail.com,1985-02-01,H,Casablanca,0668362139,2021-05-21,web
C04864,El Idrissi,Samira,samira.elidrissi100@gmail.com,2026-03-13,m,Nador,0670355119,2023-07-05,web
C04865,Lahlou,Nabil,nabil.lahlou370@gmail.com,1981-05-03,1,RABAT,0631138871,2023-08-24,mobile
C04866,Fassi Fihri,Laila,laila.fassifihri290@outlook.com,1997-12-11,Homme,Tnja,0651521487,2025-08-25,social_media
C04867,Ziani,Meryem,meryem.ziani434@yahoo.fr,1967-07-01,H,Oujda,0685242260,2022-03-21,referral
C04868,El Amrani,Rachid,rachid.elamrani496@live.fr,1991-03-14,H,Meknès,0657818844,2022-12-23,mobile
C04869,Sefrioui,Omar,omar.sefrioui165@live.fr,2005-01-22,m,Oujda,0615321392,2022-06-05,web
C04870,Filali,Wafae,wafae.filali32@live.fr,1962-09-16,H,Tnja,0641741590,2025-03-11,marketplace
C04871,Alaoui,Soufiane,soufiane.alaoui978@live.fr,1962-07-03,h,RABAT,0625810041,2024-02-08,mobile
C04872,Sefrioui,Rim,rim.sefrioui736@live.fr,1971-07-14,H,Rabat,0673947519,2024-10-17,marketplace
C04873,Fassi Fihri,Amina,amina.fassifihri943@hotmail.com,1979-07-03,0,Meknès,0652536994,2021-08-19,marketplace
C04874,Tahiri,Nawal,nawal.tahiri697@gmail.com,2025-11-23,female,mkch,0619543539,2023-11-21,marketplace
C04875,El Idrissi,Hind,hind.elidrissi876@yahoo.fr,1994-04-03,Homme,Fès,0680687355,2022-03-04,web
C04876,Rahmouni,Hanane,hanane.rahmouni846@yahoo.fr,1960-01-16,m,El Jadida,0672592648,2022-07-02,social_media
C04877,Tazi,Ali,ali.tazi762@yahoo.fr,1962-01-11,male,fes,0648638059,2025-12-23,marketplace
C04878,Sefrioui,Omar,omar.sefrioui801@outlook.com,1994-10-18,1,MARRAKECH,0666738249,2021-02-28,social_media
C04879,Rahmouni,Zineb,zineb.rahmouni167@outlook.com,1980-10-11,h,Kénitra,0684014107,2024-05-23,marketplace
C04880,Cherkaoui,Sara,sara.cherkaoui595@yahoo.fr,1995-03-25,female,Tétouan,0621865324,2022-09-18,referral
C04881,Ziani,Khalid,khalid.ziani764@outlook.com,1999-11-25,Homme,TANGER,0634379783,2022-10-21,marketplace
C04882,Chraibi,Rim,rim.chraibi484@gmail.com,2000-02-07,H,Tnja,0647387700,2021-06-24,social_media
C04883,Bouazza,Mustapha,mustapha.bouazza107@hotmail.com,1999-05-27,male,Tanger,0672423948,2025-05-09,mobile
C04884,El Mansouri,Amina,amina.elmansouri683@yahoo.fr,1991-06-03,Femme,Tnja,0680934805,2021-10-10,referral
C04885,Cherkaoui,Dounia,dounia.cherkaoui771@outlook.com,1987-01-03,0,Tnja,0625205403,2023-05-16,marketplace
C04886,Ziani,Wafae,wafae.ziani675@outlook.com,1999-06-23,female,CASA,0645355961,2025-07-03,web
C04887,El Ouazzani,Rim,rim.elouazzani941@gmail.com,1984-05-27,Homme,Fès,0643152291,2021-06-28,marketplace
C04888,Amrani,Driss,driss.amrani474@hotmail.com,1963-06-26,1,Oujda,0678463282,2024-03-04,social_media
C04889,Amrani,Soufiane,soufiane.amrani95@outlook.com,1976-10-19,1,Mohammedia,0691860743,2022-11-23,marketplace
C04890,Fassi Fihri,Hamza,hamza.fassifihri815@live.fr,1976-08-02,female,Safi,0665835414,2021-12-28,referral
C04891,Rahmouni,Karim,karim.rahmouni831@hotmail.com,1986-11-08,m,Tanger,0644764220,2022-07-28,web
C04892,Chraibi,Rim,rim.chraibi891@live.fr,1995-09-06,1,Casablanca,0612634643,2024-04-04,referral
C04893,El Ouazzani,Reda,wafae.kettani767@live.fr,1994-09-24,1,mkch,0678142988,2021-07-28,mobile
C04894,Cherkaoui,Laila,laila.cherkaoui94@live.fr,1989-08-10,1,Oujda,0681950515,2022-11-16,referral
C04895,Cherkaoui,Laila,laila.cherkaoui698@live.fr,1992-02-09,female,Fès,0653979820,2021-12-13,web
C04896,Alaoui,Sanae,sanae.alaoui220@yahoo.fr,1999-11-09,h,Mohammedia,0672572444,2025-09-28,marketplace
C04897,Bennani,Rachid,rachid.bennani185@hotmail.com,1992-11-19,female,El Jadida,0680415555,2022-03-05,web
C04898,Tazi,Hanane,hanane.tazi192@live.fr,1977-01-07,m,TANGER,0674423555,2022-05-19,social_media
C04899,Bouazza,Imad,imad.bouazza217@hotmail.com,1995-05-11,h,Kénitra,0683020667,2023-10-02,social_media
C04900,El Idrissi,Zakaria,zakaria.elidrissi692@live.fr,1966-12-24,0,Kénitra,0677066548,2021-10-14,social_media
C04901,Skalli,Rim,rim.skalli910@hotmail.com,2002-03-17,H,Kénitra,0611182332,2022-03-15,social_media
C04902,Ziani,Ghita,youssef.benali140@outlook.com,1992-06-02,female,Agadir,0695409427,2024-08-02,mobile
C04903,Tazi,Reda,reda.tazi891@yahoo.fr,1961-02-12,m,Casablanca,0627532291,2023-07-03,web
C04904,Ouahbi,Brahim,brahim.ouahbi656@hotmail.com,1988-04-04,f,CASA,0626196506,2025-05-24,referral
C04905,Berrada,Wafae,wafae.berrada696@yahoo.fr,1992-01-27,male,rbt,0697161773,2022-01-06,mobile
C04906,Filali,Imad,imad.filali684@gmail.com,1986-02-05,1,Tanger,0618289151,2023-10-05,web
C04907,Tahiri,Hassan,hassan.tahiri752@yahoo.fr,1880-07-11,0,Kénitra,0635304061,2024-03-16,referral
C04908,Naciri,Adil,adil.naciri315@live.fr,1982-05-24,Femme,Agadir,0640367812,2021-12-12,social_media
C04909,Chraibi,Said,said.chraibi771@gmail.com,1983-11-06,H,fes,0673411795,2021-08-23,mobile
C04910,Chraibi,Wafae,wafae.chraibi593@hotmail.com,1986-08-04,1,Meknès,0665958065,2025-05-09,web
C04911,Berrada,Nadia,nadia.berrada@@yahoo.fr,1984-08-28,female,CASA,0611728549,2023-11-01,web
C04912,El Ouazzani,Zineb,zineb.elouazzani600@outlook.com,1984-01-15,male,Oujda,0617173836,2021-03-09,referral
C04913,Kettani,Dounia,brahim.tazi831@gmail.com,2003-05-25,male,El Jadida,0617949050,2024-02-18,mobile
C04914,Sefrioui,Loubna,loubna.sefrioui647@yahoo.fr,2005-06-21,f,Casablanca,0618049080,2025-03-13,referral
C04915,Alaoui,Youssef,youssef.alaoui57@yahoo.fr,1969-03-27,female,Mohammedia,0611198019,2021-08-17,social_media
C04916,Benali,Nabil,nabil.benali72@live.fr,1964-07-07,Homme,Tanger,0626831398,2024-09-09,social_media
C04917,Cherkaoui,Sara,sara.cherkaoui561@gmail.com,1998-12-14,male,Kénitra,0672460936,2023-08-06,mobile
C04918,El Idrissi,Reda,reda.elidrissi691@yahoo.fr,2003-04-17,H,Mohammedia,0675538318,2021-03-13,web
C04919,El Mansouri,Ilham,ilham.elmansouri571@gmail.com,1986-05-03,male,Rabat,0666367730,2025-02-09,web
C04920,El Amrani,Soufiane,soufiane.elamrani90@live.fr,1972-03-05,h,Kénitra,0698787915,2025-01-24,mobile
C04921,Rahmouni,Ilham,ilham.rahmouni804@gmail.com,1969-12-27,H,mkch,0675770907,2021-10-14,mobile
C04922,Bouzid,Adil,adil.bouzid70@yahoo.fr,1989-01-08,female,Mohammedia,0674555025,2025-12-06,marketplace
C04923,Tazi,Ilham,ilham.tazi962@hotmail.com,1960-06-08,Homme,Mohammedia,0635771313,2021-09-21,mobile
C04924,El Idrissi,Khadija,khadija.elidrissi856@outlook.com,2000-09-22,Homme,Safi,0634698623,2025-09-18,social_media
C04925,Tahiri,Hamza,hamza.tahiri740@yahoo.fr,1972-08-09,1,El Jadida,0696551830,2023-06-15,social_media
C04926,Ziani,Karim,karim.ziani549@gmail.com,1992-05-23,Homme,tanger,0669151023,2025-03-16,marketplace
C04927,Haddad,Rim,rim.haddad476@hotmail.com,1969-05-21,1,Rabat,0692177195,2024-08-12,marketplace
C04928,Bouazza,Driss,driss.bouazza252@hotmail.com,1972-06-04,male,rbt,0671172776,2024-01-18,web
C04929,Sefrioui,Youssef,youssef.sefrioui51@outlook.com,1973-06-06,f,Mohammedia,0623809085,2023-03-18,social_media
C04930,Skalli,Laila,laila.skalli266@live.fr,2001-08-05,0,CASA,0668776629,2023-05-21,marketplace
C04931,Benali,Ilham,ilham.benali646@outlook.com,1965-05-17,H,Fès,0636692264,2022-10-06,social_media
C04932,Lahlou,Houda,houda.lahlou391@live.fr,2026-01-04,h,Nador,0655197764,2021-07-12,referral
C04933,Lahlou,Hind,adil.filali5@outlook.com,1966-09-22,f,Safi,0616878332,2021-11-22,social_media
C04934,Lahlou,Mohamed,mohamed.lahlou492@outlook.com,1987-01-02,male,Marrakech,0638698891,2025-05-24,referral
C04935,Tahiri,Mohamed,mohamed.tahiri738@hotmail.com,1975-07-19,male,tanger,0693240143,2021-01-20,social_media
C04936,Fassi Fihri,Rim,rim.fassifihri102@live.fr,1999-02-14,f,Tanger,0682956551,2023-02-14,web
C04937,Fassi Fihri,Mustapha,mustapha.fassifihri204@yahoo.fr,1973-06-17,f,Casablanca,0617870601,2024-02-16,mobile
C04938,Tahiri,Soufiane,houda.elouazzani955@hotmail.com,1993-10-01,Femme,RABAT,0635131148,2021-11-11,referral
C04939,Berrada,Laila,laila.berrada364@hotmail.com,1972-05-20,0,MARRAKECH,0638278771,2022-11-25,mobile
C04940,Fassi Fihri,Meryem,meryem.fassifihri@,2000-02-08,Homme,Tanger,0666713684,2022-03-16,referral
C04941,Benali,Rachid,rachid.benali306@yahoo.fr,1880-02-27,female,Kénitra,0695927353,2021-12-15,referral
C04942,Kettani,Reda,reda.kettani493@outlook.com,2001-04-24,male,Oujda,0671737488,2022-06-22,referral
C04943,Bennani,Nabil,nabil.bennani520@gmail.com,1985-02-07,f,Oujda,0653778534,2024-04-16,web
C04944,Bennani,Said,said.bennani981@hotmail.com,1967-07-08,0,Fès,0648606832,2024-09-25,marketplace
C04945,Bouazza,Rim,rim.bouazza832@outlook.com,1975-05-22,0,FES,0610500116,2022-07-26,mobile
C04946,Fassi Fihri,Karim,karim.fassifihri911@outlook.com,2000-09-15,1,Fès,0691101409,2021-03-06,marketplace
C04947,Ziani,Fatima,fatima.ziani84@yahoo.fr,1975-10-21,female,mkch,0687219297,2023-01-19,social_media
C04948,Ouahbi,Nabil,nabil.ouahbi942@live.fr,1998-11-17,H,Fès,0638304903,2021-08-03,web
C04949,Berrada,Brahim,brahim.berrada306@yahoo.fr,1973-04-05,H,Oujda,0640913566,2021-04-27,web
C04950,Bennani,Ghita,ali.tazi979@hotmail.com,1972-11-01,Homme,mkch,0677600437,2025-06-28,social_media
C04951,Fassi Fihri,Fatima,zineb.naciri@@outlook.com,1998-04-03,m,Nador,0668404729,2025-07-01,mobile
C04952,Rahmouni,Imad,imad.rahmouni248@yahoo.fr,1975-01-12,f,Kénitra,0666336778,2022-06-20,mobile
C04953,Amrani,Asmae,asmae.amrani754@gmail.com,2000-03-11,m,El Jadida,0642773490,2022-08-22,referral
C04954,Kettani,Khalid,khalid.kettani562@live.fr,1960-04-16,Homme,Marrakech,0651618941,2023-07-20,web
C04955,Tazi,Sara,sara.tazi105@gmail.com,1979-03-20,Homme,tanger,0637129669,2023-04-23,social_media
C04956,Benjelloun,Brahim,brahim.benjelloun908@live.fr,1992-06-14,1,rbt,0634568662,2022-09-01,referral
C04957,Tazi,Amina,amina.tazi51@gmail.com,1995-12-12,1,El Jadida,0686158998,2021-06-12,social_media
C04958,Benali,Mustapha,mustapha.benali891@hotmail.com,1975-10-12,m,TNG,0683559931,2021-12-22,referral
C04959,Fassi Fihri,Rachid,rachid.fassifihri633@yahoo.fr,1996-09-23,0,MARRAKECH,0619318517,2021-07-18,mobile
C04960,Cherkaoui,Khalid,khalid.cherkaoui147@hotmail.com,1987-06-12,male,mkch,0699323462,2024-02-12,social_media
C04961,Benali,Amina,amina.benali676@yahoo.fr,1977-12-18,0,tanger,0634920510,2023-08-20,social_media
C04962,Ziani,Ali,ali.ziani947@yahoo.fr,1980-04-13,h,Marrakech,0677158078,2021-07-23,marketplace
C04963,Tahiri,Hanane,hanane.tahiri741@outlook.com,2003-03-13,m,casa,0678082316,2021-03-21,social_media
C04964,Alaoui,Khadija,khadija.alaoui38,1969-06-22,female,Fès,0693394800,2025-07-19,referral
C04965,Filali,Khadija,khadija.filali958@live.fr,2000-10-10,H,TNG,0654153328,2024-11-27,marketplace
C04966,Fassi Fihri,Ahmed,ahmed.fassifihri988@hotmail.com,1999-02-08,Homme,Casablanca,0626083795,2025-03-26,social_media
C04967,Skalli,Ilham,ilham.skalli572@gmail.com,2002-10-14,1,FES,0670951069,2024-06-14,social_media
C04968,El Mansouri,Wafae,wafae.elmansouri230@outlook.com,1982-06-19,H,CASA,0620812923,2024-02-27,referral
C04969,Naciri,Hanane,hanane.naciri734@yahoo.fr,1987-04-07,1,RABAT,0671176349,2024-11-18,marketplace
C04970,Naciri,Amina,amina.naciri739@outlook.com,1974-07-03,male,RABAT,0692609060,2023-11-24,mobile
C04971,Kettani,Youssef,youssef.kettani48@hotmail.com,1994-03-27,male,Agadir,0694444939,2021-08-10,referral
C04972,Naciri,Samira,samira.naciri186@outlook.com,1969-05-11,h,CASA,0627313846,2025-12-04,mobile
C04973,El Mansouri,Meryem,meryem.elmansouri174@yahoo.fr,1976-06-24,f,Fès,0651063438,2021-05-08,mobile
C04974,Lahlou,Omar,omar.lahlou540@gmail.com,1997-03-02,m,Casablanca,0635942071,2023-02-02,marketplace
C04975,Lahlou,Meryem,meryem.lahlou770@yahoo.fr,2005-09-07,h,Casablanca,0630446446,2023-10-10,referral
C04976,El Ouazzani,Omar,omar.elouazzani12@outlook.com,1998-08-13,m,CASA,0663104601,2023-03-08,referral
C04977,Bennani,Imad,imad.bennani320@hotmail.com,2001-08-19,0,Rabat,0620707117,2022-12-24,web
C04978,Lahlou,Youssef,youssef.lahlou322@yahoo.fr,1970-08-28,1,casa,0615102030,2021-08-06,referral
C04979,Alaoui,Zineb,zineb.alaoui794@outlook.com,1965-06-06,1,Tétouan,0691590885,2021-02-25,referral
C04980,Kettani,Salma,salma.kettani739@outlook.com,1965-06-14,H,El Jadida,0682866540,2022-07-18,social_media
C04981,Bouzid,Soufiane,soufiane.bouzid292@gmail.com,2026-03-17,Femme,El Jadida,0694788471,2023-04-13,social_media
C04982,Fassi Fihri,Ilham,ilham.fassifihri542@gmail.com,1964-12-07,H,Rabat,0648777959,2024-04-12,mobile
C04983,Amrani,Sara,sara.amrani712@gmail.com,2006-05-11,f,RABAT,0637489200,2023-08-17,referral
C04984,Benali,Wafae,wafae.benali869@yahoo.fr,1880-12-07,m,Rabat,0691779387,2022-08-19,web
C04985,Skalli,Zakaria,zakaria.skalli631@hotmail.com,1978-01-20,m,mkch,0652988028,2022-01-23,social_media
C04986,Tazi,Imad,imad.tazi393@gmail.com,1978-03-18,Homme,Tanger,0675565322,2024-04-12,marketplace
C04987,Sefrioui,Reda,reda.sefrioui454@gmail.com,1993-09-27,Femme,Rabat,0697080381,2022-06-18,mobile
C04988,Lahlou,Dounia,dounia.lahlou402@hotmail.com,1984-02-16,Femme,TANGER,0678782838,2024-10-20,referral
C04989,Benkirane,Mehdi,mehdi.benkirane11@gmail.com,2000-12-27,f,Nador,0664074446,2023-01-15,web
C04990,Benjelloun,Soufiane,soufiane.benjelloun519@outlook.com,1990-04-28,H,Béni Mellal,0624327745,2022-09-05,web
C04991,Bennani,Khadija,khadija.bennani120@gmail.com,2003-07-18,h,casa,0678670243,2023-01-19,referral
C04992,Cherkaoui,Driss,driss.cherkaoui858@live.fr,1998-01-21,h,Tétouan,0611875835,2024-11-04,referral
C04993,Amrani,Karim,karim.amrani942@hotmail.com,2000-12-06,H,FES,0638440415,2022-04-12,social_media
C04994,Kettani,Soufiane,soufiane.kettani709@outlook.com,1961-11-03,1,mkch,0681843390,2025-11-27,social_media
C04995,Haddad,Adil,adil.haddad887@yahoo.fr,2006-08-18,male,tanger,0635460987,2025-08-04,web
C04996,Benali,Rachid,mohamed.cherkaoui174@outlook.com,1973-03-20,H,El Jadida,0685613403,2023-07-17,referral
C04997,El Ouazzani,Nawal,nawal.elouazzani965@live.fr,2000-01-14,Homme,Kénitra,0676339248,2021-10-23,marketplace
C04998,Sefrioui,Mehdi,mehdi.sefrioui664@yahoo.fr,1965-06-28,f,TANGER,0610849193,2022-02-12,web
C04999,Cherkaoui,Sanae,sanae.cherkaoui310@hotmail.com,1971-06-11,Femme,Fès,0618487266,2024-02-09,social_media
C05000,Cherkaoui,Zineb,zineb.cherkaoui29@outlook.com,1982-08-22,female,Oujda,0661593446,2025-09-04,referral
C05001,Filali,Soufiane,soufiane.filali154@yahoo.fr,1972-11-14,0,mkch,0634661948,2021-05-25,marketplace
C05002,Alaoui,Wafae,wafae.alaoui71@gmail.com,2006-09-19,Homme,Tnja,0678309636,2025-02-23,marketplace
C05003,Benjelloun,Hamza,hamza.benjelloun509@yahoo.fr,1980-10-12,Homme,Meknès,0684752894,2021-03-05,social_media
C05004,Berrada,Samira,samira.berrada896@hotmail.com,1966-01-14,h,CASA,0684162205,2022-09-13,marketplace
C05005,Bennani,Soufiane,sara.tahiri292@hotmail.com,2000-06-28,m,Agadir,0650828981,2024-01-21,marketplace
C05006,Rahmouni,Meryem,meryem.rahmouni147@live.fr,1971-06-20,Homme,MARRAKECH,0684893726,2023-09-17,marketplace
C05007,El Ouazzani,Samira,samira.elouazzani867@live.fr,1985-01-18,0,Agadir,0628188094,2023-06-02,social_media
C05008,Rahmouni,Ali,ali.rahmouni113@live.fr,1980-04-26,h,mkch,0652758841,2025-06-20,social_media
C05009,El Ouazzani,Salma,salma.elouazzani483@gmail.com,1992-10-26,1,tanger,0662192272,2022-08-07,mobile
C05010,El Idrissi,Khadija,khadija.elidrissi484@hotmail.com,1994-02-04,Femme,Mohammedia,0683318401,2025-05-09,social_media
C05011,Lahlou,Mohamed,mohamed.lahlou104@live.fr,1963-03-11,1,Casablanca,0678519371,2023-09-15,mobile
C05012,Cherkaoui,Nabil,nabil.cherkaoui23@hotmail.com,1988-04-21,f,Tanger,0659050980,2023-05-02,mobile
C05013,Benjelloun,Soufiane,soufiane.benjelloun428@gmail.com,2006-06-22,m,Casablanca,0614204678,2021-12-14,referral
C05014,Cherkaoui,Sara,sara.cherkaoui636@gmail.com,1968-12-23,female,Nador,0663781333,2021-12-10,marketplace
C05015,Ziani,Amine,amine.ziani990@hotmail.com,1985-02-12,0,Tanger,0613990903,2022-11-11,web
C05016,El Ouazzani,Meryem,meryem.elouazzani947@live.fr,1979-08-21,female,Nador,0663738930,2021-01-28,mobile
C05017,Tazi,Youssef,youssef.tazi342@outlook.com,2001-10-02,female,Meknès,0685554831,2025-03-07,mobile
C05018,Naciri,Mohamed,mohamed.naciri93,1991-10-13,Homme,Casablanca,0637607256,2023-03-16,referral
C05019,Amrani,Sanae,sanae.amrani164@gmail.com,1968-02-17,f,TNG,0611141630,2025-09-15,web
C05020,El Amrani,Omar,omar.elamrani276@yahoo.fr,1991-01-08,Homme,Béni Mellal,0682640595,2023-01-27,marketplace
C05021,Skalli,Loubna,loubna.skalli326@gmail.com,2000-08-21,0,Fès,0642726459,2023-04-19,referral
C05022,Ouahbi,Salma,salma.ouahbi701@gmail.com,1994-01-14,h,Nador,0652441710,2022-01-19,mobile
C05023,Haddad,Hanane,hanane.haddad961@live.fr,1963-10-07,Femme,Mohammedia,0639471030,2022-11-22,web
C05024,Filali,Adil,adil.filali818@hotmail.com,1992-05-11,H,MARRAKECH,0637727255,2022-09-04,marketplace
C05025,Skalli,Loubna,loubna.skalli887@yahoo.fr,1984-02-02,female,Kénitra,0625160660,2022-09-05,web
C05026,Alaoui,Hamza,hamza.alaoui689@gmail.com,1963-10-25,Femme,Nador,0633152233,2025-10-13,referral
C05027,Chraibi,Soufiane,karim.amrani409@hotmail.com,1984-03-03,Homme,Oujda,0628345172,2023-06-11,social_media
C05028,Ouahbi,Amina,amina.ouahbi584@outlook.com,1982-10-26,f,Safi,0686235525,2023-02-22,web
C05029,Ouahbi,Rachid,rachid.ouahbi446@gmail.com,1969-10-05,h,tanger,0692521975,2023-01-21,referral
C05030,Bouzid,Adil,adil.bouzid888@gmail.com,1960-08-09,f,FES,0611702331,2025-09-20,web
C05031,Bennani,Reda,reda.bennani936@gmail.com,1989-06-06,1,Béni Mellal,0659317824,2021-07-07,referral
C05032,Bouazza,Houda,houda.bouazza309@yahoo.fr,1980-05-15,Homme,Tanger,0623078611,2025-09-19,marketplace
C05033,Amrani,Ilham,ilham.amrani599@live.fr,1967-05-05,h,Casablanca,0612825214,2023-12-17,social_media
C05034,Fassi Fihri,Amina,amina.fassifihri2@hotmail.com,1973-07-01,f,mkch,0653224679,2021-02-10,mobile
C05035,Amrani,Houda,houda.amrani112@live.fr,1966-08-19,1,Fès,0654027220,2022-12-19,mobile
C05036,Alaoui,Mehdi,mehdi.alaoui707@gmail.com,1975-12-11,female,Tanger,0690176418,2021-11-09,web
C05037,Amrani,Nadia,nadia.amrani583@hotmail.com,1982-12-16,f,Casablanca,0617077863,2022-12-25,social_media
C05038,Lahlou,Ahmed,ahmed.lahlou883@outlook.com,1987-06-18,male,Kénitra,0613509921,2022-07-08,web
C05039,Sefrioui,Meryem,meryem.sefrioui36@hotmail.com,1997-05-06,m,TNG,0647932812,2024-04-22,web
C05040,Filali,Zineb,zineb.filali382@yahoo.fr,1993-04-06,female,Casablanca,0687628366,2022-10-27,web
C05041,Tazi,Sanae,sanae.tazi897@live.fr,1996-02-15,1,Rabat,0620753897,2024-12-01,referral
C05042,Fassi Fihri,Loubna,loubna.fassifihri662@outlook.com,1991-09-11,female,Tnja,0663250909,2025-08-27,social_media
C05043,Naciri,Ahmed,ahmed.naciri732@outlook.com,1966-06-27,female,RABAT,0648381806,2024-06-15,mobile
C05044,Skalli,Hanane,hanane.skalli189@live.fr,1994-02-17,h,Oujda,0692669601,2021-02-06,marketplace
C05045,El Amrani,Rachid,rachid.elamrani459@yahoo.fr,1988-02-23,Homme,El Jadida,0621247756,2023-11-19,mobile
C05046,Chraibi,Rachid,rachid.chraibi511@hotmail.com,1976-06-09,Femme,Tétouan,0633864542,2022-02-21,referral
C05047,Benali,Zakaria,zakaria.benali327@outlook.com,1996-10-05,1,Tétouan,0670330000,2024-04-07,web
C05048,Haddad,Khadija,khadija.haddad72@gmail.com,1965-11-26,Femme,FES,0669066614,2022-03-05,social_media
C05049,Benjelloun,Reda,reda.benjelloun715@yahoo.fr,1990-12-10,1,TANGER,0626120221,2022-03-08,referral
C05050,Tazi,Mehdi,mehdi.tazi639@hotmail.com,1961-10-15,0,Oujda,0681865711,2021-12-28,web
C05051,Lahlou,Reda,reda.lahlou972@hotmail.com,1977-09-28,Homme,Mohammedia,0635440130,2021-09-15,web
C05052,Ouahbi,Reda,reda.ouahbi607@hotmail.com,1976-11-28,Femme,fes,0626677088,2024-09-11,referral
C05053,Kettani,Ahmed,ahmed.kettani834@live.fr,2005-05-06,Femme,Fès,0696404090,2025-01-27,web
C05054,Bouzid,Amine,amine.bouzid142@gmail.com,1991-01-10,f,Marrakech,0676628843,2021-05-23,referral
C05055,Amrani,Hanane,hanane.amrani523@yahoo.fr,2006-01-05,female,RABAT,0685846658,2021-08-08,social_media
C05056,Bouazza,Khadija,khadija.bouazza696@outlook.com,1992-02-02,f,Fès,0688090955,2024-08-04,social_media
C05057,Chraibi,Hanane,hanane.chraibi68@yahoo.fr,1977-09-11,female,fes,0680271405,2025-11-27,referral
C05058,Rahmouni,Ghita,ghita.rahmouni682@yahoo.fr,1999-12-17,Homme,Fès,0657517991,2025-07-10,mobile
C05059,Tahiri,Reda,reda.tahiri110@yahoo.fr,1986-07-15,Homme,Agadir,0659506375,2022-02-11,mobile
C05060,Tazi,Rachid,rachid.tazi218@live.fr,1994-02-18,female,Fès,0613205776,2024-09-12,social_media
C05061,Sefrioui,Said,said.sefrioui765@outlook.com,1978-06-21,Femme,tanger,0684434181,2024-09-27,mobile
C05062,El Mansouri,Karim,karim.elmansouri188@yahoo.fr,2000-08-01,1,TNG,0656873262,2021-06-05,web
C05063,Fassi Fihri,Hind,hind.fassifihri336@hotmail.com,1966-02-21,female,Marrakech,0683632910,2023-01-23,marketplace
C05064,El Ouazzani,Loubna,loubna.elouazzani423@hotmail.com,1970-02-25,Homme,Meknès,0660220950,2024-03-16,social_media
C05065,Naciri,Sara,sara.naciri26@gmail.com,1974-07-18,1,CASA,0692355511,2025-06-05,social_media
C05066,Alaoui,Sanae,sanae.alaoui237@hotmail.com,1993-11-09,1,Kénitra,0641618749,2023-10-14,referral
C05067,Bouazza,Soufiane,soufiane.bouazza401@yahoo.fr,1999-09-28,H,Rabat,0653395811,2021-06-11,social_media
C05068,Chraibi,Driss,driss.chraibi484@yahoo.fr,1960-05-06,m,Marrakech,0684689531,2023-03-11,marketplace
C05069,Ziani,Zakaria,zakaria.ziani205@hotmail.com,1987-09-26,h,tanger,0646388304,2023-04-17,referral
C05070,Alaoui,Laila,laila.alaoui759@yahoo.fr,1988-03-17,H,tanger,0628637156,2021-10-28,social_media
C05071,El Mansouri,Meryem,meryem.elmansouri972@gmail.com,1963-09-16,m,El Jadida,0673672596,2025-09-04,mobile
C05072,Sefrioui,Zakaria,zakaria.sefrioui766@outlook.com,1967-07-10,Femme,Safi,0622519118,2022-11-02,web
C05073,Sefrioui,Khadija,khadija.sefrioui334@live.fr,1965-12-03,1,CASA,0658946156,2022-02-26,referral
C05074,Amrani,Asmae,asmae.amrani576@hotmail.com,2002-09-09,0,tanger,0689597762,2022-08-14,web
C05075,Alaoui,Nabil,nabil.alaoui659@live.fr,1989-01-22,male,Kénitra,0641703971,2021-10-21,social_media
C05076,Sefrioui,Driss,driss.sefrioui942@yahoo.fr,1973-07-09,male,Fès,0661141292,2024-03-19,referral
C05077,Naciri,Hassan,hassan.naciri77@hotmail.com,1967-03-11,Femme,Agadir,0649610202,2025-05-01,social_media
C05078,Sefrioui,Youssef,youssef.sefrioui449@gmail.com,1991-10-15,0,Béni Mellal,0673242451,2023-01-21,social_media
C05079,Benjelloun,Khalid,khalid.benjelloun708@live.fr,1976-09-17,Homme,Tnja,0651381634,2024-10-11,social_media
C05080,Berrada,Mohamed,mohamed.berrada682@gmail.com,1964-12-24,1,El Jadida,0692715518,2024-11-12,marketplace
C05081,El Amrani,Amina,amina.elamrani131@yahoo.fr,1969-09-23,female,Casablanca,0641978293,2022-05-27,social_media
C05082,Skalli,Nabil,nabil.skalli889@outlook.com,1974-10-03,1,Safi,0623920632,2024-11-20,mobile
C05083,Benkirane,Hind,hind.benkirane241@hotmail.com,1973-10-17,h,fes,0626165559,2023-09-04,social_media
C05084,Skalli,Omar,omar.skalli820@hotmail.com,1973-03-10,f,Marrakech,0695489580,2024-11-02,social_media
C05085,Sefrioui,Ilham,ilham.sefrioui6@live.fr,1985-01-20,f,Agadir,0691904044,2025-12-08,social_media
C05086,Benkirane,Mustapha,mustapha.benkirane591@yahoo.fr,1985-02-16,h,mkch,0678570005,2024-03-07,mobile
C05087,Tazi,Ali,ali.tazi308@hotmail.com,2005-09-04,f,Mohammedia,0618134485,2021-04-06,mobile
C05088,El Idrissi,Mohamed,mohamed.elidrissi696@hotmail.com,2000-06-25,female,casa,0629146956,2023-04-03,marketplace
C05089,Benjelloun,Hanane,nadia.benkirane73@outlook.com,1966-05-03,m,Kénitra,0680969342,2021-10-12,social_media
C05090,Chraibi,Sara,sara.chraibi715@outlook.com,1965-04-02,m,Casablanca,0634983597,2021-06-15,mobile
C05091,Fassi Fihri,Nadia,nadia.fassifihri117@live.fr,1991-02-14,female,fes,0665721756,2022-10-19,referral
C05092,Filali,Nabil,nabil.filali570@yahoo.fr,2005-04-08,Femme,fes,0623235481,2023-03-22,marketplace
C05093,Cherkaoui,Omar,omar.cherkaoui904@yahoo.fr,1979-07-17,1,fes,0676278191,2024-10-05,web
C05094,Tahiri,Nawal,nawal.tahiri479@hotmail.com,1997-08-28,f,rbt,0682767366,2025-08-28,web
C05095,Bouazza,Loubna,loubna.bouazza469@gmail.com,2001-04-20,Homme,Fès,0639550938,2022-07-20,referral
C05096,Ziani,Driss,driss.ziani@,1979-09-04,Femme,Agadir,0680986725,2021-05-14,web
C05097,Ouahbi,Reda,reda.ouahbi250@hotmail.com,2002-05-19,h,Oujda,0653423845,2022-04-26,mobile
C05098,Cherkaoui,Ilham,ilham.cherkaoui46@gmail.com,1995-06-27,female,El Jadida,0697213920,2021-01-08,web
C05099,Chraibi,Meryem,meryem.chraibi757@gmail.com,2002-07-05,Homme,casa,0684598703,2021-02-17,web
C05100,Benjelloun,Youssef,youssef.benjelloun603@live.fr,1998-10-26,0,TNG,0660433556,2021-03-01,mobile
C05101,El Mansouri,Laila,laila.elmansouri324@live.fr,1986-12-10,f,Fès,0612456946,2021-06-27,referral
C05102,Tahiri,Hanane,hanane.tahiri540@outlook.com,1964-06-08,Femme,Kénitra,0622588745,2022-10-08,marketplace
C05103,Berrada,Ilham,ilham.berrada798@hotmail.com,1975-05-23,H,casa,0667603849,2024-03-25,mobile
C05104,El Idrissi,Rim,rim.elidrissi586@hotmail.com,1988-12-07,h,Agadir,0628148594,2021-09-16,marketplace
C05105,Bouzid,Sara,said.bouazza5@gmail.com,2002-05-01,Homme,Casablanca,0694392799,2024-12-09,social_media
C05106,Chraibi,Rim,rim.chraibi504@gmail.com,1974-03-19,Femme,rbt,0695382464,2021-03-07,social_media
C05107,Chraibi,Said,said.chraibi112@yahoo.fr,1983-10-01,Homme,Tanger,0644088058,2022-09-06,web
C05108,Fassi Fihri,Brahim,brahim.fassifihri230@live.fr,1983-07-14,1,Tétouan,0697244012,2022-01-19,web
C05109,Skalli,Brahim,brahim.skalli955@gmail.com,2026-07-27,H,Tétouan,0659500210,2023-05-14,web
C05110,Kettani,Amine,amine.kettani712@hotmail.com,1972-05-19,h,Fès,0649824455,2022-09-09,marketplace
C05111,Kettani,Youssef,youssef.kettani838@hotmail.com,1972-12-16,Homme,FES,0645970000,2025-11-09,web
C05112,Tazi,Fatima,fatima.tazi444@yahoo.fr,1963-04-24,m,tanger,0660549838,2024-05-20,marketplace
C05113,Berrada,Soufiane,soufiane.berrada597@outlook.com,2004-09-14,f,casa,0670910274,2025-08-19,referral
C05114,Sefrioui,Hassan,hassan.sefrioui443@live.fr,1968-11-07,Femme,Safi,0664045717,2021-06-05,web
C05115,Ziani,Nabil,nabil.ziani71@live.fr,1962-02-24,Homme,Marrakech,0671666780,2023-05-10,marketplace
C05116,Lahlou,Rachid,rachid.lahlou489@hotmail.com,1962-12-02,female,Tétouan,0639895961,2022-01-26,mobile
C05117,Kettani,Loubna,loubna.kettani971@outlook.com,1990-09-24,m,El Jadida,0627864633,2022-03-22,marketplace
C05118,Naciri,Ilham,ilham.naciri738@yahoo.fr,1969-03-08,f,Agadir,0622093239,2022-07-02,social_media
C05119,Berrada,Zineb,zineb.berrada982@live.fr,1970-01-20,male,mkch,0628259728,2025-11-03,marketplace
C05120,Benkirane,Hassan,loubna.benjelloun146@outlook.com,1977-06-13,0,Rabat,0678587038,2024-03-15,marketplace
C05121,Berrada,Mohamed,mohamed.berrada847@live.fr,1977-07-16,0,rbt,0689065816,2022-04-21,web
C05122,Amrani,Salma,salma.amrani116@gmail.com,1972-02-14,female,tanger,0674134051,2025-05-21,marketplace
C05123,Benkirane,Ahmed,ahmed.benkirane983@gmail.com,1987-11-25,H,CASA,0618165598,2023-02-12,mobile
C05124,Benjelloun,Khalid,khalid.benjelloun574@live.fr,1990-07-25,Femme,Marrakech,0621862890,2022-09-14,referral
C05125,Benkirane,Fatima,fatima.benkirane29,1980-06-19,Femme,Safi,0636296317,2025-12-12,referral
C05126,Filali,Mohamed,@outlook.com,1969-06-19,Femme,Tanger,0665644194,2024-04-20,social_media
C05127,Rahmouni,Rim,rachid.rahmouni454@gmail.com,2005-04-21,f,RABAT,0631772058,2021-04-05,mobile
C05128,Amrani,Houda,houda.amrani230@yahoo.fr,1987-12-28,Femme,Tétouan,0628455756,2023-07-02,social_media
C05129,El Idrissi,Hassan,hassan.elidrissi869@gmail.com,1997-07-06,1,Agadir,0695399390,2022-04-20,social_media
C05130,Benali,Reda,reda.benali586@hotmail.com,1997-07-23,Homme,RABAT,0635536200,2021-08-19,referral
C05131,Lahlou,Fatima,fatima.lahlou646@yahoo.fr,1993-02-14,f,CASA,0655822107,2023-04-23,referral
C05132,Lahlou,Sanae,sanae.lahlou659@yahoo.fr,1999-03-18,f,Fès,0641889532,2022-11-12,marketplace
C05133,Bouazza,Rachid,rachid.bouazza10@yahoo.fr,2003-09-01,h,Agadir,0665949371,2021-12-26,marketplace
C05134,El Idrissi,Asmae,asmae.elidrissi674@outlook.com,2003-03-09,Femme,Oujda,0697534486,2024-12-20,social_media
C05135,Ouahbi,Ilham,ilham.ouahbi942@live.fr,1996-10-14,1,TNG,0634797220,2025-01-04,social_media
C05136,Cherkaoui,Driss,driss.cherkaoui328@gmail.com,1978-10-09,m,Fès,0685480658,2023-03-24,mobile
C05137,Sefrioui,Meryem,meryem.sefrioui346@hotmail.com,2006-10-03,0,El Jadida,0634424207,2024-11-18,social_media
C05138,Ouahbi,Nabil,nabil.ouahbi245@gmail.com,1961-03-05,1,TANGER,0619946069,2025-07-08,social_media
C05139,El Idrissi,Youssef,youssef.elidrissi849@yahoo.fr,1973-05-04,1,Tanger,0699233268,2024-07-01,referral
C05140,Kettani,Mehdi,mehdi.kettani864@outlook.com,1989-01-09,female,Meknès,0682964523,2022-01-22,social_media
C05141,Kettani,Zineb,zineb.kettani194@outlook.com,2004-12-03,H,Tétouan,0691121289,2022-03-13,marketplace
C05142,El Amrani,Karim,karim.elamrani833@yahoo.fr,2001-11-12,Femme,MARRAKECH,0631760183,2021-10-18,mobile
C05143,Ouahbi,Adil,adil.ouahbi931@yahoo.fr,1960-12-25,1,FES,0612205052,2025-05-21,social_media
C05144,Sefrioui,Mehdi,mehdi.sefrioui910@yahoo.fr,1969-06-21,0,Kénitra,0647083515,2022-09-16,marketplace
C05145,Berrada,Fatima,fatima.berrada971@gmail.com,1961-04-19,h,tanger,0623884495,2022-02-19,social_media
C05146,Filali,Loubna,loubna.filali265@outlook.com,1981-12-03,m,TNG,0678053276,2022-10-19,social_media
C05147,Ouahbi,Karim,karim.ouahbi700@live.fr,1960-10-15,f,Kénitra,0698410519,2024-10-01,marketplace
C05148,Benali,Nadia,nadia.benali510@gmail.com,1994-06-20,Femme,Marrakech,0658557631,2022-08-15,mobile
C05149,El Amrani,Driss,driss.elamrani584@gmail.com,1975-04-06,Homme,CASA,0643252001,2023-11-21,mobile
C05150,Ouahbi,Samira,samira.ouahbi590@outlook.com,1973-12-17,m,FES,0653477915,2025-01-06,marketplace
C05151,El Amrani,Ahmed,ahmed.elamrani999@outlook.com,1979-09-12,1,El Jadida,0683414176,2024-08-26,social_media
C05152,Bouzid,Hamza,hamza.bouzid733@yahoo.fr,1966-02-17,H,mkch,0663072093,2022-07-02,mobile
C05153,Alaoui,Hanane,hanane.alaoui316@yahoo.fr,2000-02-27,Femme,Marrakech,0682222693,2023-03-08,social_media
C05154,Skalli,Hassan,hassan.skalli313@live.fr,1982-09-03,m,TANGER,0621375084,2023-12-02,web
C05155,El Idrissi,Dounia,dounia.elidrissi353@gmail.com,2002-09-04,h,Meknès,0677650440,2024-05-11,web
C05156,El Idrissi,Loubna,loubna.elidrissi718@outlook.com,1969-07-07,m,Marrakech,0657948236,2023-12-09,marketplace
C05157,Fassi Fihri,Reda,reda.fassifihri428@outlook.com,1994-05-12,Homme,fes,0630001479,2025-08-05,web
C05158,El Amrani,Amine,amine.elamrani@@outlook.com,1990-08-16,f,Casablanca,0688395409,2024-12-04,mobile
C05159,Benali,Brahim,brahim.benali254@outlook.com,1988-10-28,female,fes,0623917519,2023-12-08,referral
C05160,Bouzid,Khalid,khalid.bouzid94@gmail.com,1968-10-27,female,Oujda,0632399252,2022-09-13,referral
C05161,Kettani,Sanae,sanae.kettani905@hotmail.com,1998-04-21,h,fes,0674184684,2024-11-05,marketplace
C05162,Tazi,Nadia,nadia.tazi759@live.fr,1973-09-19,Femme,tanger,0672535376,2023-08-22,referral
C05163,Bouazza,Imad,imad.bouazza600@outlook.com,1965-02-06,m,casa,0664564688,2022-07-10,mobile
C05164,Skalli,Sanae,sanae.skalli588@outlook.com,1985-05-15,m,RABAT,0655702533,2023-01-23,marketplace
C05165,Kettani,Sara,sara.kettani128@gmail.com,1991-12-02,Femme,Tanger,0669838413,2023-08-17,web
C05166,Amrani,Amina,amina.amrani570@hotmail.com,1993-06-14,female,tanger,0665468430,2023-03-20,marketplace
C05167,Ouahbi,Driss,driss.ouahbi63@live.fr,1988-05-24,h,Rabat,0666702677,2021-07-17,social_media
C05168,Sefrioui,Rachid,rachid.sefrioui404@live.fr,2002-11-14,h,Nador,0611578341,2021-01-18,marketplace
C05169,Lahlou,Mehdi,mehdi.lahlou884@hotmail.com,2026-11-27,H,Marrakech,0669932095,2024-01-26,social_media
C05170,Benjelloun,Soufiane,soufiane.benjelloun20@hotmail.com,1977-02-12,Femme,Mohammedia,0699099809,2022-08-09,mobile
C05171,Benkirane,Amina,amina.benkirane206@hotmail.com,1993-01-04,f,Meknès,0675969398,2025-01-18,marketplace
C05172,El Mansouri,Rim,houda.elamrani885@hotmail.com,2006-08-09,f,Béni Mellal,0678847235,2023-11-25,social_media
C05173,Ziani,Zakaria,@hotmail.com,2002-01-27,Homme,Mohammedia,0656801217,2022-09-05,mobile
C05174,Lahlou,Asmae,@hotmail.com,1971-06-04,Femme,Casablanca,0625511804,2023-08-25,social_media
C05175,Haddad,Meryem,meryem.haddad420@yahoo.fr,1978-05-04,Femme,Tanger,0614999505,2025-06-22,social_media
C05176,Cherkaoui,Ahmed,ahmed.cherkaoui860@hotmail.com,1983-05-15,H,Tétouan,0647197381,2024-06-18,referral
C05177,Rahmouni,Sanae,sanae.rahmouni790@yahoo.fr,1890-12-21,Femme,Agadir,0675011973,2023-09-13,mobile
C05178,Fassi Fihri,Soufiane,soufiane.fassifihri489@live.fr,1968-07-10,f,fes,0634868062,2021-08-06,marketplace
C05179,Lahlou,Hassan,hassan.lahlou@,1999-02-01,H,Tnja,0660795699,2021-01-06,mobile
C05180,El Amrani,Wafae,wafae.elamrani684@gmail.com,2006-04-19,m,Tnja,0684737483,2023-09-25,mobile
C05181,Haddad,Mehdi,mehdi.haddad@@outlook.com,1994-08-06,m,FES,0635434398,2025-08-02,marketplace
C05182,Lahlou,Soufiane,fatima.tazi981@hotmail.com,2002-10-10,H,Tétouan,0673234267,2022-10-21,marketplace
C05183,Kettani,Said,houda.haddad674@yahoo.fr,1973-09-06,female,Marrakech,0622157850,2022-04-06,mobile
C05184,Tazi,Khadija,khadija.tazi563@hotmail.com,1970-03-13,h,CASA,0656105404,2024-03-08,social_media
C05185,Ouahbi,Driss,driss.ouahbi421@hotmail.com,1997-08-18,Homme,Nador,0657962545,2025-03-08,marketplace
C05186,Tazi,Nadia,nadia.tazi300@yahoo.fr,1979-09-17,H,El Jadida,0636751372,2022-06-13,marketplace
C05187,Benkirane,Adil,adil.benkirane109@gmail.com,1994-12-14,H,Rabat,0644940496,2025-07-12,web
C05188,Bennani,Mohamed,mohamed.bennani379@hotmail.com,1962-08-15,1,Rabat,0629232142,2021-05-28,web
C05189,Skalli,Fatima,fatima.skalli339@hotmail.com,1992-04-23,Homme,Oujda,0675899401,2023-10-21,referral
C05190,Haddad,Amina,amina.haddad736@gmail.com,1983-11-17,f,Mohammedia,0694280589,2023-10-26,referral
C05191,Fassi Fihri,Driss,driss.fassifihri692@live.fr,1997-07-26,H,FES,0641653113,2021-04-18,marketplace
C05192,Chraibi,Zakaria,zakaria.chraibi282@outlook.com,2001-11-02,1,El Jadida,0612889708,2021-09-14,marketplace
C05193,Bennani,Said,said.bennani980@gmail.com,1966-12-28,h,El Jadida,0672262839,2023-01-22,social_media
C05194,El Mansouri,Karim,karim.elmansouri35@gmail.com,1979-11-14,female,Oujda,0628221798,2023-07-05,marketplace
C05195,Benjelloun,Nabil,nabil.benjelloun172@outlook.com,1994-12-07,female,Tnja,0611816532,2023-10-08,web
C05196,Ziani,Rachid,rachid.ziani453@gmail.com,1967-02-15,female,Safi,0613361661,2021-05-10,mobile
C05197,Benali,Reda,reda.benali868@yahoo.fr,2006-02-25,female,Fès,0661563431,2021-02-15,social_media
C05198,El Ouazzani,Hamza,hamza.elouazzani698@gmail.com,1999-09-22,h,Safi,0621133489,2023-07-20,web
C05199,El Mansouri,Mehdi,mehdi.elmansouri60@gmail.com,1996-04-04,H,CASA,0627411973,2024-05-24,mobile
C05200,Ziani,Ali,ali.ziani87@gmail.com,1996-02-07,H,tanger,0699389588,2024-11-15,referral
C05201,Amrani,Samira,samira.amrani149@live.fr,1984-11-18,female,Fès,0619990629,2022-05-17,social_media
C05202,Ouahbi,Ghita,ghita.ouahbi505@live.fr,1992-03-11,1,Casablanca,0638569522,2021-09-10,marketplace
C05203,Ouahbi,Meryem,meryem.ouahbi98@hotmail.com,1993-12-26,f,RABAT,0644809742,2022-10-04,marketplace
C05204,Bennani,Nabil,nabil.bennani936@yahoo.fr,2004-06-21,Femme,Fès,0647061706,2023-04-05,marketplace
C05205,Fassi Fihri,Ilham,ilham.fassifihri478@gmail.com,1981-12-01,1,Marrakech,0698878495,2025-10-18,referral
C05206,Tahiri,Khadija,khadija.tahiri416@gmail.com,1973-07-19,H,Kénitra,0615873091,2022-06-04,social_media
C05207,Tazi,Ali,ali.tazi296@hotmail.com,1997-05-03,Femme,tanger,0610812185,2023-05-22,referral
C05208,El Ouazzani,Amine,amine.elouazzani327@yahoo.fr,1967-09-16,Homme,TANGER,0622027068,2021-12-11,mobile
C05209,Alaoui,Fatima,fatima.alaoui304@hotmail.com,2001-10-19,male,Marrakech,0629973760,2022-07-26,mobile
C05210,El Idrissi,Hind,hind.elidrissi375@gmail.com,1968-04-15,H,Béni Mellal,0652458234,2025-12-17,web
C05211,Naciri,Brahim,brahim.naciri472@yahoo.fr,1975-04-23,m,mkch,0624140690,2023-11-01,mobile
C05212,Alaoui,Brahim,brahim.alaoui772@gmail.com,1977-02-21,m,Tétouan,0630279582,2023-11-17,mobile
C05213,Ouahbi,Hamza,hamza.ouahbi78@yahoo.fr,2004-10-18,f,Fès,0662062140,2025-06-02,social_media
C05214,Rahmouni,Ilham,ilham.rahmouni406@yahoo.fr,1995-12-04,0,FES,0627303829,2023-11-12,referral
C05215,Benkirane,Khalid,khalid.benkirane827@hotmail.com,1961-08-09,h,Tétouan,0654574703,2025-11-24,mobile
C05216,Haddad,Driss,driss.haddad663@live.fr,1967-07-01,Homme,Fès,0686349255,2021-08-13,marketplace
C05217,Skalli,Adil,adil.skalli28@outlook.com,1982-01-25,H,Fès,0655109067,2024-04-25,marketplace
C05218,El Ouazzani,Adil,@yahoo.fr,1982-11-19,H,mkch,0684472899,2025-11-03,social_media
C05219,Bouazza,Omar,omar.bouazza204@hotmail.com,1965-02-05,Homme,CASA,0697317327,2024-05-17,web
C05220,Tahiri,Adil,adil.tahiri377@live.fr,1986-01-11,h,Nador,0635984231,2025-10-19,mobile
C05221,Tazi,Ghita,ghita.tazi787@outlook.com,2000-09-05,h,El Jadida,0616179569,2023-07-20,mobile
C05222,Bouazza,Rim,rim.bouazza827@gmail.com,1994-02-08,male,rbt,0625634510,2025-10-28,web
C05223,Benkirane,Youssef,youssef.benkirane34@yahoo.fr,1986-06-21,female,Tnja,0699628312,2021-01-24,mobile
C05224,Benkirane,Mohamed,mohamed.benkirane570@outlook.com,1969-03-01,Femme,Nador,0657725081,2025-11-13,mobile
C05225,Kettani,Rim,rim.kettani998@live.fr,1974-08-27,Homme,mkch,0698710387,2025-02-03,social_media
C05226,El Amrani,Khadija,khadija.elamrani153@outlook.com,1983-08-25,h,CASA,0645800827,2024-10-16,referral
C05227,Sefrioui,Fatima,fatima.sefrioui769@hotmail.com,1993-03-15,Femme,Rabat,0610870131,2022-07-26,social_media
C05228,Sefrioui,Adil,adil.sefrioui929@live.fr,1979-02-27,1,Fès,0664031546,2025-08-17,referral
C05229,Fassi Fihri,Laila,laila.fassifihri502@live.fr,1993-07-15,H,Nador,0626342487,2022-12-10,referral
C05230,Bouazza,Amine,amine.bouazza72@outlook.com,1971-09-19,Femme,Tnja,0667451982,2022-06-16,marketplace
C05231,Tazi,Said,said.tazi935@outlook.com,1972-01-20,Homme,Kénitra,0631246346,2025-06-08,web
C05232,El Idrissi,Karim,karim.elidrissi48@hotmail.com,1983-05-18,Femme,El Jadida,0677536531,2022-04-22,referral
C05233,El Idrissi,Mustapha,mustapha.elidrissi505@gmail.com,2002-07-20,h,Rabat,0699460060,2024-12-11,social_media
C05234,El Idrissi,Mustapha,mustapha.elidrissi888@yahoo.fr,1999-08-23,female,fes,0624502982,2023-09-13,mobile
C05235,Amrani,Wafae,wafae.amrani267@outlook.com,1963-05-10,Homme,fes,0658049075,2021-09-28,web
C05236,Bennani,Adil,adil.bennani989@gmail.com,1979-04-25,0,rbt,0647114082,2024-04-27,referral
C05237,Tahiri,Said,said.tahiri559@yahoo.fr,1961-11-09,male,MARRAKECH,0643296292,2025-07-20,referral
C05238,Cherkaoui,Meryem,adil.ouahbi853@yahoo.fr,1965-05-03,female,fes,0662018516,2021-09-05,web
C05239,Filali,Youssef,youssef.filali172@live.fr,1986-05-27,male,tanger,0656029187,2024-08-01,social_media
C05240,Alaoui,Houda,samira.ziani294@yahoo.fr,2001-03-14,Femme,Casablanca,0634841227,2021-12-13,web
C05241,Haddad,Salma,salma.haddad811@gmail.com,2006-10-02,h,tanger,0651322868,2025-01-26,mobile
C05242,Tahiri,Adil,adil.tahiri721@hotmail.com,2000-05-25,male,Nador,0689436539,2021-12-16,marketplace
C05243,Lahlou,Ghita,ghita.lahlou@,1968-01-16,h,fes,0643337384,2024-05-22,marketplace
C05244,Lahlou,Amina,amina.lahlou946@gmail.com,1990-01-04,male,fes,0674479984,2023-08-27,marketplace
C05245,Chraibi,Imad,imad.chraibi120@hotmail.com,2003-11-17,male,Tnja,0620638573,2023-08-21,social_media
C05246,Ziani,Ghita,ghita.ziani987@outlook.com,1970-11-27,0,Nador,0618591639,2024-09-28,marketplace
C05247,Skalli,Nawal,nawal.skalli651@gmail.com,1880-02-16,m,Tanger,0671450947,2022-11-08,marketplace
C05248,El Idrissi,Meryem,meryem.elidrissi641@live.fr,1993-09-07,1,Marrakech,0670050484,2025-06-11,web
C05249,El Idrissi,Mohamed,mohamed.elidrissi677@gmail.com,1996-05-06,male,RABAT,0653607942,2023-12-08,mobile
C05250,El Ouazzani,Sara,sara.elouazzani308@live.fr,1997-10-11,m,El Jadida,0683717296,2023-05-01,web
C05251,Skalli,Wafae,wafae.skalli160@live.fr,1981-05-28,H,fes,0667183760,2025-11-23,mobile
C05252,Amrani,Loubna,loubna.amrani490@outlook.com,1992-04-07,h,Marrakech,0655032800,2025-11-19,mobile
C05253,Tazi,Brahim,brahim.tazi821@hotmail.com,1997-04-12,m,RABAT,0693088521,2023-05-19,social_media
C05254,Ouahbi,Said,said.ouahbi371@yahoo.fr,2001-12-09,Femme,Agadir,0669848366,2021-10-04,web
C05255,Skalli,Wafae,wafae.skalli924@yahoo.fr,1969-09-06,female,Béni Mellal,0679714015,2024-06-19,social_media
C05256,El Ouazzani,Youssef,youssef.elouazzani781@live.fr,1966-05-14,h,Marrakech,0693884587,2025-03-19,mobile
C05257,Sefrioui,Imad,imad.sefrioui272@hotmail.com,1975-11-13,male,Kénitra,0677461143,2022-09-11,marketplace
C05258,Benkirane,Wafae,wafae.benkirane841@gmail.com,2006-08-08,f,tanger,0680590773,2025-07-18,web
C05259,El Mansouri,Nabil,nabil.elmansouri127@gmail.com,1993-12-15,Femme,fes,0615178044,2021-01-21,web
C05260,Bennani,Fatima,fatima.bennani676@yahoo.fr,1989-11-06,0,Nador,0627296463,2025-07-08,marketplace
C05261,Kettani,Sanae,sanae.kettani435@hotmail.com,1969-10-17,H,rbt,0659521490,2023-12-21,marketplace
C05262,Rahmouni,Houda,houda.rahmouni303@gmail.com,1970-08-01,H,Mohammedia,0625663172,2021-09-19,mobile
C05263,Filali,Mustapha,mustapha.filali497@gmail.com,1987-10-13,1,Kénitra,0646684750,2024-09-17,marketplace
C05264,El Mansouri,Brahim,brahim.elmansouri90@hotmail.com,1986-03-09,h,Fès,0631516658,2025-01-15,social_media
C05265,Benali,Said,said.benali394@yahoo.fr,1991-12-09,H,mkch,0617008592,2022-05-05,marketplace
C05266,Bennani,Hassan,hassan.bennani362@gmail.com,2004-05-12,h,rbt,0670641704,2021-04-28,mobile
C05267,Fassi Fihri,Driss,driss.fassifihri177@live.fr,1970-07-03,male,RABAT,0659191505,2024-06-03,marketplace
C05268,Bouazza,Reda,reda.bouazza956@hotmail.com,1973-07-25,1,Casablanca,0687655027,2021-04-20,referral
C05269,Berrada,Nadia,nadia.berrada698@live.fr,2003-11-10,0,rbt,0631546272,2023-02-28,mobile
C05270,El Amrani,Imad,imad.elamrani833@outlook.com,1985-05-10,m,Mohammedia,0615044848,2022-01-15,social_media
C05271,Bouazza,Karim,karim.bouazza627@live.fr,1995-10-19,Femme,Kénitra,0621903481,2025-06-04,referral
C05272,Ouahbi,Dounia,dounia.ouahbi276@yahoo.fr,1970-07-05,m,Fès,0678839013,2023-08-09,referral
C05273,Bouzid,Laila,laila.bouzid313@outlook.com,1980-11-03,male,Tanger,0644160608,2025-05-08,mobile
C05274,Berrada,Zakaria,zakaria.berrada970@gmail.com,1979-10-09,Femme,Rabat,0660163947,2024-12-27,web
C05275,Ouahbi,Asmae,asmae.ouahbi263@hotmail.com,1969-09-18,Femme,CASA,0630546143,2021-11-08,social_media
C05276,Kettani,Brahim,brahim.kettani25@live.fr,2000-09-15,Homme,Béni Mellal,0656253322,2022-04-25,mobile
C05277,Benkirane,Zakaria,zakaria.benkirane405@outlook.com,1988-07-07,h,Casablanca,0679550585,2021-03-27,social_media
C05278,Bouazza,Imad,imad.bouazza374@hotmail.com,1997-09-12,Femme,Rabat,0698290704,2024-10-04,social_media
C05279,Sefrioui,Rachid,rachid.sefrioui549@live.fr,1982-02-22,male,rbt,0699801681,2023-02-01,referral
C05280,Bouzid,Rachid,rachid.bouzid242@outlook.com,2002-01-17,male,Tanger,0675022192,2021-03-24,mobile
C05281,Chraibi,Laila,laila.chraibi83@gmail.com,1986-04-21,m,Béni Mellal,0618741668,2021-12-26,web
C05282,Benjelloun,Loubna,loubna.benjelloun350@yahoo.fr,1998-11-26,H,Fès,0629917428,2022-09-04,marketplace
C05283,Kettani,Hassan,hassan.kettani597@outlook.com,1981-10-04,male,Tétouan,0652957150,2021-02-10,mobile
C05284,Bouazza,Rim,ali.benali798@outlook.com,1964-04-17,f,Casablanca,0685708992,2024-06-01,mobile
C05285,Tahiri,Mohamed,mohamed.tahiri494@gmail.com,1999-08-04,male,Casablanca,0631010318,2024-08-15,web
C05286,Bennani,Hassan,hassan.bennani996@outlook.com,1983-05-15,f,Oujda,0681685730,2025-08-05,web
C05287,Filali,Driss,driss.filali159@outlook.com,1985-12-18,0,fes,0676598671,2025-09-07,marketplace
C05288,Benkirane,Hassan,hassan.benkirane936@gmail.com,1985-05-23,f,mkch,0673921496,2024-06-23,social_media
C05289,Rahmouni,Imad,imad.rahmouni144@yahoo.fr,1982-05-07,m,Casablanca,0674717772,2023-05-16,referral
C05290,El Idrissi,Khadija,reda.bouazza956@hotmail.com,2005-10-07,Femme,TANGER,0635203782,2023-09-17,referral
C05291,Filali,Reda,reda.filali614@outlook.com,1985-06-19,Homme,Casablanca,0644745137,2021-05-10,marketplace
C05292,Fassi Fihri,Karim,karim.fassifihri153@gmail.com,1996-02-25,0,CASA,0645491959,2023-03-16,mobile
C05293,Sefrioui,Samira,samira.sefrioui369@gmail.com,2003-09-05,h,Meknès,0634761639,2024-04-15,web
C05294,Sefrioui,Adil,adil.sefrioui624@hotmail.com,1980-01-10,h,Marrakech,0617910489,2025-10-28,web
C05295,Kettani,Khalid,khalid.kettani725@live.fr,1992-03-18,m,Fès,0617033848,2022-04-21,web
C05296,Kettani,Houda,houda.kettani534@hotmail.com,1980-08-01,0,casa,0676605783,2022-12-13,mobile
C05297,Lahlou,Hamza,hamza.lahlou820@gmail.com,1990-06-08,female,RABAT,0669698451,2024-04-20,referral
C05298,Haddad,Ghita,ghita.haddad403@hotmail.com,1999-12-14,m,FES,0688509838,2025-03-06,referral
C05299,Chraibi,Nadia,nadia.chraibi601@gmail.com,1973-01-02,h,TANGER,0659399968,2022-01-21,social_media
C05300,Skalli,Ahmed,ahmed.skalli414@live.fr,1993-03-22,H,tanger,0696424846,2025-08-11,referral
C05301,El Amrani,Dounia,dounia.elamrani560@gmail.com,1968-02-11,0,Casablanca,0695510010,2024-04-27,mobile
C05302,Benkirane,Fatima,fatima.benkirane940@outlook.com,1992-08-19,0,rbt,0621671960,2023-08-08,web
C05303,Sefrioui,Wafae,wafae.sefrioui891@gmail.com,1972-04-14,1,Béni Mellal,0659563979,2022-09-18,social_media
C05304,El Idrissi,Khadija,khadija.elidrissi768@live.fr,1996-07-12,Femme,Béni Mellal,0697673059,2022-11-14,mobile
C05305,Fassi Fihri,Fatima,fatima.fassifihri630@outlook.com,1988-12-27,male,Fès,0685855879,2022-10-24,social_media
C05306,Ziani,Hamza,hamza.ziani70@live.fr,1994-04-24,m,Rabat,0698145448,2025-11-03,social_media
C05307,Kettani,Khalid,khalid.kettani48@yahoo.fr,2005-05-16,0,rbt,0689565750,2022-01-04,mobile
C05308,Alaoui,Soufiane,soufiane.alaoui984@yahoo.fr,1995-04-21,female,Tétouan,0672718949,2022-06-14,mobile
C05309,Ouahbi,Soufiane,soufiane.ouahbi19@live.fr,1968-08-06,f,Kénitra,0686552581,2022-01-17,marketplace
C05310,Haddad,Mohamed,mohamed.haddad370@gmail.com,1994-10-17,m,fes,0612598605,2024-03-05,social_media
C05311,Kettani,Adil,adil.kettani282@outlook.com,1983-03-08,0,Tétouan,0634567655,2023-10-17,web
C05312,Bouazza,Wafae,wafae.bouazza404@gmail.com,1964-08-09,m,Fès,0631401084,2024-08-25,mobile
C05313,El Amrani,Nadia,nadia.elamrani641@outlook.com,2002-05-21,male,TNG,0697517465,2024-06-26,web
C05314,Alaoui,Ali,amine.fassifihri628@live.fr,1988-07-12,Homme,Nador,0662743789,2021-10-26,web
C05315,Benali,Nabil,nabil.benali352@live.fr,2004-10-21,Femme,Oujda,0633250689,2024-04-05,referral
C05316,Haddad,Salma,salma.haddad709@yahoo.fr,1973-04-20,Homme,CASA,0633336433,2025-08-03,mobile
C05317,Chraibi,Youssef,youssef.chraibi229@live.fr,1989-11-02,f,FES,0677778516,2024-02-20,social_media
C05318,Bouazza,Khadija,khadija.bouazza477@live.fr,1997-10-07,f,Fès,0617352558,2023-11-03,marketplace
C05319,Bouzid,Samira,samira.bouzid271@hotmail.com,2000-11-15,female,Tétouan,0695046289,2025-05-06,social_media
C05320,El Amrani,Nabil,nabil.elamrani450@hotmail.com,1995-07-27,f,El Jadida,0625089705,2024-12-25,marketplace
C05321,Benjelloun,Asmae,asmae.benjelloun910@live.fr,1998-01-17,H,Mohammedia,0611751106,2025-11-16,web
C05322,El Idrissi,Nawal,nawal.elidrissi952@live.fr,1970-06-08,H,Fès,0619273191,2022-05-10,web
C05323,Fassi Fihri,Houda,houda.fassifihri230@gmail.com,1996-03-05,m,Tanger,0671551338,2025-10-07,web
C05324,Tahiri,Ilham,ilham.tahiri949@outlook.com,1972-04-22,h,Kénitra,0637347436,2021-01-05,mobile
C05325,Fassi Fihri,Said,said.fassifihri@,1979-12-17,f,Marrakech,0663821124,2024-01-01,marketplace
C05326,El Amrani,Wafae,wafae.elamrani757@live.fr,2000-03-19,H,Béni Mellal,0672223769,2021-12-06,social_media
C05327,Ziani,Ilham,ilham.ziani920@yahoo.fr,2000-03-25,m,TANGER,0693422451,2024-12-28,mobile
C05328,Benali,Hamza,hamza.benali166@outlook.com,1972-12-16,h,Oujda,0669572528,2023-06-08,marketplace
C05329,Bouzid,Hamza,hamza.bouzid772@yahoo.fr,1982-07-10,H,FES,0611265658,2022-03-21,social_media
C05330,Haddad,Samira,samira.haddad150@gmail.com,1971-08-20,0,mkch,0652458311,2021-07-21,marketplace
C05331,Benjelloun,Karim,karim.benjelloun280@yahoo.fr,1984-02-14,H,Fès,0639975716,2022-06-06,web
C05332,Benkirane,Dounia,dounia.benkirane686@live.fr,2000-05-20,f,Oujda,0612019012,2023-06-05,marketplace
C05333,Benjelloun,Omar,omar.benjelloun363@gmail.com,1992-10-01,1,Oujda,0625257454,2024-07-24,mobile
C05334,Filali,Reda,reda.filali234@outlook.com,2005-01-01,female,casa,0631292388,2022-03-01,social_media
C05335,Benkirane,Sanae,sanae.benkirane369@live.fr,2025-08-01,male,FES,0694939976,2022-08-07,web
C05336,Sefrioui,Sara,sara.sefrioui@,1963-09-02,1,fes,0685040061,2021-10-06,mobile
C05337,Cherkaoui,Mohamed,mohamed.cherkaoui493@live.fr,1989-09-19,H,Fès,0648313340,2022-07-12,web
C05338,Fassi Fihri,Hind,hind.fassifihri609@hotmail.com,1974-09-16,Homme,Safi,0687999861,2021-10-16,web
C05339,Fassi Fihri,Hassan,hassan.fassifihri369@gmail.com,1974-08-03,1,Fès,0654206656,2023-09-16,marketplace
C05340,Bouzid,Driss,driss.bouzid272@hotmail.com,1979-08-06,0,El Jadida,0645825576,2025-05-17,mobile
C05341,Benali,Mohamed,mohamed.benali15@gmail.com,1962-02-14,h,MARRAKECH,0613472485,2021-10-15,social_media
C05342,Benjelloun,Youssef,youssef.benjelloun165@gmail.com,1973-06-02,0,Fès,0611789280,2025-12-26,marketplace
C05343,Cherkaoui,Hamza,hamza.cherkaoui512@yahoo.fr,1967-04-27,0,TANGER,0682773319,2023-03-22,referral
C05344,El Amrani,Ahmed,ahmed.elamrani752@outlook.com,1980-04-15,Homme,Fès,0695294382,2025-11-23,referral
C05345,El Amrani,Nawal,nawal.elamrani154@outlook.com,1966-09-25,Femme,TANGER,0684527719,2021-07-05,mobile
C05346,Ouahbi,Mehdi,mehdi.ouahbi267@hotmail.com,1989-11-21,male,Marrakech,0687034329,2022-12-25,marketplace
C05347,Ziani,Amina,amina.ziani273@yahoo.fr,1977-11-13,Femme,Nador,0621646351,2022-11-05,referral
C05348,Alaoui,Mohamed,mohamed.alaoui440@hotmail.com,1979-05-28,male,fes,0695841200,2024-07-02,social_media
C05349,Sefrioui,Ilham,ilham.sefrioui577@live.fr,1978-04-08,h,TNG,0696260038,2022-12-20,referral
C05350,Rahmouni,Loubna,loubna.rahmouni328@hotmail.com,2001-07-23,Femme,Casablanca,0657585484,2022-06-06,marketplace
C05351,Ouahbi,Fatima,fatima.ouahbi804@gmail.com,1964-12-07,0,Nador,0627414963,2021-04-12,web
C05352,Skalli,Zakaria,zakaria.skalli78@yahoo.fr,1998-03-21,female,MARRAKECH,0688875880,2024-03-03,social_media
C05353,El Idrissi,Sara,sara.elidrissi463@yahoo.fr,1992-11-14,Homme,Meknès,0625748549,2024-01-27,referral
C05354,Bouzid,Laila,laila.bouzid15,1970-06-10,f,Casablanca,0696568595,2025-07-04,marketplace
C05355,Lahlou,Zakaria,zakaria.lahlou95@gmail.com,1961-04-01,Femme,mkch,0656535845,2024-11-04,marketplace
C05356,Skalli,Youssef,youssef.skalli477@live.fr,1973-02-03,female,CASA,0627941297,2025-05-21,social_media
C05357,Cherkaoui,Youssef,rim.elouazzani967@gmail.com,1990-10-17,male,Fès,0657156168,2025-02-25,referral
C05358,Skalli,Soufiane,soufiane.skalli404@gmail.com,2005-10-19,male,Nador,0645736204,2021-06-06,mobile
C05359,El Amrani,Said,said.elamrani32@live.fr,2000-11-13,m,Marrakech,0639719523,2023-05-25,web
C05360,Alaoui,Karim,@hotmail.com,1962-09-25,m,Agadir,0610446688,2022-04-11,referral
C05361,Tahiri,Reda,reda.tahiri748@live.fr,1985-04-23,H,Rabat,0664733365,2025-07-16,referral
C05362,Benjelloun,Rachid,rachid.benjelloun116@hotmail.com,1984-03-28,f,tanger,0677064400,2022-11-04,referral
C05363,Berrada,Zineb,imad.berrada129@gmail.com,1970-10-28,male,Casablanca,0628311918,2021-06-10,marketplace
C05364,Sefrioui,Amina,amina.sefrioui716@live.fr,1997-08-28,0,Marrakech,0645029261,2021-02-06,marketplace
C05365,Bouzid,Nadia,nadia.bouzid327@hotmail.com,1970-10-04,m,Fès,0643496217,2024-02-06,mobile
C05366,Tahiri,Driss,driss.tahiri906@yahoo.fr,1984-12-17,Femme,Tétouan,0624165421,2025-07-19,marketplace
C05367,Alaoui,Nadia,nadia.alaoui382@outlook.com,2006-01-24,male,Tnja,0678212578,2025-01-08,social_media
C05368,Chraibi,Said,said.chraibi907@outlook.com,1972-05-28,female,TANGER,0612815584,2023-04-27,marketplace
C05369,Fassi Fihri,Hassan,hassan.fassifihri745@hotmail.com,1998-06-10,female,RABAT,0624880611,2021-05-19,social_media
C05370,Tahiri,Ghita,ghita.tahiri154@gmail.com,2001-02-20,f,FES,0628061173,2024-03-08,social_media
C05371,Berrada,Asmae,asmae.berrada860@gmail.com,2002-10-01,Femme,tanger,0690618404,2023-06-12,web
C05372,El Amrani,Zineb,@hotmail.com,1988-05-20,H,Tétouan,0633357922,2025-11-23,web
C05373,Filali,Hanane,hanane.filali77@live.fr,1999-01-25,male,TNG,0629725540,2021-11-06,social_media
C05374,Lahlou,Wafae,wafae.lahlou53@live.fr,1979-03-01,f,casa,0636972302,2023-03-01,web
C05375,Kettani,Said,said.kettani574@hotmail.com,1978-09-01,f,Oujda,0636350803,2025-01-03,social_media
C05376,Benali,Zineb,zineb.benali508@yahoo.fr,1967-05-06,h,MARRAKECH,0681961880,2023-05-24,mobile
C05377,Rahmouni,Reda,reda.rahmouni32@live.fr,1970-10-14,h,El Jadida,0685384355,2022-06-28,marketplace
C05378,Alaoui,Ghita,ghita.alaoui119@hotmail.com,2003-10-23,female,casa,0617565292,2025-06-20,marketplace
C05379,Benjelloun,Rachid,rachid.benjelloun659@gmail.com,1975-11-27,0,FES,0616738060,2025-06-20,social_media
C05380,Haddad,Khadija,khadija.haddad64@yahoo.fr,1973-06-04,female,Tnja,0687908135,2021-10-01,mobile
C05381,Sefrioui,Meryem,meryem.sefrioui863@live.fr,1964-05-23,male,Casablanca,0662693339,2024-10-08,social_media
C05382,Amrani,Hind,ghita.bouzid705@gmail.com,1960-08-08,h,Marrakech,0689352128,2022-02-17,marketplace
C05383,Tazi,Imad,imad.tazi709@outlook.com,1988-11-03,h,TNG,0651982676,2024-12-16,marketplace
C05384,Kettani,Mohamed,mohamed.kettani516@outlook.com,1991-12-19,Femme,Meknès,0621627735,2021-12-02,mobile
C05385,Lahlou,Sanae,sanae.lahlou689@outlook.com,1965-04-20,h,Tnja,0675475115,2022-02-04,web
C05386,Benali,Wafae,wafae.benali386@outlook.com,2002-08-19,Homme,fes,0636675344,2024-11-19,referral
C05387,Haddad,Hind,hind.haddad95@live.fr,1997-11-12,Homme,Safi,0694824768,2023-11-02,web
C05388,Skalli,Hassan,hassan.skalli317@gmail.com,1975-02-23,0,RABAT,0656852200,2024-12-14,web
C05389,Ziani,Wafae,wafae.ziani26@yahoo.fr,1976-01-05,h,fes,0622100825,2025-09-27,social_media
C05390,Bouazza,Reda,reda.bouazza192@hotmail.com,1994-06-17,0,Tanger,0627385248,2025-05-16,referral
C05391,Lahlou,Said,said.lahlou681@yahoo.fr,2004-03-07,f,mkch,0695004459,2021-09-03,social_media
C05392,Alaoui,Khalid,khalid.alaoui91@outlook.com,1964-06-13,female,Casablanca,0697051433,2025-11-05,web
C05393,Kettani,Amina,amina.kettani638@live.fr,2000-01-26,h,rbt,0692965841,2021-12-17,referral
C05394,Bouzid,Houda,houda.bouzid914@hotmail.com,1974-12-21,male,MARRAKECH,0617541334,2024-08-09,referral
C05395,Chraibi,Nawal,nawal.chraibi814@gmail.com,2005-08-01,m,Tnja,0635744177,2022-05-19,marketplace
C05396,Benjelloun,Nadia,nadia.benjelloun399@outlook.com,1985-08-20,f,rbt,0684124710,2025-04-14,referral
C05397,Lahlou,Driss,driss.lahlou601@gmail.com,1978-08-15,1,rbt,0656551558,2024-05-04,marketplace
C05398,Ouahbi,Asmae,asmae.ouahbi310@hotmail.com,1965-03-18,0,Marrakech,0618901474,2021-03-19,marketplace
C05399,Benjelloun,Brahim,brahim.benjelloun918@gmail.com,1998-08-06,1,Rabat,0652201725,2021-06-13,mobile
C05400,Haddad,Ahmed,ahmed.haddad645@outlook.com,1996-07-15,1,Casablanca,0637676758,2021-09-08,referral
C05401,Alaoui,Zakaria,zakaria.alaoui818@live.fr,1968-09-16,male,fes,0695594560,2025-11-20,referral
C05402,El Ouazzani,Dounia,dounia.elouazzani964@hotmail.com,1994-02-12,1,Agadir,0689996297,2021-04-14,referral
C05403,El Idrissi,Mustapha,mustapha.elidrissi184@gmail.com,1988-01-09,m,MARRAKECH,0649160578,2022-02-07,marketplace
C05404,Tazi,Nawal,nawal.tazi543@hotmail.com,1992-10-20,male,mkch,0625417384,2024-11-26,web
C05405,Benjelloun,Said,said.benjelloun830@live.fr,1880-07-14,h,TANGER,0683234923,2021-12-25,referral
C05406,Haddad,Ghita,ghita.haddad160@gmail.com,1975-09-22,f,tanger,0622108366,2023-01-04,marketplace
C05407,Alaoui,Zineb,zineb.alaoui957@hotmail.com,1963-08-02,0,fes,0612251342,2023-06-07,referral
C05408,Tahiri,Omar,omar.tahiri85@outlook.com,1972-01-04,female,Béni Mellal,0633699208,2024-08-14,social_media
C05409,Benjelloun,Soufiane,soufiane.benjelloun912@hotmail.com,1990-10-12,h,Meknès,0665928705,2024-10-27,referral
C05410,Naciri,Youssef,youssef.naciri148@live.fr,1999-11-12,male,Meknès,0639331184,2025-09-22,web
C05411,Bennani,Said,sanae.bennani555@hotmail.com,1980-06-02,m,fes,0647603482,2022-09-28,social_media
C05412,Alaoui,Meryem,meryem.alaoui666@live.fr,1964-08-08,male,tanger,0630001864,2024-08-27,mobile
C05413,El Amrani,Khadija,khadija.elamrani639@gmail.com,2002-02-08,f,Tnja,0611348893,2021-02-06,social_media
C05414,Tazi,Reda,reda.tazi992@hotmail.com,1961-03-25,male,Tanger,0654354760,2024-03-27,social_media
C05415,Filali,Rim,rim.filali86@outlook.com,1975-07-04,1,rbt,0657030257,2022-08-07,referral
C05416,El Amrani,Reda,reda.elamrani200@yahoo.fr,1960-09-11,1,Fès,0698808880,2024-07-06,mobile
C05417,Ziani,Karim,karim.ziani734@outlook.com,1960-03-10,f,RABAT,0656099711,2025-11-24,marketplace
C05418,Skalli,Houda,houda.skalli969@live.fr,1994-01-13,male,CASA,0674360424,2022-06-28,mobile
C05419,Benali,Loubna,loubna.benali151@live.fr,1971-09-06,h,Rabat,0668856278,2025-02-06,web
C05420,Amrani,Hassan,hassan.amrani636@outlook.com,1963-07-17,f,TANGER,0620234640,2023-02-25,social_media
C05421,Bouazza,Hamza,hamza.bouazza173@gmail.com,1979-08-25,m,Fès,0671854522,2022-04-17,marketplace
C05422,Sefrioui,Hassan,hassan.sefrioui781@hotmail.com,1890-03-11,h,TNG,0639101993,2021-10-04,marketplace
C05423,Naciri,Rim,rim.naciri221@gmail.com,1979-02-11,H,MARRAKECH,0691131453,2024-01-19,marketplace
C05424,Bennani,Amine,amine.bennani@,1979-05-24,Homme,Marrakech,0665366662,2024-12-22,web
C05425,Ziani,Zineb,zineb.ziani8,1986-09-04,Homme,mkch,0698772268,2025-05-28,marketplace
C05426,Rahmouni,Said,said.rahmouni173@yahoo.fr,1968-10-26,Homme,TNG,0657037910,2023-06-01,marketplace
C05427,Tazi,Laila,laila.tazi532@gmail.com,1999-10-06,f,Nador,0636190836,2022-10-22,marketplace
C05428,Haddad,Hamza,hamza.haddad376@hotmail.com,1983-12-20,female,Kénitra,0635090389,2025-06-15,social_media
C05429,Tahiri,Zakaria,zakaria.tahiri@,2001-08-06,Femme,Tanger,0671334237,2025-07-22,referral
C05430,Bouzid,Sanae,sanae.bouzid587@gmail.com,1977-01-14,male,Nador,0695737246,2022-01-19,marketplace
C05431,Rahmouni,Sara,sara.rahmouni11@gmail.com,1961-02-26,Homme,rbt,0624795071,2022-01-24,web
C05432,Amrani,Khalid,khalid.amrani552@live.fr,1986-09-13,0,Tnja,0678737408,2024-04-09,web
C05433,Amrani,Dounia,dounia.amrani188@gmail.com,1890-12-25,h,casa,0666304103,2024-01-11,referral
C05434,Chraibi,Karim,karim.chraibi264@yahoo.fr,1999-05-10,Homme,MARRAKECH,0620209635,2022-11-03,web
C05435,Haddad,Mohamed,mohamed.haddad975@gmail.com,1986-11-03,h,Casablanca,0684544445,2023-02-21,social_media
C05436,Alaoui,Rachid,rachid.alaoui953@yahoo.fr,1974-09-19,Homme,Fès,0628907881,2025-10-05,referral
C05437,El Mansouri,Ahmed,ahmed.elmansouri880@live.fr,2002-06-21,Homme,rbt,0653764072,2024-11-08,referral
C05438,El Idrissi,Rachid,rachid.elidrissi108@hotmail.com,1982-01-25,male,Fès,0685928329,2021-07-22,mobile
C05439,Haddad,Mehdi,ahmed.bouazza187@gmail.com,2005-05-25,m,rbt,0626599056,2025-11-25,social_media
C05440,Naciri,Sanae,sanae.naciri207@gmail.com,1997-04-16,h,Casablanca,0678577688,2023-11-22,web
C05441,Naciri,Fatima,fatima.naciri92@hotmail.com,1997-06-15,f,rbt,0637735363,2021-09-03,marketplace
C05442,Ouahbi,Hamza,hamza.ouahbi447@gmail.com,1994-06-07,h,Marrakech,0665609017,2024-02-02,social_media
C05443,Ouahbi,Khalid,khalid.ouahbi493@outlook.com,1967-03-16,h,rbt,0642566933,2021-08-16,mobile
C05444,Skalli,Imad,imad.skalli784@live.fr,1992-10-10,female,Safi,0698779944,2021-07-27,referral
C05445,Tazi,Sara,sara.tazi381@yahoo.fr,1991-09-15,H,Mohammedia,0653123248,2025-11-01,marketplace
C05446,Tazi,Salma,salma.tazi611@outlook.com,1961-11-11,male,Safi,0666971635,2022-05-05,referral
C05447,El Amrani,Asmae,asmae.elamrani584@outlook.com,1996-01-02,h,TNG,0677537410,2024-09-06,web
C05448,Benjelloun,Mohamed,mohamed.benjelloun508@hotmail.com,1962-05-19,f,Béni Mellal,0684037071,2024-01-07,mobile
C05449,Amrani,Mohamed,mohamed.amrani75@gmail.com,1963-02-18,f,CASA,0698360970,2022-01-22,social_media
C05450,Alaoui,Driss,driss.alaoui769@hotmail.com,2005-10-10,H,Tanger,0626012766,2022-03-01,mobile
C05451,Rahmouni,Amina,amina.rahmouni584@hotmail.com,1975-06-15,1,Safi,0636621767,2021-04-28,referral
C05452,Kettani,Rachid,rachid.kettani566@outlook.com,2001-12-27,1,casa,0674460945,2023-11-27,mobile
C05453,Skalli,Meryem,meryem.skalli390@live.fr,1987-07-09,Homme,Casablanca,0646565726,2024-02-05,mobile
C05454,Bouazza,Khalid,khalid.bouazza269@hotmail.com,2003-06-27,H,Mohammedia,0615571784,2024-10-17,web
C05455,Amrani,Zakaria,zakaria.amrani657@outlook.com,1974-12-02,1,El Jadida,0691486166,2021-08-27,referral
C05456,Tahiri,Meryem,meryem.tahiri345@live.fr,1974-03-18,m,Kénitra,0660377236,2023-10-24,referral
C05457,Skalli,Rachid,rachid.skalli438@gmail.com,1984-06-03,f,Casablanca,0639086877,2023-11-04,referral
C05458,Fassi Fihri,Hamza,hamza.fassifihri630@hotmail.com,1974-05-24,male,Nador,0616365429,2025-10-13,marketplace
C05459,Tahiri,Youssef,youssef.tahiri558@live.fr,1989-11-20,Homme,El Jadida,0677871185,2021-12-07,referral
C05460,Sefrioui,Ali,ali.sefrioui292@live.fr,1989-02-17,male,fes,0691996902,2025-03-20,web
C05461,Alaoui,Sanae,sanae.alaoui430@outlook.com,1960-11-21,female,Safi,0669204079,2024-02-17,web
C05462,Cherkaoui,Ahmed,hanane.sefrioui266@hotmail.com,1985-10-04,male,Oujda,0696646357,2022-07-10,social_media
C05463,Rahmouni,Soufiane,soufiane.rahmouni561@live.fr,1966-12-06,Femme,Tétouan,0681085884,2022-09-20,marketplace
C05464,Benali,Said,said.benali268@gmail.com,1971-07-28,Homme,MARRAKECH,0635877972,2024-04-13,mobile
C05465,Lahlou,Amine,amine.lahlou45@gmail.com,1961-05-11,0,Kénitra,0614907922,2022-02-02,mobile
C05466,El Mansouri,Youssef,youssef.elmansouri301@yahoo.fr,1966-04-12,female,casa,0696208978,2025-06-03,referral
C05467,Benali,Asmae,asmae.benali485@gmail.com,1988-02-20,h,fes,0632960027,2025-03-16,marketplace
C05468,Naciri,Reda,reda.naciri864@live.fr,1983-06-22,female,Oujda,0663291122,2025-08-25,web
C05469,Berrada,Said,said.berrada715@gmail.com,1987-02-22,1,fes,0613702080,2024-08-22,web
C05470,Benkirane,Hamza,hamza.benkirane353@live.fr,1988-03-21,m,Nador,0683475900,2025-05-18,referral
C05471,Naciri,Sara,sara.naciri577@gmail.com,1962-06-05,f,Kénitra,0644101149,2023-11-13,web
C05472,Alaoui,Hind,hind.alaoui315@outlook.com,1963-09-18,Femme,Fès,0687236288,2025-06-01,web
C05473,Fassi Fihri,Soufiane,soufiane.fassifihri4@yahoo.fr,1986-03-05,female,Kénitra,0631697330,2025-09-06,marketplace
C05474,Sefrioui,Karim,karim.sefrioui884@yahoo.fr,1993-12-09,male,Nador,0645548192,2022-01-19,web
C05475,Benjelloun,Hassan,hassan.benjelloun793@hotmail.com,2006-08-21,male,Agadir,0670120894,2025-08-06,mobile
C05476,El Amrani,Sara,sara.elamrani846@hotmail.com,2001-03-22,h,TNG,0682840580,2025-04-28,web
C05477,Sefrioui,Mehdi,hassan.ouahbi198@yahoo.fr,1981-02-27,Femme,Rabat,0695959106,2023-06-14,social_media
C05478,El Ouazzani,Mehdi,mehdi.elouazzani50@gmail.com,2006-09-28,male,Mohammedia,0694583989,2024-12-14,marketplace
C05479,Kettani,Ilham,ilham.kettani298@hotmail.com,1962-06-01,0,tanger,0622764838,2022-12-03,referral
C05480,Tahiri,Mohamed,mohamed.tahiri848@live.fr,1993-03-11,Femme,Oujda,0616468666,2021-08-25,mobile
C05481,Benali,Imad,imad.benali665@yahoo.fr,1976-07-19,Femme,Fès,0635455954,2022-05-10,mobile
C05482,Benkirane,Houda,houda.benkirane853@outlook.com,2026-04-06,0,Oujda,0650657012,2022-01-10,referral
C05483,Alaoui,Imad,imad.alaoui364@yahoo.fr,1971-03-16,m,El Jadida,0619569718,2025-03-17,social_media
C05484,Benjelloun,Hamza,hamza.benjelloun269@hotmail.com,1994-12-09,0,Tanger,0675631338,2023-04-27,social_media
C05485,Bouazza,Amina,amina.bouazza345@hotmail.com,1978-09-06,H,Meknès,0661957806,2024-06-19,marketplace
C05486,Kettani,Reda,reda.kettani257@live.fr,2026-02-02,male,Tanger,0655067325,2024-03-08,referral
C05487,Ziani,Hind,hind.ziani518@gmail.com,1977-07-22,0,RABAT,0663590722,2023-10-11,social_media
C05488,Bouzid,Samira,samira.bouzid189@gmail.com,2006-06-03,male,CASA,0688076570,2022-12-02,social_media
C05489,El Ouazzani,Omar,omar.elouazzani724@yahoo.fr,2002-05-20,0,tanger,0684727094,2023-02-25,marketplace
C05490,Chraibi,Houda,houda.chraibi596@yahoo.fr,1982-05-20,Femme,Casablanca,0678752298,2023-02-11,social_media
C05491,El Idrissi,Driss,driss.elidrissi178@gmail.com,1994-12-12,Femme,Nador,0660462769,2025-10-15,referral
C05492,Naciri,Khalid,khalid.naciri6@yahoo.fr,1998-01-28,Femme,casa,0691226561,2025-08-14,referral
C05493,El Ouazzani,Ali,ali.elouazzani774@live.fr,1987-10-02,Homme,RABAT,0630822016,2025-11-01,social_media
C05494,Berrada,Loubna,loubna.berrada@,1977-10-15,1,mkch,0653081191,2025-05-15,mobile
C05495,Lahlou,Ahmed,ahmed.lahlou324@gmail.com,1974-12-16,Femme,Meknès,0652363252,2022-10-20,mobile
C05496,Bennani,Mehdi,mehdi.bennani59@outlook.com,1991-06-20,f,FES,0674385572,2025-11-25,mobile
C05497,El Mansouri,Loubna,loubna.elmansouri931@live.fr,1961-06-01,male,Nador,0689975250,2023-08-12,referral
C05498,Tahiri,Mehdi,mehdi.tahiri837@hotmail.com,2000-11-22,h,TANGER,0615478898,2021-10-09,marketplace
C05499,Chraibi,Rachid,rachid.chraibi595@hotmail.com,1972-06-17,Femme,TANGER,0636478981,2021-06-18,web
C05500,Berrada,Reda,reda.berrada258@yahoo.fr,1977-03-23,m,Fès,0640660278,2021-02-16,referral
C05501,Berrada,Khalid,khalid.berrada256@yahoo.fr,2006-05-18,female,TANGER,0612969973,2023-01-15,web
C05502,Berrada,Hassan,hassan.berrada333@hotmail.com,2004-12-01,1,Tétouan,0624873052,2023-08-24,web
C05503,Chraibi,Dounia,khadija.chraibi378@outlook.com,1963-05-03,1,Marrakech,0677909225,2022-06-17,social_media
C05504,Haddad,Zineb,zineb.haddad140@gmail.com,2003-01-04,male,casa,0677375598,2021-10-18,marketplace
C05505,Tazi,Khalid,khalid.tazi529@hotmail.com,1984-02-05,female,Casablanca,0669053465,2023-10-05,referral
C05506,Alaoui,Khalid,khalid.alaoui187@gmail.com,1960-02-01,Homme,rbt,0646439033,2021-09-22,referral
C05507,Skalli,Amina,amina.skalli@,1967-11-24,Homme,Fès,0692693634,2025-09-21,mobile
C05508,Kettani,Said,said.kettani578@yahoo.fr,1999-03-13,male,Tnja,0621178467,2025-11-03,social_media
C05509,Chraibi,Meryem,meryem.chraibi392@outlook.com,1974-11-23,Homme,Agadir,0628206509,2021-09-18,referral
C05510,Benali,Loubna,loubna.benali557@outlook.com,1979-09-27,female,Safi,0667747088,2023-02-13,mobile
C05511,Amrani,Asmae,asmae.amrani803@outlook.com,1971-05-01,Femme,mkch,0625088886,2023-05-26,social_media
C05512,Filali,Nadia,nadia.filali898@gmail.com,1989-03-21,0,rbt,0635533616,2022-09-02,mobile
C05513,Skalli,Said,said.skalli9@yahoo.fr,1971-05-08,Homme,Rabat,0654554109,2022-01-27,referral
C05514,Alaoui,Houda,houda.alaoui@,1987-02-22,female,fes,0672691347,2022-07-21,social_media
C05515,Bouazza,Zineb,zineb.bouazza136@yahoo.fr,1980-09-01,H,Fès,0622811208,2022-12-22,mobile
C05516,Tahiri,Karim,karim.tahiri754@outlook.com,1985-06-21,1,Safi,0621786972,2022-02-24,social_media
C05517,Benali,Sanae,sanae.benali172@gmail.com,1973-10-01,m,Nador,0651852480,2022-01-13,web
C05518,Rahmouni,Soufiane,soufiane.rahmouni766@hotmail.com,1999-01-26,m,MARRAKECH,0647024046,2024-09-07,web
C05519,El Ouazzani,Nabil,nabil.elouazzani16,1963-11-14,1,Nador,0636437201,2021-09-09,referral
C05520,Tazi,Ilham,ilham.tazi918@yahoo.fr,1965-11-21,0,fes,0674907663,2021-09-27,mobile
C05521,Haddad,Hamza,hamza.haddad817@hotmail.com,1987-04-28,0,fes,0689471734,2021-02-12,social_media
C05522,Bouazza,Nawal,nawal.bouazza928@yahoo.fr,1994-09-11,Femme,Mohammedia,0641666027,2023-08-13,marketplace
C05523,Fassi Fihri,Adil,adil.fassifihri114@hotmail.com,1973-08-08,Femme,CASA,0645877297,2025-04-02,marketplace
C05524,Benjelloun,Rim,rim.benjelloun630@hotmail.com,2005-04-16,f,Tanger,0613771435,2024-10-25,marketplace
C05525,Rahmouni,Said,said.rahmouni488@gmail.com,1991-03-04,0,tanger,0685483276,2024-11-17,social_media
C05526,Filali,Sanae,sanae.filali975@live.fr,2000-04-03,female,Tanger,0648031222,2022-04-12,referral
C05527,Chraibi,Sara,sara.chraibi327@hotmail.com,1973-03-25,male,Marrakech,0636494080,2022-10-11,web
C05528,Skalli,Said,said.skalli191@yahoo.fr,2000-04-04,h,MARRAKECH,0698884386,2023-10-23,web
C05529,Naciri,Nawal,dounia.benkirane626@outlook.com,1968-03-17,f,MARRAKECH,0684864641,2021-01-24,referral
C05530,El Ouazzani,Zakaria,soufiane.benjelloun803@live.fr,2000-10-04,m,Kénitra,0627252445,2021-12-08,web
C05531,Ziani,Mohamed,mohamed.ziani196@gmail.com,1970-07-19,male,El Jadida,0677420271,2021-08-05,web
C05532,Amrani,Ilham,ilham.amrani812@yahoo.fr,1880-01-06,Homme,casa,0642374361,2022-02-19,social_media
C05533,Tahiri,Ghita,ghita.tahiri278@gmail.com,1996-02-20,H,Tanger,0638949098,2023-10-06,marketplace
C05534,Fassi Fihri,Dounia,dounia.fassifihri498@hotmail.com,1979-10-25,m,MARRAKECH,0614568333,2025-08-17,marketplace
C05535,El Idrissi,Youssef,youssef.elidrissi14,1982-02-05,Homme,Béni Mellal,0652076750,2021-01-16,mobile
C05536,Lahlou,Nadia,nadia.lahlou763@hotmail.com,1990-06-12,Homme,Oujda,0622871112,2025-05-20,mobile
C05537,Bouzid,Houda,houda.bouzid313@hotmail.com,1999-07-04,Homme,TNG,0664397863,2025-10-10,marketplace
C05538,Skalli,Sanae,sanae.skalli229@outlook.com,1960-02-14,Homme,Tnja,0691491012,2021-03-16,mobile
C05539,Berrada,Khalid,khalid.berrada68@gmail.com,1986-09-19,H,Tanger,0625836658,2022-04-05,social_media
C05540,Bouzid,Rachid,rachid.bouzid215@yahoo.fr,1963-06-12,female,Nador,0623815454,2024-12-02,marketplace
C05541,Ouahbi,Soufiane,soufiane.ouahbi785@hotmail.com,2002-10-04,m,Mohammedia,0646844246,2025-03-09,web
C05542,Tahiri,Omar,omar.tahiri132@hotmail.com,1977-02-02,H,Casablanca,0690346371,2025-05-05,social_media
C05543,Kettani,Asmae,asmae.kettani143@yahoo.fr,1967-04-06,male,rbt,0634343830,2023-07-27,web
C05544,El Ouazzani,Ghita,ghita.elouazzani916@gmail.com,1983-02-14,Homme,Tanger,0672859556,2022-12-20,social_media
C05545,Haddad,Amina,amina.haddad127@outlook.com,1977-10-27,f,Béni Mellal,0651420248,2024-02-15,social_media
C05546,Bouazza,Nabil,nabil.bouazza58@hotmail.com,2005-03-02,H,FES,0612507686,2024-06-16,marketplace
C05547,Benjelloun,Hind,hind.benjelloun905@hotmail.com,1980-04-25,H,Mohammedia,0666074771,2021-04-16,mobile
C05548,Benjelloun,Hanane,hanane.benjelloun735@gmail.com,1969-02-24,H,Kénitra,0630404273,2025-03-15,marketplace
C05549,El Ouazzani,Asmae,asmae.elouazzani681@yahoo.fr,1995-05-23,0,CASA,0643561728,2021-07-21,social_media
C05550,Tahiri,Samira,samira.tahiri859@gmail.com,2004-06-09,male,Nador,0692487455,2021-06-15,social_media
C05551,Filali,Rachid,rachid.filali959@live.fr,1963-10-15,1,rbt,0626791708,2025-09-14,mobile
C05552,Ouahbi,Said,said.ouahbi744@yahoo.fr,2005-09-14,0,Fès,0688627083,2025-08-23,social_media
C05553,Ziani,Said,said.ziani398@live.fr,1998-05-16,H,rbt,0693180851,2023-09-12,referral
C05554,El Mansouri,Sara,wafae.berrada123@outlook.com,1960-10-10,Homme,casa,0670912312,2023-02-15,referral
C05555,Kettani,Amine,amine.kettani778@yahoo.fr,2006-06-02,f,Tétouan,0661699345,2023-04-22,mobile
C05556,El Amrani,Asmae,asmae.elamrani836@outlook.com,1978-12-01,m,Béni Mellal,0653653758,2024-09-27,referral
C05557,Lahlou,Adil,adil.lahlou337@gmail.com,1981-07-23,1,Meknès,0666664862,2024-06-09,marketplace
C05558,Ziani,Zakaria,ghita.elamrani989@yahoo.fr,1977-07-14,h,Tanger,0658552187,2024-01-24,mobile
C05559,Tahiri,Adil,adil.tahiri829@hotmail.com,1981-03-01,f,Fès,0613489761,2024-05-23,referral
C05560,Bouazza,Ilham,dounia.fassifihri663@yahoo.fr,1978-09-20,f,Tnja,0613107351,2021-12-21,mobile
C05561,Ouahbi,Meryem,meryem.ouahbi76,1985-08-07,f,MARRAKECH,0690703842,2025-04-08,referral
C05562,Benali,Fatima,fatima.benali842@live.fr,1971-08-16,Homme,FES,0619357013,2021-04-13,referral
C05563,Sefrioui,Zakaria,zakaria.sefrioui903@yahoo.fr,1990-06-22,female,FES,0643523088,2022-07-09,social_media
C05564,Kettani,Dounia,dounia.kettani752@outlook.com,1989-02-25,h,Fès,0680566224,2025-02-14,marketplace
C05565,Ziani,Samira,samira.ziani876@hotmail.com,1997-05-21,H,mkch,0653726141,2023-10-02,mobile
C05566,Rahmouni,Nawal,nawal.rahmouni623@live.fr,1964-12-09,Homme,Nador,0610914707,2021-01-03,referral
C05567,El Ouazzani,Sanae,sanae.elouazzani585@outlook.com,1988-02-07,1,casa,0627010077,2024-04-19,social_media
C05568,Chraibi,Hind,hind.chraibi786@yahoo.fr,2001-09-07,h,casa,0635595351,2024-12-01,referral
C05569,Naciri,Karim,karim.naciri770@hotmail.com,1991-01-16,f,Tétouan,0685880775,2023-02-10,social_media
C05570,Bennani,Hassan,hassan.bennani546@hotmail.com,1961-08-08,m,Marrakech,0680195438,2021-10-28,marketplace
C05571,Kettani,Rachid,rachid.kettani144@live.fr,1971-09-21,H,Casablanca,0679847699,2022-05-02,mobile
C05572,El Ouazzani,Dounia,dounia.elouazzani654@outlook.com,1991-01-18,1,Casablanca,0644213979,2025-08-02,marketplace
C05573,Chraibi,Ghita,asmae.elouazzani681@yahoo.fr,1983-11-18,m,tanger,0635670142,2024-10-09,mobile
C05574,Bennani,Nawal,nawal.bennani798@gmail.com,1984-06-20,m,Tétouan,0675632949,2024-12-01,marketplace
C05575,Benjelloun,Ali,ali.benjelloun217@hotmail.com,2004-10-09,1,Béni Mellal,0627969882,2022-05-15,referral
C05576,Naciri,Wafae,wafae.naciri953@hotmail.com,1983-10-28,0,Tnja,0670609724,2024-02-24,web
C05577,Lahlou,Loubna,loubna.lahlou754@live.fr,1998-11-24,Homme,Fès,0643638348,2021-11-19,web
C05578,El Mansouri,Nawal,nawal.elmansouri306@hotmail.com,1981-09-23,female,mkch,0698295268,2023-01-19,marketplace
C05579,Ziani,Zakaria,zakaria.ziani656@hotmail.com,1991-11-02,Homme,Béni Mellal,0673469258,2023-05-22,web
C05580,Ziani,Wafae,wafae.ziani231@gmail.com,1962-07-20,male,Casablanca,0616841634,2023-08-23,social_media
C05581,Tahiri,Mohamed,mohamed.tahiri901@gmail.com,1970-08-23,H,tanger,0651690841,2022-12-09,web
C05582,Skalli,Wafae,wafae.skalli925@yahoo.fr,1967-09-17,0,Mohammedia,0643266668,2022-03-03,web
C05583,Bouzid,Karim,karim.bouzid129@hotmail.com,1962-01-02,f,mkch,0691594600,2021-10-11,marketplace
C05584,Bouazza,Loubna,loubna.bouazza636@yahoo.fr,1961-06-15,female,Tétouan,0699927399,2024-04-13,marketplace
C05585,Bennani,Hassan,hassan.bennani398@hotmail.com,1999-05-17,1,Agadir,0662661975,2023-12-21,web
C05586,Bennani,Sanae,sanae.bennani523@live.fr,1978-04-16,1,TNG,0619879123,2024-03-04,referral
C05587,Tazi,Imad,imad.tazi912@yahoo.fr,1999-11-16,H,CASA,0644730689,2022-11-01,referral
C05588,Rahmouni,Hind,hind.rahmouni562@gmail.com,1998-12-27,H,Rabat,0665705605,2022-06-02,referral
C05589,Fassi Fihri,Sara,sara.fassifihri720@yahoo.fr,2000-09-21,f,Casablanca,0651548648,2024-04-03,social_media
C05590,Filali,Hanane,hanane.filali761@yahoo.fr,1986-12-14,m,Marrakech,0636733167,2025-06-11,referral
C05591,Benkirane,Ahmed,ahmed.benkirane696@gmail.com,1993-11-18,f,El Jadida,0682125045,2021-08-18,referral
C05592,Bennani,Hanane,hanane.bennani@,1969-02-21,female,Agadir,0657022105,2021-03-04,mobile
C05593,Benali,Soufiane,soufiane.benali898@yahoo.fr,1968-03-11,H,Marrakech,0670811980,2024-02-15,referral
C05594,Bennani,Ali,ali.bennani112@yahoo.fr,1961-04-13,male,tanger,0649026474,2021-08-04,referral
C05595,El Ouazzani,Loubna,loubna.elouazzani464@hotmail.com,1977-06-16,m,rbt,0668230884,2024-11-15,mobile
C05596,El Idrissi,Hassan,hassan.elidrissi730@gmail.com,1971-03-24,0,casa,0676065075,2022-10-10,referral
C05597,Bennani,Youssef,youssef.bennani938@gmail.com,2002-07-07,Femme,Safi,0653819304,2024-09-23,social_media
C05598,Bennani,Soufiane,soufiane.bennani593@gmail.com,1991-04-09,f,FES,0693132368,2025-11-06,web
C05599,Alaoui,Nawal,nawal.alaoui217@outlook.com,1982-07-05,Femme,El Jadida,0669412583,2023-12-19,mobile
C05600,Kettani,Mehdi,mehdi.kettani798@live.fr,1994-09-09,m,Agadir,0622533402,2023-09-07,social_media
C05601,Bouzid,Driss,sara.cherkaoui636@gmail.com,1985-12-05,m,Mohammedia,0671308463,2025-03-17,marketplace
C05602,Lahlou,Hassan,hassan.lahlou919@hotmail.com,1994-06-26,0,fes,0653875550,2025-01-05,social_media
C05603,Naciri,Brahim,brahim.naciri525@yahoo.fr,1966-01-18,H,tanger,0649899613,2025-07-14,web
C05604,Naciri,Reda,reda.naciri702@yahoo.fr,1983-11-11,H,TANGER,0647624684,2022-10-27,marketplace
C05605,Fassi Fihri,Ali,ali.fassifihri759@live.fr,1964-12-03,0,Béni Mellal,0656560043,2021-12-12,referral
C05606,Tahiri,Wafae,wafae.tahiri176@hotmail.com,1975-03-10,Homme,MARRAKECH,0632046483,2022-07-23,referral
C05607,Haddad,Sanae,sanae.haddad326@outlook.com,1982-12-25,0,Nador,0656883450,2024-01-08,social_media
C05608,Kettani,Driss,driss.kettani747@live.fr,1985-11-21,0,Tétouan,0674911271,2023-08-01,social_media
C05609,Benjelloun,Ilham,ilham.benjelloun@,1984-04-16,h,TNG,0665310684,2021-03-03,referral
C05610,Alaoui,Hanane,hanane.alaoui927@gmail.com,1989-02-16,h,Béni Mellal,0638847882,2022-09-05,mobile
C05611,El Idrissi,Mustapha,mustapha.elidrissi802@gmail.com,1982-02-07,0,tanger,0688626047,2022-03-14,web
C05612,Bouazza,Mustapha,mustapha.bouazza252@outlook.com,1970-01-18,0,tanger,0633955667,2024-01-02,web
C05613,El Amrani,Amina,amina.elamrani414@gmail.com,1986-09-18,Homme,CASA,0690558124,2022-05-18,mobile
C05614,Tazi,Imad,imad.tazi857@yahoo.fr,1976-02-12,female,TNG,0637996522,2022-01-25,web
C05615,Lahlou,Rim,sanae.filali262@yahoo.fr,1990-05-16,Homme,Rabat,0662985170,2022-09-08,social_media
C05616,El Idrissi,Hanane,hanane.elidrissi929@hotmail.com,1978-08-05,H,TNG,0666950315,2023-06-08,marketplace
C05617,Lahlou,Dounia,dounia.lahlou6@outlook.com,1972-09-19,Femme,mkch,0666312529,2022-06-04,referral
C05618,Naciri,Karim,karim.naciri556@outlook.com,1971-10-05,m,rbt,0642040505,2025-06-02,marketplace
C05619,Skalli,Nadia,nadia.skalli512@gmail.com,1965-06-06,h,Mohammedia,0683765779,2023-12-23,social_media
C05620,Ouahbi,Mustapha,mustapha.ouahbi518@gmail.com,1971-10-19,m,Rabat,0624726380,2021-02-27,web
C05621,Bouazza,Houda,houda.bouazza558@live.fr,1968-08-08,female,CASA,0691880194,2023-06-20,referral
C05622,Benkirane,Driss,driss.benkirane765@live.fr,1963-09-12,h,Fès,0652620966,2025-03-09,marketplace
C05623,Cherkaoui,Fatima,salma.kettani336@live.fr,1997-09-11,f,Oujda,0656451384,2024-11-27,web
C05624,Tahiri,Hamza,hamza.tahiri507@hotmail.com,1969-12-18,Femme,TNG,0622167505,2022-11-09,web
C05625,Alaoui,Amina,amina.alaoui853@gmail.com,1986-04-08,female,RABAT,0615533732,2025-02-17,social_media
C05626,Kettani,Imad,imad.kettani295@yahoo.fr,1972-04-02,male,Fès,0635639135,2024-05-06,mobile
C05627,Tazi,Karim,karim.tazi588@yahoo.fr,1979-05-02,m,Casablanca,0628564520,2024-04-15,web
C05628,Chraibi,Nadia,nadia.chraibi756@gmail.com,1977-10-14,male,TANGER,0659229704,2022-09-06,social_media
C05629,Chraibi,Salma,salma.chraibi81@live.fr,1965-04-07,h,Casablanca,0659535866,2021-09-04,web
C05630,Alaoui,Karim,karim.alaoui42@gmail.com,1998-12-04,m,CASA,0644316714,2021-05-26,mobile
C05631,Tahiri,Imad,imad.tahiri590@yahoo.fr,1967-04-12,1,Nador,0636443338,2023-07-13,referral
C05632,Benali,Mehdi,mehdi.benali345@outlook.com,1996-02-27,H,Marrakech,0649537917,2021-03-20,referral
C05633,Tazi,Youssef,youssef.tazi141@outlook.com,1991-06-01,1,Marrakech,0671408296,2022-09-18,mobile
C05634,El Ouazzani,Ahmed,ahmed.elouazzani312@yahoo.fr,1989-06-15,Homme,Safi,0672267112,2024-08-22,referral
C05635,Fassi Fihri,Nadia,nadia.fassifihri762@live.fr,1969-07-11,f,Oujda,0636871711,2024-11-17,social_media
C05636,Bennani,Youssef,youssef.bennani67@yahoo.fr,1999-02-11,Homme,Safi,0682697491,2021-08-22,mobile
C05637,Naciri,Karim,karim.naciri192@gmail.com,1999-10-17,Femme,tanger,0639498220,2025-09-05,social_media
C05638,Berrada,Rachid,rachid.berrada202@hotmail.com,2003-01-15,H,MARRAKECH,0642006992,2021-03-05,web
C05639,Cherkaoui,Said,said.cherkaoui821@gmail.com,1978-09-21,m,Kénitra,0647328861,2023-05-09,web
C05640,Cherkaoui,Salma,salma.cherkaoui648@yahoo.fr,1993-01-02,female,Safi,0634129377,2023-08-24,marketplace
C05641,Bouazza,Wafae,wafae.bouazza631@yahoo.fr,2004-03-26,Homme,rbt,0628837829,2022-04-27,web
C05642,Fassi Fihri,Soufiane,soufiane.fassifihri795@hotmail.com,1992-07-23,H,MARRAKECH,0663112698,2021-07-06,marketplace
C05643,Bennani,Khalid,khalid.bennani44@live.fr,1964-04-21,h,CASA,0695156063,2025-05-16,web
C05644,Benali,Hamza,hamza.benali269@outlook.com,1963-12-23,1,Casablanca,0631979178,2022-09-22,referral
C05645,Lahlou,Nawal,nawal.lahlou667@outlook.com,1989-11-08,0,RABAT,0684604783,2024-01-08,referral
C05646,Berrada,Nabil,nabil.berrada788@gmail.com,1961-07-07,male,El Jadida,0694208643,2023-10-19,referral
C05647,El Ouazzani,Hind,hind.elouazzani226@hotmail.com,1993-02-01,m,mkch,0628163232,2023-04-11,web
C05648,Berrada,Hamza,hamza.berrada366@outlook.com,1996-09-24,h,MARRAKECH,0646434552,2024-05-24,social_media
C05649,Benjelloun,Karim,karim.benjelloun112@live.fr,1994-07-02,f,MARRAKECH,0638711268,2024-03-11,social_media
C05650,Ouahbi,Meryem,meryem.ouahbi99@live.fr,1984-08-27,0,TNG,0619988208,2024-08-03,web
C05651,El Amrani,Khadija,khadija.elamrani975@hotmail.com,2026-11-13,h,Agadir,0674618924,2022-06-28,mobile
C05652,Lahlou,Driss,driss.lahlou568@hotmail.com,1999-02-12,male,Rabat,0613585549,2025-11-05,referral
C05653,Amrani,Mohamed,mohamed.amrani479@outlook.com,1971-08-08,male,Casablanca,0689906561,2022-08-15,referral
C05654,Filali,Rim,rim.filali73@hotmail.com,1972-07-11,h,FES,0679398309,2024-05-21,marketplace
C05655,Skalli,Zakaria,zakaria.skalli718@outlook.com,1979-04-08,H,tanger,0630793913,2025-08-23,mobile
C05656,Filali,Amine,amine.filali608@hotmail.com,1966-02-19,Homme,casa,0677335573,2024-12-25,social_media
C05657,El Idrissi,Amine,amine.elidrissi373@outlook.com,1971-01-13,0,TANGER,0698536261,2024-10-15,mobile
C05658,Berrada,Hassan,hassan.berrada526@gmail.com,2003-05-19,H,Tnja,0613834627,2021-01-03,mobile
C05659,El Idrissi,Fatima,fatima.elidrissi982@gmail.com,1978-07-24,1,Tétouan,0632775382,2022-04-02,referral
C05660,Rahmouni,Brahim,brahim.rahmouni601@yahoo.fr,1979-01-07,h,MARRAKECH,0619699930,2022-10-06,mobile
C05661,Benali,Mehdi,mehdi.benali421@gmail.com,1962-01-25,h,TANGER,0661682920,2023-02-11,mobile
C05662,El Idrissi,Nawal,nawal.elidrissi239@gmail.com,1962-12-03,0,Tnja,0616721891,2022-04-21,mobile
C05663,Berrada,Zineb,zineb.berrada588@live.fr,1970-05-08,1,Marrakech,0661569602,2022-06-28,marketplace
C05664,El Mansouri,Brahim,brahim.elmansouri420@yahoo.fr,1983-06-14,H,Fès,0610926062,2025-10-23,mobile
C05665,Ouahbi,Hind,hind.ouahbi326@yahoo.fr,1979-08-19,Femme,tanger,0649486853,2024-06-14,mobile
C05666,Cherkaoui,Mehdi,mehdi.cherkaoui632@live.fr,1971-01-21,1,Tétouan,0622144123,2024-02-26,mobile
C05667,Tahiri,Nabil,nabil.tahiri781@yahoo.fr,1995-05-07,m,mkch,0643616768,2022-08-05,web
C05668,El Mansouri,Rim,rim.elmansouri629@gmail.com,1998-09-04,h,Agadir,0698156468,2024-11-04,social_media
C05669,Bouazza,Youssef,youssef.bouazza232@yahoo.fr,1990-08-17,female,Rabat,0625786547,2023-03-12,web
C05670,Chraibi,Meryem,meryem.chraibi560@live.fr,1990-05-22,Femme,Rabat,0639082347,2024-08-11,web
C05671,Rahmouni,Soufiane,soufiane.rahmouni492@live.fr,1998-12-12,female,FES,0648348789,2023-02-11,web
C05672,Benkirane,Omar,omar.benkirane904@hotmail.com,1986-07-26,h,Nador,0611060632,2024-09-22,mobile
C05673,El Mansouri,Ilham,ilham.elmansouri710@gmail.com,1964-02-26,male,Tétouan,0688116085,2024-06-11,marketplace
C05674,El Amrani,Brahim,brahim.elamrani96@hotmail.com,2000-07-10,H,Tnja,0691414554,2024-03-23,marketplace
C05675,Fassi Fihri,Rim,rim.fassifihri519@gmail.com,1986-05-09,0,Meknès,0651030968,2025-04-16,social_media
C05676,Sefrioui,Sanae,sanae.sefrioui554@outlook.com,2006-05-27,female,mkch,0687967214,2025-02-14,social_media
C05677,El Ouazzani,Ali,ali.elouazzani914@hotmail.com,1975-12-07,male,TANGER,0621883055,2023-12-22,referral
C05678,Rahmouni,Khalid,khalid.rahmouni825@outlook.com,1973-12-27,Homme,TANGER,0666095615,2024-08-13,web
C05679,Bennani,Hamza,hamza.bennani233@hotmail.com,1962-03-02,m,casa,0647359725,2021-02-26,marketplace
C05680,Berrada,Adil,samira.haddad16@gmail.com,1989-03-05,Homme,casa,0650604395,2023-08-06,mobile
C05681,Bennani,Sara,sara.bennani914@outlook.com,1980-11-18,Femme,Casablanca,0637078591,2021-09-05,web
C05682,Ziani,Nabil,nabil.ziani699@hotmail.com,1981-06-13,h,Tnja,0662495573,2023-03-05,web
C05683,Benkirane,Dounia,dounia.benkirane828@outlook.com,1880-11-26,f,rbt,0677822710,2021-10-01,web
C05684,El Ouazzani,Laila,mehdi.cherkaoui632@live.fr,1993-09-17,h,Safi,0619246781,2022-06-17,mobile
C05685,Filali,Khadija,khadija.filali168@outlook.com,1964-05-04,1,Fès,0655629992,2024-09-19,web
C05686,Lahlou,Hind,hind.lahlou892@hotmail.com,1983-03-19,female,Nador,0627659786,2024-05-21,referral
C05687,El Ouazzani,Mustapha,mustapha.elouazzani893@live.fr,2005-07-18,f,Oujda,0669914220,2022-09-26,referral
C05688,Benkirane,Khadija,khadija.benkirane26@outlook.com,1963-06-05,h,tanger,0676345758,2025-02-24,social_media
C05689,Benkirane,Youssef,youssef.benkirane848@hotmail.com,2000-09-09,male,rbt,0632233982,2022-02-04,marketplace
C05690,El Amrani,Ilham,ilham.fassifihri675@hotmail.com,1993-10-19,H,Kénitra,0648121737,2023-08-01,web
C05691,Amrani,Ali,ali.amrani257@outlook.com,1976-03-23,Femme,fes,0668514707,2021-10-27,mobile
C05692,El Amrani,Hind,hind.elamrani693@gmail.com,1993-07-01,f,Nador,0665912081,2024-09-26,mobile
C05693,Fassi Fihri,Meryem,meryem.fassifihri329@gmail.com,1969-07-18,Homme,Casablanca,0699839136,2022-12-25,marketplace
C05694,Rahmouni,Mustapha,mustapha.rahmouni408@gmail.com,1978-01-28,Femme,FES,0688810164,2022-06-03,marketplace
C05695,Alaoui,Youssef,youssef.alaoui300@outlook.com,1974-05-18,h,Fès,0620871100,2022-11-03,marketplace
C05696,El Mansouri,Khalid,khalid.elmansouri219@hotmail.com,1980-07-19,Femme,fes,0623799709,2022-05-01,mobile
C05697,Haddad,Said,said.haddad932@outlook.com,1978-09-26,H,TNG,0658151301,2021-12-17,mobile
C05698,Benkirane,Amina,amina.benkirane527@yahoo.fr,1974-07-28,1,Fès,0678064352,2022-11-20,mobile
C05699,Skalli,Driss,driss.skalli99@gmail.com,1984-09-24,Femme,Fès,0610630441,2023-01-01,social_media
C05700,El Ouazzani,Hassan,hassan.elouazzani625@live.fr,1966-02-25,f,Casablanca,0629647954,2021-07-22,referral
C05701,Tahiri,Youssef,youssef.tahiri757@yahoo.fr,2001-01-21,Femme,casa,0671136031,2022-10-21,web
C05702,Kettani,Ilham,ilham.kettani627@yahoo.fr,1981-07-03,m,FES,0695288338,2022-02-20,referral
C05703,Fassi Fihri,Nawal,nawal.fassifihri497@yahoo.fr,1999-10-26,Femme,TANGER,0627138234,2023-05-15,marketplace
C05704,Naciri,Omar,omar.naciri21@hotmail.com,1980-01-19,f,MARRAKECH,0615163892,2025-01-16,web
C05705,Alaoui,Nadia,nadia.alaoui311@live.fr,1967-06-04,Femme,Fès,0623003296,2022-07-26,mobile
C05706,Benali,Zineb,mustapha.sefrioui323@outlook.com,1993-03-15,m,tanger,0675887191,2021-10-04,social_media
C05707,Benali,Soufiane,soufiane.benali135@gmail.com,1987-09-18,Homme,fes,0660207069,2024-10-26,marketplace
C05708,El Idrissi,Brahim,brahim.elidrissi839@gmail.com,1987-08-02,m,Rabat,0640920089,2025-04-05,referral
C05709,Benali,Omar,omar.benali561@gmail.com,1965-08-02,Femme,mkch,0648514005,2023-08-13,web
C05710,Benkirane,Imad,imad.benkirane50@outlook.com,1971-05-09,f,Béni Mellal,0651376215,2022-04-15,referral
C05711,Chraibi,Nawal,nawal.chraibi820@live.fr,1974-05-16,H,Agadir,0647797236,2021-08-05,social_media
C05712,Haddad,Said,said.haddad504@live.fr,1968-01-11,h,TNG,0674919395,2023-01-13,mobile
C05713,Bouzid,Karim,karim.bouzid242@live.fr,1997-02-20,m,Oujda,0628574704,2025-09-14,social_media
C05714,Berrada,Fatima,fatima.berrada261@outlook.com,1997-12-06,H,mkch,0642575575,2025-12-06,web
C05715,El Amrani,Meryem,meryem.elamrani897@outlook.com,1963-07-21,h,Marrakech,0635828231,2023-12-12,mobile
C05716,Ouahbi,Nabil,nabil.ouahbi387@live.fr,1987-08-04,Homme,TANGER,0623914222,2025-05-15,marketplace
C05717,El Amrani,Sara,sara.elamrani94@yahoo.fr,1991-03-09,h,Marrakech,0687452207,2021-06-08,marketplace
C05718,Bouazza,Omar,omar.bouazza232@gmail.com,1978-04-10,0,Oujda,0681464261,2023-07-10,social_media
C05719,Tazi,Imad,imad.tazi606@hotmail.com,1973-04-09,Femme,Kénitra,0650714559,2021-07-01,social_media
C05720,Bouazza,Youssef,salma.ouahbi642@live.fr,1983-11-24,female,Fès,0659201350,2022-07-08,marketplace
C05721,Kettani,Said,said.kettani744@gmail.com,1970-05-20,m,Kénitra,0698213421,2022-09-21,marketplace
C05722,El Ouazzani,Samira,samira.elouazzani597@yahoo.fr,1978-10-18,f,Tnja,0645078842,2022-06-02,social_media
C05723,El Idrissi,Khalid,khalid.elidrissi221@gmail.com,1991-02-03,female,Tétouan,0642304939,2025-06-13,web
C05724,Chraibi,Youssef,youssef.chraibi200@gmail.com,1995-09-15,male,Fès,0660869259,2023-07-21,referral
C05725,Tahiri,Amine,amine.tahiri137@gmail.com,1987-12-04,male,Meknès,0662716663,2021-10-05,mobile
C05726,Bennani,Mehdi,mehdi.bennani444@gmail.com,1969-09-08,h,TNG,0646174796,2021-01-19,social_media
C05727,Tazi,Zakaria,zakaria.tazi967@outlook.com,1965-07-22,H,CASA,0694955845,2025-11-19,web
C05728,Bennani,Brahim,brahim.bennani613@live.fr,1961-04-24,H,Fès,0633412360,2021-09-23,social_media
C05729,Benali,Adil,adil.benali347@outlook.com,1982-05-06,0,El Jadida,0684366182,2021-10-11,mobile
C05730,Skalli,Imad,imad.skalli295@yahoo.fr,1988-01-04,m,RABAT,0691110550,2024-03-22,referral
C05731,Naciri,Loubna,loubna.naciri312@live.fr,1982-09-28,Femme,El Jadida,0647665723,2023-10-03,marketplace
C05732,Benali,Zakaria,zakaria.benali355@gmail.com,1977-10-19,male,Kénitra,0638928215,2025-06-01,web
C05733,Haddad,Zakaria,zakaria.haddad276@yahoo.fr,1960-10-27,1,fes,0644378099,2021-06-28,mobile
C05734,Rahmouni,Reda,reda.rahmouni710@hotmail.com,1960-08-09,Homme,Oujda,0657157364,2025-08-10,mobile
C05735,Ouahbi,Soufiane,soufiane.ouahbi57@gmail.com,2000-01-05,m,CASA,0698556322,2023-08-07,marketplace
C05736,Fassi Fihri,Ghita,ghita.fassifihri310@gmail.com,1978-10-08,H,Meknès,0660537008,2022-06-04,marketplace
C05737,Sefrioui,Ilham,ilham.sefrioui189@yahoo.fr,1992-10-15,female,Fès,0691465652,2022-04-28,referral
C05738,Skalli,Dounia,amine.haddad550@hotmail.com,1980-03-09,H,Béni Mellal,0639975277,2025-09-12,web
C05739,Benkirane,Adil,adil.benkirane7,1982-11-14,male,Safi,0635143252,2024-04-16,referral
C05740,Sefrioui,Asmae,asmae.sefrioui74@outlook.com,1994-05-09,female,mkch,0659376868,2021-05-05,mobile
C05741,Alaoui,Asmae,adil.naciri702@live.fr,1980-08-18,1,TNG,0689683277,2024-04-12,marketplace
C05742,Chraibi,Zineb,zineb.chraibi179@yahoo.fr,1979-07-05,0,Kénitra,0655789896,2021-07-14,mobile
C05743,Naciri,Said,said.naciri332@outlook.com,1963-02-16,h,TNG,0662395778,2024-10-26,social_media
C05744,Kettani,Ghita,ghita.kettani420@yahoo.fr,1988-12-12,f,Tanger,0670380833,2025-03-11,referral
C05745,Bouzid,Imad,imad.bouzid50@live.fr,1961-03-15,male,mkch,0672428280,2022-02-08,mobile
C05746,Tazi,Samira,samira.tazi321@yahoo.fr,1983-03-08,1,Tnja,0634348659,2023-11-02,web
C05747,Bennani,Driss,driss.bennani216@yahoo.fr,1989-12-19,male,MARRAKECH,0671072370,2023-05-27,social_media
C05748,Fassi Fihri,Driss,driss.fassifihri40@yahoo.fr,1975-07-19,m,Agadir,0623612121,2022-02-20,social_media
C05749,Naciri,Hanane,hanane.naciri@@gmail.com,1988-10-08,female,mkch,0617393858,2025-12-24,mobile
C05750,Berrada,Wafae,wafae.berrada106@live.fr,1971-08-25,female,MARRAKECH,0610026810,2025-07-19,mobile
C05751,El Mansouri,Mohamed,mohamed.elmansouri176@gmail.com,1998-02-24,Femme,MARRAKECH,0622475388,2024-12-15,social_media
C05752,Bennani,Mustapha,mustapha.bennani695@live.fr,1988-04-28,f,Marrakech,0632788923,2023-06-28,social_media
C05753,Naciri,Ali,ali.naciri454@hotmail.com,2004-04-22,f,Safi,0637317120,2025-12-18,marketplace
C05754,Benkirane,Dounia,dounia.benkirane559@outlook.com,1984-08-19,female,Tétouan,0679473519,2024-11-24,web
C05755,El Mansouri,Reda,reda.elmansouri129@outlook.com,1970-04-07,female,Tnja,0697288256,2023-07-28,web
C05756,Ziani,Loubna,loubna.ziani489@outlook.com,1973-08-18,f,CASA,0626673332,2024-05-04,referral
C05757,El Ouazzani,Zineb,zineb.elouazzani80@outlook.com,1992-05-18,Homme,TNG,0643248524,2024-09-14,referral
C05758,Haddad,Khalid,khalid.haddad93@outlook.com,1974-02-06,H,mkch,0672952282,2024-11-22,mobile
C05759,Rahmouni,Omar,karim.ziani734@outlook.com,1968-10-27,H,El Jadida,0625815755,2021-12-11,social_media
C05760,Skalli,Hassan,hassan.skalli819@hotmail.com,1972-01-17,f,Tnja,0621117731,2025-09-28,social_media
C05761,Rahmouni,Salma,salma.rahmouni622@yahoo.fr,1993-12-07,f,MARRAKECH,0694409627,2023-04-02,social_media
C05762,Tazi,Hassan,hassan.tazi119@outlook.com,1973-12-20,male,TANGER,0662417464,2025-08-20,referral
C05763,Haddad,Zakaria,zakaria.haddad802@outlook.com,1979-12-21,h,fes,0672648089,2022-07-24,marketplace
C05764,Rahmouni,Ali,ali.rahmouni479@hotmail.com,2003-10-15,male,rbt,0655906868,2022-04-27,social_media
C05765,Bouazza,Nadia,nadia.bouazza342@live.fr,1974-06-07,m,Tnja,0671084587,2021-12-25,social_media
C05766,Sefrioui,Salma,salma.sefrioui387@gmail.com,2001-08-27,female,FES,0640945908,2025-05-17,referral
C05767,El Mansouri,Hanane,hanane.elmansouri373@hotmail.com,1976-07-21,f,Fès,0685722822,2025-03-24,social_media
C05768,El Ouazzani,Sara,sara.elouazzani135@gmail.com,1965-01-08,m,Marrakech,0638872000,2025-04-21,mobile
C05769,Ziani,Hamza,hamza.ziani480@live.fr,2000-07-22,female,Nador,0634622515,2025-07-13,marketplace
C05770,Cherkaoui,Hamza,hamza.cherkaoui412@outlook.com,1974-01-27,female,RABAT,0623775576,2024-07-16,mobile
C05771,Benkirane,Hanane,hanane.benkirane578@live.fr,1972-12-14,male,Kénitra,0698845419,2023-11-12,marketplace
C05772,Berrada,Sanae,sanae.berrada648@hotmail.com,1966-07-13,female,fes,0679619577,2021-05-19,social_media
C05773,Alaoui,Salma,salma.alaoui746@hotmail.com,1968-05-21,H,CASA,0688837286,2023-10-02,marketplace
C05774,Skalli,Amine,amine.skalli243@outlook.com,1983-09-23,Femme,rbt,0696942169,2025-09-12,referral
C05775,Berrada,Ahmed,ahmed.berrada147@gmail.com,2002-05-20,Homme,Tétouan,0672471273,2021-10-18,mobile
C05776,El Idrissi,Mehdi,mehdi.elidrissi983@yahoo.fr,2026-04-21,1,TANGER,0641771089,2023-09-20,social_media
C05777,El Mansouri,Wafae,wafae.elmansouri914@yahoo.fr,1989-03-16,Femme,rbt,0687068131,2025-06-07,referral
C05778,Benjelloun,Rim,rim.benjelloun218@outlook.com,1968-09-13,Femme,Marrakech,0625530941,2023-11-01,referral
C05779,Alaoui,Meryem,meryem.alaoui@,1961-08-19,f,RABAT,0660554092,2024-11-08,social_media
C05780,Alaoui,Amina,amina.alaoui14@gmail.com,2006-09-26,Femme,CASA,0657664336,2022-02-06,mobile
C05781,Fassi Fihri,Nawal,nawal.fassifihri800@hotmail.com,1968-09-21,m,MARRAKECH,0681264866,2022-04-17,mobile
C05782,Skalli,Said,said.skalli834@live.fr,1963-03-08,female,rbt,0680202999,2023-10-17,social_media
C05783,Alaoui,Youssef,youssef.alaoui681@yahoo.fr,2005-05-28,m,Safi,0617355640,2021-11-11,social_media
C05784,Naciri,Hamza,hamza.naciri325@hotmail.com,1980-01-19,0,Tnja,0617251371,2022-10-17,social_media
C05785,El Idrissi,Nawal,nawal.skalli450@gmail.com,1977-01-24,Femme,Fès,0667000365,2021-03-20,social_media
C05786,Benjelloun,Asmae,asmae.benjelloun613@yahoo.fr,1991-02-19,1,Fès,0650179393,2022-03-27,social_media
C05787,Fassi Fihri,Omar,omar.fassifihri703@hotmail.com,1991-07-04,f,mkch,0627426649,2022-10-24,social_media
C05788,Lahlou,Soufiane,soufiane.lahlou952@outlook.com,1968-04-27,0,rbt,0677470866,2024-10-05,web
C05789,Bennani,Zakaria,zakaria.bennani780@hotmail.com,1992-08-09,1,RABAT,0645952049,2024-05-25,web
C05790,Alaoui,Zineb,zineb.alaoui545@hotmail.com,1992-04-08,Homme,TNG,0699362433,2023-12-24,web
C05791,Bouazza,Reda,@outlook.com,1971-04-10,1,Safi,0640670910,2023-07-26,mobile
C05792,Tazi,Ahmed,ahmed.tazi493@yahoo.fr,1969-11-08,h,Rabat,0695626146,2025-07-08,web
C05793,Bouazza,Wafae,wafae.bouazza712@gmail.com,1969-04-16,m,Mohammedia,0667204754,2025-06-12,social_media
C05794,Bouazza,Mehdi,mehdi.bouazza447@gmail.com,1962-03-04,m,MARRAKECH,0668506890,2022-01-27,social_media
C05795,El Ouazzani,Adil,adil.elouazzani381@live.fr,1975-03-17,0,casa,0665270973,2024-05-23,marketplace
C05796,Chraibi,Khalid,khalid.chraibi346@gmail.com,1970-09-05,0,Kénitra,0674434092,2022-04-03,social_media
C05797,Chraibi,Karim,karim.chraibi658@live.fr,1976-07-18,Homme,Oujda,0656070037,2021-08-21,marketplace
C05798,Skalli,Driss,driss.skalli666@outlook.com,1984-01-20,H,TNG,0657506250,2024-11-18,web
C05799,Chraibi,Khalid,khalid.chraibi402@live.fr,1964-01-22,0,TANGER,0656697448,2021-08-19,referral
C05800,Haddad,Laila,laila.haddad683@outlook.com,1972-11-18,Femme,Béni Mellal,0653370053,2021-03-11,marketplace
C05801,Tazi,Reda,reda.tazi293@live.fr,1967-05-22,female,Casablanca,0671058392,2024-08-10,web
C05802,El Ouazzani,Nadia,nadia.elouazzani899@outlook.com,1971-05-09,Femme,Casablanca,0650802192,2024-03-24,web
C05803,Kettani,Imad,imad.kettani474@live.fr,1995-04-19,Homme,casa,0645648846,2024-01-26,referral
C05804,Sefrioui,Amine,amine.sefrioui861@gmail.com,1983-01-14,1,Meknès,0687695229,2021-09-15,referral
C05805,El Amrani,Rachid,rachid.elamrani418@gmail.com,1995-03-10,Homme,fes,0627729313,2024-11-19,mobile
C05806,Benkirane,Mustapha,mustapha.benkirane642@gmail.com,1996-03-22,0,casa,0637115992,2022-12-20,referral
C05807,Tahiri,Youssef,youssef.tahiri808@yahoo.fr,2003-08-16,H,Agadir,0698792623,2021-06-12,web
C05808,El Ouazzani,Nadia,nadia.elouazzani78@live.fr,1979-12-16,f,casa,0652420084,2024-07-22,referral
C05809,Benjelloun,Mehdi,mehdi.benjelloun365@outlook.com,1966-11-22,h,Nador,0643748443,2023-10-18,marketplace
C05810,Skalli,Rachid,rachid.skalli220@hotmail.com,2004-11-01,male,Tnja,0661661740,2021-09-21,marketplace
C05811,Tahiri,Ali,mustapha.kettani756@outlook.com,1971-08-05,female,casa,0644563100,2021-03-19,marketplace
C05812,El Mansouri,Dounia,dounia.elmansouri768@live.fr,1979-09-07,male,Tétouan,0670688017,2025-05-04,marketplace
C05813,Cherkaoui,Houda,houda.cherkaoui629@live.fr,1997-05-09,m,CASA,0658594228,2024-06-25,web
C05814,Kettani,Mehdi,mehdi.kettani292@hotmail.com,1994-10-05,1,TNG,0684239565,2023-07-11,marketplace
C05815,Kettani,Mehdi,mehdi.kettani808@live.fr,2001-03-21,male,Fès,0636642723,2023-10-09,social_media
C05816,Ziani,Nawal,nawal.ziani66@live.fr,1976-10-22,f,Tanger,0667176679,2025-05-16,social_media
C05817,Amrani,Hanane,hanane.amrani134@outlook.com,1997-03-06,H,Oujda,0687452671,2021-07-28,mobile
C05818,El Amrani,Ali,ali.elamrani931@outlook.com,1998-12-20,0,fes,0666659195,2023-04-16,referral
C05819,Berrada,Soufiane,soufiane.berrada626@gmail.com,2000-02-06,Homme,fes,0648494442,2022-10-11,social_media
C05820,Bouazza,Rachid,rachid.bouazza623@live.fr,1971-07-23,H,FES,0690795541,2023-10-27,mobile
C05821,Benali,Wafae,wafae.benali901@hotmail.com,1982-10-21,H,Meknès,0638944134,2025-07-16,referral
C05822,El Idrissi,Amine,amine.elidrissi587@gmail.com,1961-01-03,1,Agadir,0634809259,2021-03-20,social_media
C05823,Berrada,Omar,omar.berrada595@gmail.com,1961-08-12,h,RABAT,0619598654,2021-05-13,mobile
C05824,Benjelloun,Amina,amina.benjelloun287@gmail.com,1999-11-25,female,Oujda,0655736969,2024-12-10,web
C05825,Tazi,Adil,adil.tazi784@outlook.com,1984-12-19,Homme,Mohammedia,0693597028,2024-10-07,web
C05826,Benkirane,Driss,driss.benkirane201@live.fr,1972-10-11,h,Mohammedia,0664984709,2022-08-07,social_media
C05827,Bennani,Mehdi,mehdi.bennani1@yahoo.fr,1976-04-17,Homme,RABAT,0641984059,2022-08-26,referral
C05828,Kettani,Mohamed,mohamed.kettani428@hotmail.com,2000-01-14,f,Casablanca,0654585921,2021-09-07,marketplace
C05829,Ouahbi,Adil,adil.ouahbi287@yahoo.fr,1998-12-22,h,tanger,0658167874,2022-04-25,referral
C05830,Bennani,Amine,amine.bennani337@hotmail.com,1960-03-16,female,Safi,0698696657,2025-10-06,referral
C05831,El Mansouri,Amine,amine.elmansouri133@outlook.com,1997-03-23,female,TNG,0612093891,2023-03-18,mobile
C05832,Rahmouni,Ghita,ghita.rahmouni296@live.fr,1971-07-11,m,Mohammedia,0678945178,2025-10-07,social_media
C05833,Benkirane,Loubna,loubna.benkirane574@yahoo.fr,1967-09-18,H,rbt,0670962992,2025-07-13,mobile
C05834,Sefrioui,Salma,salma.sefrioui682@gmail.com,1975-06-25,Femme,Rabat,0611992402,2025-01-18,marketplace
C05835,Tazi,Wafae,wafae.tazi244@hotmail.com,1994-03-20,male,CASA,0680780029,2025-02-03,social_media
C05836,Benkirane,Mehdi,mehdi.benkirane96@gmail.com,2006-09-22,m,Casablanca,0637340969,2024-06-02,web
C05837,Bouzid,Khalid,khalid.bouzid819@yahoo.fr,1968-04-17,Femme,Tétouan,0613082408,2021-05-20,web
C05838,Amrani,Adil,adil.amrani376@hotmail.com,1968-03-07,1,Tanger,0688119526,2024-12-16,referral
C05839,Lahlou,Youssef,youssef.lahlou362@live.fr,1996-09-22,Homme,Tétouan,0697267640,2024-08-20,marketplace
C05840,Lahlou,Mohamed,mohamed.lahlou579@yahoo.fr,1982-02-08,H,tanger,0699164970,2021-11-19,mobile
C05841,Berrada,Sara,sara.berrada812@outlook.com,1979-01-25,h,Rabat,0668618822,2022-11-05,referral
C05842,El Mansouri,Amine,amine.elmansouri980@hotmail.com,2001-07-14,male,Tanger,0674814587,2023-05-02,referral
C05843,Benali,Soufiane,soufiane.benali343@gmail.com,1974-03-28,female,mkch,0632392662,2024-11-22,mobile
C05844,Chraibi,Adil,adil.chraibi472@yahoo.fr,1984-09-10,1,Rabat,0662663862,2023-06-26,marketplace
C05845,Filali,Youssef,youssef.filali204@hotmail.com,1973-08-04,f,mkch,0633307138,2025-05-02,web
C05846,Fassi Fihri,Salma,salma.fassifihri509@outlook.com,1976-11-13,female,Casablanca,0698320664,2021-09-05,referral
C05847,El Amrani,Amine,amine.elamrani456@hotmail.com,1981-06-06,h,Casablanca,0633990163,2025-04-21,social_media
C05848,Cherkaoui,Karim,karim.cherkaoui984@hotmail.com,1994-06-25,m,Tanger,0620801638,2021-11-03,social_media
C05849,Tahiri,Zakaria,zakaria.tahiri662@outlook.com,1999-05-25,H,Marrakech,0629029783,2022-01-28,social_media
C05850,Sefrioui,Meryem,meryem.sefrioui333@hotmail.com,1982-04-04,0,Fès,0684215703,2024-03-14,mobile
C05851,Lahlou,Meryem,meryem.lahlou500@outlook.com,1964-03-09,Femme,Fès,0651052284,2025-05-28,web
C05852,Lahlou,Imad,imad.lahlou934@yahoo.fr,1964-09-19,Homme,FES,0683196073,2021-08-23,mobile
C05853,Amrani,Omar,omar.amrani610@live.fr,1991-12-05,Homme,Casablanca,0659504211,2024-10-20,web
C05854,El Amrani,Wafae,khadija.lahlou538@gmail.com,1991-05-26,f,Nador,0616649775,2025-06-17,marketplace
C05855,El Ouazzani,Imad,imad.elouazzani151@yahoo.fr,1996-01-27,male,Béni Mellal,0672419169,2025-02-10,mobile
C05856,Ouahbi,Reda,reda.ouahbi81@live.fr,1970-02-02,m,tanger,0641173622,2023-07-15,mobile
C05857,Chraibi,Khadija,khadija.chraibi129@yahoo.fr,1983-04-10,male,Tanger,0658656760,2022-06-08,social_media
C05858,Filali,Omar,omar.filali84@outlook.com,1990-12-09,male,RABAT,0687583613,2021-05-09,referral
C05859,Tazi,Ahmed,ahmed.tazi807@live.fr,1996-11-27,m,TNG,0618891154,2025-01-09,referral
C05860,El Ouazzani,Adil,adil.elouazzani373@live.fr,1993-09-02,0,Meknès,0628794638,2021-02-22,marketplace
C05861,Bennani,Ilham,ilham.bennani192@hotmail.com,1998-07-07,Femme,Fès,0649305415,2024-01-26,web
C05862,El Mansouri,Amina,amina.elmansouri860@gmail.com,1980-03-17,Femme,Meknès,0654183749,2022-12-03,mobile
C05863,Haddad,Loubna,ali.sefrioui532@live.fr,1988-11-11,male,TANGER,0686019981,2022-05-26,marketplace
C05864,Kettani,Dounia,dounia.kettani478@outlook.com,2000-04-13,Femme,FES,0653150025,2022-03-06,web
C05865,Bouzid,Hassan,hassan.bouzid525@outlook.com,1974-12-05,female,CASA,0673964207,2022-07-12,web
C05866,Tazi,Zineb,zineb.tazi214@outlook.com,1989-08-17,H,rbt,0652220388,2023-03-13,referral
C05867,Ouahbi,Zakaria,khalid.rahmouni985@outlook.com,2003-02-03,Homme,Fès,0617693797,2023-03-08,referral
C05868,Tahiri,Karim,karim.tahiri866@hotmail.com,2001-04-24,female,El Jadida,0636376756,2023-07-26,web
C05869,Alaoui,Driss,driss.alaoui414@hotmail.com,1987-04-14,1,Tnja,0691611680,2025-10-14,web
C05870,El Ouazzani,Sanae,sanae.elouazzani105@gmail.com,2005-09-08,m,Nador,0693408272,2022-03-03,social_media
C05871,Berrada,Fatima,fatima.berrada250@hotmail.com,1982-12-19,H,Kénitra,0619602841,2021-02-18,referral
C05872,Fassi Fihri,Mohamed,mohamed.fassifihri358@gmail.com,1964-03-22,f,Fès,0665939654,2021-05-10,referral
C05873,Lahlou,Driss,driss.lahlou253@live.fr,1982-06-25,Femme,El Jadida,0681119686,2022-02-27,web
C05874,Ziani,Said,said.ziani841@yahoo.fr,1964-09-08,Femme,Meknès,0614681499,2022-10-11,social_media
C05875,Naciri,Sanae,sanae.naciri998@gmail.com,1980-03-28,f,fes,0691103446,2024-07-03,referral
C05876,Alaoui,Sanae,sanae.alaoui890@yahoo.fr,1965-12-17,1,Tétouan,0639269018,2023-03-09,marketplace
C05877,Sefrioui,Laila,laila.sefrioui558@yahoo.fr,1972-02-18,f,El Jadida,0647532844,2023-10-06,referral
C05878,El Ouazzani,Laila,laila.elouazzani135@outlook.com,1987-04-18,0,Mohammedia,0661200590,2023-06-21,web
C05879,Benkirane,Khadija,khadija.benkirane241@outlook.com,1998-08-15,m,Nador,0656021755,2022-07-06,social_media
C05880,Ziani,Omar,omar.ziani167@live.fr,1968-05-11,female,fes,0669587430,2023-04-23,mobile
C05881,Bennani,Omar,omar.bennani169@live.fr,2000-11-22,m,casa,0682231994,2025-06-05,web
C05882,Kettani,Youssef,youssef.kettani534@gmail.com,2004-12-06,female,Nador,0637650178,2022-08-19,marketplace
C05883,Lahlou,Said,said.lahlou432@gmail.com,1986-08-02,h,Tétouan,0640765531,2025-11-16,referral
C05884,Ziani,Ghita,ghita.ziani782@gmail.com,1966-01-04,f,MARRAKECH,0621618170,2025-01-26,mobile
C05885,Sefrioui,Dounia,dounia.sefrioui658@yahoo.fr,2002-05-08,m,Nador,0643952967,2023-05-02,referral
C05886,Tazi,Houda,houda.tazi181@outlook.com,2001-12-05,female,Meknès,0644681531,2024-07-21,mobile
C05887,Kettani,Salma,salma.kettani575@hotmail.com,1997-09-23,1,Mohammedia,0698064540,2022-11-26,referral
C05888,Filali,Fatima,fatima.filali336@live.fr,1995-08-05,Homme,TNG,0668089755,2024-02-20,referral
C05889,Tahiri,Meryem,meryem.tahiri924@live.fr,2006-02-03,male,Safi,0676951879,2025-05-24,social_media
C05890,Bouazza,Nabil,nabil.bouazza858@live.fr,2006-02-16,Homme,casa,0668824586,2021-01-06,social_media
C05891,Amrani,Ghita,ghita.amrani828@live.fr,1982-08-08,m,FES,0629873531,2021-05-12,mobile
C05892,El Idrissi,Wafae,wafae.elidrissi679@yahoo.fr,1990-05-14,0,fes,0652799786,2024-07-13,marketplace
C05893,Benkirane,Driss,driss.benkirane402@outlook.com,1962-08-07,male,fes,0651154105,2021-09-03,marketplace
C05894,Tazi,Houda,houda.tazi95,1990-05-27,m,CASA,0622016959,2023-04-13,referral
C05895,Sefrioui,Mehdi,mehdi.kettani254@live.fr,1995-10-21,Femme,Nador,0679811096,2022-12-27,web
C05896,Filali,Samira,samira.filali411@yahoo.fr,1964-11-16,1,Fès,0654466982,2024-01-05,mobile
C05897,El Amrani,Karim,karim.elamrani510@live.fr,1998-10-06,male,FES,0690800169,2022-01-18,social_media
C05898,Rahmouni,Loubna,loubna.rahmouni65@yahoo.fr,1983-10-26,1,Marrakech,0650023797,2022-06-07,social_media
C05899,Tahiri,Reda,reda.tahiri902@gmail.com,1975-08-25,f,RABAT,0650022360,2024-06-08,mobile
C05900,Filali,Driss,driss.filali900@hotmail.com,1982-09-14,f,rbt,0625355407,2023-04-07,web
C05901,Rahmouni,Ali,ali.rahmouni591@hotmail.com,2000-08-16,h,Casablanca,0636429624,2021-09-26,referral
C05902,Benjelloun,Imad,imad.benjelloun253@outlook.com,1979-12-03,m,casa,0644023485,2023-06-23,referral
C05903,Benkirane,Mehdi,mehdi.benkirane753@gmail.com,1967-03-03,male,Rabat,0675305659,2025-05-02,social_media
C05904,Naciri,Karim,houda.haddad366@hotmail.com,1979-04-07,h,Fès,0610247579,2024-02-13,social_media
C05905,Bennani,Nadia,nadia.bennani566@yahoo.fr,1984-09-05,1,FES,0638158249,2023-01-13,referral
C05906,Tahiri,Zineb,zineb.tahiri68@outlook.com,1974-09-15,male,casa,0680197127,2024-08-19,referral
C05907,El Mansouri,Adil,adil.elmansouri237@hotmail.com,1983-07-01,Homme,Tétouan,0670852218,2025-01-01,referral
C05908,Bouzid,Mustapha,mustapha.bouzid291@hotmail.com,2005-02-24,1,Rabat,0612281771,2021-03-11,social_media
C05909,Cherkaoui,Samira,samira.cherkaoui730@hotmail.com,1890-01-14,female,Nador,0630566490,2024-12-24,mobile
C05910,El Ouazzani,Amina,amina.elouazzani261@gmail.com,1965-05-19,H,tanger,0663345939,2025-04-18,marketplace
C05911,Ouahbi,Sanae,sanae.ouahbi706@live.fr,2005-04-17,female,Casablanca,0645789558,2021-03-19,social_media
C05912,Ouahbi,Mustapha,mustapha.ouahbi661@gmail.com,1979-07-19,male,Marrakech,0690639127,2021-03-12,social_media
C05913,Chraibi,Meryem,@yahoo.fr,2004-01-04,male,Casablanca,0634749876,2022-01-22,referral
C05914,Amrani,Zakaria,zakaria.amrani662@hotmail.com,2002-08-23,0,fes,0674409752,2021-05-14,web
C05915,Berrada,Meryem,meryem.berrada786@outlook.com,1967-05-16,H,Kénitra,0634361161,2023-03-12,referral
C05916,Naciri,Karim,karim.naciri200@outlook.com,1970-02-16,H,Fès,0616469329,2021-11-12,social_media
C05917,Tahiri,Rim,rim.tahiri274@gmail.com,1964-03-25,H,Fès,0684744002,2024-05-05,referral
C05918,Bennani,Nabil,nabil.bennani147@hotmail.com,1989-10-02,Femme,FES,0661839278,2021-07-17,web
C05919,El Ouazzani,Rachid,rachid.elouazzani139@hotmail.com,2003-02-04,male,Fès,0664899800,2025-06-05,social_media
C05920,Alaoui,Mehdi,mehdi.alaoui886@outlook.com,1978-05-16,male,FES,0679315129,2023-06-14,mobile
C05921,Fassi Fihri,Laila,laila.fassifihri890@outlook.com,2001-06-03,female,TANGER,0672653945,2024-09-22,social_media
C05922,Rahmouni,Ahmed,ahmed.rahmouni559@yahoo.fr,2004-01-08,H,CASA,0666957691,2023-07-15,web
C05923,El Mansouri,Adil,adil.elmansouri551@yahoo.fr,1982-04-18,m,Agadir,0681144887,2024-02-22,web
C05924,El Idrissi,Sara,sara.elidrissi53@hotmail.com,1963-07-17,Homme,Casablanca,0667426412,2021-09-07,referral
C05925,Sefrioui,Rachid,rachid.sefrioui813@outlook.com,1994-12-16,h,tanger,0616157245,2022-05-21,web
C05926,Amrani,Zineb,dounia.tazi128@live.fr,1975-09-02,1,Tnja,0684582217,2025-02-21,web
C05927,Ziani,Mustapha,mustapha.ziani963@hotmail.com,1988-05-06,female,MARRAKECH,0665571968,2022-11-28,marketplace
C05928,Skalli,Reda,reda.skalli17,1974-11-07,f,mkch,0677872890,2023-01-15,web
C05929,Chraibi,Hamza,hamza.chraibi177@hotmail.com,1976-09-16,male,Oujda,0642139634,2023-06-22,marketplace
C05930,Kettani,Ilham,ilham.kettani647@outlook.com,1975-09-27,H,Béni Mellal,0650357825,2024-07-28,mobile
C05931,El Amrani,Rim,rim.elamrani968@hotmail.com,1988-06-07,Homme,FES,0666959117,2025-12-26,social_media
C05932,Chraibi,Karim,karim.chraibi@,1963-08-26,1,TANGER,0649375661,2025-01-05,social_media
C05933,Kettani,Asmae,youssef.benkirane169@outlook.com,1976-06-28,m,Tétouan,0697158817,2023-01-03,marketplace
C05934,Filali,Ghita,ghita.filali821@hotmail.com,1967-09-09,1,casa,0669175689,2023-11-23,marketplace
C05935,El Ouazzani,Ahmed,ahmed.elouazzani508@outlook.com,1987-01-22,m,El Jadida,0679786869,2024-10-14,social_media
C05936,Filali,Amina,amina.filali248@outlook.com,1974-11-20,H,Nador,0645677036,2021-01-12,mobile
C05937,El Ouazzani,Imad,imad.elouazzani52@yahoo.fr,1976-01-28,m,Agadir,0666398390,2024-07-23,web
C05938,Benjelloun,Hind,hind.benjelloun271@outlook.com,2005-07-14,m,TANGER,0610597196,2022-09-01,mobile
C05939,Ouahbi,Mehdi,mehdi.ouahbi544@yahoo.fr,1988-08-22,female,Mohammedia,0624763953,2023-09-08,mobile
C05940,Tazi,Ghita,ghita.tazi501@live.fr,1976-09-22,1,Fès,0689051789,2025-11-07,referral
C05941,Ouahbi,Imad,imad.ouahbi896@gmail.com,1977-04-10,male,Tnja,0698345811,2021-06-09,web
C05942,Fassi Fihri,Soufiane,soufiane.fassifihri728@yahoo.fr,1964-08-27,Femme,TNG,0675150977,2025-07-20,social_media
C05943,Filali,Amina,amina.filali995@live.fr,1966-02-01,H,Béni Mellal,0657869291,2022-06-07,referral
C05944,Haddad,Ilham,ilham.haddad332@hotmail.com,1987-04-03,Femme,fes,0614253979,2025-01-25,referral
C05945,Bouzid,Imad,imad.bouzid747@hotmail.com,1999-04-15,0,MARRAKECH,0622257818,2022-06-02,web
C05946,Bennani,Loubna,loubna.bennani98@outlook.com,1972-01-04,m,mkch,0650189316,2025-03-27,marketplace
C05947,Haddad,Sanae,sanae.haddad286@hotmail.com,1982-11-11,1,Meknès,0655285591,2021-06-03,mobile
C05948,El Mansouri,Nawal,nawal.elmansouri364@live.fr,1986-11-20,H,Rabat,0639363692,2021-03-04,referral
C05949,Rahmouni,Khalid,khalid.rahmouni993@gmail.com,1979-12-20,f,TANGER,0675807591,2024-06-05,web
C05950,Alaoui,Soufiane,soufiane.alaoui@@hotmail.com,1967-07-27,Homme,Marrakech,0637700987,2023-05-08,social_media
C05951,Bennani,Driss,driss.bennani33@live.fr,2006-04-20,m,RABAT,0611772957,2021-05-04,marketplace
C05952,Bouzid,Khadija,khadija.bouzid116@hotmail.com,1963-12-20,0,tanger,0661364431,2021-07-10,web
C05953,Skalli,Meryem,meryem.skalli217@yahoo.fr,1989-05-13,H,Béni Mellal,0687217240,2022-02-26,marketplace
C05954,Benali,Omar,omar.benali132@outlook.com,1964-12-13,0,Oujda,0678218081,2023-05-08,marketplace
C05955,Berrada,Imad,imad.berrada167@hotmail.com,2000-12-14,male,Agadir,0685624558,2022-05-11,social_media
C05956,Cherkaoui,Asmae,asmae.cherkaoui341@hotmail.com,1989-12-15,Femme,Casablanca,0615016052,2023-09-28,social_media
C05957,Filali,Adil,adil.filali771@live.fr,2006-12-21,m,Meknès,0694009998,2025-03-21,marketplace
C05958,Skalli,Brahim,brahim.skalli442@outlook.com,1971-08-08,f,mkch,0683151295,2025-05-18,social_media
C05959,Ouahbi,Mohamed,mohamed.ouahbi638@yahoo.fr,1990-01-25,m,Fès,0684264184,2024-10-02,social_media
C05960,Tazi,Nadia,nadia.tazi160@outlook.com,1969-01-17,h,TNG,0698505958,2022-01-25,social_media
C05961,Filali,Mohamed,mohamed.filali922@live.fr,1991-09-14,1,Béni Mellal,0656502604,2021-12-03,referral
C05962,Haddad,Karim,karim.haddad797@live.fr,2001-09-14,0,Casablanca,0654820166,2025-07-16,web
C05963,Benjelloun,Adil,adil.benjelloun506@gmail.com,1963-03-18,0,Mohammedia,0640155659,2022-12-15,referral
C05964,Filali,Brahim,brahim.filali986@live.fr,1990-08-10,h,Tnja,0693760768,2024-12-13,mobile
C05965,Benali,Said,said.benali729@gmail.com,1979-10-27,f,Oujda,0618162337,2025-07-02,marketplace
C05966,Berrada,Zineb,zineb.berrada544@gmail.com,2003-06-12,Femme,casa,0678437443,2021-08-16,referral
C05967,Ziani,Brahim,brahim.ziani754@gmail.com,1978-10-24,Femme,Marrakech,0654228371,2025-11-07,web
C05968,Chraibi,Houda,houda.chraibi904@hotmail.com,1999-08-08,Femme,Casablanca,0670081394,2021-12-22,social_media
C05969,El Idrissi,Reda,reda.elidrissi761@live.fr,1977-02-01,m,Safi,0665412978,2021-04-04,referral
C05970,Berrada,Hind,hind.berrada588@hotmail.com,1965-05-05,f,Marrakech,0691226042,2023-04-05,marketplace
C05971,Bouazza,Houda,houda.bouazza536@hotmail.com,1981-04-08,h,Tanger,0631763038,2025-05-12,marketplace
C05972,Filali,Driss,driss.filali110@yahoo.fr,1994-03-17,h,Mohammedia,0628638194,2023-04-08,mobile
C05973,Haddad,Salma,salma.haddad162@gmail.com,2000-09-15,Femme,Tétouan,0675263829,2025-11-20,web
C05974,Filali,Hassan,hassan.filali270@outlook.com,1977-04-11,male,Casablanca,0643236218,2024-11-21,web
C05975,Benkirane,Fatima,fatima.benkirane187@hotmail.com,1960-09-06,1,Marrakech,0678528884,2023-11-21,social_media
C05976,El Idrissi,Ghita,ghita.elidrissi420@gmail.com,1982-08-17,Homme,fes,0647855180,2025-05-03,marketplace
C05977,El Mansouri,Rim,rim.elmansouri353@hotmail.com,1980-08-13,female,TNG,0640257273,2024-02-13,marketplace
C05978,Kettani,Laila,laila.kettani568@live.fr,1996-08-12,female,mkch,0618366120,2024-06-08,marketplace
C05979,El Ouazzani,Nadia,nadia.elouazzani278@outlook.com,1966-04-03,m,Fès,0665253560,2023-04-19,referral
C05980,Tazi,Adil,adil.tazi539@hotmail.com,1989-11-20,h,Casablanca,0699547953,2022-01-15,marketplace
C05981,Skalli,Nabil,nabil.skalli800@gmail.com,1967-05-28,female,Casablanca,0653548754,2021-08-10,web
C05982,El Amrani,Imad,imad.elamrani615@yahoo.fr,1995-06-16,f,Kénitra,0669548904,2021-10-24,marketplace
C05983,Benjelloun,Hind,hind.benjelloun545@outlook.com,1976-04-20,Homme,Tnja,0621196279,2024-07-06,web
C05984,Benjelloun,Mustapha,mustapha.benjelloun755@yahoo.fr,2006-05-24,H,Agadir,0641416639,2025-11-04,referral
C05985,Filali,Ghita,ghita.filali924@gmail.com,1987-12-16,Femme,Mohammedia,0658133724,2022-01-17,social_media
C05986,Amrani,Hamza,hamza.amrani274@hotmail.com,2002-01-03,h,Kénitra,0699471131,2024-05-20,social_media
C05987,Naciri,Imad,imad.naciri80@yahoo.fr,1977-02-17,male,Fès,0680130343,2025-06-01,web
C05988,Benjelloun,Hind,hind.benjelloun709@outlook.com,1995-07-11,H,casa,0637946227,2021-08-19,referral
C05989,Lahlou,Amina,amina.lahlou836@outlook.com,1981-08-03,1,Tétouan,0695520373,2024-04-28,social_media
C05990,El Amrani,Ghita,ghita.elamrani822@yahoo.fr,2003-04-01,f,Mohammedia,0682340353,2024-01-27,referral
C05991,Haddad,Meryem,meryem.haddad612@gmail.com,1983-06-25,1,Tnja,0654698593,2022-03-26,referral
C05992,Sefrioui,Reda,reda.sefrioui924@gmail.com,1976-05-26,female,Fès,0666981241,2024-05-04,web
C05993,Haddad,Hind,hind.haddad583@yahoo.fr,1977-02-07,Homme,RABAT,0625784871,2025-10-27,marketplace
C05994,Naciri,Laila,laila.naciri523@hotmail.com,1985-03-19,1,RABAT,0699437009,2024-02-03,social_media
C05995,Haddad,Karim,karim.haddad935@gmail.com,1987-07-24,male,Tnja,0627366216,2022-12-26,marketplace
C05996,Lahlou,Khalid,khalid.lahlou203@outlook.com,2005-01-11,male,Casablanca,0661141669,2024-02-01,mobile
C05997,Skalli,Soufiane,soufiane.skalli438@hotmail.com,1974-12-25,male,Kénitra,0651083371,2022-02-05,social_media
C05998,Benali,Hind,hind.benali750@outlook.com,1995-10-01,female,Tnja,0650879197,2021-11-17,mobile
C05999,Benkirane,Rachid,rachid.benkirane378@gmail.com,1966-04-28,Femme,fes,0618628941,2022-03-22,mobile
C06000,Benjelloun,Ali,ali.benjelloun598@hotmail.com,1966-05-09,0,Nador,0611176586,2022-09-22,marketplace
C06001,Sefrioui,Said,said.sefrioui789@yahoo.fr,1974-05-02,h,tanger,0666203236,2023-12-14,marketplace
C06002,Benali,Adil,adil.benali179@live.fr,1994-01-18,0,Agadir,0621016712,2024-07-07,marketplace
C06003,El Idrissi,Mustapha,mustapha.elidrissi423@outlook.com,2004-01-07,female,El Jadida,0660900946,2023-07-23,web
C06004,Bouzid,Laila,laila.bouzid557@outlook.com,1990-10-14,h,Casablanca,0659011658,2022-07-05,social_media
C06005,Kettani,Driss,driss.kettani656@gmail.com,1999-11-24,male,Tnja,0628901182,2025-02-19,referral
C06006,El Ouazzani,Zakaria,zakaria.elouazzani648@outlook.com,1982-07-27,f,Fès,0660814985,2023-09-18,referral
C06007,Chraibi,Hamza,hamza.chraibi485@yahoo.fr,2006-02-22,0,Tétouan,0620692889,2022-07-08,social_media
C06008,Benali,Hamza,hamza.benali99@gmail.com,1995-05-04,male,MARRAKECH,0682299981,2024-01-24,social_media
C06009,Lahlou,Rachid,rachid.lahlou889@outlook.com,1996-06-27,m,Tanger,0652674415,2024-06-12,mobile
C06010,Chraibi,Adil,adil.chraibi713@yahoo.fr,1998-10-03,male,Safi,0671531835,2025-01-27,referral
C06011,Lahlou,Laila,laila.lahlou273@outlook.com,1964-09-23,f,TNG,0615953694,2021-05-23,web
C06012,Filali,Hind,hind.filali305@live.fr,1970-02-16,0,Kénitra,0621948654,2025-05-28,marketplace
C06013,Chraibi,Khalid,khalid.chraibi857@outlook.com,1965-11-07,f,Fès,0636945952,2024-12-09,referral
C06014,El Idrissi,Houda,houda.elidrissi389@outlook.com,1974-03-15,h,FES,0695268604,2022-08-23,marketplace
C06015,Tahiri,Zineb,zineb.tahiri867@gmail.com,1993-10-24,1,TNG,0656936973,2024-11-12,mobile
C06016,Fassi Fihri,Khalid,khalid.fassifihri390@outlook.com,1988-01-01,m,Fès,0683027637,2021-02-26,referral
C06017,El Ouazzani,Laila,laila.elouazzani944@outlook.com,2001-01-17,Femme,TNG,0642022470,2021-11-14,social_media
C06018,Ziani,Mohamed,mohamed.ziani920@hotmail.com,1976-05-01,male,rbt,0688842841,2025-11-20,social_media
C06019,Benali,Nabil,nabil.benali120@outlook.com,1992-11-27,m,Marrakech,0651337055,2024-03-02,mobile
C06020,Sefrioui,Rim,rim.sefrioui819@gmail.com,1961-09-23,H,Marrakech,0653094688,2025-03-13,mobile
C06021,El Ouazzani,Nawal,nawal.elouazzani612@outlook.com,1976-05-23,Femme,Agadir,0695131625,2025-11-02,marketplace
C06022,Benjelloun,Mehdi,mehdi.benjelloun862@yahoo.fr,2005-09-27,m,Rabat,0637387880,2023-08-11,referral
C06023,Cherkaoui,Hind,driss.sefrioui799@outlook.com,1992-01-21,Homme,CASA,0628867136,2022-10-18,marketplace
C06024,Tahiri,Adil,adil.tahiri85@live.fr,2002-08-20,1,CASA,0646958027,2024-07-25,web
C06025,Tazi,Khadija,khadija.tazi239@live.fr,1963-11-16,1,casa,0678323707,2022-02-01,mobile
C06026,Tahiri,Fatima,fatima.tahiri@@live.fr,1980-02-20,H,Tnja,0682474554,2024-06-05,marketplace
C06027,Bennani,Hassan,hassan.bennani715@yahoo.fr,1994-10-16,male,Fès,0638517631,2025-10-02,mobile
C06028,El Mansouri,Loubna,fatima.sefrioui769@hotmail.com,2004-11-19,H,Marrakech,0637802607,2024-10-26,marketplace
C06029,Sefrioui,Brahim,brahim.sefrioui180@hotmail.com,1998-04-14,h,TANGER,0652386425,2023-10-11,mobile
C06030,Fassi Fihri,Adil,adil.fassifihri971@yahoo.fr,1964-06-15,male,Mohammedia,0640941018,2025-10-19,social_media
C06031,Ouahbi,Nadia,nadia.ouahbi144@outlook.com,1993-03-20,H,Marrakech,0620034825,2022-11-24,marketplace
C06032,Ouahbi,Nabil,nabil.ouahbi480@yahoo.fr,1981-12-16,h,Kénitra,0647992128,2022-07-02,marketplace
C06033,Haddad,Fatima,fatima.haddad691@yahoo.fr,1997-12-26,1,TNG,0684332633,2021-10-18,web
C06034,Amrani,Imad,imad.amrani256@hotmail.com,2002-02-05,Femme,fes,0674867094,2023-05-19,social_media
C06035,Rahmouni,Imad,imad.rahmouni526@outlook.com,1960-06-23,1,FES,0641815472,2022-09-09,web
C06036,Amrani,Hassan,hassan.amrani282@hotmail.com,1974-10-10,Homme,Agadir,0643400270,2025-01-12,mobile
C06037,Lahlou,Reda,reda.lahlou809@hotmail.com,2000-03-11,Homme,fes,0655977376,2025-05-26,referral
C06038,Cherkaoui,Dounia,dounia.cherkaoui890@yahoo.fr,2003-10-11,H,Safi,0663561094,2024-07-16,web
C06039,El Mansouri,Zineb,zineb.elmansouri110@gmail.com,1980-12-09,m,Agadir,0640028991,2025-09-01,social_media
C06040,Kettani,Amine,amine.kettani866@live.fr,2006-01-12,H,Rabat,0628545978,2024-09-24,referral
C06041,Tahiri,Hind,hind.tahiri258@outlook.com,1989-06-11,m,Tnja,0682686197,2023-03-06,mobile
C06042,El Mansouri,Houda,houda.elmansouri965@hotmail.com,1965-08-06,female,Tanger,0656899015,2024-06-22,mobile
C06043,Amrani,Brahim,brahim.amrani177@yahoo.fr,1988-05-04,h,mkch,0634258512,2021-11-04,web
C06044,Ouahbi,Said,said.ouahbi411@gmail.com,1991-07-28,f,Casablanca,0632969694,2022-11-21,web
C06045,Benjelloun,Said,said.benjelloun249@hotmail.com,2003-08-11,Homme,CASA,0637647935,2025-05-27,social_media
C06046,Bouazza,Omar,omar.bouazza@,1969-03-15,female,Tanger,0684691684,2023-02-12,referral
C06047,Lahlou,Imad,imad.lahlou55@hotmail.com,1976-03-10,1,MARRAKECH,0638047184,2024-10-14,social_media
C06048,Benali,Brahim,brahim.benali411@live.fr,1983-07-26,h,Tétouan,0619920638,2025-09-22,referral
C06049,El Idrissi,Salma,salma.elidrissi80@live.fr,1987-10-09,1,Tétouan,0621899544,2021-02-25,social_media
C06050,Rahmouni,Nadia,nadia.rahmouni67,1966-08-04,Homme,Marrakech,0681230158,2025-08-03,web
C06051,Rahmouni,Mehdi,mehdi.rahmouni728@hotmail.com,1996-01-08,f,Marrakech,0676151379,2022-12-17,web
C06052,Sefrioui,Ahmed,ahmed.sefrioui35@outlook.com,2000-10-24,Femme,Marrakech,0641239025,2025-02-12,mobile
C06053,Alaoui,Amine,amine.alaoui794@hotmail.com,1964-01-14,female,Safi,0678842274,2022-02-06,referral
C06054,Chraibi,Salma,salma.chraibi38@yahoo.fr,1981-12-01,h,Kénitra,0677235211,2025-12-27,mobile
C06055,El Idrissi,Nadia,nadia.elidrissi78,1984-07-11,f,Marrakech,0664283379,2021-09-12,mobile
C06056,Skalli,Said,said.skalli911@live.fr,1977-03-19,0,Casablanca,0652351212,2025-06-13,referral
C06057,Kettani,Karim,karim.kettani830@outlook.com,1993-02-10,h,Tétouan,0635862937,2022-01-05,marketplace
C06058,Ziani,Brahim,brahim.ziani280@outlook.com,1970-11-04,1,FES,0681643598,2024-12-16,marketplace
C06059,Filali,Samira,samira.filali6@outlook.com,1988-07-07,female,Fès,0691081031,2025-01-05,social_media
C06060,Berrada,Zakaria,zakaria.berrada287@live.fr,2001-01-13,f,MARRAKECH,0688485623,2023-06-20,social_media
C06061,Sefrioui,Reda,reda.sefrioui642@gmail.com,2001-03-07,female,TNG,0668640794,2023-02-19,web
C06062,Sefrioui,Nawal,mehdi.bennani1@yahoo.fr,2002-08-19,male,TNG,0659581381,2021-03-06,web
C06063,Cherkaoui,Said,said.cherkaoui924@gmail.com,1992-05-19,H,Safi,0689189245,2021-03-17,web
C06064,El Idrissi,Laila,laila.elidrissi614@gmail.com,1997-04-22,f,Casablanca,0685132742,2024-03-11,marketplace
C06065,Naciri,Khadija,khadija.naciri768@gmail.com,1973-03-13,Homme,Kénitra,0611384172,2021-09-27,referral
C06066,Fassi Fihri,Nabil,nabil.fassifihri570@live.fr,1985-07-12,0,rbt,0666931773,2023-11-17,mobile
C06067,Bouzid,Soufiane,soufiane.bouzid771@outlook.com,2025-09-22,0,Tanger,0684879853,2025-02-14,marketplace
C06068,Tazi,Zineb,zineb.tazi999@yahoo.fr,2002-04-20,male,Rabat,0685647080,2025-04-04,social_media
C06069,Bennani,Karim,karim.bennani522@outlook.com,1963-05-27,H,tanger,0697761385,2022-06-23,web
C06070,Fassi Fihri,Samira,@gmail.com,1998-08-10,h,Meknès,0624206920,2021-05-11,referral
C06071,Lahlou,Khalid,khalid.lahlou885@yahoo.fr,1978-06-19,f,Meknès,0624231972,2022-01-05,mobile
C06072,Berrada,Reda,reda.berrada288@hotmail.com,1992-01-06,m,Fès,0638507516,2025-11-15,marketplace
C06073,Benjelloun,Driss,driss.benjelloun453@gmail.com,1979-06-17,f,Rabat,0661456943,2024-06-18,mobile
C06074,Skalli,Sanae,sanae.skalli200@yahoo.fr,1994-10-13,female,Béni Mellal,0635210246,2021-01-11,social_media
C06075,El Mansouri,Hanane,hanane.elmansouri592@hotmail.com,1962-10-01,0,FES,0650161444,2024-06-02,mobile
C06076,Lahlou,Salma,salma.lahlou639@live.fr,1960-05-13,h,TNG,0654253372,2022-09-03,referral
C06077,Filali,Mehdi,mehdi.filali516@live.fr,1966-12-24,male,Casablanca,0665445367,2024-12-01,marketplace
C06078,Sefrioui,Khalid,khalid.sefrioui352@hotmail.com,1975-02-04,f,tanger,0689066226,2025-08-26,mobile
C06079,Sefrioui,Salma,salma.sefrioui714@gmail.com,1975-06-03,0,Mohammedia,0684213927,2025-12-15,social_media
C06080,Benkirane,Said,said.benkirane473@outlook.com,1997-06-28,Homme,Casablanca,0656304287,2021-04-11,referral
C06081,Bouazza,Khadija,khadija.bouazza200@hotmail.com,1990-11-10,Femme,Safi,0683045939,2025-11-27,social_media
C06082,El Ouazzani,Ilham,omar.lahlou158@hotmail.com,2002-09-20,m,Tétouan,0639610872,2021-03-23,social_media
C06083,Benjelloun,Amina,amina.benjelloun983@hotmail.com,1990-10-18,m,Marrakech,0689079311,2024-09-11,mobile
C06084,Naciri,Loubna,loubna.naciri910@live.fr,1996-02-14,male,Marrakech,0612052992,2025-07-18,web
C06085,Ziani,Imad,imad.ziani335@live.fr,1977-11-05,H,CASA,0666912106,2023-11-06,marketplace
C06086,Kettani,Ahmed,ahmed.kettani531@yahoo.fr,1983-10-12,h,Marrakech,0662572211,2022-02-10,mobile
C06087,Kettani,Ilham,ilham.kettani105@live.fr,1986-05-23,Femme,fes,0627466284,2021-01-15,web
C06088,Naciri,Hamza,hamza.naciri804@yahoo.fr,1988-03-23,1,rbt,0652949127,2025-03-17,referral
C06089,El Idrissi,Omar,omar.elidrissi544@outlook.com,1995-01-10,Femme,Meknès,0655684155,2025-09-15,web
C06090,Berrada,Zineb,zineb.berrada709@outlook.com,1984-08-27,f,Mohammedia,0621201259,2025-08-16,social_media
C06091,Bennani,Karim,karim.bennani124@outlook.com,1977-05-09,m,CASA,0696402569,2023-02-22,social_media
C06092,Amrani,Khadija,khadija.amrani400@hotmail.com,1975-10-03,m,Kénitra,0643891076,2021-06-18,mobile
C06093,El Idrissi,Khadija,khadija.elidrissi250@gmail.com,1968-08-09,0,Fès,0638919852,2025-10-27,marketplace
C06094,El Mansouri,Amine,youssef.tahiri702@hotmail.com,1995-09-01,0,Meknès,0681150639,2024-05-09,referral
C06095,Fassi Fihri,Driss,driss.fassifihri238@outlook.com,1995-12-06,female,TNG,0691988619,2023-01-21,referral
C06096,Berrada,Zineb,zineb.berrada314@gmail.com,1996-10-22,Homme,Tnja,0635212826,2025-02-09,web
C06097,Bouazza,Laila,laila.bouazza193@outlook.com,2001-10-23,m,Béni Mellal,0653036116,2025-05-15,referral
C06098,Bouzid,Zakaria,zakaria.bouzid113@outlook.com,1977-11-09,Femme,Oujda,0613676630,2021-07-28,web
C06099,Fassi Fihri,Mehdi,mehdi.fassifihri782@live.fr,1978-09-26,Femme,Fès,0619205380,2024-10-16,mobile
C06100,Haddad,Adil,adil.haddad378@hotmail.com,1995-04-21,H,FES,0694703958,2023-02-06,social_media
C06101,Amrani,Imad,sara.fassifihri799@yahoo.fr,1970-06-24,Homme,Marrakech,0662396194,2022-11-20,marketplace
C06102,Benkirane,Karim,karim.benkirane691@hotmail.com,2003-03-24,female,MARRAKECH,0644188361,2021-06-02,social_media
C06103,Benjelloun,Reda,reda.benjelloun840@outlook.com,1973-02-05,male,mkch,0640781895,2023-01-04,mobile
C06104,El Ouazzani,Karim,karim.elouazzani916@hotmail.com,1988-06-06,0,Safi,0659867180,2022-04-12,marketplace
C06105,Fassi Fihri,Dounia,dounia.fassifihri390@live.fr,1972-11-25,m,Marrakech,0667744648,2023-05-07,marketplace
C06106,Filali,Salma,salma.filali161@hotmail.com,1999-06-14,Femme,MARRAKECH,0646570184,2025-06-03,mobile
C06107,Filali,Hanane,hanane.filali762@yahoo.fr,1974-09-09,m,Oujda,0661086191,2022-12-14,web
C06108,Cherkaoui,Meryem,meryem.cherkaoui889@live.fr,1982-08-15,Femme,TANGER,0694514077,2023-01-06,referral
C06109,El Amrani,Ali,ali.elamrani559@live.fr,1964-02-03,h,mkch,0654915946,2025-02-19,web
C06110,Skalli,Reda,imad.benjelloun572@hotmail.com,1880-11-02,H,Marrakech,0688877150,2025-08-16,referral
C06111,Kettani,Sanae,sanae.kettani418@yahoo.fr,1988-03-24,Homme,CASA,0614924568,2025-04-02,referral
C06112,Chraibi,Youssef,youssef.chraibi572@hotmail.com,1969-03-15,0,Béni Mellal,0621810079,2023-11-05,social_media
C06113,Fassi Fihri,Dounia,dounia.fassifihri961@outlook.com,2002-02-23,female,Safi,0657531282,2025-04-06,marketplace
C06114,Cherkaoui,Ahmed,ahmed.cherkaoui994@hotmail.com,1973-05-14,H,casa,0643733675,2022-03-14,mobile
C06115,Filali,Youssef,youssef.filali286@outlook.com,1976-08-08,f,Marrakech,0639846427,2025-04-25,mobile
C06116,El Ouazzani,Youssef,youssef.elouazzani752@hotmail.com,1998-11-19,male,Casablanca,0655841477,2023-07-01,mobile
C06117,Bouazza,Zineb,zineb.bouazza575@gmail.com,2004-02-01,Homme,mkch,0655705780,2021-03-15,social_media
C06118,Chraibi,Sanae,sanae.chraibi692@outlook.com,1999-01-05,H,Marrakech,0678417240,2023-09-07,referral
C06119,Skalli,Khalid,khalid.skalli924@outlook.com,1963-08-06,0,Fès,0672481385,2025-08-05,marketplace
C06120,Cherkaoui,Ghita,ghita.cherkaoui887@live.fr,1972-02-26,f,Marrakech,0660908763,2022-04-18,web
C06121,Benali,Hamza,hamza.benali985@yahoo.fr,1970-03-11,female,Fès,0697268432,2023-05-13,mobile
C06122,Cherkaoui,Dounia,dounia.cherkaoui389@hotmail.com,1996-07-07,h,tanger,0648660995,2022-01-06,web
C06123,Benkirane,Driss,driss.benkirane604@yahoo.fr,1979-08-04,Homme,Tétouan,0661974678,2024-08-12,referral
C06124,Lahlou,Loubna,loubna.lahlou666@yahoo.fr,1880-09-03,male,RABAT,0699188950,2023-06-02,social_media
C06125,Benali,Khadija,khadija.benali677@hotmail.com,1987-05-22,0,El Jadida,0686421587,2021-09-12,marketplace
C06126,Tazi,Samira,samira.tazi376@live.fr,1966-07-02,Homme,Casablanca,0666296484,2023-10-27,web
C06127,El Ouazzani,Khalid,khalid.elouazzani606@outlook.com,1998-08-13,f,MARRAKECH,0639498343,2024-12-22,web
C06128,Berrada,Ahmed,ahmed.berrada952@outlook.com,1962-06-22,Homme,Fès,0616213746,2021-12-05,social_media
C06129,Skalli,Meryem,meryem.skalli33,1961-06-07,female,RABAT,0637246941,2024-03-14,referral
C06130,Benkirane,Sara,sara.benkirane616@outlook.com,1986-11-13,Femme,El Jadida,0624142048,2023-05-17,referral
C06131,El Idrissi,Khadija,khadija.elidrissi51@outlook.com,1966-02-16,f,Fès,0698947773,2024-05-08,referral
C06132,Bouzid,Khadija,khadija.bouzid143@yahoo.fr,2001-02-06,female,Safi,0632420179,2025-08-22,marketplace
C06133,Kettani,Reda,reda.kettani140@hotmail.com,1982-05-05,f,MARRAKECH,0613061483,2025-10-01,marketplace
C06134,Tazi,Hassan,hassan.tazi663@hotmail.com,1977-05-18,H,Casablanca,0673241673,2022-10-03,mobile
C06135,Alaoui,Khadija,khadija.alaoui741@outlook.com,1991-01-09,H,TANGER,0643990071,2021-06-16,mobile
C06136,Cherkaoui,Laila,laila.cherkaoui367@gmail.com,2000-09-05,1,Béni Mellal,0674897202,2025-03-25,mobile
C06137,Amrani,Mustapha,zakaria.skalli78@yahoo.fr,1980-07-16,h,Oujda,0697273361,2023-09-10,referral
C06138,Bennani,Ghita,ghita.bennani263@outlook.com,1996-03-16,h,Safi,0660184016,2021-12-17,marketplace
C06139,Bouzid,Ahmed,ahmed.bouzid58@yahoo.fr,1994-05-13,male,Meknès,0624855672,2024-12-28,web
C06140,Tazi,Rim,rim.tazi243@hotmail.com,1996-09-26,male,TNG,0634538574,2021-04-23,web
C06141,Berrada,Mustapha,mustapha.berrada345@outlook.com,1978-09-08,Femme,Agadir,0633242806,2021-06-26,mobile
C06142,Ouahbi,Khadija,khadija.ouahbi501@gmail.com,1979-06-27,f,Safi,0683457083,2021-12-28,marketplace
C06143,Tazi,Imad,imad.tazi760@yahoo.fr,1963-02-11,1,Fès,0645884252,2024-04-04,mobile
C06144,El Amrani,Mohamed,mohamed.elamrani222@yahoo.fr,2025-05-13,f,RABAT,0654728222,2022-06-18,mobile
C06145,Bennani,Ahmed,ahmed.bennani871@outlook.com,1989-08-02,f,FES,0629821056,2023-08-16,referral
C06146,Amrani,Mehdi,mehdi.amrani430@yahoo.fr,1984-01-04,0,Fès,0681824250,2022-12-17,marketplace
C06147,Bouzid,Brahim,brahim.bouzid232@hotmail.com,1987-10-28,h,RABAT,0634385800,2024-01-16,social_media
C06148,Kettani,Sanae,sanae.kettani672@hotmail.com,1984-10-16,0,CASA,0685289049,2023-01-15,mobile
C06149,Chraibi,Loubna,loubna.chraibi574@yahoo.fr,1980-05-13,Femme,CASA,0629805107,2024-11-12,mobile
C06150,Skalli,Nabil,nabil.skalli627@hotmail.com,1963-02-02,0,TANGER,0697318459,2022-06-13,referral
C06151,Ziani,Driss,driss.ziani768@outlook.com,1978-07-17,female,Mohammedia,0662978225,2025-09-20,mobile
C06152,El Ouazzani,Rim,@yahoo.fr,1994-11-07,Femme,Casablanca,0610380601,2023-09-09,mobile
C06153,Benkirane,Omar,omar.benkirane333@live.fr,1968-09-24,h,Tétouan,0687506706,2025-08-01,mobile
C06154,Sefrioui,Hind,hind.sefrioui967@live.fr,1980-09-28,h,Marrakech,0637638714,2025-06-08,referral
C06155,Benali,Houda,houda.benali449@yahoo.fr,1982-01-27,h,El Jadida,0696720479,2025-06-22,mobile
C06156,Cherkaoui,Khalid,mehdi.naciri94@outlook.com,1967-01-25,m,rbt,0633334792,2024-05-04,social_media
C06157,Alaoui,Khadija,khadija.alaoui55@gmail.com,2000-03-20,h,Casablanca,0650742270,2025-11-25,marketplace
C06158,Bouzid,Laila,laila.bouzid416@hotmail.com,1984-04-18,1,Meknès,0621746078,2024-04-21,referral
C06159,Benjelloun,Karim,karim.benjelloun322@yahoo.fr,1962-11-16,Femme,Tanger,0651715819,2025-01-12,web
C06160,Ziani,Hamza,hamza.ziani609@live.fr,1991-12-14,H,Tanger,0677348507,2022-02-11,referral
C06161,Benjelloun,Ahmed,ahmed.benjelloun676@gmail.com,1973-06-06,Femme,Marrakech,0634372880,2023-04-25,mobile
C06162,El Amrani,Imad,imad.elamrani700@hotmail.com,1998-04-20,f,RABAT,0610929540,2021-10-02,web
C06163,Sefrioui,Amina,amina.sefrioui798@gmail.com,1976-12-09,Homme,Fès,0675333958,2024-12-16,referral
C06164,Filali,Houda,houda.filali852@live.fr,1994-03-13,male,FES,0652638157,2025-02-26,marketplace
C06165,Fassi Fihri,Reda,reda.fassifihri606@gmail.com,1977-10-28,h,TANGER,0697163675,2021-10-18,web
C06166,Bouazza,Mohamed,mohamed.bouazza980@gmail.com,1988-01-25,m,Tnja,0646386127,2024-05-24,mobile
C06167,Benjelloun,Dounia,dounia.benjelloun938@live.fr,2003-12-07,female,Fès,0648071455,2025-10-04,marketplace
C06168,Chraibi,Ali,ali.chraibi17@hotmail.com,1969-09-24,Homme,Meknès,0659633590,2023-10-27,mobile
C06169,El Amrani,Houda,houda.elamrani975@hotmail.com,2000-10-01,h,rbt,0695449010,2023-03-22,marketplace
C06170,Amrani,Hassan,hassan.amrani585@live.fr,1962-08-16,1,tanger,0643620153,2022-03-09,web
C06171,Filali,Laila,laila.filali193@hotmail.com,1978-06-26,male,TANGER,0653902117,2025-04-01,web
C06172,Ziani,Soufiane,soufiane.ziani384@outlook.com,1970-05-26,H,Safi,0659887499,2025-03-25,referral
C06173,Chraibi,Hanane,hanane.chraibi779@gmail.com,1976-07-20,Homme,El Jadida,0664878228,2021-02-27,marketplace
C06174,Tahiri,Omar,omar.tahiri10@outlook.com,1983-02-24,0,Meknès,0624817102,2021-06-25,social_media
C06175,Kettani,Said,said.kettani86@outlook.com,2001-11-17,H,Safi,0631355200,2024-07-13,social_media
C06176,Tazi,Wafae,wafae.tazi921@live.fr,1970-06-07,f,Kénitra,0638523832,2024-09-14,web
C06177,El Idrissi,Khadija,khadija.elidrissi691@gmail.com,1998-08-17,0,RABAT,0698871960,2021-04-08,mobile
C06178,El Mansouri,Adil,adil.elmansouri547@yahoo.fr,1991-01-11,h,Tnja,0617428308,2025-01-07,social_media
C06179,Ouahbi,Zineb,zineb.ouahbi116@gmail.com,1977-05-03,male,TNG,0642528809,2021-11-03,referral
C06180,Alaoui,Karim,karim.alaoui827@gmail.com,1994-02-25,0,MARRAKECH,0667624160,2023-12-28,referral
C06181,Alaoui,Salma,salma.alaoui270@outlook.com,1973-02-10,female,RABAT,0682250099,2022-05-08,mobile
C06182,Naciri,Laila,laila.naciri588@hotmail.com,1979-02-02,Homme,Safi,0690679354,2022-05-01,social_media
C06183,Alaoui,Khalid,khalid.alaoui993@outlook.com,1966-04-21,male,Fès,0642069223,2021-10-14,social_media
C06184,Filali,Youssef,youssef.filali780@live.fr,1971-01-10,f,TNG,0611115444,2022-04-23,web
C06185,Amrani,Hamza,hamza.amrani31@yahoo.fr,1990-08-07,m,TANGER,0672170311,2023-12-12,mobile
C06186,Chraibi,Zineb,zineb.chraibi743@hotmail.com,1998-09-17,Femme,Casablanca,0622116574,2022-06-24,referral
C06187,El Ouazzani,Rim,nawal.alaoui43@yahoo.fr,1989-08-06,0,Safi,0647775073,2023-06-15,marketplace
C06188,Cherkaoui,Nawal,reda.benali586@hotmail.com,1992-10-19,h,Casablanca,0620240035,2023-01-21,referral
C06189,Filali,Hassan,hassan.filali928@outlook.com,2004-10-10,h,El Jadida,0679294625,2023-07-03,referral
C06190,Tahiri,Meryem,meryem.tahiri635@yahoo.fr,1990-06-11,0,RABAT,0698400671,2021-11-07,web
C06191,Cherkaoui,Ilham,ilham.cherkaoui527@live.fr,1990-04-24,H,Oujda,0686291286,2024-08-17,referral
C06192,El Idrissi,Fatima,fatima.elidrissi934@outlook.com,1966-02-22,h,Tétouan,0646322324,2022-06-08,web
C06193,Benjelloun,Rachid,rachid.benjelloun865@gmail.com,1967-03-11,Homme,Rabat,0663330661,2025-07-26,social_media
C06194,Chraibi,Nawal,nawal.chraibi217@gmail.com,1997-04-26,f,Kénitra,0687749912,2024-04-07,marketplace
C06195,Kettani,Nawal,nawal.kettani616@live.fr,1984-02-06,female,tanger,0625150343,2024-07-12,marketplace
C06196,El Mansouri,Houda,houda.elmansouri62@gmail.com,2025-02-17,f,Casablanca,0665430049,2021-11-08,social_media
C06197,Chraibi,Khadija,khadija.chraibi22,1983-02-22,male,rbt,0688565679,2025-11-17,mobile
C06198,Amrani,Nabil,hanane.benjelloun788@yahoo.fr,1993-06-19,f,Tanger,0615886376,2024-04-16,social_media
C06199,Skalli,Rachid,rachid.skalli119@yahoo.fr,1968-03-21,Femme,Kénitra,0654704945,2022-07-14,web
C06200,Alaoui,Sanae,sanae.alaoui650@outlook.com,1982-07-19,f,fes,0614973127,2023-10-24,marketplace
C06201,Filali,Reda,reda.filali504@yahoo.fr,1960-01-09,H,Safi,0626629019,2023-12-27,marketplace
C06202,El Mansouri,Reda,reda.elmansouri338@outlook.com,1984-10-16,0,Safi,0640676419,2023-05-25,web
C06203,Haddad,Zakaria,zakaria.haddad471@gmail.com,2000-09-11,f,FES,0660121281,2021-03-01,marketplace
C06204,Cherkaoui,Zakaria,zakaria.cherkaoui656@yahoo.fr,1981-05-03,Homme,mkch,0632677728,2022-12-28,web
C06205,Bennani,Adil,adil.bennani576@outlook.com,1978-04-20,female,TANGER,0659474801,2022-10-28,social_media
C06206,El Ouazzani,Laila,laila.elouazzani3@yahoo.fr,1977-11-11,male,tanger,0677135651,2022-02-08,social_media
C06207,Cherkaoui,Omar,omar.cherkaoui945@hotmail.com,2006-03-21,male,CASA,0649743671,2022-08-22,web
C06208,Kettani,Ahmed,ahmed.kettani371@outlook.com,1995-04-14,f,Kénitra,0624705969,2021-04-17,marketplace
C06209,Filali,Soufiane,soufiane.filali560@hotmail.com,1960-04-14,m,Casablanca,0654995368,2022-08-21,social_media
C06210,Berrada,Ali,ali.berrada130@yahoo.fr,1981-03-28,1,Mohammedia,0666775430,2021-09-05,web
C06211,Ouahbi,Driss,driss.ouahbi457@gmail.com,1961-02-23,H,mkch,0611919982,2022-05-24,mobile
C06212,Chraibi,Mehdi,mehdi.chraibi145@live.fr,2005-06-23,m,MARRAKECH,0685373587,2025-05-19,social_media
C06213,Rahmouni,Ali,nabil.berrada890@gmail.com,1999-10-21,1,Tnja,0663923899,2022-09-19,mobile
C06214,Amrani,Hamza,hamza.amrani247@hotmail.com,1985-09-27,f,RABAT,0682209972,2023-01-08,marketplace
C06215,Benjelloun,Fatima,fatima.benjelloun391@live.fr,1973-03-20,Homme,Rabat,0651809273,2021-01-02,mobile
C06216,Bouazza,Brahim,brahim.bouazza224@live.fr,1972-04-04,H,RABAT,0662621010,2022-06-14,web
C06217,Bennani,Amina,khalid.kettani978@outlook.com,1993-09-19,male,Tnja,0626894810,2022-11-10,web
C06218,El Amrani,Salma,salma.elamrani130@yahoo.fr,1978-02-26,f,TANGER,0634616277,2023-11-27,social_media
C06219,Lahlou,Khalid,khalid.lahlou833@live.fr,1977-03-11,Femme,Kénitra,0669656946,2023-12-26,marketplace
C06220,Bouzid,Hanane,hanane.bouzid843@yahoo.fr,2002-02-17,1,TANGER,0679647267,2024-06-06,referral
C06221,Sefrioui,Houda,houda.sefrioui41@outlook.com,1982-03-05,f,Tétouan,0620816092,2023-11-08,social_media
C06222,Bennani,Amina,amina.bennani741@hotmail.com,1987-02-22,H,Meknès,0632941409,2021-09-14,mobile
C06223,Benali,Imad,houda.sefrioui372@yahoo.fr,1976-03-11,Femme,Fès,0661003577,2021-06-11,mobile
C06224,Lahlou,Samira,samira.lahlou988@hotmail.com,1970-02-20,h,Tnja,0694063431,2025-06-24,web
C06225,Tahiri,Imad,imad.tahiri977@live.fr,1982-11-08,0,Tnja,0639357762,2025-05-15,social_media
C06226,Benali,Wafae,wafae.benali754@outlook.com,1972-02-24,1,Marrakech,0626282905,2024-07-25,marketplace
C06227,Naciri,Ghita,said.kettani863@hotmail.com,1990-01-28,H,rbt,0680220156,2025-08-06,marketplace
C06228,Alaoui,Amine,amine.alaoui748@outlook.com,2002-05-02,male,CASA,0632053560,2023-07-02,web
C06229,Tazi,Dounia,dounia.tazi212@outlook.com,1980-09-21,H,Nador,0691788235,2021-11-28,web
C06230,Amrani,Imad,imad.amrani357@gmail.com,1972-03-10,H,Nador,0673732445,2021-04-01,web
C06231,Benkirane,Khadija,khadija.benkirane659@yahoo.fr,2000-05-25,H,Kénitra,0638858584,2025-10-17,social_media
C06232,Filali,Asmae,asmae.filali603@live.fr,1991-11-23,0,TNG,0663321897,2022-12-22,marketplace
C06233,El Ouazzani,Mustapha,mustapha.elouazzani765@outlook.com,1977-04-20,Homme,CASA,0621357094,2025-01-28,social_media
C06234,Bouazza,Ghita,ghita.bouazza531@yahoo.fr,1963-03-11,0,El Jadida,0693424112,2022-01-01,marketplace
C06235,Sefrioui,Ghita,ghita.sefrioui247@gmail.com,1964-12-19,Homme,casa,0644565059,2023-12-26,web
C06236,El Ouazzani,Nabil,@live.fr,1974-12-02,Homme,rbt,0622551756,2023-09-24,mobile
C06237,Fassi Fihri,Amine,amine.fassifihri@,1999-09-21,male,Mohammedia,0618160562,2024-09-27,social_media
C06238,Filali,Asmae,asmae.filali31@hotmail.com,1969-08-27,Homme,tanger,0635888276,2025-08-21,social_media
C06239,Benkirane,Amine,amine.benkirane73@live.fr,1993-05-18,Homme,Tétouan,0666286430,2025-02-03,social_media
C06240,Bouazza,Karim,karim.bouazza299@outlook.com,1978-04-04,Homme,Tnja,0686599891,2023-01-22,social_media
C06241,El Idrissi,Mustapha,mustapha.elidrissi654@hotmail.com,1998-03-12,m,mkch,0664050519,2021-10-23,web
C06242,Benali,Karim,karim.benali870@hotmail.com,1967-09-20,m,TANGER,0641054298,2025-10-25,mobile
C06243,Ouahbi,Rachid,rachid.ouahbi838@gmail.com,2000-10-07,m,Béni Mellal,0632872700,2021-11-07,marketplace
C06244,Rahmouni,Wafae,wafae.rahmouni654@gmail.com,1997-12-04,f,Fès,0644904290,2024-04-07,marketplace
C06245,Fassi Fihri,Hassan,hassan.fassifihri383@gmail.com,1964-10-18,f,casa,0640526937,2022-02-02,web
C06246,Berrada,Nawal,nawal.berrada208@gmail.com,1979-01-23,female,TANGER,0610980159,2023-04-17,social_media
C06247,Lahlou,Nawal,nawal.lahlou341@gmail.com,2000-06-18,Homme,CASA,0652459237,2024-05-09,mobile
C06248,Lahlou,Khalid,khalid.lahlou169@outlook.com,1977-02-20,m,MARRAKECH,0630423030,2021-11-14,referral
C06249,Benkirane,Rachid,rachid.benkirane882@yahoo.fr,1979-09-25,0,Kénitra,0616800249,2021-09-04,mobile
C06250,Amrani,Amina,amina.amrani146@hotmail.com,1975-01-01,0,Rabat,0692279946,2022-01-15,web
C06251,El Ouazzani,Hassan,hassan.elouazzani752@live.fr,2003-02-24,0,Tanger,0619494541,2024-05-10,web
C06252,Fassi Fihri,Nabil,nabil.fassifihri961@gmail.com,1985-07-06,0,casa,0688828544,2025-09-03,referral
C06253,Cherkaoui,Zakaria,zakaria.cherkaoui656@live.fr,1990-07-25,Femme,CASA,0667712250,2023-01-08,web
C06254,Haddad,Ahmed,ahmed.haddad357@gmail.com,1964-01-19,0,Rabat,0645512283,2025-05-26,social_media
C06255,El Mansouri,Omar,omar.elmansouri136@live.fr,1979-01-13,H,Tétouan,0629435280,2022-03-12,referral
C06256,Tazi,Brahim,brahim.tazi378@hotmail.com,1983-05-10,m,Casablanca,0687130308,2024-10-23,marketplace
C06257,Naciri,Meryem,meryem.naciri712@yahoo.fr,1992-10-06,H,Tanger,0636202677,2021-02-14,marketplace
C06258,Ouahbi,Amine,amine.ouahbi258@yahoo.fr,1977-03-20,male,CASA,0638592667,2022-11-14,web
C06259,Bouazza,Adil,adil.bouazza488@live.fr,1966-01-27,f,CASA,0689823529,2025-05-22,referral
C06260,El Amrani,Fatima,fatima.elamrani485@outlook.com,1992-07-09,Femme,TANGER,0693098231,2025-01-16,social_media
C06261,Filali,Hassan,hassan.filali191@yahoo.fr,1973-05-22,m,Béni Mellal,0663500792,2021-02-14,mobile
C06262,Amrani,Amine,amine.amrani226@hotmail.com,1996-09-10,h,Rabat,0687981705,2023-11-18,referral
C06263,Lahlou,Nadia,nadia.lahlou316@outlook.com,1968-05-25,H,Oujda,0660226322,2021-08-28,referral
C06264,Rahmouni,Salma,salma.rahmouni927@yahoo.fr,2003-10-27,male,FES,0648052570,2024-11-01,social_media
C06265,Tahiri,Zineb,zineb.tahiri118@gmail.com,1975-08-02,m,Tnja,0672531606,2025-11-09,mobile
C06266,El Idrissi,Amina,amina.elidrissi70@hotmail.com,1989-05-28,male,Béni Mellal,0696164230,2022-06-11,web
C06267,Benjelloun,Hind,hind.benjelloun@@hotmail.com,1983-03-19,h,Casablanca,0631854427,2024-08-21,marketplace
C06268,Bouazza,Zineb,zineb.bouazza84@gmail.com,1963-03-24,female,Tnja,0677024427,2024-10-28,marketplace
C06269,Sefrioui,Amina,amina.sefrioui400@gmail.com,2000-07-10,h,Tétouan,0646631453,2022-01-09,referral
C06270,Chraibi,Ilham,ilham.chraibi952@outlook.com,1980-08-13,h,Marrakech,0698572163,2021-07-16,web
C06271,Fassi Fihri,Ahmed,ahmed.fassifihri23@gmail.com,1965-01-01,H,FES,0696153766,2025-09-06,marketplace
C06272,Cherkaoui,Nadia,nadia.cherkaoui410@hotmail.com,1988-01-06,Homme,casa,0664542341,2025-02-21,mobile
C06273,Skalli,Hind,hind.skalli436@yahoo.fr,1977-12-22,h,FES,0659848834,2024-09-25,social_media
C06274,El Mansouri,Brahim,brahim.elmansouri531@hotmail.com,1963-09-25,Femme,Agadir,0663320166,2022-04-21,social_media
C06275,Ziani,Soufiane,soufiane.ziani879@hotmail.com,1997-08-15,1,Safi,0692804650,2022-10-17,referral
C06276,Chraibi,Said,said.chraibi827@hotmail.com,1984-04-19,h,Béni Mellal,0614857344,2025-05-21,marketplace
C06277,Fassi Fihri,Mustapha,mustapha.fassifihri540@yahoo.fr,1979-01-08,H,Rabat,0699391528,2024-01-16,mobile
C06278,Tazi,Rim,rim.tazi399@gmail.com,1977-10-02,Femme,Casablanca,0680347908,2021-03-17,web
C06279,Benkirane,Mehdi,mehdi.benkirane289@gmail.com,1965-07-04,0,Meknès,0659897763,2022-04-14,mobile
C06280,Filali,Mehdi,mehdi.filali234@hotmail.com,1988-05-10,h,tanger,0657269759,2023-09-06,social_media
C06281,Amrani,Houda,houda.amrani187@outlook.com,1981-04-01,female,Tnja,0659631152,2022-10-21,web
C06282,Benkirane,Hind,hind.benkirane918@live.fr,1961-04-22,female,Kénitra,0638403138,2025-06-09,mobile
C06283,Ouahbi,Ali,ali.ouahbi625@gmail.com,1987-08-21,H,Tanger,0632839429,2022-02-14,marketplace
C06284,Skalli,Sanae,sanae.skalli548@live.fr,1960-09-02,female,Nador,0618583034,2025-11-14,web
C06285,Berrada,Nabil,nabil.berrada843@yahoo.fr,2006-05-13,male,Fès,0663100187,2021-06-19,marketplace
C06286,El Idrissi,Brahim,brahim.elidrissi@@yahoo.fr,2000-08-08,m,TNG,0632474783,2025-11-05,social_media
C06287,Rahmouni,Soufiane,soufiane.rahmouni820@live.fr,1973-02-27,h,Fès,0693655483,2022-10-21,mobile
C06288,Fassi Fihri,Ali,ali.fassifihri@@gmail.com,1973-05-26,0,CASA,0646956291,2022-02-19,social_media
C06289,El Mansouri,Nabil,nabil.elmansouri850@live.fr,1992-05-27,h,fes,0639490032,2024-03-09,web
C06290,Skalli,Mehdi,mehdi.skalli246@gmail.com,1982-10-26,male,Tétouan,0629964577,2023-05-04,referral
C06291,Benjelloun,Driss,driss.benjelloun9@hotmail.com,1963-11-01,h,Oujda,0670921974,2025-05-14,marketplace
C06292,El Idrissi,Rachid,rachid.elidrissi327@yahoo.fr,1981-11-03,f,Oujda,0646208275,2023-11-15,social_media
C06293,Sefrioui,Nabil,nabil.sefrioui196@live.fr,1972-12-01,m,fes,0630661628,2024-12-26,mobile
C06294,Lahlou,Wafae,wafae.lahlou71@hotmail.com,1976-09-18,Femme,rbt,0655262626,2025-08-21,marketplace
C06295,Ziani,Nawal,nawal.ziani267@live.fr,1993-09-18,male,Tnja,0689458603,2024-06-13,referral
C06296,Tahiri,Sanae,sanae.tahiri617@outlook.com,1994-11-25,Femme,Casablanca,0678157264,2022-06-05,social_media
C06297,Kettani,Soufiane,soufiane.kettani993@outlook.com,1994-12-09,Femme,Marrakech,0646811158,2021-08-04,social_media
C06298,Benkirane,Hind,hind.benkirane613@gmail.com,2005-06-04,Femme,Tanger,0638499588,2023-03-01,marketplace
C06299,Amrani,Zakaria,@live.fr,1965-02-26,male,mkch,0681276188,2022-06-22,referral
C06300,Kettani,Soufiane,soufiane.kettani661@gmail.com,1969-10-02,m,Fès,0614080172,2022-05-11,social_media
C06301,Benkirane,Hassan,hassan.benkirane270@yahoo.fr,1982-10-22,male,TANGER,0671373539,2023-02-21,social_media
C06302,Bennani,Hassan,hassan.bennani628@gmail.com,1890-05-17,1,Agadir,0651040260,2022-03-08,referral
C06303,Tazi,Rachid,rachid.tazi104@hotmail.com,1966-11-15,Femme,tanger,0679171783,2021-05-10,marketplace
C06304,Rahmouni,Fatima,fatima.rahmouni251@gmail.com,1977-06-18,female,MARRAKECH,0631454846,2024-02-14,marketplace
C06305,Filali,Laila,laila.filali523@live.fr,1962-11-23,0,RABAT,0683281951,2023-05-19,web
C06306,Naciri,Loubna,loubna.naciri856@yahoo.fr,2000-09-22,h,Fès,0689651774,2024-08-08,social_media
C06307,Alaoui,Fatima,fatima.alaoui63,1973-04-06,H,Tnja,0633940704,2024-04-04,marketplace
C06308,Filali,Salma,salma.filali436@outlook.com,2002-02-08,female,Béni Mellal,0684569601,2025-01-18,marketplace
C06309,Sefrioui,Khadija,khadija.sefrioui157@yahoo.fr,1971-08-07,Femme,Fès,0630026765,2021-06-10,web
C06310,Sefrioui,Nawal,nawal.sefrioui53@outlook.com,2003-05-09,H,MARRAKECH,0688246968,2023-03-02,referral
C06311,El Idrissi,Zakaria,zakaria.elidrissi303@yahoo.fr,2025-02-14,H,Casablanca,0652704165,2025-06-01,mobile
C06312,Amrani,Wafae,wafae.amrani@@yahoo.fr,1992-03-06,Femme,Casablanca,0662268207,2023-08-09,marketplace
C06313,Bouazza,Laila,laila.bouazza41@live.fr,1978-12-13,Homme,MARRAKECH,0641979954,2025-01-06,marketplace
C06314,Fassi Fihri,Mohamed,mohamed.fassifihri988@outlook.com,1966-09-28,male,Casablanca,0641537737,2025-01-27,referral
C06315,El Mansouri,Salma,salma.elmansouri14@live.fr,1993-03-10,Femme,Tanger,0649721762,2025-12-03,referral
C06316,Tazi,Amine,amine.tazi770@outlook.com,1997-05-21,f,Béni Mellal,0672941036,2025-10-22,web
C06317,Ziani,Zineb,zineb.ziani266@yahoo.fr,2002-09-01,male,FES,0616052482,2024-04-12,web
C06318,Benjelloun,Mehdi,mehdi.benjelloun144@yahoo.fr,1979-09-19,H,Casablanca,0688872621,2024-09-08,web
C06319,Alaoui,Wafae,wafae.alaoui462@gmail.com,1992-01-27,female,Agadir,0642647360,2021-04-27,mobile
C06320,Haddad,Mohamed,mohamed.haddad913@gmail.com,1972-08-16,f,Meknès,0666994604,2022-06-28,social_media
C06321,Haddad,Hassan,hassan.haddad417@yahoo.fr,1880-09-18,Femme,RABAT,0683033928,2023-01-07,social_media
C06322,El Amrani,Nadia,nadia.elamrani388@live.fr,1984-08-25,Femme,Nador,0639386748,2025-06-26,referral
C06323,Haddad,Mustapha,hassan.elamrani415@gmail.com,1989-07-27,1,Mohammedia,0682779830,2021-03-18,marketplace
C06324,Ziani,Omar,omar.ziani42@gmail.com,1964-05-03,H,Tétouan,0655589094,2022-03-27,referral
C06325,Sefrioui,Soufiane,soufiane.sefrioui369@live.fr,1985-08-24,Homme,Safi,0674177885,2022-12-17,referral
C06326,Lahlou,Zakaria,zakaria.lahlou803@outlook.com,1971-12-04,male,El Jadida,0688574296,2024-03-07,mobile
C06327,Ouahbi,Imad,imad.ouahbi780@hotmail.com,2003-04-17,female,FES,0647823711,2021-08-15,marketplace
C06328,Haddad,Hassan,hassan.haddad315@gmail.com,2006-08-22,Femme,fes,0697206144,2024-05-10,web
C06329,Naciri,Youssef,youssef.naciri691@live.fr,1987-07-05,female,Nador,0684630068,2023-03-26,social_media
C06330,Haddad,Asmae,asmae.haddad926@yahoo.fr,1990-10-14,Homme,Tétouan,0679396683,2022-06-16,marketplace
C06331,Filali,Amine,amine.filali267@live.fr,1960-12-05,0,Oujda,0687282853,2025-11-20,web
C06332,Tahiri,Mehdi,mehdi.tahiri27@hotmail.com,1961-06-16,female,FES,0625456243,2023-11-05,marketplace
C06333,Benali,Laila,laila.benali49@gmail.com,1987-04-15,1,Tétouan,0662297988,2024-01-15,web
C06334,El Mansouri,Driss,driss.elmansouri709@gmail.com,1982-09-17,1,MARRAKECH,0641006326,2023-03-21,referral
C06335,Naciri,Khalid,khalid.naciri909@live.fr,1976-01-04,Homme,Meknès,0664860294,2025-01-16,referral
C06336,Alaoui,Sara,sara.alaoui240@gmail.com,2000-11-21,f,Tétouan,0632430546,2023-12-20,mobile
C06337,El Idrissi,Salma,salma.elidrissi498@outlook.com,1964-04-21,male,MARRAKECH,0622584112,2022-05-23,web
C06338,Berrada,Youssef,youssef.berrada579@hotmail.com,1990-04-05,female,RABAT,0674929627,2025-07-18,web
C06339,Skalli,Mustapha,mustapha.skalli829@hotmail.com,1969-01-27,m,casa,0655312256,2024-11-03,marketplace
C06340,Ziani,Loubna,loubna.ziani216@live.fr,1971-12-05,1,FES,0657963853,2022-06-13,marketplace
C06341,Filali,Said,said.filali146@live.fr,1960-07-16,f,rbt,0679497625,2023-09-12,referral
C06342,Bouzid,Laila,laila.bouzid710@yahoo.fr,1964-02-04,1,Tnja,0610176678,2024-09-18,mobile
C06343,Fassi Fihri,Salma,salma.fassifihri363@live.fr,1979-05-05,Femme,Tétouan,0613074125,2024-11-05,marketplace
C06344,Ouahbi,Hassan,reda.benkirane315@yahoo.fr,1997-06-07,H,Meknès,0641724808,2023-04-28,web
C06345,Bouzid,Adil,adil.bouzid348@yahoo.fr,2006-10-05,m,Kénitra,0632065425,2022-09-06,web
C06346,Alaoui,Nawal,nawal.alaoui864@yahoo.fr,1976-07-24,1,TANGER,0654922080,2025-04-01,mobile
C06347,Haddad,Reda,reda.haddad603@gmail.com,1998-09-13,Homme,Béni Mellal,0667315831,2023-12-17,marketplace
C06348,Skalli,Asmae,asmae.skalli373@hotmail.com,1966-03-04,h,Safi,0675131303,2022-03-22,web
C06349,Ziani,Amine,amine.ziani771@hotmail.com,1973-10-08,1,Casablanca,0615231601,2022-06-25,web
C06350,Fassi Fihri,Ilham,ilham.fassifihri676@outlook.com,1990-11-24,1,Béni Mellal,0611665084,2021-04-04,marketplace
C06351,El Idrissi,Hanane,hanane.elidrissi992@gmail.com,1975-11-07,H,FES,0655067559,2024-11-16,mobile
C06352,Benjelloun,Zakaria,zakaria.benjelloun259@live.fr,1965-07-14,female,RABAT,0648370321,2023-11-09,marketplace
C06353,El Ouazzani,Ghita,ghita.elouazzani892@hotmail.com,1961-01-12,Homme,TNG,0654990264,2024-06-06,social_media
C06354,Sefrioui,Soufiane,soufiane.sefrioui958@outlook.com,1998-07-27,0,Fès,0611088522,2024-09-03,social_media
C06355,Alaoui,Fatima,fatima.alaoui100@hotmail.com,1975-12-27,female,El Jadida,0631644722,2023-04-18,web
C06356,Alaoui,Salma,salma.alaoui419@live.fr,1977-11-26,H,Fès,0645444419,2022-03-03,social_media
C06357,Tahiri,Karim,houda.bouazza633@yahoo.fr,1990-12-25,Femme,RABAT,0668367518,2024-11-26,referral
C06358,Ziani,Mustapha,mustapha.ziani574@gmail.com,1973-06-09,male,Tnja,0627015229,2022-08-14,referral
C06359,Bouazza,Nabil,nabil.bouazza502@gmail.com,2002-10-24,female,Kénitra,0649433070,2024-07-19,web
C06360,Bennani,Hamza,hamza.bennani363@gmail.com,1966-05-27,0,FES,0691426673,2022-01-12,social_media
C06361,Lahlou,Mohamed,mohamed.lahlou43,1992-12-13,m,fes,0612398779,2021-05-22,web
C06362,Filali,Wafae,wafae.filali169@hotmail.com,1995-11-21,H,Kénitra,0652271262,2021-01-13,marketplace
C06363,Benjelloun,Hamza,hamza.benjelloun71@live.fr,1966-03-10,Femme,Kénitra,0627297040,2022-11-25,mobile
C06364,El Ouazzani,Khalid,imad.tahiri559@gmail.com,1997-05-09,0,TNG,0692417581,2023-03-10,web
C06365,Tahiri,Zineb,zineb.tahiri165@hotmail.com,1989-10-11,f,Kénitra,0650078860,2022-10-23,marketplace
C06366,Haddad,Nawal,nawal.haddad641@live.fr,1966-06-10,1,CASA,0659120129,2024-04-13,mobile
C06367,Cherkaoui,Karim,imad.bouazza600@outlook.com,1965-03-17,male,FES,0651002533,2021-06-21,mobile
C06368,Benali,Salma,salma.benali161@hotmail.com,1961-01-04,0,mkch,0655778406,2021-02-10,marketplace
C06369,Chraibi,Karim,karim.chraibi473@hotmail.com,1968-04-05,Homme,Fès,0665042461,2025-11-18,web
C06370,Haddad,Loubna,loubna.haddad857@live.fr,1998-02-05,f,Oujda,0647251948,2023-08-01,mobile
C06371,Benjelloun,Omar,omar.benjelloun654@hotmail.com,1978-10-23,m,Tnja,0622375478,2022-02-09,social_media
C06372,Haddad,Ahmed,ahmed.haddad292@yahoo.fr,1994-12-02,f,mkch,0611451542,2024-05-06,marketplace
C06373,Benkirane,Sanae,amina.ouahbi357@hotmail.com,1992-04-19,male,rbt,0671853477,2024-01-01,mobile
C06374,Skalli,Wafae,wafae.skalli673@live.fr,1987-02-03,0,Kénitra,0664038579,2023-01-28,marketplace
C06375,Bouzid,Ali,ali.bouzid199@gmail.com,1985-11-25,male,Rabat,0649063168,2023-08-08,web
C06376,El Idrissi,Asmae,asmae.elidrissi37@yahoo.fr,2004-09-21,H,mkch,0614362744,2023-05-14,web
C06377,Sefrioui,Ahmed,ahmed.sefrioui853@outlook.com,1961-08-16,Homme,Fès,0622188831,2022-07-26,marketplace
C06378,Benjelloun,Reda,reda.benjelloun695@hotmail.com,2005-05-25,h,Mohammedia,0682881182,2024-04-26,referral
C06379,Chraibi,Reda,reda.chraibi74@gmail.com,2004-11-01,0,Meknès,0630697685,2022-06-26,referral
C06380,Berrada,Amine,amine.berrada279@yahoo.fr,1975-06-06,h,FES,0633100756,2025-05-15,mobile
C06381,Filali,Fatima,fatima.filali190@outlook.com,1978-05-06,male,Nador,0622207923,2022-04-22,web
C06382,Kettani,Nabil,nabil.kettani143@yahoo.fr,1989-10-16,0,RABAT,0699928773,2021-10-20,referral
C06383,Fassi Fihri,Nawal,nawal.fassifihri337@gmail.com,2003-09-09,1,casa,0631728656,2023-06-10,social_media
C06384,Lahlou,Fatima,fatima.lahlou421@gmail.com,1992-02-21,H,fes,0680250594,2025-04-06,web
C06385,El Ouazzani,Said,said.elouazzani458@outlook.com,1996-09-26,1,Fès,0655784244,2024-07-02,referral
C06386,Bouazza,Omar,omar.bouazza831@live.fr,1987-04-12,female,TANGER,0691378679,2025-11-12,mobile
C06387,Haddad,Youssef,youssef.haddad979@yahoo.fr,1960-02-16,H,tanger,0690254666,2025-03-27,mobile
C06388,Naciri,Reda,reda.naciri378@live.fr,1981-08-22,h,Marrakech,0696700464,2025-02-14,referral
C06389,Berrada,Nabil,nabil.berrada257@gmail.com,1979-09-04,0,Nador,0634300251,2022-08-02,social_media
C06390,Ouahbi,Loubna,salma.elamrani614@outlook.com,1999-04-28,h,TANGER,0648267063,2023-08-10,web
C06391,Chraibi,Hassan,hassan.chraibi697@yahoo.fr,1979-02-26,h,RABAT,0644296775,2023-09-02,social_media
C06392,Tazi,Omar,omar.tazi458@live.fr,1976-04-27,f,rbt,0693122343,2023-10-15,web
C06393,Lahlou,Khalid,khalid.lahlou430@gmail.com,2026-11-17,f,Béni Mellal,0624686426,2023-01-08,web
C06394,El Amrani,Driss,driss.elamrani183@hotmail.com,1993-01-09,Femme,TNG,0670598293,2022-07-26,mobile
C06395,Bouzid,Adil,adil.bouzid754@hotmail.com,1989-05-13,H,Tétouan,0692711123,2025-03-11,social_media
C06396,Benjelloun,Omar,omar.benjelloun542@yahoo.fr,1986-03-03,male,mkch,0611624087,2022-01-10,social_media
C06397,Amrani,Laila,laila.amrani30,1965-03-02,female,Nador,0683566096,2023-01-24,web
C06398,Bouzid,Nabil,nabil.bouzid345@gmail.com,1979-06-03,0,casa,0638438715,2022-03-20,web
C06399,Benali,Sara,sara.benali572@gmail.com,1992-07-24,female,Casablanca,0624248910,2022-08-02,mobile
C06400,Tahiri,Hanane,hanane.tahiri452@gmail.com,1993-03-09,female,mkch,0621739351,2025-09-08,marketplace
C06401,Benkirane,Adil,adil.benkirane275@gmail.com,2002-08-20,1,fes,0611245222,2023-10-17,web
C06402,Haddad,Nawal,nawal.haddad259@hotmail.com,1984-06-03,Femme,Safi,0616863600,2022-10-14,web
C06403,Berrada,Karim,karim.berrada498@gmail.com,1978-08-05,f,Kénitra,0629695811,2024-12-04,mobile
C06404,Bouzid,Zineb,zineb.bouzid784@live.fr,1992-07-20,0,TANGER,0629539250,2022-06-01,referral
C06405,Lahlou,Dounia,dounia.lahlou268@gmail.com,1982-04-22,m,Mohammedia,0679177210,2024-12-26,social_media
C06406,Rahmouni,Asmae,ahmed.fassifihri181@gmail.com,1982-12-19,h,FES,0670578148,2021-02-01,mobile
C06407,Rahmouni,Laila,laila.rahmouni324@hotmail.com,1960-02-01,H,RABAT,0672887615,2022-11-16,marketplace
C06408,Sefrioui,Nawal,nawal.sefrioui729@live.fr,1990-12-27,male,RABAT,0696613209,2022-09-27,marketplace
C06409,El Idrissi,Hamza,hamza.elidrissi435@outlook.com,1963-08-03,h,Safi,0647610143,2025-01-14,marketplace
C06410,Bennani,Youssef,youssef.bennani407@yahoo.fr,1984-07-17,1,Casablanca,0619206733,2021-06-03,referral
C06411,Skalli,Omar,omar.skalli972@yahoo.fr,1970-07-22,h,RABAT,0619735560,2025-06-08,marketplace
C06412,Naciri,Fatima,fatima.naciri185@gmail.com,1973-07-01,m,fes,0619137783,2023-02-15,mobile
C06413,Benjelloun,Zineb,zineb.benjelloun947@live.fr,1998-08-24,Femme,Tétouan,0620851129,2025-09-12,mobile
C06414,Naciri,Ahmed,ahmed.naciri355@yahoo.fr,1975-02-17,1,casa,0646039012,2022-02-23,mobile
C06415,Bennani,Hind,hind.bennani100@yahoo.fr,1975-10-04,0,MARRAKECH,0680749872,2025-05-21,social_media
C06416,Tazi,Adil,adil.tazi283@gmail.com,1973-10-02,Femme,tanger,0617914974,2021-12-06,referral
C06417,El Idrissi,Ilham,ilham.elidrissi752@gmail.com,1979-10-10,Homme,El Jadida,0673943093,2021-09-06,marketplace
C06418,Bennani,Nadia,nadia.bennani309@gmail.com,1983-08-09,female,tanger,0663608364,2025-10-25,marketplace
C06419,Ouahbi,Mehdi,mehdi.ouahbi85@outlook.com,1960-03-28,male,Rabat,0644848934,2024-10-22,web
C06420,El Amrani,Zakaria,zakaria.elamrani101@gmail.com,2005-12-27,male,MARRAKECH,0644332791,2025-10-04,social_media
C06421,Bouzid,Rachid,rachid.bouzid853@live.fr,1965-12-05,f,Casablanca,0677476887,2021-03-19,referral
C06422,Naciri,Nawal,nawal.naciri883@live.fr,2004-04-03,Homme,Agadir,0648101420,2022-10-07,web
C06423,Tazi,Hamza,hamza.tazi259@outlook.com,1969-12-14,f,Béni Mellal,0614704533,2024-02-10,social_media
C06424,Bouzid,Driss,driss.bouzid959@gmail.com,1995-10-28,0,TANGER,0643877522,2024-02-28,mobile
C06425,Filali,Asmae,asmae.filali980@gmail.com,2003-01-01,m,Mohammedia,0615272973,2021-04-07,mobile
C06426,Alaoui,Driss,driss.alaoui493@yahoo.fr,2006-02-19,1,rbt,0626522426,2022-10-02,marketplace
C06427,Skalli,Mohamed,mohamed.skalli419@hotmail.com,1991-06-07,male,Safi,0656827298,2025-09-19,marketplace
C06428,Haddad,Asmae,asmae.haddad274@live.fr,1983-10-02,m,Kénitra,0688177618,2022-06-16,web
C06429,Fassi Fihri,Soufiane,soufiane.fassifihri779@live.fr,1968-10-25,Homme,Fès,0679616147,2023-03-25,social_media
C06430,Chraibi,Mustapha,mustapha.chraibi715@gmail.com,1962-01-24,Femme,Casablanca,0635255713,2024-11-25,web
C06431,El Amrani,Hind,hind.elamrani387@hotmail.com,1996-02-15,Femme,Béni Mellal,0643089108,2021-01-10,marketplace
C06432,Bennani,Meryem,meryem.bennani518@hotmail.com,1972-02-16,male,CASA,0623218238,2024-02-24,marketplace
C06433,Sefrioui,Imad,imad.sefrioui313@hotmail.com,1987-05-05,H,fes,0636601719,2024-05-27,referral
C06434,Benjelloun,Ilham,ilham.benjelloun112@live.fr,1966-05-23,Femme,El Jadida,0619860006,2025-10-15,referral
C06435,Benjelloun,Amine,amine.benjelloun253@hotmail.com,2000-04-16,male,Marrakech,0689849856,2021-09-28,mobile
C06436,Bouzid,Nabil,nabil.bouzid930@yahoo.fr,1988-05-24,male,Safi,0646722664,2023-01-04,mobile
C06437,Benjelloun,Soufiane,soufiane.benjelloun@@outlook.com,2000-06-02,Homme,mkch,0671479037,2022-10-19,web
C06438,Amrani,Wafae,wafae.amrani616@gmail.com,1981-03-24,0,mkch,0616251591,2023-09-17,social_media
C06439,El Amrani,Ilham,ilham.elamrani96@hotmail.com,1984-09-13,male,TNG,0630057168,2022-02-27,marketplace
C06440,Bouazza,Youssef,youssef.bouazza363@gmail.com,1995-11-23,H,Oujda,0691813402,2022-11-04,web
C06441,Fassi Fihri,Rachid,rachid.fassifihri560@outlook.com,1992-08-06,h,Fès,0624523739,2024-01-16,referral
C06442,Rahmouni,Mohamed,mohamed.rahmouni879@outlook.com,1972-03-20,h,Nador,0672295230,2021-10-23,web
C06443,Cherkaoui,Imad,imad.cherkaoui287@live.fr,1976-04-11,H,TNG,0676181350,2025-05-20,mobile
C06444,El Ouazzani,Hanane,hanane.elouazzani218@gmail.com,1995-04-05,h,Tnja,0674145640,2024-02-13,social_media
C06445,Benkirane,Adil,adil.benkirane882@live.fr,1984-08-27,female,TANGER,0642912159,2025-12-13,marketplace
C06446,Berrada,Reda,reda.berrada625@gmail.com,1979-11-14,h,Mohammedia,0630403943,2025-04-06,social_media
C06447,Ziani,Ali,ali.ziani87@outlook.com,2000-05-22,Homme,Nador,0687167080,2021-02-02,referral
C06448,Naciri,Hind,hind.naciri455@yahoo.fr,2026-12-07,male,Casablanca,0669531802,2024-01-23,marketplace
C06449,Sefrioui,Laila,sanae.ouahbi706@live.fr,1992-01-28,female,Fès,0655411126,2025-07-11,referral
C06450,Tahiri,Hamza,hamza.tahiri848@outlook.com,1972-06-16,f,Fès,0680203315,2024-03-01,referral
C06451,El Idrissi,Driss,driss.elidrissi249@live.fr,1998-11-08,H,Safi,0627727580,2025-09-26,web
C06452,Ouahbi,Amine,amine.ouahbi348@live.fr,2004-11-15,h,Agadir,0614581213,2025-12-03,referral
C06453,Filali,Youssef,youssef.filali854@outlook.com,1978-03-06,m,tanger,0616163918,2024-07-20,mobile
C06454,Rahmouni,Khalid,khalid.rahmouni228@yahoo.fr,1993-06-12,Homme,fes,0688769882,2024-05-22,mobile
C06455,Kettani,Amina,amina.kettani@,1987-06-02,female,Casablanca,0656331285,2025-08-12,web
C06456,Haddad,Brahim,brahim.haddad772@gmail.com,2001-08-03,1,Rabat,0671290138,2025-09-18,marketplace
C06457,Naciri,Laila,laila.naciri124@hotmail.com,2001-11-16,1,Rabat,0693549731,2022-02-27,web
C06458,Ziani,Dounia,dounia.ziani772@yahoo.fr,1985-08-01,female,TNG,0668354968,2023-06-24,referral
C06459,Ouahbi,Rim,rim.ouahbi888@hotmail.com,1989-12-28,male,El Jadida,0617194657,2022-03-07,mobile
C06460,Skalli,Zakaria,zakaria.skalli562@hotmail.com,1987-08-14,h,Casablanca,0612536336,2025-01-06,mobile
C06461,Fassi Fihri,Soufiane,soufiane.fassifihri91@hotmail.com,1965-01-18,0,TANGER,0671881361,2025-09-26,web
C06462,El Mansouri,Rachid,rachid.elmansouri914@gmail.com,2004-04-27,H,Oujda,0662573577,2023-06-07,marketplace
C06463,Ziani,Samira,samira.ziani746@live.fr,1994-10-01,male,TNG,0631014279,2023-01-11,social_media
C06464,Chraibi,Asmae,wafae.naciri310@hotmail.com,1996-04-01,female,Tanger,0615886484,2022-08-10,web
C06465,Bouazza,Asmae,asmae.bouazza142@live.fr,1977-01-08,0,fes,0643055924,2021-04-21,referral
C06466,Rahmouni,Soufiane,soufiane.rahmouni171@yahoo.fr,1980-02-15,female,Agadir,0654108061,2024-06-14,social_media
C06467,Sefrioui,Sanae,sanae.sefrioui602@outlook.com,1976-07-08,Homme,El Jadida,0618100350,2024-09-24,marketplace
C06468,El Ouazzani,Said,said.elouazzani94@yahoo.fr,1969-11-16,h,Meknès,0656934637,2024-02-13,marketplace
C06469,Bouazza,Hamza,hamza.bouazza260@outlook.com,1997-11-15,male,Fès,0627506527,2024-03-04,social_media
C06470,Skalli,Karim,karim.skalli806@yahoo.fr,1966-12-24,m,Nador,0675473753,2024-09-21,social_media
C06471,El Mansouri,Mehdi,mehdi.elmansouri828@live.fr,2002-09-08,1,RABAT,0675343668,2023-07-06,mobile
C06472,Ziani,Ahmed,ahmed.ziani697@live.fr,1985-01-10,f,Tanger,0613986742,2023-05-27,referral
C06473,Ouahbi,Imad,imad.ouahbi972@hotmail.com,1965-04-10,H,Casablanca,0659439560,2025-03-14,marketplace
C06474,Bouazza,Reda,reda.bouazza789@live.fr,2001-10-11,female,TNG,0663613077,2024-02-10,mobile
C06475,Haddad,Fatima,fatima.haddad340@hotmail.com,1970-11-19,m,Safi,0664066847,2024-01-20,marketplace
C06476,Kettani,Nabil,nabil.kettani245@outlook.com,1990-11-14,1,Agadir,0642648616,2025-02-04,web
C06477,Amrani,Reda,reda.amrani360@outlook.com,1969-08-17,0,Tétouan,0666583376,2022-09-03,marketplace
C06478,Bouzid,Mustapha,mustapha.bouzid263@gmail.com,1975-08-10,male,Casablanca,0677039665,2022-06-18,web
C06479,El Idrissi,Mustapha,mustapha.elidrissi174@hotmail.com,1980-10-15,Homme,Marrakech,0654904550,2023-07-17,marketplace
C06480,Bouzid,Adil,adil.bouzid186@gmail.com,1980-05-05,female,Kénitra,0685871699,2021-12-25,referral
C06481,Alaoui,Asmae,asmae.alaoui517@outlook.com,1972-10-06,h,Oujda,0697928118,2023-03-22,referral
C06482,Berrada,Meryem,meryem.berrada163@outlook.com,1969-09-17,0,TANGER,0682512371,2024-08-16,social_media
C06483,Skalli,Karim,karim.skalli357@hotmail.com,2004-06-01,m,Kénitra,0681019255,2022-10-15,referral
C06484,Alaoui,Sara,sara.alaoui474@gmail.com,1985-07-08,Homme,TNG,0637403683,2021-12-17,social_media
C06485,El Amrani,Adil,adil.elamrani687@hotmail.com,1977-07-15,0,Meknès,0698360418,2021-03-26,social_media
C06486,Bouazza,Mohamed,hanane.naciri734@yahoo.fr,2005-04-25,male,Oujda,0614069382,2021-07-20,mobile
C06487,Bouzid,Ali,ali.bouzid396@gmail.com,1880-03-06,Homme,casa,0680443246,2021-09-20,web
C06488,Chraibi,Omar,omar.chraibi15@gmail.com,1992-09-02,0,Kénitra,0631587998,2025-11-14,referral
C06489,Bouazza,Hind,hind.bouazza622@hotmail.com,1971-07-14,male,Marrakech,0656175617,2024-06-12,mobile
C06490,Kettani,Nadia,nadia.kettani489@yahoo.fr,2003-12-08,0,casa,0693573643,2023-07-18,mobile
C06491,Filali,Sanae,sanae.filali117@hotmail.com,1996-06-20,Femme,Tétouan,0666381974,2025-04-18,referral
C06492,Benali,Mehdi,mehdi.benali915@hotmail.com,1989-12-05,m,RABAT,0660255757,2025-10-27,referral
C06493,Rahmouni,Laila,laila.rahmouni128@gmail.com,1982-07-04,1,mkch,0613565381,2025-08-17,marketplace
C06494,Tahiri,Sanae,sanae.tahiri604@live.fr,1880-02-17,f,mkch,0644138864,2021-09-03,web
C06495,Ziani,Omar,omar.ziani946@live.fr,1960-01-28,Homme,Rabat,0658341053,2024-11-01,social_media
C06496,Amrani,Mustapha,mustapha.amrani776@live.fr,1962-10-21,0,Mohammedia,0680625137,2024-02-19,marketplace
C06497,Fassi Fihri,Hamza,hamza.fassifihri165@hotmail.com,1967-04-16,m,Meknès,0673371203,2022-12-16,social_media
C06498,Benali,Salma,salma.benali65@yahoo.fr,1983-02-26,f,Béni Mellal,0673461671,2022-01-14,referral
C06499,Amrani,Nadia,nadia.amrani973@yahoo.fr,1964-09-24,H,El Jadida,0624859199,2023-08-13,mobile
C06500,El Amrani,Khalid,khalid.elamrani688@live.fr,1978-01-27,1,Tnja,0675940483,2023-08-22,social_media
C06501,Filali,Houda,houda.filali844@live.fr,1995-10-09,m,Marrakech,0683460034,2024-10-11,marketplace
C06502,Rahmouni,Mehdi,mehdi.rahmouni432@live.fr,1969-09-03,male,Béni Mellal,0620214228,2021-08-07,web
C06503,Tahiri,Soufiane,soufiane.tahiri424@yahoo.fr,1968-04-26,f,RABAT,0695437451,2023-03-20,referral
C06504,Ouahbi,Rachid,rachid.ouahbi665@outlook.com,1960-02-26,female,Casablanca,0670460712,2025-06-01,social_media
C06505,Lahlou,Driss,driss.lahlou749@live.fr,2001-12-14,Femme,Tétouan,0669684770,2025-12-04,web
C06506,Tazi,Soufiane,soufiane.tazi289@gmail.com,1990-05-03,1,Meknès,0675181415,2022-11-20,marketplace
C06507,Haddad,Khalid,khalid.haddad312@hotmail.com,1982-12-15,h,casa,0670891711,2023-03-01,mobile
C06508,Bouazza,Sanae,sanae.bouazza110@hotmail.com,2000-09-03,male,Tétouan,0697127941,2022-03-01,web
C06509,Bouzid,Mustapha,mustapha.bouzid348@outlook.com,2006-01-07,1,MARRAKECH,0610000889,2024-09-10,social_media
C06510,Fassi Fihri,Rim,rim.fassifihri695@yahoo.fr,1962-08-06,1,Rabat,0675737087,2024-05-05,mobile
C06511,Bennani,Khalid,khalid.bennani268@outlook.com,1973-06-09,h,El Jadida,0689932671,2022-05-14,referral
C06512,Alaoui,Loubna,loubna.alaoui65@outlook.com,1965-08-15,Femme,TANGER,0662717452,2021-10-16,mobile
C06513,Cherkaoui,Omar,omar.cherkaoui137@hotmail.com,1969-12-08,female,Marrakech,0642781599,2023-05-10,mobile
C06514,Naciri,Zakaria,zakaria.naciri141@hotmail.com,2003-07-18,male,TANGER,0673564756,2025-12-06,web
C06515,Chraibi,Loubna,loubna.chraibi748@gmail.com,1992-01-13,Femme,Kénitra,0695199025,2021-09-08,web
C06516,Benjelloun,Hanane,hanane.benjelloun266@outlook.com,1994-02-13,1,Tnja,0641630107,2025-12-18,marketplace
C06517,Fassi Fihri,Hassan,ahmed.benkirane485@gmail.com,1980-06-13,male,Marrakech,0623569321,2023-08-14,web
C06518,Sefrioui,Houda,houda.sefrioui266@hotmail.com,1998-06-11,H,Tanger,0661635869,2023-06-22,mobile
C06519,Berrada,Samira,samira.berrada431@hotmail.com,1992-02-23,Femme,RABAT,0667192629,2021-06-21,mobile
C06520,Bouzid,Adil,adil.bouzid199@gmail.com,1967-12-13,H,Agadir,0637747811,2022-06-21,social_media
C06521,Cherkaoui,Omar,omar.cherkaoui852@hotmail.com,1976-08-14,Homme,Tanger,0644223184,2024-10-21,marketplace
C06522,Chraibi,Houda,houda.chraibi557@gmail.com,2006-10-02,H,MARRAKECH,0632090811,2025-11-11,mobile
C06523,Cherkaoui,Hind,hind.cherkaoui344@yahoo.fr,1971-12-12,f,Rabat,0688065519,2023-06-04,social_media
C06524,Kettani,Mustapha,mustapha.kettani448@gmail.com,1977-03-25,male,Fès,0694102868,2021-01-01,web
C06525,El Idrissi,Amina,amina.elidrissi216@hotmail.com,2006-09-15,H,Oujda,0621597787,2025-10-07,marketplace
C06526,Bennani,Ilham,ilham.bennani581@yahoo.fr,1984-05-12,Homme,Béni Mellal,0630327743,2024-01-22,social_media
C06527,Ouahbi,Dounia,dounia.ouahbi916@gmail.com,1880-06-09,h,Casablanca,0639840196,2021-03-16,mobile
C06528,Bennani,Ali,ali.bennani719@outlook.com,1978-08-27,Femme,mkch,0662556598,2024-03-07,mobile
C06529,Berrada,Zakaria,zakaria.berrada669@outlook.com,1998-11-28,h,Nador,0692082972,2024-07-20,marketplace
C06530,Haddad,Khalid,khalid.haddad815@gmail.com,1974-05-20,Femme,Nador,0685372110,2024-08-15,social_media
C06531,Tazi,Rim,rim.tazi725@hotmail.com,1963-07-05,Femme,Casablanca,0695143539,2024-08-05,social_media
C06532,Amrani,Imad,imad.amrani608@outlook.com,1964-03-14,Femme,tanger,0654832988,2024-04-14,web
C06533,Amrani,Mehdi,rim.bouazza827@gmail.com,1987-03-02,f,Kénitra,0632504142,2022-11-04,mobile
C06534,Sefrioui,Mohamed,@gmail.com,1981-07-22,male,Casablanca,0659124007,2022-04-23,mobile
C06535,Ouahbi,Loubna,loubna.ouahbi44@hotmail.com,2004-09-14,Femme,Tétouan,0639369547,2023-08-05,social_media
C06536,Cherkaoui,Mohamed,mohamed.cherkaoui504@outlook.com,1996-12-15,m,casa,0697729067,2023-06-11,marketplace
C06537,Benali,Ilham,ilham.benali501@yahoo.fr,1982-12-14,m,Kénitra,0654692071,2023-03-19,mobile
C06538,Haddad,Ali,ali.haddad206@yahoo.fr,1988-08-13,m,Tanger,0610227818,2024-02-08,mobile
C06539,Bouazza,Adil,adil.bouazza607@gmail.com,1994-09-09,m,Oujda,0676267405,2022-03-09,referral
C06540,Bouzid,Khadija,sanae.alaoui650@outlook.com,1978-11-07,h,Fès,0685289740,2025-02-06,marketplace
C06541,Ziani,Houda,houda.ziani881@hotmail.com,1966-12-06,Homme,Agadir,0614454430,2024-12-27,mobile
C06542,Fassi Fihri,Hassan,hassan.fassifihri368@live.fr,1962-02-07,Femme,Nador,0650050224,2022-07-09,social_media
C06543,Benkirane,Brahim,brahim.benkirane32@outlook.com,2004-07-21,Homme,Meknès,0633396018,2023-04-04,referral
C06544,Fassi Fihri,Nawal,nawal.fassifihri957@live.fr,1971-06-10,female,Oujda,0696628306,2025-11-22,web
C06545,Amrani,Youssef,youssef.amrani702@outlook.com,1965-09-22,f,tanger,0683185159,2024-12-15,social_media
C06546,El Ouazzani,Fatima,fatima.elouazzani@@gmail.com,1965-05-22,H,CASA,0689911808,2022-06-22,social_media
C06547,Lahlou,Mehdi,mehdi.lahlou351@gmail.com,2006-08-15,f,Tétouan,0654109047,2025-03-21,referral
C06548,Cherkaoui,Samira,samira.cherkaoui843@live.fr,1984-06-21,m,Fès,0694913722,2025-03-24,mobile
C06549,El Idrissi,Loubna,loubna.elidrissi994@yahoo.fr,1982-06-15,Homme,Agadir,0617587989,2025-02-17,marketplace
C06550,Kettani,Mehdi,mehdi.kettani664@yahoo.fr,2006-10-12,H,Agadir,0654952046,2025-04-26,social_media
C06551,Alaoui,Youssef,youssef.alaoui866@outlook.com,1962-05-27,Femme,MARRAKECH,0677976346,2025-09-13,referral
C06552,Tazi,Nabil,nabil.tazi919@outlook.com,1997-07-08,Homme,tanger,0627254193,2021-09-04,web
C06553,Bouazza,Rim,rim.bouazza495@live.fr,1984-04-16,0,MARRAKECH,0637053389,2024-03-16,web
C06554,El Mansouri,Salma,salma.elmansouri64,1985-08-11,m,MARRAKECH,0663611517,2021-11-22,web
C06555,Kettani,Omar,omar.kettani917@live.fr,2000-10-14,female,Nador,0678994372,2021-10-07,web
C06556,Benkirane,Hanane,hanane.benkirane249@live.fr,1968-12-01,1,rbt,0686389621,2024-10-12,social_media
C06557,Fassi Fihri,Mehdi,mehdi.fassifihri116@yahoo.fr,1998-08-23,f,TANGER,0676275016,2025-01-04,marketplace
C06558,Amrani,Fatima,fatima.amrani965@outlook.com,1971-11-21,h,Agadir,0639125147,2021-06-10,referral
C06559,Berrada,Nabil,nabil.berrada215@hotmail.com,1993-10-04,h,Mohammedia,0655316722,2023-07-18,social_media
C06560,Fassi Fihri,Ilham,ilham.fassifihri857@outlook.com,2006-05-24,1,tanger,0685022665,2021-02-09,social_media
C06561,El Ouazzani,Omar,omar.elouazzani755@hotmail.com,1968-07-03,f,Nador,0621056868,2024-08-26,mobile
C06562,Sefrioui,Nadia,nadia.sefrioui58@live.fr,1978-11-28,h,Tnja,0630268549,2024-10-13,referral
C06563,Alaoui,Hassan,hassan.alaoui679@live.fr,1987-06-13,Femme,Mohammedia,0696391964,2021-02-17,social_media
C06564,Bennani,Laila,laila.bennani627@yahoo.fr,1983-06-07,female,FES,0657616780,2025-01-04,referral
C06565,Cherkaoui,Rim,rim.cherkaoui918@yahoo.fr,1962-12-04,male,Tanger,0688038447,2025-03-25,marketplace
C06566,Ouahbi,Ali,ali.ouahbi432@live.fr,1966-12-23,m,Tanger,0648138170,2024-06-02,referral
C06567,Naciri,Soufiane,soufiane.naciri806@gmail.com,1993-06-04,H,Meknès,0696092823,2022-01-08,social_media
C06568,Skalli,Asmae,asmae.skalli386@hotmail.com,2001-03-01,0,Béni Mellal,0629390968,2024-06-10,marketplace
C06569,El Mansouri,Karim,karim.elmansouri727@hotmail.com,2003-07-17,h,Tétouan,0698573350,2025-01-25,social_media
C06570,Chraibi,Said,said.chraibi500@gmail.com,2001-11-04,m,MARRAKECH,0654552663,2025-01-22,web
C06571,El Idrissi,Nawal,nawal.elidrissi983@live.fr,1980-01-10,f,mkch,0659103353,2021-02-21,referral
C06572,Sefrioui,Amina,amina.sefrioui517@yahoo.fr,1880-08-23,1,fes,0695910186,2021-10-25,marketplace
C06573,Berrada,Ali,ali.berrada955@yahoo.fr,1980-11-17,H,El Jadida,0642524303,2021-12-25,social_media
C06574,Tazi,Asmae,asmae.tazi34@live.fr,1977-06-28,H,Casablanca,0629509355,2025-06-11,web
C06575,El Idrissi,Amina,amina.elidrissi415@yahoo.fr,2002-01-09,Femme,Tétouan,0677419249,2023-11-14,marketplace
C06576,El Ouazzani,Hanane,hanane.elouazzani166@outlook.com,2001-10-05,Femme,Agadir,0661631800,2024-02-01,referral
C06577,Rahmouni,Hind,hind.rahmouni750@yahoo.fr,1965-01-18,female,Kénitra,0645960264,2021-03-07,referral
C06578,Cherkaoui,Houda,houda.cherkaoui654@yahoo.fr,1987-06-20,male,Marrakech,0672677422,2025-11-03,social_media
C06579,Tahiri,Sanae,sanae.tahiri616@outlook.com,2005-02-08,m,Béni Mellal,0641805385,2021-04-01,marketplace
C06580,Fassi Fihri,Imad,imad.fassifihri925@hotmail.com,1968-11-01,f,Tétouan,0672945944,2025-06-18,social_media
C06581,Naciri,Ahmed,ahmed.naciri243@gmail.com,1965-06-04,1,Nador,0639846521,2025-06-20,mobile
C06582,Lahlou,Omar,omar.lahlou856@hotmail.com,1999-08-12,f,mkch,0630522293,2023-07-18,mobile
C06583,Cherkaoui,Mustapha,mustapha.cherkaoui378@hotmail.com,1980-04-08,f,Tétouan,0611109105,2025-10-21,mobile
C06584,Berrada,Driss,driss.berrada@,1962-01-04,male,Oujda,0683001067,2024-04-18,web
C06585,El Amrani,Omar,hind.benkirane918@live.fr,1971-09-08,1,FES,0610741200,2021-02-03,mobile
C06586,El Mansouri,Rim,rim.elmansouri987@hotmail.com,1983-07-23,female,mkch,0687020483,2023-07-21,marketplace
C06587,Amrani,Ahmed,ahmed.amrani817@outlook.com,1971-09-26,m,Béni Mellal,0667585096,2022-05-19,web
C06588,El Amrani,Ghita,ghita.elamrani768@outlook.com,1972-01-13,f,Oujda,0652833568,2025-02-06,referral
C06589,Ouahbi,Loubna,loubna.ouahbi690@gmail.com,1987-11-04,f,Agadir,0614834970,2022-03-13,social_media
C06590,Tahiri,Zineb,zineb.tahiri321@yahoo.fr,1992-03-08,1,Meknès,0682100441,2021-04-23,marketplace
C06591,Benali,Nabil,nabil.benali@,1991-05-15,0,Safi,0611546595,2023-07-10,mobile
C06592,Lahlou,Mohamed,mohamed.lahlou711@yahoo.fr,1993-04-11,Femme,Meknès,0662834850,2025-11-09,web
C06593,Alaoui,Adil,adil.alaoui51@yahoo.fr,1967-03-08,f,Béni Mellal,0670023333,2023-11-26,referral
C06594,Alaoui,Mohamed,mohamed.alaoui100@hotmail.com,2005-12-20,0,mkch,0614538413,2021-07-06,social_media
C06595,Ziani,Fatima,fatima.ziani461@outlook.com,2005-02-13,H,Rabat,0658482109,2023-12-17,marketplace
C06596,Benali,Hanane,hanane.benali312@yahoo.fr,2000-12-13,female,TANGER,0621684186,2021-11-15,social_media
C06597,Lahlou,Ahmed,ahmed.lahlou198@outlook.com,1983-05-21,male,Mohammedia,0649325547,2025-04-02,web
C06598,Benkirane,Zineb,zineb.benkirane12@gmail.com,2002-12-19,female,Tétouan,0623668954,2024-11-09,web
C06599,Benjelloun,Imad,imad.benjelloun288@live.fr,1962-08-11,Homme,El Jadida,0623447381,2025-10-04,web
C06600,Tazi,Fatima,sara.ziani702@hotmail.com,1971-01-05,1,RABAT,0658841818,2025-04-26,social_media
C06601,Bennani,Imad,imad.bennani727@hotmail.com,1977-02-08,Homme,Casablanca,0680631155,2021-07-11,social_media
C06602,Bennani,Amina,amina.bennani113@gmail.com,1965-12-08,Femme,Fès,0618203712,2022-01-20,marketplace
C06603,Naciri,Hind,hind.naciri634@hotmail.com,1983-07-19,f,FES,0673241315,2024-02-23,web
C06604,Chraibi,Amina,amina.chraibi134@live.fr,2001-07-15,female,Rabat,0654032623,2023-12-15,web
C06605,El Idrissi,Khalid,khalid.elidrissi428@live.fr,1975-05-15,Femme,Rabat,0694272011,2021-08-13,web
C06606,Ziani,Rim,rim.ziani800@live.fr,1976-10-25,H,Mohammedia,0639207053,2023-10-16,social_media
C06607,Fassi Fihri,Dounia,dounia.fassifihri708@yahoo.fr,1984-04-19,male,tanger,0690136886,2021-02-16,mobile
C06608,Naciri,Nadia,salma.elamrani750@live.fr,1992-07-06,H,Casablanca,0613883175,2024-04-18,referral
C06609,Fassi Fihri,Ilham,khadija.alaoui741@outlook.com,1990-08-26,female,TNG,0649429902,2023-03-21,marketplace
C06610,Chraibi,Samira,samira.chraibi3@live.fr,1988-10-08,Homme,Casablanca,0690109575,2021-06-15,social_media
C06611,Benkirane,Reda,reda.benkirane213@hotmail.com,1985-05-09,female,Agadir,0632038495,2022-09-15,mobile
C06612,Tahiri,Salma,salma.tahiri872@gmail.com,1964-03-24,0,Tanger,0665779511,2025-05-17,referral
C06613,El Mansouri,Mohamed,mohamed.elmansouri201@yahoo.fr,1970-08-02,h,Kénitra,0632620751,2022-11-21,web
C06614,Tahiri,Imad,imad.tahiri391@hotmail.com,1992-05-23,f,Tnja,0621109443,2022-05-18,mobile
C06615,Haddad,Reda,reda.haddad966@yahoo.fr,1970-09-19,Femme,Fès,0683595198,2025-02-01,marketplace
C06616,Bennani,Youssef,youssef.bennani746@gmail.com,1978-02-02,h,Nador,0623568217,2023-01-07,referral
C06617,Filali,Ahmed,omar.filali640@gmail.com,1969-04-17,f,TANGER,0676516126,2023-06-10,social_media
C06618,El Ouazzani,Laila,mehdi.naciri875@yahoo.fr,1972-05-09,male,Fès,0646482891,2024-01-19,marketplace
C06619,Benjelloun,Mustapha,mustapha.benjelloun416@outlook.com,1984-02-19,m,Marrakech,0695196278,2022-01-17,marketplace
C06620,Berrada,Amina,amina.berrada908@gmail.com,1987-08-07,1,tanger,0628416366,2025-12-10,referral
C06621,El Mansouri,Loubna,loubna.elmansouri146@gmail.com,1983-11-24,male,TNG,0614539891,2021-12-10,social_media
C06622,Amrani,Nawal,nawal.amrani170@gmail.com,2003-04-04,Homme,Fès,0695534052,2024-08-18,marketplace
C06623,Kettani,Mehdi,mehdi.kettani245@yahoo.fr,1968-04-19,Homme,rbt,0611169030,2024-03-17,web
C06624,Kettani,Sanae,sanae.kettani754@yahoo.fr,1967-06-25,m,Kénitra,0671117956,2025-08-02,referral
C06625,Benjelloun,Soufiane,soufiane.benjelloun711@gmail.com,1970-10-17,H,casa,0679094643,2021-11-01,social_media
C06626,Bouazza,Rachid,rachid.bouazza949@yahoo.fr,1997-09-03,f,TNG,0688490105,2025-02-09,social_media
C06627,Benjelloun,Asmae,asmae.benjelloun247@hotmail.com,1990-12-09,Femme,Nador,0650012909,2022-04-07,mobile
C06628,El Idrissi,Meryem,meryem.elidrissi653@hotmail.com,1977-09-13,H,CASA,0629148858,2023-01-26,mobile
C06629,Bouazza,Laila,laila.bouazza61@hotmail.com,1979-09-15,H,CASA,0651362729,2022-09-15,mobile
C06630,Cherkaoui,Zineb,zineb.cherkaoui988@live.fr,1967-09-21,Femme,Marrakech,0685218049,2023-02-23,web
C06631,Bouazza,Salma,salma.bouazza52@live.fr,1993-06-10,female,fes,0637713313,2021-08-25,mobile
C06632,Bouazza,Zineb,zineb.bouazza128@yahoo.fr,1967-08-11,1,MARRAKECH,0618687260,2023-07-11,social_media
C06633,Haddad,Soufiane,sara.tahiri629@gmail.com,1966-10-28,Homme,CASA,0645353658,2023-12-08,referral
C06634,Alaoui,Houda,houda.alaoui778@live.fr,1994-06-10,Femme,CASA,0648485039,2021-11-05,marketplace
C06635,El Mansouri,Reda,reda.elmansouri19@gmail.com,2004-01-15,0,Casablanca,0654015871,2022-06-07,mobile
C06636,Benjelloun,Hassan,hassan.benjelloun598@hotmail.com,1998-08-18,h,Casablanca,0627919719,2024-11-04,referral
C06637,Bennani,Fatima,fatima.bennani142@yahoo.fr,1968-05-13,0,Agadir,0620481679,2024-08-11,social_media
C06638,Amrani,Adil,adil.amrani981@hotmail.com,1987-03-23,m,Marrakech,0647418126,2023-12-24,mobile
C06639,Ziani,Soufiane,soufiane.ziani694@gmail.com,1960-11-10,male,Tanger,0635197642,2021-12-18,referral
C06640,Bouzid,Soufiane,soufiane.bouzid406@outlook.com,1999-06-23,male,Casablanca,0636713840,2023-09-17,social_media
C06641,Cherkaoui,Khadija,khadija.cherkaoui574@yahoo.fr,1996-08-08,Femme,tanger,0651553516,2023-02-15,web
C06642,Lahlou,Ahmed,ahmed.lahlou583@hotmail.com,2004-06-26,h,Kénitra,0613676190,2025-09-16,marketplace
C06643,Benkirane,Youssef,youssef.benkirane996@yahoo.fr,1996-10-02,m,TNG,0677336040,2021-10-28,referral
C06644,Skalli,Asmae,asmae.skalli783@outlook.com,1983-10-17,male,Tétouan,0674771726,2023-01-24,web
C06645,Skalli,Rim,rim.skalli458@yahoo.fr,1998-06-01,1,Kénitra,0653389876,2022-01-01,mobile
C06646,Rahmouni,Hind,hind.rahmouni401@hotmail.com,1994-07-04,Homme,MARRAKECH,0661084321,2022-05-15,web
C06647,Alaoui,Zineb,zineb.alaoui192@gmail.com,1979-02-18,m,Rabat,0635202572,2022-05-12,referral
C06648,El Ouazzani,Khalid,khalid.elouazzani162@hotmail.com,1980-12-28,female,Tanger,0632248647,2023-11-06,mobile
C06649,Fassi Fihri,Ahmed,ahmed.fassifihri129@gmail.com,2026-10-26,Femme,MARRAKECH,0618199362,2021-01-07,mobile
C06650,Fassi Fihri,Imad,imad.fassifihri725@live.fr,1969-05-03,female,Kénitra,0621916655,2025-01-17,marketplace
C06651,Tahiri,Dounia,dounia.tahiri928@yahoo.fr,1982-09-18,H,Safi,0610670700,2022-12-17,mobile
C06652,Ouahbi,Rachid,rachid.ouahbi483@live.fr,1967-05-01,0,El Jadida,0643644005,2022-08-18,referral
C06653,Haddad,Meryem,meryem.haddad195@live.fr,1979-06-22,1,MARRAKECH,0656460102,2025-04-12,web
C06654,Rahmouni,Ghita,ghita.rahmouni771@hotmail.com,1977-11-26,male,fes,0641388946,2024-07-07,web
C06655,Rahmouni,Meryem,@hotmail.com,2004-10-17,f,rbt,0676398096,2023-03-15,referral
C06656,Tazi,Rim,rim.tazi131@gmail.com,1986-05-11,m,tanger,0683907053,2021-07-16,referral
C06657,Lahlou,Mohamed,mohamed.lahlou1@live.fr,1974-11-03,f,Mohammedia,0682636275,2023-01-22,web
C06658,Tahiri,Houda,houda.tahiri964@hotmail.com,2004-09-05,female,Agadir,0648487541,2022-03-07,mobile
C06659,Berrada,Houda,houda.berrada600@gmail.com,1965-12-06,0,CASA,0627989152,2024-09-25,web
C06660,Berrada,Rachid,rachid.berrada259@outlook.com,1969-03-07,0,MARRAKECH,0674864629,2025-09-06,web
C06661,Berrada,Adil,adil.berrada193@yahoo.fr,1968-03-15,h,Agadir,0667141539,2025-04-10,mobile
C06662,Kettani,Khadija,khadija.kettani172@hotmail.com,1993-08-04,Femme,TNG,0663392795,2023-04-23,marketplace
C06663,Cherkaoui,Brahim,brahim.cherkaoui617@outlook.com,2006-01-09,Homme,TNG,0658302859,2023-07-28,social_media
C06664,Benkirane,Hassan,hassan.benkirane761@outlook.com,1999-12-10,0,FES,0630410872,2023-07-04,web
C06665,Skalli,Hanane,hanane.skalli66@live.fr,1967-08-02,female,Béni Mellal,0666391798,2021-11-08,mobile
C06666,Alaoui,Sara,sara.alaoui659@yahoo.fr,1998-08-17,m,Agadir,0671937635,2022-09-01,marketplace
C06667,Haddad,Soufiane,soufiane.haddad173@live.fr,1984-09-28,Homme,mkch,0640687786,2022-02-08,referral
C06668,Chraibi,Khalid,khalid.chraibi526@gmail.com,1979-06-27,0,Meknès,0623656850,2024-01-18,social_media
C06669,Naciri,Soufiane,soufiane.naciri215@yahoo.fr,1999-11-21,0,tanger,0652733985,2025-12-09,marketplace
C06670,Ziani,Fatima,fatima.ziani647@hotmail.com,1963-12-12,Femme,Kénitra,0670734104,2024-04-09,marketplace
C06671,Benkirane,Sara,sara.benkirane743@live.fr,1983-05-12,1,casa,0651606219,2023-06-01,web
C06672,Filali,Sanae,sanae.filali809@live.fr,1984-01-25,female,TNG,0698135883,2024-08-27,referral
C06673,Benjelloun,Houda,houda.benjelloun994@live.fr,1995-03-01,Homme,Fès,0650228020,2023-10-02,social_media
C06674,Benali,Hassan,hassan.benali989@live.fr,2025-04-28,m,MARRAKECH,0645869460,2023-08-27,social_media
C06675,Ziani,Hanane,hanane.ziani155@live.fr,1993-04-03,female,Fès,0625698743,2023-01-19,social_media
C06676,Fassi Fihri,Mustapha,mustapha.fassifihri242@gmail.com,2000-10-24,female,Tnja,0653055183,2025-11-08,mobile
C06677,Berrada,Omar,omar.berrada502@outlook.com,1990-11-23,h,Oujda,0633341093,2025-04-25,marketplace
C06678,Bennani,Brahim,brahim.bennani733@gmail.com,2006-07-06,Homme,Safi,0636407150,2022-10-03,referral
C06679,El Mansouri,Nabil,nabil.elmansouri690@yahoo.fr,1988-02-16,0,CASA,0650045223,2021-02-14,marketplace
C06680,Cherkaoui,Mustapha,mustapha.cherkaoui648@hotmail.com,1890-04-10,Femme,fes,0688720027,2022-12-13,marketplace
C06681,Lahlou,Zineb,zineb.ziani734@live.fr,2004-07-28,h,Marrakech,0614313421,2024-06-05,web
C06682,Haddad,Brahim,brahim.haddad797@gmail.com,1978-05-02,Homme,Tnja,0622828437,2025-11-09,web
C06683,Bouzid,Sanae,sanae.bouzid28,1987-06-18,female,Casablanca,0649545590,2024-09-15,social_media
C06684,Tazi,Said,said.tazi842@hotmail.com,1972-03-15,h,FES,0624967080,2022-02-28,mobile
C06685,Bouazza,Houda,youssef.naciri691@live.fr,1998-10-07,h,Tétouan,0692496275,2024-07-24,social_media
C06686,Amrani,Adil,adil.amrani365@live.fr,1974-02-27,1,TANGER,0647922425,2025-08-23,mobile
C06687,Rahmouni,Mustapha,mustapha.rahmouni937@yahoo.fr,1971-03-05,f,FES,0650464355,2025-04-01,referral
C06688,Filali,Rim,rim.filali901@hotmail.com,1975-09-21,H,tanger,0663756717,2021-05-19,mobile
C06689,Bouazza,Hassan,hassan.bouazza78@hotmail.com,2001-08-04,m,MARRAKECH,0698256665,2025-04-09,mobile
C06690,Chraibi,Sanae,sanae.chraibi546@yahoo.fr,1976-04-05,1,Agadir,0671932381,2022-12-28,web
C06691,Skalli,Meryem,meryem.skalli916@hotmail.com,1995-02-28,1,TNG,0614973449,2025-01-06,marketplace
C06692,Filali,Zineb,zineb.filali528@yahoo.fr,1960-05-04,m,casa,0688723613,2025-11-14,web
C06693,Sefrioui,Karim,@yahoo.fr,1986-06-09,m,Safi,0675720853,2024-01-13,referral
C06694,Benkirane,Zakaria,zakaria.benkirane255@hotmail.com,2005-10-14,H,Tanger,0652394371,2022-01-19,social_media
C06695,Skalli,Nawal,nawal.skalli454@hotmail.com,1979-12-16,m,Casablanca,0640609008,2025-10-04,mobile
C06696,Kettani,Fatima,fatima.kettani167@outlook.com,1981-01-14,Homme,Marrakech,0677212146,2025-04-12,social_media
C06697,Cherkaoui,Khalid,khalid.cherkaoui76@outlook.com,2001-01-12,f,Béni Mellal,0669335408,2022-08-14,web
C06698,Skalli,Meryem,meryem.skalli409@gmail.com,2003-06-05,f,mkch,0651979759,2021-07-02,social_media
C06699,Benjelloun,Sara,sara.benjelloun66@hotmail.com,1994-06-03,f,TNG,0675561365,2023-06-27,referral
C06700,Bennani,Hind,hind.bennani785@outlook.com,1965-02-17,Femme,Mohammedia,0643831005,2025-03-21,mobile
C06701,Rahmouni,Samira,samira.rahmouni384@hotmail.com,1967-10-09,f,Tanger,0641132828,2021-08-28,social_media
C06702,El Mansouri,Salma,salma.elmansouri898@hotmail.com,1970-02-23,Homme,Agadir,0696781633,2021-12-05,referral
C06703,Sefrioui,Rachid,rachid.sefrioui704@hotmail.com,2003-11-16,male,Nador,0694128805,2023-05-07,social_media
C06704,Haddad,Houda,houda.haddad66@yahoo.fr,1971-02-24,Femme,MARRAKECH,0663106973,2021-12-04,referral
C06705,Ouahbi,Nadia,nadia.ouahbi380@outlook.com,1962-01-09,male,CASA,0654332605,2022-09-13,mobile
C06706,El Mansouri,Zakaria,zakaria.elmansouri763@live.fr,1999-01-28,f,Tanger,0658381335,2021-10-01,referral
C06707,Filali,Loubna,loubna.filali423@hotmail.com,1980-07-11,f,FES,0642125821,2024-07-13,mobile
C06708,Alaoui,Reda,reda.alaoui262@yahoo.fr,1986-10-17,1,FES,0651598647,2024-06-04,social_media
C06709,Alaoui,Khalid,khalid.alaoui936@hotmail.com,1994-03-25,male,Rabat,0699866697,2025-01-03,social_media
C06710,El Mansouri,Nawal,nawal.elmansouri411@live.fr,1990-04-21,male,TANGER,0637915421,2021-02-06,web
C06711,El Amrani,Ilham,ilham.elamrani641@yahoo.fr,1998-06-28,h,El Jadida,0662363149,2023-04-23,web
C06712,Bouzid,Brahim,brahim.bouzid796@gmail.com,1993-07-22,1,RABAT,0625179777,2021-12-18,mobile
C06713,Bouazza,Amine,amine.bouazza234@hotmail.com,1991-01-19,f,tanger,0684421741,2023-02-13,marketplace
C06714,El Amrani,Khalid,khalid.elamrani495@yahoo.fr,1965-10-25,f,Kénitra,0696084538,2021-07-05,referral
C06715,Alaoui,Khalid,khalid.alaoui829@outlook.com,2006-04-04,m,TNG,0641663972,2023-02-27,social_media
C06716,Ziani,Imad,imad.ziani126@outlook.com,1963-05-02,1,Béni Mellal,0632516336,2024-10-18,web
C06717,Amrani,Nadia,nadia.amrani680@yahoo.fr,1986-05-06,f,tanger,0620999435,2021-11-15,mobile
C06718,Benali,Mehdi,mehdi.benali907@outlook.com,1961-09-08,H,MARRAKECH,0624863627,2025-08-24,marketplace
C06719,Sefrioui,Zineb,zineb.sefrioui966@gmail.com,1994-04-19,female,CASA,0671281017,2024-06-21,web
C06720,Haddad,Hassan,hassan.haddad145@yahoo.fr,1987-12-27,Femme,Safi,0615501787,2023-01-25,social_media
C06721,El Idrissi,Driss,driss.elidrissi894@hotmail.com,1997-12-28,Homme,Mohammedia,0643971709,2021-06-15,web
C06722,Benali,Ilham,ilham.benali944@hotmail.com,1997-09-16,0,FES,0628577358,2023-02-17,social_media
C06723,Sefrioui,Driss,driss.sefrioui934@gmail.com,1995-12-04,h,Béni Mellal,0671810858,2023-09-17,web
C06724,Ziani,Asmae,asmae.ziani191@outlook.com,1985-06-25,Femme,mkch,0634874358,2025-10-23,social_media
C06725,Rahmouni,Ilham,ilham.rahmouni78@hotmail.com,1974-01-24,male,Marrakech,0622064333,2024-02-06,mobile
C06726,Benjelloun,Karim,karim.benjelloun714@hotmail.com,1987-11-02,1,Tnja,0678409396,2021-06-22,social_media
C06727,Tahiri,Zineb,zineb.tahiri663@live.fr,1961-03-26,h,Kénitra,0663964323,2025-01-07,social_media
C06728,Alaoui,Rachid,rachid.alaoui126@yahoo.fr,1992-08-28,female,RABAT,0681247488,2024-04-04,social_media
C06729,Benkirane,Rim,rim.benkirane108@gmail.com,2002-06-21,f,Mohammedia,0620009306,2025-11-06,web
C06730,Chraibi,Houda,karim.elidrissi849@hotmail.com,2003-07-27,f,casa,0663996275,2021-03-27,mobile
C06731,Ouahbi,Driss,driss.ouahbi840@outlook.com,1963-07-20,H,Nador,0628955882,2023-04-01,web
C06732,Tazi,Nadia,nadia.tazi121@yahoo.fr,1973-08-19,Femme,TNG,0653193621,2024-01-07,marketplace
C06733,Filali,Salma,salma.filali330@outlook.com,1976-05-25,Femme,Tanger,0675992655,2023-11-07,social_media
C06734,Bennani,Soufiane,soufiane.bennani469@outlook.com,1984-07-12,male,Kénitra,0634416756,2023-07-27,web
C06735,Cherkaoui,Amine,amine.cherkaoui405@gmail.com,1977-09-15,female,Fès,0613431506,2022-06-15,web
C06736,Rahmouni,Khadija,khadija.rahmouni97@gmail.com,1988-05-04,female,Tnja,0678395180,2025-08-27,social_media
C06737,Bouazza,Meryem,meryem.bouazza449@live.fr,1987-01-04,Homme,Casablanca,0658943046,2021-05-15,social_media
C06738,Tazi,Nadia,nadia.tazi@@hotmail.com,1981-09-07,Homme,Marrakech,0670208625,2025-06-05,social_media
C06739,Fassi Fihri,Sanae,sanae.fassifihri501@live.fr,1981-02-24,H,CASA,0631989463,2022-12-24,marketplace
C06740,Sefrioui,Rachid,rachid.sefrioui60@outlook.com,1988-05-21,H,Oujda,0668491885,2023-09-10,referral
C06741,Bouazza,Mehdi,mehdi.bouazza397@hotmail.com,2004-01-27,male,Safi,0683299103,2023-03-15,social_media
C06742,Tahiri,Salma,salma.tahiri927@hotmail.com,1966-07-17,f,El Jadida,0623993492,2025-11-18,mobile
C06743,Bennani,Wafae,wafae.bennani524@outlook.com,1962-01-15,f,Nador,0631239305,2021-11-27,web
C06744,Amrani,Ahmed,ahmed.amrani291@hotmail.com,1960-02-24,0,Meknès,0681947790,2022-04-10,marketplace
C06745,Bouzid,Nadia,nadia.bouzid581@gmail.com,1989-07-16,H,TANGER,0670680846,2023-10-14,web
C06746,Filali,Laila,laila.filali149@gmail.com,1990-01-26,female,rbt,0621003480,2021-10-04,web
C06747,Cherkaoui,Said,said.cherkaoui924@outlook.com,1962-07-04,female,Agadir,0634701090,2024-11-07,referral
C06748,Ziani,Nadia,nadia.ziani456@outlook.com,1998-09-12,male,MARRAKECH,0698633436,2023-01-15,web
C06749,Tahiri,Brahim,brahim.tahiri622@live.fr,1969-10-26,f,Rabat,0629946048,2022-09-22,mobile
C06750,Ouahbi,Dounia,dounia.ouahbi960@yahoo.fr,1994-08-04,f,Meknès,0629247700,2023-07-03,mobile
C06751,Chraibi,Adil,adil.chraibi942@gmail.com,1976-11-13,female,El Jadida,0655583735,2024-07-12,web
C06752,Bennani,Adil,adil.bennani137@outlook.com,1975-01-20,Femme,tanger,0674496465,2022-10-01,social_media
C06753,Naciri,Hassan,hassan.naciri205@hotmail.com,1992-03-21,male,mkch,0683363833,2022-03-09,referral
C06754,Benkirane,Said,said.benkirane787@live.fr,1988-08-04,f,Fès,0656622577,2021-04-03,web
C06755,Kettani,Asmae,asmae.kettani153@live.fr,1972-03-15,H,Rabat,0639824278,2023-10-05,marketplace
C06756,Ziani,Driss,driss.ziani229@gmail.com,1995-08-17,Homme,rbt,0650207289,2023-02-22,marketplace
C06757,Rahmouni,Zakaria,zakaria.rahmouni184@yahoo.fr,2001-08-01,H,MARRAKECH,0665508674,2025-09-27,mobile
C06758,Ziani,Nabil,nabil.ziani193@hotmail.com,1977-03-05,Homme,Nador,0649229484,2022-02-10,referral
C06759,Tazi,Sanae,sanae.tazi141@hotmail.com,2006-10-23,female,Casablanca,0677346642,2024-03-16,web
C06760,Cherkaoui,Houda,houda.cherkaoui585@yahoo.fr,1980-08-28,male,RABAT,0614739808,2025-05-23,web
C06761,Chraibi,Khalid,khalid.chraibi58@hotmail.com,1985-01-13,1,RABAT,0673626943,2024-01-06,marketplace
C06762,Benali,Laila,laila.benali826@yahoo.fr,2006-08-19,Femme,Kénitra,0652883995,2025-01-25,mobile
C06763,Benkirane,Imad,imad.benkirane614@outlook.com,1969-04-01,f,CASA,0655941172,2024-05-10,referral
C06764,Naciri,Youssef,youssef.naciri897@gmail.com,1994-08-02,Femme,Tanger,0621746032,2024-11-18,marketplace
C06765,Tazi,Houda,houda.tazi386@gmail.com,1968-11-26,H,MARRAKECH,0647753081,2023-11-15,social_media
C06766,Tazi,Laila,laila.tazi259@outlook.com,1984-04-03,Femme,Tanger,0681036314,2024-12-10,referral
C06767,Ouahbi,Ilham,ilham.ouahbi237@yahoo.fr,1975-09-15,0,FES,0623325797,2023-09-15,social_media
C06768,Bouzid,Ali,ali.bouzid852@gmail.com,1973-04-04,h,Casablanca,0616941266,2024-05-01,social_media
C06769,Lahlou,Hind,hind.lahlou68@live.fr,1965-10-01,H,El Jadida,0687119716,2021-08-09,referral
C06770,Ouahbi,Sara,sara.ouahbi474@hotmail.com,1992-05-16,H,tanger,0669785528,2021-08-19,social_media
C06771,Alaoui,Khadija,khadija.alaoui825@hotmail.com,1983-10-23,Homme,RABAT,0649070004,2023-04-24,web
C06772,El Mansouri,Hassan,hassan.elmansouri200@gmail.com,2006-05-01,0,Tanger,0624760352,2021-09-09,referral
C06773,Fassi Fihri,Hassan,hassan.fassifihri947@hotmail.com,1973-12-27,1,Tanger,0631474896,2025-07-25,marketplace
C06774,Kettani,Ilham,ilham.kettani820@yahoo.fr,1988-02-05,Femme,casa,0647875885,2024-04-26,mobile
C06775,Berrada,Rim,rim.berrada489@hotmail.com,1995-12-14,Homme,TNG,0622421590,2024-04-22,referral
C06776,Ziani,Houda,houda.ziani332@gmail.com,1979-01-04,m,MARRAKECH,0653996682,2023-03-23,web
C06777,Bennani,Soufiane,soufiane.bennani887@yahoo.fr,1975-02-22,male,Marrakech,0614271661,2022-06-18,referral
C06778,Naciri,Zineb,zineb.naciri484@outlook.com,1965-02-23,Femme,RABAT,0619691513,2021-01-10,marketplace
C06779,El Ouazzani,Ahmed,ahmed.elouazzani61@live.fr,2006-12-03,Homme,Béni Mellal,0611340483,2021-05-24,web
C06780,Benali,Loubna,loubna.benali934@live.fr,2001-09-19,Homme,Kénitra,0620747267,2023-06-15,social_media
C06781,Amrani,Zineb,zineb.amrani335@yahoo.fr,1972-08-20,male,Mohammedia,0634427086,2021-09-01,marketplace
C06782,Ouahbi,Ghita,ghita.ouahbi439@hotmail.com,1970-07-10,1,CASA,0698404855,2025-02-08,web
C06783,Benjelloun,Omar,omar.benjelloun771@gmail.com,1992-06-14,0,rbt,0699956255,2023-11-10,web
C06784,Benali,Amina,amina.benali908@gmail.com,1976-03-12,1,Casablanca,0688239664,2024-06-18,mobile
C06785,Filali,Zineb,zineb.filali722@live.fr,1987-12-03,H,casa,0630809510,2025-03-19,mobile
C06786,Fassi Fihri,Rachid,rachid.fassifihri532@yahoo.fr,1964-08-28,male,mkch,0623104911,2022-02-09,web
C06787,Bouazza,Zakaria,zakaria.bouazza228@live.fr,1979-06-06,female,Marrakech,0652325338,2023-04-10,mobile
C06788,Benali,Karim,karim.benali6@live.fr,1994-08-19,male,Casablanca,0646619695,2024-01-02,web
C06789,Cherkaoui,Said,said.cherkaoui758@gmail.com,2003-07-20,1,Rabat,0611829497,2023-05-13,social_media
C06790,Berrada,Reda,reda.berrada653@gmail.com,1967-01-05,0,Mohammedia,0649584411,2022-06-03,marketplace
C06791,El Mansouri,Reda,reda.elmansouri867@hotmail.com,1964-08-27,f,casa,0682276876,2025-04-06,marketplace
C06792,Fassi Fihri,Rachid,rachid.fassifihri665@gmail.com,1984-11-08,female,FES,0662709654,2025-05-08,social_media
C06793,Tazi,Salma,salma.tazi483@hotmail.com,1978-01-13,1,casa,0627856036,2022-02-12,social_media
C06794,Filali,Sara,sara.filali555@gmail.com,1979-06-15,H,Tnja,0632787600,2021-08-12,social_media
C06795,Ouahbi,Rachid,rachid.ouahbi42@hotmail.com,1991-04-02,1,Agadir,0614987391,2024-03-05,social_media
C06796,Benjelloun,Mehdi,mehdi.benjelloun804@gmail.com,2000-10-28,1,MARRAKECH,0613022655,2024-01-16,referral
C06797,El Idrissi,Samira,samira.elidrissi655@yahoo.fr,1974-02-11,h,Casablanca,0635460579,2023-04-18,web
C06798,Amrani,Ali,ali.amrani532@gmail.com,1988-12-16,h,MARRAKECH,0645712158,2025-07-10,mobile
C06799,Rahmouni,Ghita,ghita.rahmouni7@hotmail.com,2003-08-26,f,FES,0616315382,2021-08-27,mobile
C06800,Alaoui,Zakaria,zakaria.alaoui969@gmail.com,1976-01-16,female,Marrakech,0652843395,2024-01-03,web
C06801,Filali,Hassan,hassan.filali372@live.fr,1967-04-05,0,Tnja,0642919412,2024-01-10,referral
C06802,Benkirane,Brahim,brahim.benkirane917@gmail.com,1963-10-07,0,fes,0684721417,2025-08-18,web
C06803,Naciri,Houda,houda.naciri399@yahoo.fr,1991-03-19,h,Oujda,0634584679,2022-11-03,mobile
C06804,Ziani,Loubna,loubna.ziani495@live.fr,1993-09-13,1,Béni Mellal,0619710503,2023-08-24,marketplace
C06805,Haddad,Laila,laila.haddad774@yahoo.fr,1989-07-25,female,Agadir,0692424647,2021-02-16,marketplace
C06806,Filali,Karim,sanae.kettani418@yahoo.fr,1890-10-25,0,Tnja,0629752246,2022-02-24,mobile
C06807,Benkirane,Khalid,khalid.benkirane93@yahoo.fr,2003-03-12,0,CASA,0650521927,2024-04-10,mobile
C06808,El Idrissi,Houda,houda.elidrissi28@live.fr,1984-10-21,male,Oujda,0695054151,2021-07-23,referral
C06809,Benkirane,Amina,amina.benkirane18@gmail.com,1999-07-06,female,Agadir,0634220650,2021-05-20,social_media
C06810,Fassi Fihri,Zineb,zineb.fassifihri618@gmail.com,1984-12-22,Femme,rbt,0637542977,2025-04-13,mobile
C06811,Haddad,Ahmed,ahmed.haddad246@hotmail.com,1984-07-01,0,Casablanca,0675249540,2025-12-07,mobile
C06812,Ouahbi,Amina,amina.ouahbi996@hotmail.com,1982-12-02,H,Fès,0697245285,2024-08-12,mobile
C06813,Naciri,Amine,amine.naciri40@outlook.com,1985-06-09,H,Meknès,0681208440,2023-10-20,social_media
C06814,Skalli,Hind,hind.skalli485@hotmail.com,1964-05-03,1,TNG,0658823579,2022-02-09,marketplace
C06815,Benjelloun,Hassan,hassan.chraibi795@outlook.com,1961-11-17,Femme,Tanger,0681924706,2021-05-12,referral
C06816,Sefrioui,Omar,omar.sefrioui219@hotmail.com,2003-03-05,Femme,casa,0644652343,2023-03-18,referral
C06817,Bouzid,Reda,fatima.bennani48@hotmail.com,2003-12-12,male,Mohammedia,0683152412,2021-10-21,marketplace
C06818,Ziani,Driss,driss.ziani925@yahoo.fr,1964-10-28,f,El Jadida,0624410789,2023-08-06,social_media
C06819,Benjelloun,Ilham,ilham.benjelloun723@hotmail.com,2003-07-11,m,mkch,0677886466,2023-04-17,marketplace
C06820,Bennani,Zakaria,zakaria.bennani867@hotmail.com,1992-09-06,Femme,El Jadida,0681682548,2024-07-17,web
C06821,Alaoui,Nawal,rachid.skalli719@live.fr,1963-08-15,H,casa,0628671226,2024-06-18,referral
C06822,Tahiri,Nabil,nabil.tahiri248@outlook.com,1962-12-11,1,Meknès,0686089127,2025-09-14,web
C06823,Alaoui,Mehdi,mehdi.alaoui642@gmail.com,1975-08-20,h,FES,0630171720,2021-01-01,social_media
C06824,Benali,Asmae,asmae.benali651@outlook.com,1997-05-09,0,rbt,0672116901,2021-05-08,mobile
C06825,Benjelloun,Zakaria,zakaria.benjelloun795@yahoo.fr,1992-10-05,h,Fès,0614245160,2025-11-11,mobile
C06826,Tahiri,Laila,laila.tahiri53@yahoo.fr,1993-04-15,h,El Jadida,0636585278,2021-04-20,referral
C06827,Kettani,Reda,reda.kettani995@outlook.com,1968-03-02,male,Mohammedia,0672644372,2022-11-02,marketplace
C06828,Lahlou,Imad,imad.lahlou138@gmail.com,1996-01-06,female,Casablanca,0671857978,2025-09-02,referral
C06829,Tahiri,Houda,houda.tahiri26@outlook.com,1967-09-21,f,rbt,0666146194,2025-03-25,marketplace
C06830,Haddad,Karim,karim.haddad371@gmail.com,1977-08-04,h,FES,0697638287,2021-04-11,web
C06831,Ouahbi,Ali,ali.ouahbi849@hotmail.com,1966-07-05,h,Tétouan,0679642057,2021-03-14,referral
C06832,El Ouazzani,Nadia,nadia.elouazzani494@yahoo.fr,1998-03-25,f,Tétouan,0624855794,2023-08-04,mobile
C06833,El Ouazzani,Amine,amine.elouazzani588@yahoo.fr,1978-10-07,0,Meknès,0635535698,2024-07-21,web
C06834,Bennani,Meryem,hassan.fassifihri745@hotmail.com,1985-06-10,H,Tnja,0670325033,2025-05-03,social_media
C06835,Berrada,Reda,reda.berrada438@gmail.com,1962-03-14,0,Béni Mellal,0667865460,2021-02-25,referral
C06836,Kettani,Rachid,rachid.kettani422@hotmail.com,1995-01-12,Homme,FES,0663585014,2023-11-22,mobile
C06837,Rahmouni,Rachid,rachid.rahmouni251@yahoo.fr,1990-08-06,f,TNG,0689761155,2023-04-24,mobile
C06838,Tazi,Wafae,wafae.tazi872@outlook.com,1985-08-08,Homme,Rabat,0680595292,2025-01-24,social_media
C06839,Rahmouni,Ghita,ghita.rahmouni666@hotmail.com,1970-06-23,Homme,Tétouan,0681447119,2023-03-27,marketplace
C06840,Bennani,Dounia,dounia.bennani223@yahoo.fr,1986-09-18,0,Meknès,0622540095,2022-04-11,social_media
C06841,Kettani,Mustapha,mustapha.kettani439@live.fr,1992-09-28,0,Oujda,0683077553,2024-12-23,social_media
C06842,Naciri,Driss,rachid.tahiri648@live.fr,1971-12-14,female,Fès,0631695526,2024-08-06,social_media
C06843,Berrada,Hanane,hanane.berrada220@hotmail.com,1960-08-11,0,FES,0684571185,2024-09-04,referral
C06844,Lahlou,Wafae,wafae.lahlou457@outlook.com,1986-02-24,Femme,El Jadida,0665892964,2025-01-04,referral
C06845,Alaoui,Ahmed,ahmed.alaoui247@live.fr,1978-06-02,h,casa,0663979680,2021-05-20,referral
C06846,Tahiri,Imad,imad.tahiri588@live.fr,1968-03-06,m,El Jadida,0616087493,2024-11-02,mobile
C06847,Chraibi,Adil,adil.chraibi220@yahoo.fr,2005-07-22,h,casa,0613908515,2023-07-01,web
C06848,El Idrissi,Nawal,nawal.elidrissi8@outlook.com,2001-07-11,male,Tnja,0689106071,2025-04-02,referral
C06849,Chraibi,Asmae,rachid.bouzid489@outlook.com,1983-07-16,Homme,rbt,0657113784,2022-09-25,social_media
C06850,Tazi,Nabil,nabil.tazi175@yahoo.fr,1997-02-21,Homme,Tétouan,0612888368,2021-10-26,marketplace
C06851,Benali,Wafae,wafae.benali44@yahoo.fr,1995-02-26,m,Meknès,0640898286,2024-07-19,marketplace
C06852,Naciri,Mehdi,mehdi.naciri50@gmail.com,2003-11-27,female,Béni Mellal,0640221639,2025-03-07,social_media
C06853,Bouzid,Fatima,fatima.bouzid27@live.fr,1991-03-20,0,Béni Mellal,0646282369,2021-01-13,mobile
C06854,Benali,Sanae,sanae.benali532@hotmail.com,1967-07-28,Homme,Béni Mellal,0677702121,2022-09-17,referral
C06855,Berrada,Said,said.berrada515@outlook.com,1976-09-27,female,Kénitra,0686677125,2024-07-28,web
C06856,Skalli,Omar,omar.skalli146@yahoo.fr,1997-03-26,Femme,Safi,0641807032,2025-06-22,mobile
C06857,Kettani,Sanae,sanae.kettani651@yahoo.fr,1995-04-09,male,Fès,0655971913,2021-06-17,referral
C06858,Bouzid,Mehdi,mehdi.bouzid340@gmail.com,1992-03-26,male,Oujda,0686478335,2025-02-11,marketplace
C06859,Tahiri,Nabil,nabil.tahiri129@outlook.com,1977-03-19,f,Safi,0680412175,2021-06-16,referral
C06860,Bouazza,Zakaria,zakaria.bouazza988@hotmail.com,1986-08-06,Homme,Agadir,0621967751,2024-10-13,referral
C06861,Cherkaoui,Houda,houda.cherkaoui341@gmail.com,1980-01-10,H,rbt,0657916526,2022-06-17,mobile
C06862,Benkirane,Dounia,dounia.benkirane197@live.fr,1973-11-12,male,casa,0658624291,2025-04-15,social_media
C06863,Lahlou,Reda,reda.lahlou994@live.fr,2004-04-26,male,fes,0667149978,2023-06-21,marketplace
C06864,Haddad,Houda,houda.haddad994@outlook.com,1985-09-03,1,TANGER,0642595885,2022-02-09,marketplace
C06865,Fassi Fihri,Rachid,rachid.fassifihri776@live.fr,1987-09-09,Homme,RABAT,0613543758,2025-05-20,web
C06866,Bouzid,Fatima,fatima.bouzid152@hotmail.com,1995-10-07,m,FES,0651398370,2021-12-27,marketplace
C06867,Berrada,Adil,adil.berrada853@hotmail.com,1984-05-24,Femme,Safi,0654514985,2024-12-28,mobile
C06868,Haddad,Meryem,meryem.haddad995@live.fr,1988-12-24,0,Fès,0621983618,2024-12-12,marketplace
C06869,Chraibi,Said,said.chraibi561@hotmail.com,1962-03-03,male,Safi,0681477707,2024-08-07,web
C06870,Chraibi,Nabil,nabil.chraibi818@outlook.com,1973-12-26,female,Casablanca,0647601058,2025-05-24,web
C06871,Bennani,Driss,driss.bennani205@gmail.com,1981-06-20,f,Agadir,0619028202,2021-12-13,referral
C06872,Ouahbi,Hanane,hanane.ouahbi220@hotmail.com,1974-04-14,1,Kénitra,0642778847,2024-10-18,mobile
C06873,El Idrissi,Brahim,brahim.elidrissi773@outlook.com,1966-02-21,male,CASA,0651211034,2025-03-21,referral
C06874,Tahiri,Nadia,nadia.tahiri763@live.fr,1989-11-10,1,Nador,0694418564,2023-05-11,social_media
C06875,Benkirane,Nawal,nawal.benkirane257@yahoo.fr,1989-09-18,0,Agadir,0666444078,2024-10-14,web
C06876,El Idrissi,Mohamed,mohamed.elidrissi307@yahoo.fr,1986-09-20,Homme,Meknès,0671351560,2021-07-08,social_media
C06877,Benjelloun,Rachid,rachid.benjelloun56@live.fr,1974-01-03,H,Mohammedia,0623603156,2022-11-22,web
C06878,El Idrissi,Nabil,nabil.elidrissi746@live.fr,1993-12-11,male,Fès,0673427575,2024-09-14,marketplace
C06879,El Mansouri,Ghita,ghita.elmansouri532@yahoo.fr,1991-06-10,female,mkch,0652483577,2021-11-14,social_media
C06880,Ouahbi,Omar,omar.ouahbi344@yahoo.fr,1975-01-21,1,tanger,0673101915,2023-10-25,social_media
C06881,Bouazza,Reda,reda.bouazza376@gmail.com,1966-03-07,m,Oujda,0637872282,2021-06-02,mobile
C06882,Kettani,Imad,imad.kettani911@yahoo.fr,1987-08-08,female,FES,0612765959,2025-10-14,web
C06883,Bennani,Omar,omar.bennani917@outlook.com,2004-08-26,male,CASA,0627797673,2024-02-22,mobile
C06884,Bennani,Sanae,sanae.bennani129@yahoo.fr,1962-08-06,Homme,El Jadida,0679080735,2025-12-20,referral
C06885,Filali,Mehdi,mehdi.filali501@yahoo.fr,1993-03-21,Homme,MARRAKECH,0680735129,2022-08-16,referral
C06886,Benjelloun,Zakaria,zakaria.benjelloun906@hotmail.com,1992-10-02,0,Tétouan,0623240287,2021-01-27,referral
C06887,Benkirane,Mehdi,mehdi.benkirane692@outlook.com,1989-04-07,female,Casablanca,0618202628,2022-12-05,social_media
C06888,Bouazza,Nadia,nadia.bouazza625@live.fr,2025-12-28,0,Marrakech,0656329501,2023-06-23,web
C06889,Cherkaoui,Said,said.cherkaoui680@outlook.com,1971-03-27,m,mkch,0669149646,2025-01-02,social_media
C06890,El Amrani,Soufiane,soufiane.elamrani383@yahoo.fr,1985-03-06,male,Fès,0663666712,2021-11-07,referral
C06891,Skalli,Wafae,samira.benkirane485@live.fr,1997-02-24,female,Agadir,0627484857,2022-11-01,referral
C06892,Tazi,Houda,houda.tazi701@hotmail.com,1985-07-05,0,Rabat,0630216551,2025-10-25,social_media
C06893,Amrani,Dounia,dounia.amrani96@live.fr,1989-09-25,m,Nador,0643365670,2024-02-26,web
C06894,Naciri,Zakaria,zakaria.naciri689@gmail.com,2006-10-06,Femme,Mohammedia,0688308152,2021-12-28,referral
C06895,El Ouazzani,Khadija,khadija.elouazzani933@outlook.com,1960-11-17,1,Fès,0685797198,2023-03-11,marketplace
C06896,Tahiri,Youssef,youssef.tahiri439@live.fr,1972-05-04,H,Agadir,0685606918,2022-05-20,referral
C06897,Lahlou,Samira,samira.lahlou364@live.fr,1999-03-03,Homme,Agadir,0628103173,2024-12-16,mobile
C06898,El Mansouri,Sara,sara.elmansouri815@hotmail.com,1989-04-14,m,Casablanca,0671220004,2022-11-27,marketplace
C06899,Amrani,Samira,samira.amrani771@yahoo.fr,1991-07-23,1,Tnja,0621155111,2021-04-14,social_media
C06900,Naciri,Brahim,brahim.naciri262@yahoo.fr,1992-08-25,male,Nador,0692720685,2023-12-05,web
C06901,Alaoui,Mehdi,mehdi.alaoui89@hotmail.com,1965-03-25,Homme,Casablanca,0615905317,2021-06-12,web
C06902,Filali,Imad,imad.filali142@hotmail.com,2001-05-03,h,RABAT,0645637189,2025-08-26,mobile
C06903,Rahmouni,Sanae,sanae.rahmouni389@gmail.com,1962-07-17,H,Casablanca,0698916345,2023-09-01,social_media
C06904,Ouahbi,Ilham,ilham.ouahbi243@yahoo.fr,1983-10-28,H,FES,0679316077,2024-10-12,mobile
C06905,Berrada,Sara,sara.berrada71@outlook.com,1988-08-05,Homme,Fès,0616807006,2021-09-22,social_media
C06906,Benkirane,Zineb,zineb.benkirane379@yahoo.fr,1985-02-06,0,Tanger,0660949905,2025-02-28,marketplace
C06907,Ouahbi,Hamza,hamza.ouahbi714@live.fr,1980-09-27,m,FES,0619861253,2024-10-05,mobile
C06908,Tazi,Ilham,ilham.tazi857@gmail.com,1998-11-18,male,casa,0696305595,2025-01-12,mobile
C06909,Lahlou,Omar,omar.lahlou115@yahoo.fr,1997-02-11,female,MARRAKECH,0668224244,2022-05-21,web
C06910,Rahmouni,Ilham,ilham.rahmouni540@outlook.com,1988-04-11,H,TANGER,0633278129,2024-03-07,social_media
C06911,Fassi Fihri,Mohamed,mohamed.fassifihri206@gmail.com,1970-06-25,female,mkch,0624694715,2021-01-24,web
C06912,Filali,Driss,driss.filali895@gmail.com,2002-12-19,m,Mohammedia,0698230549,2025-11-13,web
C06913,Naciri,Amina,amina.naciri929@hotmail.com,2001-10-17,h,Oujda,0666406813,2022-08-10,web
C06914,El Ouazzani,Mohamed,mohamed.elouazzani210@outlook.com,2005-08-13,m,Rabat,0668955335,2022-09-07,referral
C06915,Lahlou,Hanane,hanane.lahlou226@outlook.com,1988-04-25,male,RABAT,0672401494,2022-06-09,mobile
C06916,Alaoui,Laila,laila.alaoui614@live.fr,1995-11-11,f,casa,0695276150,2024-12-24,referral
C06917,El Idrissi,Hind,hind.elidrissi379@yahoo.fr,1975-06-22,Femme,Rabat,0617996239,2025-03-28,social_media
C06918,Haddad,Mustapha,mustapha.haddad640@live.fr,1991-06-24,H,TNG,0694716786,2025-05-22,social_media
C06919,Berrada,Ghita,ghita.berrada273@yahoo.fr,1989-09-16,0,Agadir,0679886887,2024-02-25,social_media
C06920,Alaoui,Mustapha,mustapha.alaoui63@gmail.com,1979-03-19,H,MARRAKECH,0638428793,2024-07-10,web
C06921,Bouazza,Zakaria,zakaria.bouazza116@yahoo.fr,1969-01-27,H,Casablanca,0610233957,2021-01-20,referral
C06922,El Amrani,Soufiane,soufiane.elamrani816@outlook.com,2025-08-17,H,MARRAKECH,0612854226,2021-12-26,web
C06923,Lahlou,Sara,sara.lahlou269@gmail.com,2005-04-20,0,Tnja,0664292943,2024-02-28,marketplace
C06924,Alaoui,Driss,driss.alaoui292@outlook.com,1962-03-19,h,Kénitra,0693775643,2021-04-21,mobile
C06925,Fassi Fihri,Khadija,khadija.fassifihri165@live.fr,1989-04-07,0,Meknès,0613004532,2021-01-13,web
C06926,Berrada,Hind,hind.berrada597@yahoo.fr,1980-09-14,f,mkch,0692695920,2025-02-21,marketplace
C06927,Filali,Brahim,brahim.filali672@live.fr,1994-11-13,0,Casablanca,0692226680,2025-02-06,web
C06928,Fassi Fihri,Reda,reda.fassifihri115@hotmail.com,1985-02-07,H,casa,0612065288,2024-06-16,marketplace
C06929,Naciri,Zineb,zineb.naciri705@hotmail.com,1995-04-11,H,TNG,0688656859,2021-02-14,mobile
C06930,Cherkaoui,Sara,sara.cherkaoui330@gmail.com,1987-11-21,male,Mohammedia,0628327213,2024-02-14,marketplace
C06931,Ouahbi,Khalid,khalid.ouahbi492@yahoo.fr,1978-06-26,male,El Jadida,0677489154,2025-01-05,mobile
C06932,Tahiri,Khadija,khadija.tahiri33@gmail.com,2006-08-02,1,Casablanca,0686819275,2022-07-13,web
C06933,Lahlou,Salma,salma.lahlou400@hotmail.com,1966-12-07,female,CASA,0631481596,2024-06-22,marketplace
C06934,Cherkaoui,Hassan,hassan.cherkaoui990@outlook.com,1880-07-25,Femme,rbt,0661043739,2023-12-18,web
C06935,Benjelloun,Zakaria,zakaria.benjelloun574@yahoo.fr,1999-02-22,0,Meknès,0629240910,2025-09-21,marketplace
C06936,Rahmouni,Adil,adil.rahmouni707@yahoo.fr,1986-03-06,female,Casablanca,0630815882,2024-08-03,web
C06937,Bouazza,Youssef,youssef.bouazza251@yahoo.fr,1987-10-23,female,Rabat,0669472326,2021-02-25,web
C06938,Lahlou,Rachid,rachid.lahlou122@yahoo.fr,1964-08-07,Homme,mkch,0621374525,2025-11-09,social_media
C06939,Fassi Fihri,Soufiane,soufiane.fassifihri558@outlook.com,1969-04-12,1,El Jadida,0636056007,2025-12-23,referral
C06940,Bennani,Hamza,hamza.bennani231@gmail.com,1970-11-25,h,RABAT,0679588198,2021-03-04,social_media
C06941,El Mansouri,Said,said.elmansouri2@outlook.com,1981-08-09,1,fes,0686134017,2024-04-20,web
C06942,Filali,Zineb,zineb.filali116@hotmail.com,1993-06-06,0,Tanger,0627982044,2024-06-08,web
C06943,Benali,Amine,amine.benali861@yahoo.fr,1966-04-08,0,Agadir,0644831389,2025-08-22,marketplace
C06944,El Mansouri,Amine,amine.elmansouri110@hotmail.com,1995-11-14,Femme,Meknès,0692120857,2024-05-07,web
C06945,Tazi,Khalid,khalid.tazi346@yahoo.fr,1960-09-08,Homme,Tétouan,0629793489,2023-06-03,referral
C06946,Skalli,Driss,driss.skalli48@outlook.com,2001-03-15,H,Oujda,0653286271,2023-03-05,referral
C06947,Chraibi,Brahim,brahim.chraibi27@yahoo.fr,2003-11-27,0,TNG,0610265310,2023-06-16,referral
C06948,Rahmouni,Rim,rim.rahmouni422@outlook.com,1973-11-18,Homme,TNG,0646764053,2023-04-06,social_media
C06949,Tazi,Asmae,asmae.tazi232@yahoo.fr,1986-09-19,f,Kénitra,0647718029,2024-11-21,marketplace
C06950,Benali,Asmae,asmae.benali127@outlook.com,1980-06-06,H,casa,0670348100,2025-09-01,web
C06951,Chraibi,Driss,driss.chraibi186@hotmail.com,1991-08-21,Femme,Tnja,0648758207,2025-07-24,referral
C06952,El Mansouri,Hind,hind.elmansouri535@yahoo.fr,1969-02-22,male,RABAT,0682309715,2023-08-12,marketplace
C06953,Alaoui,Rachid,rachid.alaoui683@live.fr,2000-04-28,h,Agadir,0614894254,2024-10-21,mobile
C06954,Skalli,Loubna,loubna.skalli360@hotmail.com,1980-05-01,Femme,Fès,0659582372,2021-08-20,marketplace
C06955,Benali,Loubna,loubna.benali246@live.fr,1964-01-12,h,Casablanca,0658931841,2022-09-08,referral
C06956,Cherkaoui,Karim,karim.cherkaoui936@gmail.com,1967-08-06,m,Mohammedia,0674564709,2024-02-09,social_media
C06957,Bouzid,Ilham,zakaria.bennani326@live.fr,1971-11-17,m,TANGER,0669873567,2024-01-10,referral
C06958,Berrada,Nadia,nadia.berrada872@gmail.com,2004-04-13,m,Béni Mellal,0619592747,2022-03-13,referral
C06959,Tahiri,Adil,adil.tahiri610@outlook.com,2002-03-04,m,Marrakech,0652589022,2025-04-28,mobile
C06960,Fassi Fihri,Amine,amine.fassifihri@,1967-09-25,female,Marrakech,0647300253,2021-12-25,referral
C06961,Benali,Dounia,dounia.benali485@hotmail.com,1961-11-06,male,tanger,0698653389,2021-01-01,marketplace
C06962,Haddad,Brahim,brahim.haddad399@hotmail.com,1995-01-28,H,mkch,0658048010,2023-03-18,web
C06963,Tahiri,Reda,reda.tahiri446@hotmail.com,1980-04-27,Femme,Rabat,0679431655,2023-08-08,mobile
C06964,El Idrissi,Imad,imad.elidrissi865@gmail.com,1976-12-26,Homme,MARRAKECH,0682593142,2024-02-17,mobile
C06965,Naciri,Karim,karim.naciri109@gmail.com,1991-01-22,f,Agadir,0690857368,2023-05-02,referral
C06966,El Ouazzani,Khalid,khalid.elouazzani754@outlook.com,2006-05-28,m,Tétouan,0672604282,2024-10-25,social_media
C06967,Kettani,Said,said.kettani517@hotmail.com,1970-09-09,Homme,Fès,0696050286,2023-02-18,web
C06968,Sefrioui,Karim,karim.sefrioui272@hotmail.com,1966-05-04,f,Oujda,0656318041,2021-01-20,social_media
C06969,Ouahbi,Brahim,brahim.ouahbi709@gmail.com,2004-10-20,Homme,MARRAKECH,0641570741,2024-07-11,web
C06970,Sefrioui,Laila,laila.sefrioui711@outlook.com,1997-11-14,1,Casablanca,0626594914,2025-12-01,web
C06971,Tazi,Omar,omar.tazi261@outlook.com,1969-12-06,H,FES,0660127433,2021-08-08,marketplace
C06972,Bennani,Omar,omar.bennani600@hotmail.com,1972-11-03,1,Safi,0687820926,2025-09-26,marketplace
C06973,Sefrioui,Dounia,dounia.sefrioui904@outlook.com,2005-08-03,Homme,Fès,0612441312,2024-04-26,mobile
C06974,Tahiri,Khalid,khalid.tahiri210@gmail.com,1990-07-11,m,Fès,0657019856,2025-09-09,social_media
C06975,Naciri,Ahmed,ahmed.naciri163@yahoo.fr,2005-07-19,m,Marrakech,0683828253,2024-02-07,social_media
C06976,Tahiri,Dounia,dounia.tahiri332@hotmail.com,1961-12-05,Homme,rbt,0671452279,2022-05-15,web
C06977,El Amrani,Omar,omar.elamrani817@gmail.com,1966-11-07,h,TANGER,0669786337,2025-12-07,mobile
C06978,Benkirane,Ilham,ilham.benkirane503@live.fr,2001-02-28,f,Fès,0621788677,2021-09-24,marketplace
C06979,Benali,Khadija,@hotmail.com,1968-11-03,h,MARRAKECH,0662065736,2023-09-10,mobile
C06980,El Ouazzani,Hamza,hamza.elouazzani261@gmail.com,1984-11-28,female,Meknès,0676377643,2022-04-02,mobile
C06981,Tazi,Mehdi,mehdi.tazi444@yahoo.fr,2005-05-13,1,El Jadida,0624849827,2025-06-13,marketplace
C06982,Bouzid,Dounia,dounia.bouzid924@gmail.com,1960-04-08,male,Tnja,0681558406,2021-01-20,referral
C06983,Haddad,Sanae,sanae.haddad415@live.fr,1974-12-09,0,tanger,0622711591,2022-09-17,web
C06984,Benali,Khalid,khalid.benali517@live.fr,1991-03-06,1,Tanger,0620697299,2025-08-04,social_media
C06985,Sefrioui,Zakaria,zakaria.sefrioui696@live.fr,1974-03-01,female,Kénitra,0654510799,2022-06-07,mobile
C06986,Skalli,Asmae,asmae.skalli178@gmail.com,1981-11-25,Homme,Béni Mellal,0647057530,2024-01-16,web
C06987,Tazi,Zakaria,zakaria.tazi826@hotmail.com,1999-09-26,f,TNG,0680954745,2023-06-07,referral
C06988,El Amrani,Amine,amine.elamrani962@yahoo.fr,1997-06-14,female,Tanger,0681550891,2021-05-18,web
C06989,Ziani,Meryem,meryem.ziani281@live.fr,1990-02-08,0,TNG,0685804652,2023-05-08,web
C06990,Cherkaoui,Driss,driss.cherkaoui362@outlook.com,1990-06-06,male,Béni Mellal,0626128324,2024-12-06,mobile
C06991,El Amrani,Sanae,@live.fr,1975-01-04,female,Nador,0665442604,2025-02-23,marketplace
C06992,Amrani,Asmae,asmae.amrani66@hotmail.com,2006-02-01,f,CASA,0663049094,2025-01-21,referral
C06993,El Idrissi,Said,loubna.bouazza684@outlook.com,1964-09-20,1,CASA,0613850075,2021-01-22,referral
C06994,Lahlou,Omar,omar.lahlou821@gmail.com,1976-08-23,0,RABAT,0611728856,2022-08-24,web
C06995,El Idrissi,Imad,imad.elidrissi76@yahoo.fr,1983-04-28,H,Casablanca,0664138524,2021-04-09,marketplace
C06996,Lahlou,Ali,ali.lahlou845@hotmail.com,1966-01-08,m,Casablanca,0615540713,2024-11-09,referral
C06997,Rahmouni,Youssef,youssef.rahmouni652@yahoo.fr,1987-05-20,m,El Jadida,0646542004,2024-09-23,marketplace
C06998,Kettani,Sara,sara.kettani37@gmail.com,1978-06-06,male,mkch,0688781727,2025-08-27,web
C06999,Tazi,Zakaria,zakaria.tazi804@yahoo.fr,1966-10-28,0,tanger,0633516968,2022-10-03,social_media
C07000,Naciri,Hanane,hanane.naciri647@outlook.com,1995-06-03,f,Casablanca,0696161233,2025-03-25,web
C07001,Ouahbi,Rachid,rachid.ouahbi808@live.fr,1967-08-14,0,CASA,0639135402,2025-04-09,web
C07002,Berrada,Nawal,nawal.berrada206@gmail.com,2004-01-06,0,Fès,0691301171,2023-09-14,social_media
C07003,El Amrani,Karim,karim.elamrani201@outlook.com,1971-11-24,Femme,Béni Mellal,0632727755,2021-07-17,marketplace
C07004,Ziani,Salma,salma.ziani256@yahoo.fr,1977-01-19,female,MARRAKECH,0644536652,2022-10-24,mobile
C07005,Benali,Nawal,nawal.benali236@hotmail.com,1965-09-28,m,FES,0637792005,2021-07-05,web
C07006,El Ouazzani,Houda,houda.elouazzani524@outlook.com,1998-02-02,m,CASA,0672352778,2021-09-26,mobile
C07007,Benjelloun,Houda,nadia.fassifihri762@live.fr,1996-07-16,1,El Jadida,0633816077,2024-04-20,mobile
C07008,Bouazza,Houda,houda.bouazza127@gmail.com,1965-08-26,Femme,Casablanca,0621628646,2023-04-02,social_media
C07009,Haddad,Brahim,brahim.haddad417@gmail.com,1979-06-27,f,tanger,0691670855,2025-01-20,social_media
C07010,Chraibi,Ahmed,dounia.naciri120@outlook.com,1967-10-10,Homme,Tnja,0694958925,2022-07-02,mobile
C07011,Tahiri,Amine,amine.tahiri601@live.fr,1999-01-02,1,TNG,0685273309,2021-07-15,web
C07012,Cherkaoui,Rim,rim.cherkaoui972@yahoo.fr,1994-02-25,h,Kénitra,0676563283,2022-08-25,referral
C07013,El Idrissi,Youssef,youssef.elidrissi972@live.fr,2003-08-10,male,tanger,0620774249,2025-06-13,mobile
C07014,Chraibi,Hamza,hamza.chraibi453@live.fr,1968-02-19,1,TANGER,0620063783,2025-03-25,web
C07015,El Idrissi,Amina,amina.elidrissi962@live.fr,1968-07-22,female,Casablanca,0639277792,2021-03-11,mobile
C07016,El Mansouri,Sanae,sanae.elmansouri600@yahoo.fr,1961-10-25,m,Tétouan,0660240603,2022-12-13,web
C07017,Benali,Reda,reda.benali691@hotmail.com,1983-08-17,1,FES,0621475749,2022-07-24,referral
C07018,El Mansouri,Brahim,brahim.elmansouri94@gmail.com,1984-11-26,f,Béni Mellal,0691256758,2025-09-24,web
C07019,Ouahbi,Ilham,ilham.ouahbi443@gmail.com,1982-01-23,Femme,FES,0631468667,2025-03-23,social_media
C07020,Benkirane,Houda,houda.benkirane256@outlook.com,1974-01-01,male,Safi,0639514202,2023-08-02,web
C07021,Naciri,Zineb,zineb.naciri310@outlook.com,1980-09-27,f,Oujda,0667827216,2023-03-10,social_media
C07022,Benjelloun,Sanae,sanae.benjelloun282@gmail.com,1968-06-13,Femme,tanger,0621290290,2025-12-18,web
C07023,Kettani,Rachid,rachid.kettani835@live.fr,1968-05-23,Homme,mkch,0673373144,2024-12-27,web
C07024,Benkirane,Zakaria,zakaria.benkirane929@hotmail.com,1965-09-28,f,Tétouan,0649010567,2021-03-14,web
C07025,Haddad,Nabil,nabil.haddad502@outlook.com,1989-07-19,Femme,Safi,0616219955,2021-12-06,web
C07026,Sefrioui,Said,said.sefrioui165@yahoo.fr,1984-11-20,0,TNG,0697699646,2024-02-19,marketplace
C07027,Fassi Fihri,Ghita,ghita.fassifihri384@yahoo.fr,1987-03-05,Femme,TNG,0687388707,2024-07-15,mobile
C07028,Bennani,Brahim,brahim.bennani75@yahoo.fr,1978-12-14,Femme,Marrakech,0681035782,2022-04-26,mobile
C07029,Cherkaoui,Ghita,ghita.cherkaoui@@live.fr,1966-03-01,male,Meknès,0664132325,2023-08-10,mobile
C07030,Benjelloun,Houda,houda.benjelloun196@outlook.com,1880-09-01,male,El Jadida,0662837164,2024-04-26,marketplace
C07031,Cherkaoui,Mehdi,mehdi.cherkaoui933@outlook.com,1967-05-17,1,CASA,0677187503,2022-02-24,referral
C07032,El Ouazzani,Brahim,brahim.elouazzani651@gmail.com,1975-12-25,h,FES,0611733562,2023-08-09,web
C07033,Berrada,Salma,salma.berrada232@outlook.com,1964-10-25,1,Fès,0684999206,2022-10-24,referral
C07034,Benkirane,Omar,omar.benkirane38@hotmail.com,1985-10-03,H,Tanger,0659359775,2025-08-27,referral
C07035,Bouzid,Laila,laila.bouzid75@outlook.com,1971-09-01,1,Béni Mellal,0633858199,2025-02-13,web
C07036,Alaoui,Mohamed,mohamed.alaoui72@outlook.com,1987-03-24,1,mkch,0647057502,2023-04-18,marketplace
C07037,Skalli,Adil,adil.skalli261@gmail.com,1961-04-08,1,El Jadida,0661264459,2021-11-15,referral
C07038,Benkirane,Mohamed,mohamed.benkirane734@hotmail.com,1983-02-16,female,rbt,0685155307,2025-12-21,web
C07039,Ouahbi,Laila,laila.ouahbi179@gmail.com,1992-02-20,0,fes,0663246503,2025-03-25,marketplace
C07040,Sefrioui,Nawal,nawal.sefrioui154@outlook.com,1998-11-17,1,TNG,0623022399,2024-08-23,marketplace
C07041,Bennani,Amine,amine.bennani@,1969-02-11,m,tanger,0687250598,2022-05-01,mobile
C07042,Ouahbi,Sara,sara.ouahbi510@hotmail.com,2002-04-19,Femme,Rabat,0660637414,2024-11-20,social_media
C07043,El Ouazzani,Nabil,nabil.elouazzani82@yahoo.fr,1976-09-25,m,El Jadida,0689761618,2024-09-03,referral
C07044,Lahlou,Nadia,nadia.lahlou823@hotmail.com,1962-09-05,female,tanger,0636194531,2023-02-06,referral
C07045,Bouzid,Wafae,wafae.bouzid745@outlook.com,1973-11-17,1,Safi,0669868638,2023-08-15,mobile
C07046,Fassi Fihri,Khalid,khalid.fassifihri183@yahoo.fr,1998-07-14,0,mkch,0670316119,2021-07-09,marketplace
C07047,Lahlou,Amina,amina.lahlou210@outlook.com,2004-04-26,Femme,fes,0677992880,2024-06-06,referral
C07048,Benkirane,Loubna,loubna.benkirane42@yahoo.fr,1962-07-23,Femme,Agadir,0618064882,2022-04-16,social_media
C07049,Haddad,Rim,rim.haddad282@gmail.com,1999-09-16,f,Nador,0626082764,2022-12-05,social_media
C07050,Fassi Fihri,Reda,reda.fassifihri801@gmail.com,1974-06-12,0,Fès,0670007583,2025-09-18,web
C07051,El Idrissi,Hamza,hamza.elidrissi239@hotmail.com,1987-05-13,h,Fès,0647999907,2024-07-02,marketplace
C07052,Skalli,Laila,laila.skalli559@hotmail.com,1983-08-26,0,MARRAKECH,0645199518,2025-12-17,social_media
C07053,Lahlou,Salma,brahim.amrani785@gmail.com,1965-04-10,Homme,FES,0650036980,2023-04-02,marketplace
C07054,Ouahbi,Sara,sara.ouahbi431@outlook.com,1987-11-06,Femme,mkch,0663316392,2023-07-06,marketplace
C07055,Ouahbi,Brahim,brahim.ouahbi677@hotmail.com,1960-09-11,male,Casablanca,0677597242,2024-09-27,web
C07056,Ziani,Ali,ali.ziani599@live.fr,1964-08-22,H,casa,0641727835,2024-05-09,mobile
C07057,Chraibi,Hanane,hanane.chraibi136@live.fr,1992-08-15,Femme,RABAT,0655809616,2023-10-18,marketplace
C07058,Bennani,Nawal,nawal.bennani686@outlook.com,1977-11-19,male,Meknès,0689204421,2023-11-12,referral
C07059,Bouazza,Reda,reda.bouazza769@live.fr,1962-07-03,Femme,fes,0647734489,2023-11-08,mobile
C07060,Bouzid,Khalid,khalid.bouzid687@gmail.com,1965-01-22,female,TNG,0612582897,2024-10-03,referral
C07061,Berrada,Loubna,loubna.berrada509@gmail.com,1971-06-13,Homme,mkch,0659009850,2024-03-20,mobile
C07062,Filali,Nadia,ilham.cherkaoui723@yahoo.fr,1991-01-17,m,MARRAKECH,0650507511,2024-03-11,social_media
C07063,Amrani,Hamza,hamza.amrani527@live.fr,1996-03-11,m,Nador,0635331970,2021-08-03,mobile
C07064,Haddad,Said,said.haddad132@yahoo.fr,1997-07-12,female,Safi,0651062672,2025-04-03,referral
C07065,Bennani,Nabil,nabil.bennani367@outlook.com,1984-12-01,female,Casablanca,0614394158,2022-05-05,web
C07066,El Amrani,Nabil,nabil.elamrani327@hotmail.com,1962-07-24,m,Oujda,0637662520,2022-09-14,social_media
C07067,Kettani,Ali,ali.kettani864@outlook.com,1963-04-03,Homme,Béni Mellal,0654170248,2021-01-23,web
C07068,Fassi Fihri,Soufiane,soufiane.fassifihri446@outlook.com,1969-10-08,female,El Jadida,0636873464,2025-11-24,marketplace
C07069,Skalli,Asmae,asmae.skalli723@live.fr,1994-11-11,Femme,Fès,0668009133,2023-01-11,mobile
C07070,Benali,Karim,karim.benali453@outlook.com,1961-11-15,m,Meknès,0629706114,2022-11-10,referral
C07071,Filali,Khalid,khalid.filali757@gmail.com,1974-10-07,Homme,Fès,0617494990,2025-07-07,referral
C07072,Sefrioui,Nawal,nawal.sefrioui592@yahoo.fr,1970-03-17,1,MARRAKECH,0625640042,2021-07-24,referral
C07073,Cherkaoui,Soufiane,soufiane.cherkaoui582@hotmail.com,1984-01-23,0,Fès,0697539572,2021-08-18,marketplace
C07074,Skalli,Amine,amine.skalli370@outlook.com,1980-01-16,female,Marrakech,0633032333,2025-04-04,social_media
C07075,Tahiri,Amina,amina.tahiri933@live.fr,1997-04-14,0,tanger,0674423464,2022-02-24,referral
C07076,Bennani,Reda,reda.bennani719@live.fr,1999-01-24,H,CASA,0631036327,2021-06-05,mobile
C07077,El Mansouri,Hamza,hamza.elmansouri654@hotmail.com,1990-07-27,f,Oujda,0619014788,2022-07-14,referral
C07078,Tahiri,Youssef,youssef.tahiri833@gmail.com,1989-02-04,female,Casablanca,0644373595,2024-02-16,web
C07079,Berrada,Imad,imad.berrada@@gmail.com,1971-05-01,female,FES,0624662682,2025-08-26,social_media
C07080,Benjelloun,Karim,ilham.ouahbi243@yahoo.fr,1987-08-06,female,casa,0684612971,2024-01-18,social_media
C07081,Alaoui,Khalid,khalid.alaoui185@hotmail.com,1962-09-26,female,mkch,0655364843,2025-12-26,mobile
C07082,Bouazza,Khadija,khadija.bouazza833@live.fr,1999-01-28,h,CASA,0683785342,2021-02-24,social_media
C07083,Rahmouni,Khadija,khadija.rahmouni187@gmail.com,1994-02-18,h,Mohammedia,0635631142,2022-09-23,web
C07084,El Idrissi,Mehdi,mehdi.elidrissi612@hotmail.com,1890-06-16,h,Rabat,0638750502,2023-02-06,web
C07085,Kettani,Soufiane,soufiane.kettani499@gmail.com,2000-10-06,female,Rabat,0696276756,2025-08-21,mobile
C07086,El Idrissi,Sara,sara.elidrissi903@hotmail.com,1994-05-24,m,Tanger,0637574050,2021-09-14,web
C07087,Haddad,Dounia,dounia.haddad789@outlook.com,1981-07-19,0,MARRAKECH,0615006569,2022-05-09,social_media
C07088,Benkirane,Said,said.benkirane713@gmail.com,1996-03-19,male,MARRAKECH,0678347992,2022-02-19,mobile
C07089,Bennani,Mehdi,mehdi.bennani614@yahoo.fr,1880-03-08,0,Casablanca,0666950412,2024-02-26,social_media
C07090,Amrani,Karim,karim.amrani691@outlook.com,1980-11-17,h,mkch,0655384442,2025-07-03,social_media
C07091,Cherkaoui,Samira,samira.cherkaoui210@hotmail.com,1960-02-09,f,tanger,0665218162,2023-02-27,referral
C07092,Amrani,Wafae,wafae.amrani781@outlook.com,1970-08-12,m,Oujda,0628689347,2021-10-25,marketplace
C07093,Kettani,Loubna,loubna.kettani190@outlook.com,1965-06-12,0,CASA,0617145018,2025-01-28,marketplace
C07094,Chraibi,Mustapha,mustapha.chraibi33@hotmail.com,1991-11-27,f,FES,0613311200,2022-12-23,referral
C07095,Benjelloun,Khalid,khalid.benjelloun704@hotmail.com,2005-10-14,h,El Jadida,0661853758,2025-02-08,web
C07096,Cherkaoui,Ghita,ghita.cherkaoui276@hotmail.com,1978-07-15,h,El Jadida,0662408257,2022-04-03,social_media
C07097,Ziani,Ghita,ghita.ziani925@live.fr,1974-04-24,H,Marrakech,0666118658,2025-03-26,mobile
C07098,Naciri,Amine,amine.naciri752@hotmail.com,1971-07-09,H,casa,0659339614,2025-03-21,marketplace
C07099,Naciri,Hamza,hamza.naciri261@hotmail.com,1984-04-17,Femme,mkch,0641547183,2024-03-26,referral
C07100,Kettani,Ahmed,ahmed.kettani642@yahoo.fr,1975-03-24,Homme,TNG,0637256724,2024-08-21,mobile
C07101,Chraibi,Amine,amine.chraibi455@hotmail.com,1985-06-10,H,Tnja,0675869611,2025-06-06,referral
C07102,Bouazza,Soufiane,soufiane.bouazza32@hotmail.com,1967-01-08,0,Kénitra,0641178317,2022-08-08,social_media
C07103,Rahmouni,Ahmed,ahmed.rahmouni698@yahoo.fr,1967-12-16,0,casa,0681817718,2022-04-19,referral
C07104,Skalli,Ali,ali.skalli78@gmail.com,1989-08-13,m,Safi,0654326390,2022-09-05,mobile
C07105,Kettani,Khadija,khadija.kettani1@outlook.com,1977-04-04,female,Béni Mellal,0689868740,2021-11-09,web
C07106,Benjelloun,Khadija,khadija.benjelloun820@outlook.com,1961-06-08,male,Oujda,0624527331,2024-12-21,web
C07107,Ouahbi,Imad,imad.ouahbi746@gmail.com,2005-03-17,Femme,Casablanca,0620861959,2022-06-11,marketplace
C07108,Benali,Brahim,brahim.benali96@outlook.com,2006-10-26,m,Kénitra,0635854779,2025-07-04,mobile
C07109,Skalli,Hamza,hamza.skalli627@hotmail.com,1969-12-05,0,fes,0647293275,2022-04-07,referral
C07110,Alaoui,Adil,mehdi.benkirane289@gmail.com,1974-09-14,m,TANGER,0692469916,2023-10-21,referral
C07111,Haddad,Hanane,hanane.haddad135@yahoo.fr,1966-09-12,1,rbt,0624117509,2024-01-20,referral
C07112,Benjelloun,Laila,laila.benjelloun406@gmail.com,1968-10-04,1,Safi,0659909813,2025-04-01,social_media
C07113,El Idrissi,Said,said.elidrissi181@outlook.com,1963-05-09,Homme,TANGER,0693336138,2022-03-01,social_media
C07114,Benkirane,Sanae,sanae.benkirane816@live.fr,1964-08-23,Homme,Tanger,0615664644,2021-09-24,mobile
C07115,Tahiri,Nawal,nawal.tahiri268@outlook.com,1974-04-20,f,El Jadida,0663283704,2025-02-28,web
C07116,Bouazza,Nabil,nabil.bouazza15@gmail.com,1988-04-11,0,Marrakech,0674078536,2022-08-16,web
C07117,Rahmouni,Driss,driss.rahmouni729@gmail.com,1999-06-01,1,Nador,0621872517,2023-02-18,web
C07118,Benali,Hanane,hanane.benali810@yahoo.fr,1890-08-18,Femme,rbt,0687396272,2022-03-03,referral
C07119,Haddad,Fatima,fatima.haddad230@outlook.com,1975-04-25,0,CASA,0673826277,2025-11-08,web
C07120,Kettani,Houda,houda.kettani947@gmail.com,1981-11-07,h,Agadir,0619246124,2021-05-20,web
C07121,Benali,Driss,driss.benali681@yahoo.fr,1972-01-22,f,rbt,0612638275,2025-07-27,social_media
C07122,El Ouazzani,Omar,omar.elouazzani383@hotmail.com,1966-03-25,female,Rabat,0693965741,2024-01-06,mobile
C07123,El Amrani,Nawal,nawal.elamrani925@hotmail.com,1988-12-25,female,casa,0625424460,2024-08-27,social_media
C07124,Bennani,Zakaria,zakaria.bennani873@yahoo.fr,1990-03-17,H,TNG,0659403756,2024-05-28,marketplace
C07125,Tazi,Zakaria,zakaria.tazi709@hotmail.com,1999-02-23,Homme,mkch,0619442031,2021-11-16,web
C07126,Filali,Youssef,youssef.filali676@yahoo.fr,1975-10-18,Femme,Marrakech,0646389492,2021-08-04,social_media
C07127,Naciri,Ahmed,ahmed.naciri468@live.fr,1994-11-17,0,Tétouan,0669220653,2022-03-28,web
C07128,Amrani,Hanane,hanane.amrani978@hotmail.com,1969-03-05,Homme,Casablanca,0616823709,2021-04-20,referral
C07129,Bouzid,Rim,rim.bouzid336@hotmail.com,1988-10-06,female,Meknès,0638449652,2022-09-02,marketplace
C07130,Lahlou,Laila,laila.lahlou129@outlook.com,1961-10-27,H,RABAT,0677175307,2024-02-14,social_media
C07131,Bouazza,Nabil,nabil.bouazza642@yahoo.fr,1968-01-15,female,Tétouan,0611501523,2022-06-03,marketplace
C07132,Chraibi,Imad,imad.chraibi367@yahoo.fr,2002-11-01,H,TANGER,0644666553,2023-03-15,referral
C07133,Tazi,Asmae,asmae.tazi770@hotmail.com,1976-11-28,0,rbt,0658820095,2021-05-25,web
C07134,Amrani,Mustapha,mustapha.amrani175@hotmail.com,1971-01-07,male,MARRAKECH,0625098871,2024-07-15,marketplace
C07135,Tazi,Youssef,youssef.tazi491@yahoo.fr,1991-12-16,male,rbt,0684449280,2024-12-07,web
C07136,El Idrissi,Zineb,zineb.elidrissi188@yahoo.fr,1990-02-20,male,Safi,0681814794,2022-11-06,marketplace
C07137,Berrada,Reda,reda.berrada373@live.fr,1964-08-09,female,El Jadida,0660721922,2025-03-16,referral
C07138,Tazi,Khadija,khadija.tazi557@live.fr,1890-06-21,Homme,Fès,0689927571,2021-08-17,marketplace
C07139,Rahmouni,Amine,amine.rahmouni80@yahoo.fr,2002-03-12,H,Oujda,0688184359,2023-05-07,marketplace
C07140,Rahmouni,Mohamed,mohamed.rahmouni930@hotmail.com,1977-12-13,Femme,Tanger,0629193126,2025-03-03,marketplace
C07141,El Amrani,Nadia,nadia.elamrani603@gmail.com,1994-12-18,1,Casablanca,0627142163,2021-03-22,mobile
C07142,Bouzid,Loubna,loubna.bouzid153@hotmail.com,1975-11-24,h,Casablanca,0611058506,2021-10-03,mobile
C07143,Lahlou,Imad,imad.lahlou68@hotmail.com,1987-02-13,Homme,Fès,0692936902,2023-08-05,marketplace
C07144,Amrani,Ilham,ilham.amrani178@yahoo.fr,1992-09-25,H,Meknès,0691928896,2024-11-27,web
C07145,Alaoui,Hamza,hamza.alaoui184@yahoo.fr,1985-04-23,female,mkch,0635922445,2025-11-01,web
C07146,Benali,Hamza,hamza.benali714@hotmail.com,2000-07-13,f,Tnja,0610613294,2022-03-19,social_media
C07147,Filali,Hassan,hassan.filali122@gmail.com,1982-03-16,female,El Jadida,0634672717,2024-07-09,social_media
C07148,Cherkaoui,Driss,driss.cherkaoui659@gmail.com,2003-08-11,h,Fès,0640837908,2022-12-24,marketplace
C07149,Bouzid,Soufiane,soufiane.bouzid384@gmail.com,2004-05-02,f,TANGER,0650955527,2024-09-10,mobile
C07150,Benkirane,Youssef,youssef.benkirane250@live.fr,1966-03-21,male,TANGER,0665641967,2025-10-01,marketplace
C07151,Skalli,Ahmed,ahmed.skalli570@yahoo.fr,2004-01-20,h,TNG,0657212408,2023-07-06,referral
C07152,Bouazza,Nadia,nadia.bouazza788@live.fr,1986-04-16,Homme,Béni Mellal,0682588517,2022-05-08,web
C07153,El Amrani,Dounia,dounia.elamrani660@gmail.com,1961-08-17,H,Béni Mellal,0642754690,2022-11-10,marketplace
C07154,Tahiri,Loubna,loubna.tahiri766@yahoo.fr,1966-03-11,0,Tanger,0657726588,2025-12-10,marketplace
C07155,Filali,Meryem,meryem.filali789@outlook.com,2002-11-25,0,MARRAKECH,0620758084,2025-03-17,web
C07156,Bouazza,Reda,reda.bouazza882@hotmail.com,1965-12-07,Homme,rbt,0697454761,2022-02-08,web
C07157,Benali,Meryem,meryem.benali372@outlook.com,1985-03-17,m,TANGER,0677849318,2025-05-16,web
C07158,Sefrioui,Samira,samira.sefrioui569@outlook.com,2004-11-06,h,Fès,0614835469,2024-12-21,referral
C07159,Bouazza,Mehdi,mehdi.bouazza85@live.fr,1970-12-25,Femme,MARRAKECH,0611142541,2022-02-28,social_media
C07160,Chraibi,Zineb,zineb.chraibi649@live.fr,1994-03-07,male,Mohammedia,0683466425,2022-08-07,referral
C07161,Kettani,Ghita,ghita.kettani936@outlook.com,2001-11-15,h,Rabat,0676974576,2022-02-21,social_media
C07162,Skalli,Nabil,soufiane.fassifihri177@live.fr,1978-06-22,male,TNG,0631160934,2022-02-03,referral
C07163,Cherkaoui,Laila,laila.cherkaoui27@yahoo.fr,2004-08-09,Femme,Rabat,0689757596,2025-09-03,web
C07164,Alaoui,Hind,hind.alaoui791@outlook.com,1986-06-02,female,fes,0683736986,2021-07-08,marketplace
C07165,Tazi,Sara,sara.tazi780@outlook.com,2004-01-18,h,mkch,0658033577,2021-05-22,web
C07166,El Amrani,Omar,omar.elamrani731@outlook.com,1984-04-23,0,Safi,0631589954,2023-12-07,marketplace
C07167,Benkirane,Said,said.benkirane219@live.fr,1962-10-01,h,Mohammedia,0619901711,2021-12-20,mobile
C07168,Benkirane,Asmae,asmae.benkirane697@gmail.com,1977-03-25,m,Rabat,0668446678,2024-01-06,social_media
C07169,Tazi,Soufiane,soufiane.tazi575@gmail.com,1963-05-08,Femme,Kénitra,0662311111,2023-08-09,marketplace
C07170,Tazi,Nadia,nadia.tazi521@hotmail.com,1994-07-03,male,TANGER,0610015875,2023-10-18,referral
C07171,Haddad,Reda,reda.haddad947@yahoo.fr,1979-10-19,H,Safi,0671790725,2025-10-09,mobile
C07172,Bennani,Zakaria,khalid.skalli924@outlook.com,1998-08-26,1,casa,0656887708,2024-12-27,marketplace
C07173,Bouzid,Samira,sanae.rahmouni790@yahoo.fr,1997-01-27,female,Tnja,0649000513,2025-06-19,marketplace
C07174,Lahlou,Youssef,youssef.lahlou374@yahoo.fr,1967-08-04,male,casa,0626581105,2025-03-08,mobile
C07175,Kettani,Khadija,khadija.kettani756@gmail.com,1994-08-25,H,tanger,0660877703,2021-03-05,referral
C07176,Bennani,Laila,laila.bennani483@outlook.com,1999-12-02,1,Tétouan,0630857146,2022-07-22,web
C07177,Filali,Ilham,ilham.filali161@live.fr,1991-09-14,H,Tanger,0684367744,2023-11-07,social_media
C07178,El Mansouri,Asmae,asmae.elmansouri682@live.fr,1999-12-24,Femme,FES,0664005882,2024-08-04,web
C07179,Bouzid,Mohamed,mohamed.bouzid835@outlook.com,1968-12-23,Homme,Casablanca,0626770070,2021-04-25,marketplace
C07180,Bennani,Brahim,brahim.bennani775@hotmail.com,1960-05-23,1,mkch,0665389217,2025-02-27,referral
C07181,Bennani,Adil,adil.bennani545@gmail.com,1982-04-08,Homme,CASA,0684557272,2024-06-19,referral
C07182,Naciri,Zineb,zineb.naciri169@hotmail.com,1964-08-27,0,Tnja,0639420544,2025-04-13,marketplace
C07183,El Ouazzani,Zineb,zineb.elouazzani62@yahoo.fr,2002-09-06,m,Tnja,0664007892,2022-09-06,social_media
C07184,Bouzid,Laila,laila.bouzid827@gmail.com,1996-05-27,1,MARRAKECH,0673764173,2023-06-02,referral
C07185,Rahmouni,Driss,driss.rahmouni755@hotmail.com,1986-02-25,m,casa,0638461636,2022-02-10,web
C07186,Sefrioui,Hamza,hamza.sefrioui394@gmail.com,2004-04-17,0,Béni Mellal,0672003605,2021-03-15,marketplace
C07187,Alaoui,Mehdi,mehdi.alaoui177@live.fr,1966-04-14,H,Tétouan,0670510187,2025-10-17,referral
C07188,Lahlou,Rachid,rachid.lahlou299@outlook.com,2004-12-03,Homme,Kénitra,0676294834,2024-08-10,marketplace
C07189,Benkirane,Khalid,khalid.benkirane86@yahoo.fr,1978-05-26,Femme,Marrakech,0610966821,2024-06-17,referral
C07190,Berrada,Sanae,sanae.berrada641@outlook.com,1970-11-13,f,fes,0692312249,2023-03-12,web
C07191,El Mansouri,Soufiane,soufiane.elmansouri595@hotmail.com,1994-12-23,0,RABAT,0610821046,2024-08-28,web
C07192,El Amrani,Ahmed,ahmed.elamrani789@yahoo.fr,1965-08-19,H,Nador,0681752108,2022-10-14,social_media
C07193,Ziani,Omar,omar.ziani858@live.fr,1976-04-27,f,TNG,0630140695,2024-07-13,social_media
C07194,Bouzid,Zakaria,zakaria.bouzid649@gmail.com,1979-10-25,Homme,Fès,0677878464,2022-07-26,web
C07195,Fassi Fihri,Amina,amina.fassifihri112@gmail.com,1974-03-10,Homme,TNG,0662182828,2023-03-21,marketplace
C07196,Sefrioui,Hamza,hamza.sefrioui543@gmail.com,1998-05-14,Homme,Meknès,0657698311,2023-10-26,referral
C07197,Bennani,Khadija,khadija.bennani537@live.fr,2006-08-26,male,TANGER,0625445000,2021-04-17,web
C07198,El Mansouri,Loubna,loubna.elmansouri709@live.fr,1980-12-02,Homme,Béni Mellal,0643489563,2025-02-12,marketplace
C07199,Bennani,Nadia,ghita.benjelloun972@hotmail.com,1996-04-03,f,fes,0653287069,2025-04-14,web
C07200,Tahiri,Nawal,nawal.tahiri213@hotmail.com,1990-11-26,male,tanger,0668277808,2021-04-07,referral
C07201,El Amrani,Hamza,hamza.elamrani764@live.fr,2002-07-12,Homme,TANGER,0679488003,2021-02-21,referral
C07202,Amrani,Ali,ali.amrani375@yahoo.fr,2005-03-18,Femme,Oujda,0670964499,2021-10-07,marketplace
C07203,El Idrissi,Laila,laila.elidrissi744@yahoo.fr,1977-03-19,m,tanger,0641935978,2021-08-09,mobile
C07204,Tahiri,Loubna,loubna.tahiri815@hotmail.com,1967-10-07,h,Agadir,0610041861,2025-10-05,web
C07205,Bouazza,Youssef,youssef.bouazza140@gmail.com,1994-05-24,Homme,Béni Mellal,0696847647,2025-09-06,web
C07206,El Idrissi,Ali,ali.elidrissi272@live.fr,1969-07-14,1,RABAT,0624910458,2025-11-21,referral
C07207,Fassi Fihri,Hind,hind.fassifihri11@yahoo.fr,1986-06-11,male,Fès,0641839564,2021-11-19,marketplace
C07208,Berrada,Zakaria,zakaria.berrada519@gmail.com,2002-03-15,female,Casablanca,0675210330,2022-10-25,marketplace
C07209,Ouahbi,Khadija,khadija.ouahbi688@hotmail.com,1961-11-14,f,Tanger,0689147353,2023-06-18,referral
C07210,Alaoui,Rachid,rachid.alaoui857@live.fr,1994-02-08,male,RABAT,0653489582,2023-02-01,referral
C07211,Sefrioui,Zakaria,zakaria.sefrioui224@hotmail.com,2002-05-12,f,Béni Mellal,0668256229,2022-08-28,web
C07212,Skalli,Imad,imad.skalli505@live.fr,1890-10-27,m,MARRAKECH,0698652533,2025-04-10,marketplace
C07213,Haddad,Houda,houda.haddad155@live.fr,1976-04-17,h,Nador,0615217926,2024-02-27,mobile
C07214,Skalli,Hamza,hamza.skalli530@yahoo.fr,1990-02-23,male,TNG,0662688408,2024-05-02,web
C07215,Filali,Rachid,rachid.filali1@gmail.com,2001-06-16,Femme,Mohammedia,0657227878,2023-03-26,web
C07216,Bouazza,Ali,ali.bouazza538@gmail.com,1960-08-08,male,Casablanca,0635221034,2022-07-16,mobile
C07217,Berrada,Ahmed,ahmed.berrada310@hotmail.com,1967-02-01,1,Marrakech,0623198023,2021-11-16,social_media
C07218,Alaoui,Rim,rim.alaoui381@live.fr,1987-09-15,female,rbt,0680563119,2021-03-24,referral
C07219,Kettani,Rim,rim.kettani990@outlook.com,1981-07-16,h,mkch,0695700149,2023-12-08,referral
C07220,Kettani,Omar,omar.kettani4@yahoo.fr,1971-05-07,Homme,Nador,0671462107,2025-05-11,web
C07221,Ouahbi,Khalid,khalid.ouahbi666@outlook.com,1975-10-12,0,fes,0633776203,2023-09-07,marketplace
C07222,Cherkaoui,Amina,amina.cherkaoui587@outlook.com,1971-08-05,male,Agadir,0643793645,2025-04-19,web
C07223,Filali,Hind,hind.filali417@outlook.com,1972-12-01,1,Tanger,0641592297,2024-12-13,referral
C07224,El Ouazzani,Hanane,hanane.elouazzani487@gmail.com,1965-05-12,H,Casablanca,0688348217,2021-09-21,web
C07225,Kettani,Adil,adil.kettani503@outlook.com,1982-07-06,h,Fès,0680557176,2025-03-23,referral
C07226,El Amrani,Sara,sara.elamrani668@gmail.com,2004-05-20,female,Kénitra,0639012698,2022-06-18,referral
C07227,Kettani,Mohamed,mohamed.kettani49@hotmail.com,2002-08-03,0,Fès,0698327675,2023-09-18,marketplace
C07228,Chraibi,Asmae,asmae.chraibi90@outlook.com,1985-09-15,m,rbt,0644203164,2024-01-20,social_media
C07229,El Amrani,Mehdi,mehdi.elamrani931@outlook.com,1974-12-19,m,Casablanca,0693120651,2024-01-22,social_media
C07230,Filali,Amina,amina.filali187@yahoo.fr,1992-06-04,Femme,RABAT,0610462528,2022-06-20,web
C07231,Bennani,Salma,salma.bennani165@outlook.com,1969-09-28,h,tanger,0629061340,2021-06-07,marketplace
C07232,Bennani,Youssef,youssef.bennani@@outlook.com,1986-02-15,Homme,El Jadida,0614749779,2024-12-15,marketplace
C07233,Bouazza,Ilham,ilham.bouazza932@hotmail.com,1987-08-26,f,rbt,0620883700,2024-06-17,social_media
C07234,Sefrioui,Zineb,zineb.sefrioui325@live.fr,1989-12-20,h,Fès,0639962054,2022-12-11,web
C07235,Benali,Soufiane,soufiane.benali811@hotmail.com,1996-06-17,f,Mohammedia,0693976188,2024-08-05,mobile
C07236,El Idrissi,Ahmed,ahmed.elidrissi703@gmail.com,1977-01-13,Homme,Marrakech,0614293178,2022-06-25,referral
C07237,Tahiri,Adil,adil.tahiri532@outlook.com,1974-11-12,H,FES,0675508455,2023-06-28,web
C07238,Haddad,Samira,samira.haddad619@hotmail.com,1961-08-18,0,Béni Mellal,0633745613,2022-07-18,referral
C07239,Cherkaoui,Fatima,fatima.cherkaoui668@live.fr,1985-11-28,male,CASA,0628622942,2025-02-14,social_media
C07240,Benkirane,Youssef,fatima.ouahbi804@gmail.com,1991-02-09,0,fes,0640590772,2023-03-15,mobile
C07241,Haddad,Salma,salma.haddad81@gmail.com,2004-04-10,Homme,Oujda,0616922086,2023-03-16,social_media
C07242,El Amrani,Rachid,rachid.elamrani411@hotmail.com,1998-01-22,0,Oujda,0663753455,2022-10-25,marketplace
C07243,Chraibi,Zineb,zineb.chraibi232@gmail.com,1986-10-12,1,Agadir,0697948501,2025-06-11,social_media
C07244,Benali,Mohamed,mohamed.benali748@hotmail.com,1971-05-01,0,Tétouan,0638777963,2021-06-16,marketplace
C07245,Kettani,Soufiane,soufiane.kettani132@yahoo.fr,1980-03-22,h,casa,0686984645,2024-01-22,referral
C07246,Sefrioui,Karim,karim.sefrioui952@outlook.com,2000-08-16,m,Tétouan,0614751736,2023-08-13,web
C07247,El Amrani,Adil,adil.elamrani181@live.fr,1960-11-12,female,Nador,0643169631,2025-10-25,marketplace
C07248,Amrani,Imad,imad.amrani839@outlook.com,1977-08-15,h,Marrakech,0679290402,2024-11-14,marketplace
C07249,Rahmouni,Rachid,rachid.rahmouni480@outlook.com,1977-05-26,1,Agadir,0650983169,2022-09-16,social_media
C07250,Tazi,Imad,imad.tazi364@hotmail.com,1999-04-05,male,fes,0689659857,2025-10-19,referral
C07251,Ziani,Zineb,zineb.ziani620@hotmail.com,1960-12-10,Femme,Tnja,0679889181,2021-08-14,marketplace
C07252,El Ouazzani,Ahmed,ahmed.elouazzani20@gmail.com,1992-06-12,m,rbt,0651325380,2021-09-25,marketplace
C07253,El Idrissi,Mohamed,mohamed.elidrissi172@outlook.com,1965-07-14,male,MARRAKECH,0672712357,2023-05-17,referral
C07254,Bouazza,Rachid,rachid.bouazza942@yahoo.fr,1982-10-13,male,mkch,0692550589,2024-09-10,mobile
C07255,Bouzid,Ali,ali.bouzid328@hotmail.com,2004-11-12,1,Mohammedia,0677346680,2025-12-25,mobile
C07256,Benali,Omar,omar.benali546@outlook.com,1981-10-21,Femme,Casablanca,0697491821,2023-09-05,web
C07257,Cherkaoui,Laila,laila.cherkaoui763@live.fr,1977-12-05,m,Meknès,0687728426,2024-10-16,mobile
C07258,Haddad,Amine,amine.haddad723@outlook.com,1971-10-03,H,TANGER,0619233134,2023-09-25,marketplace
C07259,Skalli,Hassan,hassan.skalli495@hotmail.com,1973-02-26,female,Mohammedia,0611630869,2021-02-26,web
C07260,Rahmouni,Mustapha,mustapha.rahmouni225@outlook.com,1986-08-15,f,Marrakech,0640752216,2024-02-03,mobile
C07261,Bennani,Amina,amina.bennani575@hotmail.com,1984-04-08,Homme,El Jadida,0629065626,2022-07-14,web
C07262,Bouzid,Ali,ali.bouzid968@hotmail.com,1981-04-28,1,El Jadida,0678709149,2025-08-05,web
C07263,Lahlou,Ahmed,ahmed.lahlou395@gmail.com,1968-09-12,h,Casablanca,0617813893,2023-11-24,mobile
C07264,Chraibi,Khadija,khadija.chraibi623@live.fr,1976-01-26,1,TNG,0624349717,2023-03-12,marketplace
C07265,Chraibi,Laila,laila.chraibi588@yahoo.fr,1996-06-05,0,Kénitra,0697518785,2023-03-28,marketplace
C07266,Sefrioui,Zakaria,zakaria.sefrioui702@outlook.com,1985-04-26,Homme,Rabat,0660824180,2022-07-24,web
C07267,Tazi,Ghita,ghita.tazi345@gmail.com,1965-03-19,Femme,Fès,0654642795,2023-09-12,mobile
C07268,Ziani,Ahmed,ahmed.ziani412@hotmail.com,1961-01-11,H,Fès,0659327761,2025-10-10,marketplace
C07269,Alaoui,Asmae,asmae.alaoui85@gmail.com,1999-12-07,h,casa,0631245243,2025-03-07,referral
C07270,Lahlou,Amine,amine.lahlou363@yahoo.fr,2002-08-02,h,Nador,0675699647,2021-10-25,referral
C07271,Tazi,Salma,nawal.cherkaoui64@hotmail.com,1991-01-13,m,Meknès,0670182422,2021-10-28,referral
C07272,Naciri,Reda,reda.naciri468@gmail.com,2005-04-13,1,FES,0624808657,2024-07-03,social_media
C07273,El Idrissi,Asmae,asmae.elidrissi441@outlook.com,1990-02-26,male,Safi,0685435912,2025-08-04,mobile
C07274,Benkirane,Nabil,nabil.benkirane498@hotmail.com,1984-02-22,H,Meknès,0632644681,2025-01-06,social_media
C07275,El Mansouri,Sara,sara.elmansouri984@outlook.com,1994-09-12,male,TNG,0639740809,2021-04-13,social_media
C07276,Tazi,Houda,houda.tazi633@outlook.com,1991-08-26,0,Fès,0656541193,2022-06-11,social_media
C07277,Cherkaoui,Brahim,brahim.cherkaoui724@outlook.com,2004-04-07,Homme,Tétouan,0615412441,2022-07-15,mobile
C07278,Ouahbi,Mehdi,mehdi.ouahbi70@outlook.com,1973-02-20,female,Agadir,0633152142,2021-08-23,referral
C07279,Bennani,Amine,amine.bennani978@hotmail.com,1975-08-07,0,Meknès,0620640280,2024-02-01,referral
C07280,Naciri,Driss,brahim.benali254@outlook.com,2004-10-11,male,RABAT,0659269868,2025-12-18,web
C07281,Rahmouni,Adil,adil.rahmouni414@outlook.com,1967-04-09,female,Tnja,0693704683,2025-09-11,referral
C07282,Rahmouni,Rim,rim.rahmouni213@hotmail.com,1974-03-23,0,rbt,0663958936,2024-09-18,mobile
C07283,Tahiri,Brahim,dounia.skalli773@outlook.com,2001-12-18,Homme,MARRAKECH,0671485514,2022-06-23,mobile
C07284,Chraibi,Ilham,ilham.chraibi294@outlook.com,1997-10-14,female,TNG,0697583885,2021-04-26,mobile
C07285,Filali,Mehdi,mehdi.filali223@live.fr,1970-04-07,Homme,casa,0691395922,2024-10-23,social_media
C07286,El Ouazzani,Meryem,meryem.elouazzani5@yahoo.fr,2004-02-16,Homme,FES,0660630971,2024-03-14,referral
C07287,Benali,Hassan,hassan.benali185@hotmail.com,1967-06-20,male,CASA,0614717902,2025-09-22,mobile
C07288,Amrani,Omar,omar.amrani646@hotmail.com,1961-03-13,m,mkch,0674942364,2023-04-04,referral
C07289,Benkirane,Dounia,dounia.benkirane920@yahoo.fr,1996-02-24,1,Agadir,0681725861,2021-11-25,marketplace
C07290,Rahmouni,Fatima,fatima.rahmouni151@yahoo.fr,1987-05-27,1,Oujda,0677643877,2025-11-04,social_media
C07291,Berrada,Laila,laila.berrada974@outlook.com,1975-09-18,Femme,Tnja,0684037076,2021-06-06,marketplace
C07292,Tahiri,Ilham,ilham.tahiri405@yahoo.fr,1968-11-23,male,TANGER,0639434665,2023-08-06,mobile
C07293,Benkirane,Loubna,loubna.benkirane433@outlook.com,1993-01-13,female,Tnja,0638827440,2025-03-03,mobile
C07294,Tazi,Samira,samira.tazi584@gmail.com,1964-07-10,female,Tnja,0672169156,2025-11-07,referral
C07295,Alaoui,Ali,ali.alaoui958@live.fr,1997-12-09,female,Tanger,0634710700,2021-06-16,mobile
C07296,Chraibi,Ilham,ilham.chraibi973@hotmail.com,1967-01-06,h,Tanger,0652723720,2023-02-17,referral
C07297,Kettani,Karim,karim.kettani566@gmail.com,1977-03-25,h,Béni Mellal,0694870900,2024-03-03,social_media
C07298,Benali,Loubna,loubna.benali873@yahoo.fr,2002-12-18,1,Kénitra,0690842810,2021-06-27,mobile
C07299,Benjelloun,Nadia,nadia.benjelloun674@gmail.com,1978-11-14,m,FES,0666168129,2023-04-26,marketplace
C07300,Naciri,Youssef,hassan.berrada526@gmail.com,1978-08-01,Femme,Nador,0682607411,2025-03-28,referral
C07301,Bennani,Nadia,nadia.bennani626@live.fr,1964-03-03,Femme,Safi,0699740133,2022-09-13,referral
C07302,Rahmouni,Omar,imad.tahiri559@gmail.com,1991-09-02,m,Rabat,0621251945,2021-06-13,social_media
C07303,El Amrani,Laila,laila.elamrani81@hotmail.com,1972-03-17,f,Casablanca,0648179787,2022-02-24,mobile
C07304,Tazi,Reda,reda.tazi290@live.fr,1981-02-13,m,Tétouan,0623598640,2025-04-24,web
C07305,Bouzid,Zineb,zineb.bouzid696@outlook.com,2006-06-09,Femme,Oujda,0691473197,2023-05-03,web
C07306,Rahmouni,Said,said.rahmouni738@yahoo.fr,1995-04-05,Homme,Fès,0684063174,2025-05-24,referral
C07307,Lahlou,Nadia,nadia.lahlou667@live.fr,1990-02-04,h,mkch,0628992819,2023-07-15,social_media
C07308,Haddad,Hanane,hanane.haddad182@outlook.com,1991-11-08,0,TANGER,0611212888,2023-10-12,referral
C07309,Amrani,Driss,driss.amrani443@yahoo.fr,1979-01-19,male,Marrakech,0634612269,2024-07-14,mobile
C07310,Berrada,Adil,adil.berrada610@outlook.com,1961-10-24,h,RABAT,0670038776,2021-08-24,referral
C07311,Naciri,Asmae,asmae.naciri626@gmail.com,1994-07-04,m,Béni Mellal,0643611633,2021-07-23,referral
C07312,Tazi,Rachid,rachid.tazi192@live.fr,1968-10-22,male,TNG,0623180052,2021-05-05,marketplace
C07313,Alaoui,Loubna,loubna.alaoui319@outlook.com,1973-07-03,f,TNG,0626158027,2022-12-17,mobile
C07314,El Mansouri,Imad,imad.elmansouri508@gmail.com,2005-04-16,H,Meknès,0636202524,2023-08-12,marketplace
C07315,Kettani,Samira,samira.kettani381@gmail.com,1973-06-08,male,Rabat,0635526949,2025-05-28,mobile
C07316,Filali,Soufiane,soufiane.filali769@gmail.com,1973-08-18,Homme,Nador,0658949683,2021-08-10,web
C07317,Benkirane,Driss,driss.benkirane791@yahoo.fr,1997-10-18,male,Rabat,0668838280,2023-02-10,social_media
C07318,Fassi Fihri,Hamza,hamza.fassifihri415@outlook.com,1986-07-02,H,Rabat,0635833725,2021-11-20,web
C07319,Bouzid,Sara,sara.bouzid51@hotmail.com,1890-07-27,m,MARRAKECH,0690377649,2025-11-19,web
C07320,Bouazza,Hamza,hamza.bouazza363@outlook.com,1984-01-26,female,CASA,0612371116,2022-12-05,referral
C07321,Rahmouni,Samira,samira.rahmouni340@gmail.com,1962-11-19,1,Tétouan,0651965723,2022-04-17,marketplace
C07322,Benkirane,Houda,houda.benkirane516@hotmail.com,1976-02-18,1,Casablanca,0645398636,2022-10-24,social_media
C07323,Rahmouni,Said,said.rahmouni292@live.fr,2005-01-13,m,Kénitra,0614545618,2023-04-18,referral
C07324,El Ouazzani,Omar,meryem.bouazza356@yahoo.fr,1961-09-08,Homme,FES,0648993873,2021-01-25,web
C07325,Tahiri,Ilham,ilham.tahiri138@outlook.com,1979-12-11,Femme,Fès,0693315131,2023-04-03,web
C07326,El Amrani,Driss,driss.elamrani85@live.fr,1979-05-27,h,Kénitra,0660007119,2023-09-25,referral
C07327,El Ouazzani,Mohamed,mohamed.elouazzani944@outlook.com,1964-07-19,1,Safi,0678046209,2024-01-21,marketplace
C07328,Filali,Amine,amine.filali671@yahoo.fr,1971-03-12,Homme,Meknès,0689051306,2024-03-12,web
C07329,Rahmouni,Sara,sara.rahmouni17@gmail.com,1981-03-26,m,Casablanca,0653235664,2025-10-10,marketplace
C07330,Skalli,Nabil,nabil.skalli788@hotmail.com,2005-02-06,0,RABAT,0625923806,2024-12-11,referral
C07331,El Amrani,Ilham,ilham.elamrani627@outlook.com,1973-06-19,0,Marrakech,0688533756,2024-08-27,marketplace
C07332,Tazi,Hind,hind.tazi45@gmail.com,1995-05-28,Femme,Fès,0692514516,2025-08-26,mobile
C07333,Benjelloun,Mustapha,mustapha.benjelloun489@hotmail.com,1967-01-08,H,El Jadida,0622218981,2022-05-16,social_media
C07334,Bouzid,Said,zineb.elidrissi198@gmail.com,1995-03-05,Femme,fes,0664537040,2022-06-04,social_media
C07335,Ouahbi,Wafae,wafae.ouahbi662@yahoo.fr,1980-09-20,1,Kénitra,0690811306,2021-07-04,social_media
C07336,Kettani,Imad,imad.kettani228@live.fr,1994-08-14,f,TNG,0645054701,2025-02-15,referral
C07337,Bouzid,Mohamed,mohamed.bouzid879@hotmail.com,1987-02-05,Femme,Mohammedia,0698445715,2023-11-25,mobile
C07338,Cherkaoui,Mohamed,mohamed.cherkaoui947@hotmail.com,1992-02-04,h,El Jadida,0644678385,2024-07-19,marketplace
C07339,Bouzid,Hanane,hanane.bouzid626@gmail.com,1962-02-03,0,Casablanca,0680374137,2024-05-12,web
C07340,Tahiri,Ghita,ghita.tahiri847@outlook.com,2005-02-09,h,Fès,0630536428,2021-07-03,mobile
C07341,Naciri,Laila,laila.naciri950@yahoo.fr,1993-10-16,1,Tanger,0624452682,2024-04-26,mobile
C07342,Bennani,Mohamed,mohamed.bennani302@yahoo.fr,1969-06-12,female,Marrakech,0687112247,2023-02-04,social_media
C07343,El Idrissi,Mehdi,mehdi.elidrissi713@hotmail.com,2001-06-27,female,El Jadida,0649772794,2021-12-20,referral
C07344,Sefrioui,Nadia,nadia.sefrioui435@hotmail.com,1995-07-16,male,Béni Mellal,0698543375,2022-06-06,referral
C07345,Tahiri,Salma,salma.tahiri855@outlook.com,1983-01-23,H,FES,0649256041,2022-08-23,web
C07346,Kettani,Rachid,rachid.kettani199@hotmail.com,1998-11-10,male,Safi,0639739784,2025-04-07,web
C07347,Chraibi,Ilham,ilham.chraibi799@gmail.com,1890-08-27,Femme,Casablanca,0615854060,2021-01-22,referral
C07348,Naciri,Khalid,khalid.naciri916@hotmail.com,2002-12-17,Homme,RABAT,0686259693,2025-03-11,marketplace
C07349,El Idrissi,Brahim,brahim.elidrissi414@gmail.com,1962-11-11,f,RABAT,0673140067,2025-04-02,referral
C07350,El Idrissi,Fatima,fatima.elidrissi610@hotmail.com,1979-09-24,male,Mohammedia,0672085475,2022-01-28,marketplace
C07351,Sefrioui,Nawal,nawal.sefrioui798@live.fr,1975-09-15,Homme,RABAT,0634453957,2021-05-21,marketplace
C07352,Benkirane,Samira,samira.benkirane730@gmail.com,1969-04-11,female,Mohammedia,0648811585,2025-10-04,web
C07353,Chraibi,Ghita,ghita.chraibi77@gmail.com,1973-02-11,Femme,Tanger,0613938925,2024-11-26,mobile
C07354,Ziani,Sara,sara.ziani275@gmail.com,1990-09-28,m,Béni Mellal,0649312830,2025-08-12,social_media
C07355,El Amrani,Mehdi,mehdi.elamrani985@hotmail.com,1984-04-19,m,Agadir,0688205501,2024-06-20,referral
C07356,El Amrani,Hamza,hamza.elamrani568@outlook.com,1978-01-11,m,Casablanca,0672083047,2025-11-16,mobile
C07357,Bouazza,Soufiane,soufiane.bouazza119@live.fr,1960-10-04,Femme,MARRAKECH,0664404163,2023-10-03,referral
C07358,Bouazza,Samira,samira.bouazza751@yahoo.fr,2001-09-09,female,Fès,0685275619,2023-02-13,social_media
C07359,Benjelloun,Nabil,nabil.benjelloun485@outlook.com,1977-09-16,male,mkch,0691642099,2022-12-17,mobile
C07360,Chraibi,Dounia,dounia.chraibi744@hotmail.com,1995-05-27,female,Béni Mellal,0613186522,2024-12-11,referral
C07361,Bouzid,Rachid,rachid.bouzid445@gmail.com,1973-02-03,1,Casablanca,0634406162,2025-12-08,social_media
C07362,Tazi,Karim,karim.tazi352@yahoo.fr,1995-03-16,female,Marrakech,0698631790,2024-12-15,social_media
C07363,Bouazza,Wafae,wafae.bouazza932@yahoo.fr,1963-10-14,h,Tanger,0670540322,2022-10-27,social_media
C07364,Sefrioui,Mustapha,mustapha.sefrioui995@live.fr,1964-04-21,1,Fès,0659459387,2023-01-20,web
C07365,Chraibi,Amina,amina.chraibi913@gmail.com,1974-09-20,Homme,fes,0667391773,2024-12-19,referral
C07366,Haddad,Ali,ali.haddad424@gmail.com,1970-02-18,1,Agadir,0696868665,2021-09-04,web
C07367,Rahmouni,Asmae,asmae.rahmouni629@gmail.com,1985-01-24,H,fes,0639205847,2022-10-22,mobile
C07368,Ziani,Hassan,hassan.ziani956@hotmail.com,2005-04-09,female,Tanger,0611175255,2024-01-17,marketplace
C07369,Benkirane,Ilham,ilham.benkirane187@gmail.com,1975-05-06,male,Tétouan,0638369260,2022-12-24,web
C07370,Sefrioui,Khalid,khalid.sefrioui651@gmail.com,1964-01-26,1,MARRAKECH,0610922992,2022-11-18,referral
C07371,Haddad,Hind,hind.haddad202@live.fr,1972-12-13,f,Kénitra,0627423216,2023-01-23,mobile
C07372,Skalli,Hamza,hamza.skalli90@live.fr,1975-02-05,female,Béni Mellal,0653751758,2024-08-26,mobile
C07373,Sefrioui,Hassan,hassan.sefrioui935@live.fr,1995-08-10,female,Marrakech,0673195028,2025-10-03,social_media
C07374,Chraibi,Asmae,asmae.chraibi801@yahoo.fr,1990-11-07,0,mkch,0626878712,2025-10-20,web
C07375,Tazi,Amine,amine.tazi590@gmail.com,1973-05-06,h,Marrakech,0638549748,2022-02-11,web
C07376,Sefrioui,Mohamed,mohamed.sefrioui794@hotmail.com,1967-11-06,Homme,RABAT,0680901972,2021-02-10,social_media
C07377,El Mansouri,Nawal,nawal.elmansouri146@outlook.com,1977-01-04,Homme,Mohammedia,0695148909,2023-02-16,web
C07378,Lahlou,Mehdi,mehdi.lahlou514@hotmail.com,1961-09-08,male,Safi,0615775825,2023-07-07,web
C07379,Lahlou,Imad,imad.lahlou269@outlook.com,1986-08-09,f,Fès,0670958265,2024-09-09,referral
C07380,Ouahbi,Hind,hind.ouahbi735@yahoo.fr,1961-10-03,1,casa,0681736717,2025-05-28,referral
C07381,Tazi,Omar,omar.tazi505@gmail.com,1967-12-19,f,TNG,0640229221,2023-07-07,social_media
C07382,Benjelloun,Imad,imad.benjelloun@,1994-02-18,h,Marrakech,0694102189,2024-05-11,web
C07383,Lahlou,Houda,houda.lahlou269@gmail.com,1979-05-01,f,tanger,0623760705,2022-03-04,web
C07384,El Idrissi,Salma,salma.elidrissi138@live.fr,1880-12-19,f,Casablanca,0666874632,2024-06-25,referral
C07385,Tahiri,Khalid,khalid.tahiri314@hotmail.com,1990-02-06,H,RABAT,0663296217,2024-08-21,social_media
C07386,Naciri,Ahmed,ahmed.naciri461@outlook.com,1994-04-25,m,Oujda,0680584998,2024-02-13,referral
C07387,Ouahbi,Khalid,khalid.ouahbi45@hotmail.com,1990-08-09,1,Oujda,0629703187,2023-05-24,web
C07388,Kettani,Dounia,dounia.kettani681@hotmail.com,1994-05-13,1,TNG,0689582533,2024-09-13,web
C07389,Benkirane,Youssef,youssef.benkirane312@hotmail.com,1964-04-14,1,Tanger,0670745982,2021-01-11,referral
C07390,Naciri,Sara,sara.naciri39@yahoo.fr,2025-01-18,H,fes,0651528292,2024-03-02,social_media
C07391,Naciri,Hind,hind.naciri19@live.fr,1963-07-13,Femme,TANGER,0647923252,2021-10-14,social_media
C07392,Ouahbi,Sanae,sanae.ouahbi520@outlook.com,1997-05-28,1,tanger,0644727877,2021-08-25,marketplace
C07393,Cherkaoui,Brahim,brahim.cherkaoui513@yahoo.fr,1989-05-03,Homme,Kénitra,0630264115,2023-11-15,referral
C07394,Chraibi,Omar,omar.chraibi535@outlook.com,1972-03-25,Homme,Fès,0629737115,2025-05-25,marketplace
C07395,Rahmouni,Hassan,hassan.rahmouni730@hotmail.com,1964-01-04,h,Tnja,0638527947,2022-04-10,marketplace
C07396,Benjelloun,Houda,houda.benjelloun354@yahoo.fr,1979-07-19,h,CASA,0643295099,2023-07-18,mobile
C07397,Tahiri,Hanane,hanane.tahiri932@hotmail.com,1995-09-03,f,Marrakech,0693635540,2024-07-12,referral
C07398,El Ouazzani,Hassan,rachid.ziani453@gmail.com,1976-01-26,m,Safi,0649229224,2024-05-07,referral
C07399,Tazi,Driss,driss.tazi633@hotmail.com,1976-02-28,H,CASA,0669882011,2024-03-27,social_media
C07400,Kettani,Khalid,khalid.kettani73@live.fr,1986-02-17,h,Fès,0622345061,2025-09-08,web
C07401,El Idrissi,Rachid,rachid.elidrissi898@yahoo.fr,1992-07-06,m,Fès,0676417648,2022-07-22,referral
C07402,Alaoui,Mustapha,reda.ziani720@gmail.com,2001-04-26,h,FES,0612930830,2024-01-28,marketplace
C07403,Bouazza,Hassan,hassan.bouazza570@hotmail.com,1890-02-12,h,casa,0632803980,2025-12-14,marketplace
C07404,Amrani,Amine,amine.amrani910@gmail.com,2000-04-05,1,Safi,0615828415,2024-10-28,social_media
C07405,El Idrissi,Nabil,nabil.elidrissi744@yahoo.fr,1973-04-16,Homme,mkch,0613610906,2021-04-19,referral
C07406,Alaoui,Reda,reda.alaoui876@gmail.com,1980-10-04,female,Safi,0653801562,2025-09-25,referral
C07407,El Ouazzani,Mehdi,mehdi.elouazzani665@gmail.com,1968-10-12,1,Tanger,0611802971,2025-05-14,social_media
C07408,El Idrissi,Zineb,zineb.elidrissi902@hotmail.com,1981-03-03,h,Mohammedia,0697544168,2023-06-02,mobile
C07409,El Idrissi,Nabil,nabil.elidrissi947@outlook.com,1992-05-20,0,Rabat,0646475549,2023-02-07,web
C07410,Cherkaoui,Adil,adil.cherkaoui789@outlook.com,2000-10-07,0,Fès,0699397616,2025-12-13,mobile
C07411,Benjelloun,Laila,laila.benjelloun380@gmail.com,1963-03-15,male,Oujda,0653601550,2024-01-06,mobile
C07412,Ouahbi,Amine,amine.ouahbi545@hotmail.com,1977-08-25,Femme,Marrakech,0633501647,2023-07-03,social_media
C07413,Alaoui,Said,said.alaoui968@outlook.com,1967-03-07,0,Oujda,0666745949,2021-02-16,marketplace
C07414,Sefrioui,Hamza,hamza.sefrioui702@outlook.com,1968-08-14,m,Fès,0620505461,2023-03-11,mobile
C07415,El Ouazzani,Adil,adil.elouazzani21@live.fr,1967-03-05,0,Oujda,0672919645,2023-07-04,marketplace
C07416,Tahiri,Ilham,ilham.tahiri94@outlook.com,1987-10-14,male,Oujda,0655241388,2024-02-24,marketplace
C07417,Sefrioui,Hamza,hamza.sefrioui706@yahoo.fr,1970-10-24,H,mkch,0658807746,2022-08-26,social_media
C07418,Benali,Amine,amine.benali838@live.fr,1997-01-03,f,Fès,0656891780,2022-04-21,web
C07419,Naciri,Zakaria,zakaria.naciri702@yahoo.fr,1982-10-03,male,Oujda,0664392027,2022-12-12,social_media
C07420,Tazi,Hanane,hanane.tazi477@hotmail.com,1980-08-09,Homme,Casablanca,0662214617,2022-07-20,referral
C07421,Lahlou,Hassan,hassan.lahlou749@outlook.com,1994-02-01,0,Nador,0656376192,2021-06-24,web
C07422,El Mansouri,Karim,karim.elmansouri353@yahoo.fr,1971-10-26,f,mkch,0682530571,2024-05-06,referral
C07423,Skalli,Adil,youssef.sefrioui830@live.fr,1983-01-15,f,Tétouan,0697850625,2022-04-17,referral
C07424,Fassi Fihri,Hassan,hassan.fassifihri336@outlook.com,1975-12-01,H,RABAT,0696463198,2023-12-05,web
C07425,Alaoui,Ahmed,ahmed.alaoui951@gmail.com,1974-10-02,0,Casablanca,0653549019,2022-10-03,referral
C07426,Benali,Khalid,khalid.benali782@hotmail.com,2005-06-11,m,tanger,0694724771,2025-11-20,mobile
C07427,Chraibi,Meryem,meryem.chraibi20@yahoo.fr,1965-07-13,female,Safi,0638365384,2023-09-15,marketplace
C07428,El Amrani,Amina,amina.elamrani186@live.fr,2002-12-20,Homme,TANGER,0612581850,2022-06-01,web
C07429,Chraibi,Zineb,zineb.chraibi706@outlook.com,1991-09-21,0,Nador,0631472785,2025-07-08,web
C07430,El Idrissi,Mustapha,mustapha.elidrissi281@gmail.com,1968-03-06,Femme,Fès,0691826035,2023-06-07,referral
C07431,El Amrani,Ahmed,ahmed.elamrani974@gmail.com,2004-12-13,Femme,tanger,0613528495,2022-02-06,marketplace
C07432,Benali,Hamza,hamza.benali848@yahoo.fr,1977-07-20,H,El Jadida,0621211345,2024-03-12,mobile
C07433,Bennani,Imad,imad.bennani2@yahoo.fr,2003-05-08,1,Béni Mellal,0623468258,2022-08-25,referral
C07434,Berrada,Mehdi,@gmail.com,1969-12-24,H,rbt,0673138537,2025-12-22,referral
C07435,Amrani,Amina,amina.amrani587@yahoo.fr,1982-12-13,f,rbt,0613871543,2023-08-23,mobile
C07436,Fassi Fihri,Khalid,khalid.fassifihri691@hotmail.com,2004-03-28,H,Kénitra,0684041747,2022-06-25,marketplace
C07437,Ouahbi,Youssef,youssef.ouahbi71@gmail.com,1991-06-18,H,MARRAKECH,0691136862,2021-09-12,referral
C07438,Lahlou,Karim,karim.lahlou858@live.fr,1978-11-04,H,rbt,0627819207,2024-08-24,referral
C07439,Naciri,Loubna,loubna.naciri745@hotmail.com,1974-06-15,f,Casablanca,0670257323,2022-03-11,marketplace
C07440,Bouzid,Nadia,nadia.bouzid822@yahoo.fr,1961-06-11,female,TNG,0644183001,2022-01-21,web
C07441,Ziani,Rim,rim.ziani957@yahoo.fr,1964-11-01,female,Tanger,0682957523,2025-06-05,web
C07442,Bouzid,Zineb,zineb.bouzid19,1977-11-08,Femme,El Jadida,0623293447,2024-01-19,mobile
C07443,Bouazza,Brahim,brahim.bouazza876@hotmail.com,1986-02-26,Femme,Casablanca,0621981719,2024-08-10,marketplace
C07444,El Idrissi,Karim,karim.elidrissi860@outlook.com,1968-07-02,Femme,Safi,0691727083,2024-05-09,web
C07445,Haddad,Reda,reda.haddad461@gmail.com,1999-06-23,f,Tétouan,0650882216,2025-07-03,social_media
C07446,Benkirane,Rim,rim.benkirane868@yahoo.fr,1890-04-01,f,CASA,0674795098,2023-03-03,referral
C07447,Bouazza,Nawal,nawal.bouazza955@hotmail.com,1990-08-24,H,Mohammedia,0626986720,2023-09-22,web
C07448,Kettani,Nawal,nawal.kettani396@hotmail.com,1989-05-22,m,Casablanca,0679499352,2025-07-07,social_media
C07449,Haddad,Mehdi,mehdi.haddad405@gmail.com,1976-09-04,H,Tnja,0681325564,2025-07-14,marketplace
C07450,Berrada,Ilham,ilham.berrada786@live.fr,1985-04-28,0,Oujda,0657981198,2021-10-16,marketplace
C07451,Ziani,Hanane,hanane.ziani823@outlook.com,1964-08-08,m,RABAT,0625703729,2022-10-03,referral
C07452,Amrani,Mehdi,mehdi.amrani744@yahoo.fr,1987-09-17,1,CASA,0678176536,2022-02-05,referral
C07453,Ziani,Soufiane,soufiane.ziani702@hotmail.com,1993-04-28,H,Fès,0648631173,2023-05-16,marketplace
C07454,Haddad,Reda,reda.haddad231@live.fr,1969-07-23,male,Fès,0635844925,2024-02-23,marketplace
C07455,El Idrissi,Sanae,sanae.elidrissi727@live.fr,1976-11-06,Homme,Fès,0681499543,2022-12-07,referral
C07456,Bennani,Mustapha,mustapha.bennani425@hotmail.com,1963-06-02,m,rbt,0654239033,2023-08-06,web
C07457,Benjelloun,Loubna,loubna.benjelloun674@outlook.com,1995-03-25,Homme,Tétouan,0617229025,2023-08-25,social_media
C07458,Fassi Fihri,Karim,karim.fassifihri222@gmail.com,1963-11-20,m,Safi,0689315220,2021-05-16,web
C07459,Sefrioui,Nawal,nawal.sefrioui822@hotmail.com,1970-12-24,h,casa,0632654756,2024-02-15,marketplace
C07460,Amrani,Omar,omar.amrani378@hotmail.com,1964-07-02,1,Agadir,0635587171,2021-06-07,web
C07461,Skalli,Nawal,nawal.skalli690@hotmail.com,2004-06-22,male,mkch,0627980800,2021-10-19,referral
C07462,Alaoui,Meryem,meryem.alaoui923@live.fr,1989-09-18,Femme,Casablanca,0652127339,2021-07-05,mobile
C07463,El Ouazzani,Loubna,loubna.elouazzani271@hotmail.com,1991-01-08,female,Casablanca,0621917938,2022-10-12,social_media
C07464,El Amrani,Hanane,hanane.elamrani951@outlook.com,1991-08-01,male,Safi,0642371602,2023-09-22,mobile
C07465,Chraibi,Imad,imad.chraibi928@hotmail.com,1964-03-24,0,Kénitra,0662064059,2024-07-05,referral
C07466,Bouzid,Hamza,hamza.bouzid992@gmail.com,1979-05-22,0,Marrakech,0647588234,2023-11-25,marketplace
C07467,Berrada,Dounia,dounia.berrada843@outlook.com,1966-09-19,0,El Jadida,0656896257,2024-02-05,web
C07468,Rahmouni,Ali,ali.rahmouni235@yahoo.fr,1997-03-26,male,Tétouan,0640624039,2022-01-04,mobile
C07469,Alaoui,Hanane,sara.elamrani504@gmail.com,1988-02-10,H,fes,0698495356,2022-05-10,social_media
C07470,El Ouazzani,Salma,salma.elouazzani737@gmail.com,2000-12-06,female,Béni Mellal,0661841012,2023-11-09,web
C07471,Ziani,Mohamed,mohamed.ziani277@gmail.com,1990-01-18,0,Oujda,0685164445,2023-08-09,mobile
C07472,El Idrissi,Wafae,wafae.elidrissi484@live.fr,1996-03-14,H,mkch,0642574839,2024-02-21,mobile
C07473,Ziani,Loubna,loubna.ziani122@yahoo.fr,1992-04-10,H,tanger,0619229810,2022-05-03,web
C07474,Benkirane,Nawal,nawal.benkirane549@live.fr,1969-05-18,H,TANGER,0656459094,2021-07-22,social_media
C07475,Benali,Hanane,reda.alaoui469@live.fr,1890-07-14,male,TANGER,0677817925,2021-12-04,mobile
C07476,Bennani,Hassan,hassan.bennani166@hotmail.com,1961-03-02,h,Safi,0659236684,2025-01-22,marketplace
C07477,El Idrissi,Karim,karim.elidrissi62@outlook.com,1988-09-01,m,Marrakech,0678884492,2025-08-06,web
C07478,Filali,Youssef,youssef.filali3@hotmail.com,1987-04-09,male,tanger,0630087908,2023-04-14,referral
C07479,Tahiri,Nadia,nadia.tahiri555@yahoo.fr,1990-07-09,h,Agadir,0615806421,2021-08-05,marketplace
C07480,Benkirane,Said,said.benkirane220@hotmail.com,1965-10-09,Femme,Nador,0682881737,2023-07-18,web
C07481,El Idrissi,Youssef,youssef.elidrissi840@gmail.com,1994-10-22,m,TNG,0664911326,2025-01-08,mobile
C07482,Alaoui,Rim,rim.alaoui801@outlook.com,1981-10-08,0,Fès,0686930735,2024-07-05,mobile
C07483,El Amrani,Ilham,ilham.elamrani273@outlook.com,2005-01-17,H,TANGER,0659909317,2023-11-06,marketplace
C07484,Benali,Adil,adil.benali471@yahoo.fr,1970-08-23,H,Marrakech,0633882175,2025-12-01,social_media
C07485,Tazi,Laila,laila.tazi876@live.fr,1969-06-14,h,El Jadida,0628579622,2024-04-10,web
C07486,Kettani,Khalid,khalid.kettani723@yahoo.fr,1964-11-01,female,FES,0642152036,2023-08-15,web
C07487,Bouazza,Loubna,loubna.bouazza169@live.fr,1992-02-17,Femme,Nador,0627410719,2024-04-17,marketplace
C07488,Ouahbi,Khalid,zakaria.berrada417@live.fr,1999-03-05,Femme,El Jadida,0651697394,2024-09-27,mobile
C07489,Fassi Fihri,Omar,omar.fassifihri439@hotmail.com,2003-03-16,f,casa,0676471148,2021-03-08,mobile
C07490,Benjelloun,Nadia,nadia.benjelloun147@hotmail.com,1977-05-12,0,Béni Mellal,0685001389,2024-03-27,mobile
C07491,Sefrioui,Amine,amine.sefrioui599@outlook.com,1996-10-28,male,tanger,0684019591,2025-05-20,social_media
C07492,Kettani,Mustapha,mustapha.kettani446@yahoo.fr,1978-07-16,Femme,rbt,0626167904,2023-11-28,referral
C07493,Alaoui,Said,said.alaoui204@live.fr,1970-02-21,Femme,Marrakech,0623206710,2025-10-10,social_media
C07494,Lahlou,Hanane,hanane.lahlou656@gmail.com,2002-01-15,H,Béni Mellal,0686136422,2024-07-21,referral
C07495,El Idrissi,Adil,adil.elidrissi151@hotmail.com,2005-04-19,female,Meknès,0671931920,2021-09-22,mobile
C07496,Tazi,Said,said.tazi918@yahoo.fr,1989-07-09,Homme,Béni Mellal,0673433440,2025-01-08,referral
C07497,Haddad,Loubna,mohamed.lahlou104@live.fr,2005-05-18,Homme,Meknès,0653784422,2022-02-08,marketplace
C07498,Kettani,Wafae,wafae.kettani725@live.fr,1996-07-25,Femme,Oujda,0695686439,2021-03-25,marketplace
C07499,Haddad,Soufiane,soufiane.haddad76@hotmail.com,2005-03-27,1,CASA,0683236578,2025-08-27,web
C07500,Berrada,Asmae,asmae.berrada887@live.fr,1966-04-12,Femme,mkch,0642576064,2021-09-28,mobile
C07501,Rahmouni,Nadia,nadia.rahmouni691@hotmail.com,2002-02-02,1,Béni Mellal,0648853554,2024-05-13,marketplace
C07502,Filali,Driss,driss.filali864@gmail.com,1977-11-23,1,Rabat,0676516138,2025-07-11,referral
C07503,Skalli,Soufiane,soufiane.skalli905@live.fr,1880-09-03,female,Nador,0655844263,2021-03-12,web
C07504,Fassi Fihri,Karim,karim.fassifihri279@yahoo.fr,1982-11-12,0,Agadir,0618250302,2023-07-15,social_media
C07505,Tazi,Wafae,wafae.tazi494@gmail.com,1977-07-01,male,TANGER,0656561281,2025-05-25,social_media
C07506,Alaoui,Reda,reda.alaoui915@yahoo.fr,1998-06-19,h,Rabat,0655156325,2021-08-22,marketplace
C07507,Tazi,Meryem,meryem.lahlou500@outlook.com,1987-05-01,H,Fès,0692250264,2024-04-10,referral
C07508,Bouazza,Ghita,ghita.bouazza665@gmail.com,1983-02-04,h,Casablanca,0649696556,2025-01-05,marketplace
C07509,Cherkaoui,Meryem,meryem.cherkaoui432@gmail.com,1990-08-28,male,TNG,0698191847,2022-01-25,social_media
C07510,Rahmouni,Sanae,sanae.rahmouni298@hotmail.com,1966-07-24,0,Béni Mellal,0641239789,2021-08-08,referral
C07511,Ziani,Ahmed,ahmed.ziani968@live.fr,1972-03-14,f,Mohammedia,0664947799,2025-08-24,mobile
C07512,Bennani,Karim,karim.bennani755@gmail.com,1996-03-17,male,Marrakech,0651407097,2024-01-28,social_media
C07513,Berrada,Karim,karim.berrada185@yahoo.fr,1997-06-02,female,Fès,0689571567,2025-08-10,referral
C07514,Skalli,Fatima,fatima.skalli581@gmail.com,1998-02-20,H,CASA,0680683716,2021-11-12,referral
C07515,Lahlou,Rachid,rachid.lahlou857@yahoo.fr,1969-02-01,1,rbt,0623834065,2025-03-26,referral
C07516,Cherkaoui,Hassan,hassan.cherkaoui@@gmail.com,1966-12-19,H,Marrakech,0689230162,2021-07-02,web
C07517,Benkirane,Hind,hind.benkirane812@outlook.com,1980-04-05,h,RABAT,0683813569,2022-08-01,social_media
C07518,Fassi Fihri,Loubna,loubna.fassifihri741@gmail.com,1997-06-04,female,Béni Mellal,0626476736,2025-05-20,referral
C07519,Chraibi,Ilham,ilham.chraibi996@live.fr,1980-10-16,Homme,Marrakech,0643898685,2024-09-03,social_media
C07520,Haddad,Reda,soufiane.bouzid75@outlook.com,1890-09-04,female,fes,0654638719,2025-12-16,referral
C07521,Cherkaoui,Ghita,ghita.cherkaoui423@yahoo.fr,1973-10-08,m,TANGER,0651017019,2021-03-27,referral
C07522,Naciri,Mohamed,wafae.skalli696@hotmail.com,1964-11-10,h,fes,0677962685,2024-10-28,marketplace
C07523,Bouazza,Salma,salma.bouazza972@outlook.com,1987-09-17,1,TANGER,0626875010,2021-09-04,social_media
C07524,Sefrioui,Meryem,mohamed.lahlou955@hotmail.com,1966-11-02,m,Meknès,0653047288,2021-08-22,web
C07525,Bouzid,Rim,rim.bouzid301@hotmail.com,2006-12-01,H,El Jadida,0621340508,2022-06-19,web
C07526,Tazi,Rachid,rachid.tazi8@hotmail.com,1970-07-11,Femme,Fès,0629428388,2024-02-13,web
C07527,Filali,Rachid,rachid.filali291@gmail.com,1985-10-14,Homme,Mohammedia,0653184546,2021-01-21,referral
C07528,Amrani,Houda,houda.amrani481@outlook.com,1993-12-14,female,Casablanca,0630676420,2023-06-27,web
C07529,Cherkaoui,Reda,reda.cherkaoui410@yahoo.fr,1979-08-25,female,Casablanca,0660059860,2024-05-02,referral
C07530,Naciri,Imad,imad.naciri14@yahoo.fr,1984-10-05,Homme,Oujda,0628435910,2021-06-27,social_media
C07531,Bouzid,Imad,imad.bouzid688@yahoo.fr,1984-09-21,Homme,Tanger,0680221516,2023-04-27,referral
C07532,El Ouazzani,Mustapha,mustapha.elouazzani999@outlook.com,1975-06-18,f,Tanger,0656262972,2025-05-09,marketplace
C07533,El Mansouri,Amina,amina.elmansouri688@gmail.com,1968-08-05,male,Casablanca,0686206019,2025-01-17,mobile
C07534,El Idrissi,Nadia,nadia.elidrissi109@live.fr,2001-02-01,H,mkch,0687080799,2022-10-02,referral
C07535,Fassi Fihri,Karim,karim.fassifihri979@yahoo.fr,2003-05-09,Femme,RABAT,0664330220,2025-05-16,social_media
C07536,Fassi Fihri,Zineb,zineb.fassifihri340@live.fr,1963-10-15,Femme,Kénitra,0644285546,2023-02-05,web
C07537,Rahmouni,Rim,rim.rahmouni182@yahoo.fr,1975-01-03,h,Tnja,0628557682,2025-06-06,referral
C07538,Tahiri,Fatima,fatima.tahiri470@yahoo.fr,2005-07-13,1,MARRAKECH,0688638934,2025-08-01,referral
C07539,Lahlou,Zineb,zineb.lahlou201@live.fr,1971-01-15,m,Tétouan,0636811543,2024-10-12,social_media
C07540,Berrada,Driss,driss.berrada541@hotmail.com,1971-07-19,1,TNG,0664493623,2024-01-08,social_media
C07541,Sefrioui,Zakaria,zakaria.sefrioui975@hotmail.com,1999-01-16,f,Casablanca,0657822937,2024-06-20,marketplace
C07542,Bennani,Khadija,khadija.bennani220@yahoo.fr,1990-01-10,h,CASA,0639710306,2024-01-23,marketplace
C07543,El Amrani,Omar,omar.elamrani71@yahoo.fr,1994-10-06,h,Meknès,0696351250,2025-08-01,referral
C07544,Bouazza,Houda,khalid.elidrissi428@live.fr,1973-07-14,m,El Jadida,0626265030,2022-12-21,mobile
C07545,Amrani,Salma,salma.amrani80@outlook.com,1985-11-01,m,Agadir,0681727633,2023-07-19,social_media
C07546,Berrada,Soufiane,hanane.benkirane183@live.fr,2000-08-28,male,TNG,0647234474,2023-05-17,web
C07547,El Mansouri,Brahim,brahim.elmansouri811@yahoo.fr,1988-10-08,female,FES,0656550308,2022-03-08,social_media
C07548,Tahiri,Salma,salma.tahiri108@outlook.com,1984-03-20,m,Béni Mellal,0628480909,2022-02-05,web
C07549,El Mansouri,Driss,driss.elmansouri628@outlook.com,1988-01-09,0,mkch,0675640317,2024-05-17,referral
C07550,Bouazza,Rim,rim.bouazza237@outlook.com,1982-12-18,H,Casablanca,0660495034,2022-04-23,mobile
C07551,Ouahbi,Khadija,khadija.ouahbi464@hotmail.com,1971-09-07,male,fes,0630583785,2025-09-04,referral
C07552,Bouzid,Said,said.bouzid102@hotmail.com,1998-06-02,1,Fès,0664581981,2022-03-27,social_media
C07553,Bouazza,Ghita,ghita.bouazza808@live.fr,1976-07-20,h,mkch,0622702713,2023-09-16,web
C07554,Rahmouni,Khalid,khalid.rahmouni663@hotmail.com,1982-08-14,female,tanger,0686240909,2023-10-08,social_media
C07555,Amrani,Zakaria,zakaria.amrani960@live.fr,1984-11-04,Femme,Tétouan,0634989421,2024-02-23,social_media
C07556,Sefrioui,Ahmed,ahmed.sefrioui625@hotmail.com,1997-03-21,1,Mohammedia,0615747006,2022-10-06,social_media
C07557,Ouahbi,Karim,karim.ouahbi511@yahoo.fr,1962-06-08,H,CASA,0667394626,2025-09-22,marketplace
C07558,Ouahbi,Amine,amine.ouahbi98@outlook.com,2003-05-19,m,Tnja,0697288886,2023-02-08,web
C07559,Ouahbi,Zineb,zineb.ouahbi473@hotmail.com,1971-11-18,h,mkch,0674873966,2025-03-06,marketplace
C07560,Ouahbi,Soufiane,soufiane.ouahbi404@hotmail.com,1980-07-19,male,Agadir,0669680131,2021-12-24,social_media
C07561,El Amrani,Khalid,khalid.elamrani895@hotmail.com,1979-07-14,female,Safi,0650965798,2022-01-18,referral
C07562,Naciri,Soufiane,soufiane.naciri151@hotmail.com,1981-11-26,f,Oujda,0659078522,2022-12-16,web
C07563,Ouahbi,Amine,amine.ouahbi241@gmail.com,1975-04-05,h,Marrakech,0653935958,2022-05-25,social_media
C07564,Cherkaoui,Reda,dounia.tazi754@yahoo.fr,1969-10-27,0,Oujda,0627873877,2025-09-12,marketplace
C07565,Benali,Hind,hind.benali91@hotmail.com,1880-06-09,female,Agadir,0657552635,2022-07-19,web
C07566,Rahmouni,Ahmed,ahmed.rahmouni527@outlook.com,1981-07-27,h,tanger,0684774457,2021-07-28,web
C07567,Naciri,Mehdi,mehdi.naciri259@yahoo.fr,1963-06-21,female,Marrakech,0639732804,2022-06-09,mobile
C07568,Ouahbi,Ali,ali.ouahbi178@live.fr,1984-09-28,m,Casablanca,0661544969,2021-08-16,mobile
C07569,Fassi Fihri,Karim,karim.fassifihri538@gmail.com,1989-06-23,female,RABAT,0697280737,2021-11-15,web
C07570,Alaoui,Adil,adil.alaoui993@yahoo.fr,1976-07-04,Homme,Tanger,0642570478,2021-08-26,referral
C07571,Skalli,Ali,ali.skalli98@hotmail.com,1972-01-10,male,CASA,0622139135,2021-09-13,web
C07572,Bouazza,Ghita,ghita.bouazza184@outlook.com,1963-05-26,male,FES,0619343196,2025-04-15,web
C07573,Bennani,Wafae,wafae.bennani127@hotmail.com,1974-10-09,male,Tnja,0674901704,2022-06-24,social_media
C07574,Cherkaoui,Meryem,meryem.cherkaoui849@hotmail.com,1970-10-08,H,Meknès,0664726481,2023-06-09,mobile
C07575,El Amrani,Asmae,asmae.elamrani966@yahoo.fr,2026-03-02,male,Meknès,0610603742,2025-05-10,mobile
C07576,Skalli,Mohamed,mohamed.skalli292@live.fr,1986-08-22,Femme,Meknès,0635700964,2025-05-08,mobile
C07577,El Idrissi,Karim,karim.elidrissi745@gmail.com,1969-02-04,m,Fès,0611900333,2022-03-08,marketplace
C07578,El Mansouri,Houda,houda.elmansouri286@gmail.com,2000-04-08,Homme,tanger,0692546667,2025-12-08,referral
C07579,Cherkaoui,Ali,ali.cherkaoui108@live.fr,1961-04-14,Femme,Tnja,0625350292,2023-09-09,web
C07580,Berrada,Nawal,nawal.berrada86@live.fr,1969-07-04,H,CASA,0639553691,2021-08-03,mobile
C07581,Cherkaoui,Nadia,nadia.cherkaoui515@outlook.com,1972-03-15,f,Casablanca,0693359075,2021-06-10,mobile
C07582,Bouazza,Asmae,asmae.bouazza402@gmail.com,2005-07-19,Femme,Tanger,0668430933,2024-05-10,mobile
C07583,Cherkaoui,Said,said.cherkaoui224@gmail.com,1981-05-01,1,Oujda,0641526129,2025-08-09,marketplace
C07584,Benali,Nabil,driss.skalli874@outlook.com,2006-10-06,H,tanger,0670587197,2021-01-28,web
C07585,Tazi,Driss,driss.tazi737@hotmail.com,2006-05-05,H,Casablanca,0686645932,2021-02-24,web
C07586,Filali,Asmae,asmae.filali766@yahoo.fr,1998-05-02,h,MARRAKECH,0650402135,2024-02-14,referral
C07587,Sefrioui,Loubna,loubna.sefrioui763@live.fr,2002-11-06,h,Nador,0628773713,2022-09-12,web
C07588,Tazi,Driss,driss.tazi949@outlook.com,1975-12-25,m,tanger,0673240874,2024-08-21,marketplace
C07589,Lahlou,Youssef,youssef.lahlou790@outlook.com,1960-05-16,h,rbt,0675275131,2024-02-14,mobile
C07590,Amrani,Sara,sara.amrani556@yahoo.fr,1985-09-07,1,Casablanca,0663022872,2021-09-05,web
C07591,Lahlou,Ali,ali.lahlou91@gmail.com,1973-09-11,Femme,Nador,0692639006,2022-02-21,mobile
C07592,El Amrani,Khalid,khalid.elamrani684@outlook.com,1977-12-04,Homme,Casablanca,0690834935,2024-03-04,web
C07593,El Ouazzani,Reda,reda.elouazzani972@hotmail.com,1987-09-15,h,Tanger,0626576198,2022-07-09,referral
C07594,Ziani,Salma,salma.ziani221@yahoo.fr,1965-03-03,female,Mohammedia,0650044798,2022-08-04,marketplace
C07595,Ouahbi,Meryem,meryem.ouahbi146@hotmail.com,1964-07-13,h,Nador,0619044387,2021-03-25,marketplace
C07596,Filali,Wafae,wafae.filali641@gmail.com,1988-07-21,f,Rabat,0692136524,2024-12-09,social_media
C07597,Ziani,Ahmed,loubna.tazi593@hotmail.com,1965-06-15,male,Fès,0662936678,2023-04-21,social_media
C07598,El Idrissi,Dounia,dounia.elidrissi530@hotmail.com,1970-07-25,Femme,Béni Mellal,0661322789,2025-03-06,social_media
C07599,Haddad,Youssef,youssef.haddad948@yahoo.fr,1987-12-07,f,El Jadida,0688798548,2022-01-03,web
C07600,Haddad,Youssef,youssef.haddad907@yahoo.fr,1999-07-13,Homme,Safi,0690469342,2024-02-09,social_media
C07601,Chraibi,Nabil,nabil.chraibi340@yahoo.fr,1968-12-12,H,Tétouan,0639486096,2021-11-15,web
C07602,Tazi,Dounia,dounia.tazi709@live.fr,1985-04-07,female,Safi,0696568123,2021-10-17,web
C07603,Tahiri,Khalid,khalid.tahiri96@gmail.com,1980-11-11,Femme,CASA,0653483604,2025-11-20,referral
C07604,Rahmouni,Sara,sara.rahmouni821@yahoo.fr,1989-08-01,Femme,Agadir,0678129540,2021-12-28,mobile
C07605,Cherkaoui,Adil,adil.cherkaoui@@gmail.com,1989-05-14,h,MARRAKECH,0628561941,2025-03-03,mobile
C07606,Ziani,Imad,imad.ziani864@outlook.com,1990-01-02,female,Casablanca,0645765773,2025-11-08,marketplace
C07607,Benali,Laila,laila.benali173@yahoo.fr,1962-03-22,male,Agadir,0640346413,2023-07-04,mobile
C07608,Lahlou,Khalid,khalid.lahlou80@outlook.com,1994-08-04,female,Casablanca,0639663597,2023-11-04,referral
C07609,El Mansouri,Nadia,nadia.elmansouri435@live.fr,1971-05-11,f,Mohammedia,0663202972,2025-01-11,marketplace
C07610,Skalli,Soufiane,soufiane.skalli890@yahoo.fr,1976-09-25,m,Kénitra,0694753865,2022-03-05,marketplace
C07611,Amrani,Said,said.amrani6@gmail.com,2002-01-10,H,El Jadida,0670929755,2021-06-26,web
C07612,Chraibi,Loubna,loubna.chraibi613@live.fr,1992-10-11,male,CASA,0632258556,2021-08-24,marketplace
C07613,Fassi Fihri,Youssef,youssef.fassifihri439@outlook.com,1992-11-14,0,Agadir,0681052822,2024-10-27,referral
C07614,Benjelloun,Adil,adil.benjelloun655@gmail.com,2002-12-25,0,Fès,0642181243,2021-03-15,mobile
C07615,Ouahbi,Nabil,nabil.ouahbi239@hotmail.com,1970-11-22,1,RABAT,0699089049,2025-03-17,referral
C07616,Skalli,Brahim,brahim.skalli487@live.fr,1999-10-04,0,Kénitra,0616485299,2023-09-20,mobile
C07617,Berrada,Laila,laila.berrada864@live.fr,1996-10-11,0,El Jadida,0624262890,2023-09-23,mobile
C07618,Amrani,Karim,karim.amrani505@yahoo.fr,1975-03-16,male,Oujda,0671887556,2022-04-03,referral
C07619,Tazi,Dounia,@hotmail.com,1974-02-08,H,rbt,0682952179,2021-04-17,referral
C07620,Lahlou,Samira,samira.lahlou464@live.fr,1962-07-06,h,Fès,0665656968,2021-04-28,marketplace
C07621,Bennani,Youssef,youssef.bennani475@live.fr,1986-05-09,h,Casablanca,0684450239,2025-05-21,social_media
C07622,Haddad,Sanae,sanae.haddad380@live.fr,2005-11-15,h,Casablanca,0646081754,2025-01-14,marketplace
C07623,Bouzid,Laila,laila.bouzid817@gmail.com,1990-05-25,male,TNG,0664849258,2023-02-12,social_media
C07624,Naciri,Khadija,khadija.naciri506@live.fr,1972-08-21,m,tanger,0636132163,2022-09-19,marketplace
C07625,Naciri,Khadija,khadija.naciri566@outlook.com,1973-08-22,Femme,Marrakech,0684079461,2025-07-08,social_media
C07626,Alaoui,Meryem,meryem.alaoui895@yahoo.fr,1976-12-10,m,Meknès,0647039818,2021-02-25,mobile
C07627,Chraibi,Adil,adil.chraibi731@live.fr,1968-05-07,male,MARRAKECH,0631737900,2025-08-14,mobile
C07628,Amrani,Sanae,sanae.amrani849@gmail.com,1965-09-10,f,Fès,0670499674,2023-12-13,marketplace
C07629,Rahmouni,Rachid,rachid.rahmouni284@yahoo.fr,1995-06-02,m,Marrakech,0664454345,2024-10-21,referral
C07630,Chraibi,Nabil,nabil.chraibi826@yahoo.fr,1978-07-03,m,Casablanca,0684528213,2024-09-23,web
C07631,Amrani,Salma,salma.amrani902@outlook.com,1976-04-23,0,TANGER,0617848819,2023-06-11,referral
C07632,El Mansouri,Laila,laila.elmansouri584@yahoo.fr,1984-05-24,Femme,Nador,0627779144,2025-12-22,marketplace
C07633,Cherkaoui,Reda,reda.cherkaoui713@hotmail.com,1990-05-13,h,Tnja,0669604770,2024-05-18,marketplace
C07634,Cherkaoui,Khadija,khadija.cherkaoui584@yahoo.fr,1990-06-20,1,Casablanca,0652113846,2025-06-23,referral
C07635,El Idrissi,Ali,ghita.cherkaoui276@hotmail.com,2006-02-04,0,rbt,0658842555,2023-04-17,mobile
C07636,Benkirane,Mehdi,mehdi.benkirane812@outlook.com,2000-02-19,Homme,FES,0657496274,2022-05-13,referral
C07637,Tazi,Said,said.tazi933@gmail.com,1996-01-20,H,Agadir,0618081427,2023-08-12,mobile
C07638,Filali,Nabil,nabil.filali795@live.fr,1960-10-07,f,Béni Mellal,0643236367,2022-08-15,mobile
C07639,El Ouazzani,Hassan,hassan.elouazzani178@outlook.com,1971-09-09,H,Mohammedia,0660093258,2021-06-25,marketplace
C07640,Amrani,Omar,omar.amrani161@outlook.com,1985-05-19,1,Agadir,0640827394,2021-04-22,web
C07641,Rahmouni,Hind,hind.rahmouni368@yahoo.fr,2001-08-09,f,FES,0654456982,2024-02-11,referral
C07642,Filali,Wafae,wafae.filali282@yahoo.fr,1989-11-03,1,Meknès,0624770251,2025-07-09,marketplace
C07643,Amrani,Nawal,nawal.amrani232@hotmail.com,1976-01-24,female,Agadir,0641837027,2022-06-03,marketplace
C07644,Naciri,Rim,rim.naciri920@outlook.com,1998-02-20,h,Mohammedia,0614174632,2023-02-04,web
C07645,Alaoui,Samira,samira.alaoui411@gmail.com,1962-08-06,male,CASA,0666353791,2025-02-20,web
C07646,El Idrissi,Asmae,asmae.elidrissi622@yahoo.fr,2026-08-12,Homme,Fès,0623641855,2023-05-24,web
C07647,Skalli,Sara,sara.skalli158@yahoo.fr,1985-05-28,H,FES,0690087699,2024-02-19,mobile
C07648,Tazi,Zakaria,zakaria.tazi512@yahoo.fr,1962-04-01,H,Kénitra,0638500184,2021-01-27,mobile
C07649,Filali,Ghita,ghita.filali2@outlook.com,1983-06-16,h,Marrakech,0664146331,2025-06-08,marketplace
C07650,Tahiri,Meryem,meryem.tahiri632@outlook.com,1997-10-28,0,Nador,0614629546,2024-02-12,referral
C07651,Bennani,Laila,laila.bennani430@outlook.com,1990-09-08,female,rbt,0699936961,2024-05-13,marketplace
C07652,Tahiri,Loubna,loubna.tahiri960@hotmail.com,1963-01-15,m,CASA,0643721594,2025-02-11,social_media
C07653,Chraibi,Fatima,fatima.chraibi349@gmail.com,1988-03-06,m,TNG,0693346877,2021-01-14,social_media
C07654,Filali,Loubna,loubna.filali289@live.fr,1998-01-25,female,fes,0681335148,2021-11-22,social_media
C07655,Kettani,Asmae,asmae.kettani563@hotmail.com,1966-12-10,Femme,Agadir,0665134359,2022-10-25,referral
C07656,Skalli,Sanae,sanae.skalli719@live.fr,1977-02-08,female,Casablanca,0639617208,2025-02-28,referral
C07657,Lahlou,Mohamed,mohamed.lahlou442@yahoo.fr,2000-05-02,Homme,MARRAKECH,0698964293,2021-09-20,referral
C07658,Cherkaoui,Ali,ali.cherkaoui147@live.fr,1967-09-11,H,Oujda,0675438198,2024-11-16,referral
C07659,Fassi Fihri,Salma,salma.fassifihri496@gmail.com,1976-04-07,Homme,Casablanca,0623620905,2025-09-06,web
C07660,Ziani,Amine,ilham.lahlou269@hotmail.com,1985-05-09,1,mkch,0695438569,2022-04-26,marketplace
C07661,El Ouazzani,Reda,reda.elouazzani515@hotmail.com,2000-11-24,m,tanger,0612048867,2021-03-05,referral
C07662,Fassi Fihri,Ilham,ilham.fassifihri54@outlook.com,1969-08-09,Homme,FES,0656269106,2025-03-24,social_media
C07663,Skalli,Reda,reda.skalli251@live.fr,1995-03-02,0,Agadir,0613803178,2023-09-04,social_media
C07664,Benkirane,Karim,karim.benkirane391@hotmail.com,1999-07-04,f,Marrakech,0653417914,2024-02-17,social_media
C07665,Kettani,Hassan,hassan.kettani711@outlook.com,1998-01-17,1,rbt,0649328005,2021-06-25,referral
C07666,Bouazza,Youssef,youssef.bouazza77@hotmail.com,1967-07-10,m,RABAT,0676702619,2021-10-28,marketplace
C07667,Cherkaoui,Khalid,said.amrani311@hotmail.com,1977-09-17,Homme,Tanger,0681635331,2023-05-24,referral
C07668,Bouazza,Laila,laila.bouazza83@hotmail.com,1980-04-07,female,fes,0680148178,2025-06-14,mobile
C07669,Tazi,Ahmed,ahmed.tazi885@yahoo.fr,1983-04-22,female,Kénitra,0624133793,2022-12-03,marketplace
C07670,Cherkaoui,Meryem,meryem.cherkaoui861@hotmail.com,1998-10-18,m,Fès,0652894986,2025-06-20,social_media
C07671,Lahlou,Nabil,nabil.lahlou239@yahoo.fr,1964-10-05,f,Béni Mellal,0633514327,2021-01-26,referral
C07672,Kettani,Samira,samira.kettani628@hotmail.com,2003-01-21,1,Oujda,0694012203,2023-04-13,referral
C07673,Lahlou,Loubna,ahmed.benjelloun306@gmail.com,1973-09-12,female,Fès,0650977688,2023-06-03,referral
C07674,El Mansouri,Amine,amine.elmansouri137@live.fr,1960-11-25,female,Béni Mellal,0617021379,2021-10-02,web
C07675,El Ouazzani,Nadia,nadia.elouazzani57,1983-11-08,female,Rabat,0676064512,2025-04-19,marketplace
C07676,Lahlou,Brahim,brahim.lahlou130@outlook.com,1968-03-02,h,Safi,0642077484,2023-04-10,social_media
C07677,Alaoui,Karim,karim.alaoui249@yahoo.fr,1890-12-15,1,Oujda,0692574279,2022-05-15,web
C07678,Fassi Fihri,Mohamed,mohamed.fassifihri745@yahoo.fr,1974-08-01,1,Meknès,0676607644,2024-12-26,marketplace
C07679,Alaoui,Soufiane,salma.benali226@yahoo.fr,2004-04-25,H,Mohammedia,0655583570,2024-10-21,social_media
C07680,Filali,Dounia,dounia.filali158@live.fr,1976-12-12,1,mkch,0661666715,2025-02-03,social_media
C07681,Rahmouni,Samira,houda.skalli63@hotmail.com,1974-10-11,female,Tanger,0627682498,2025-06-04,mobile
C07682,Amrani,Hamza,hamza.amrani58@yahoo.fr,1980-08-11,female,Tnja,0657934246,2024-02-28,referral
C07683,Alaoui,Rim,rim.alaoui598@outlook.com,1971-07-18,m,Tétouan,0694099098,2022-02-17,mobile
C07684,El Amrani,Sara,sara.elamrani348@live.fr,1982-04-03,h,TANGER,0676951876,2025-06-11,social_media
C07685,Filali,Meryem,meryem.filali457@yahoo.fr,1995-05-07,Femme,Casablanca,0614632378,2023-09-22,social_media
C07686,Filali,Karim,karim.filali6,1993-01-20,f,FES,0639830428,2023-08-19,marketplace
C07687,Lahlou,Fatima,fatima.lahlou463@outlook.com,1989-04-02,f,Agadir,0655855473,2022-04-11,mobile
C07688,Cherkaoui,Omar,nabil.benjelloun906@live.fr,1980-01-19,f,TNG,0664980283,2021-12-05,web
C07689,Cherkaoui,Karim,amina.bouazza514@live.fr,1961-05-08,female,Tanger,0656963768,2021-05-09,social_media
C07690,Cherkaoui,Omar,omar.cherkaoui860@hotmail.com,1964-08-08,1,RABAT,0680748549,2021-01-25,web
C07691,Bennani,Nawal,nawal.bennani273@yahoo.fr,2001-08-21,1,fes,0621993376,2023-07-21,marketplace
C07692,Naciri,Imad,imad.naciri320@outlook.com,2001-11-28,0,Tanger,0652625770,2021-11-07,referral
C07693,Rahmouni,Amina,amina.rahmouni649@outlook.com,1998-07-26,1,tanger,0648107366,2022-12-11,web
C07694,El Mansouri,Hamza,hamza.elmansouri624@live.fr,1971-08-25,m,Agadir,0642691921,2021-12-09,web
C07695,Berrada,Zakaria,@yahoo.fr,1971-10-17,1,MARRAKECH,0681254445,2024-12-07,marketplace
C07696,Benjelloun,Ahmed,ahmed.benjelloun108@hotmail.com,2006-10-22,h,Béni Mellal,0693947159,2024-02-22,mobile
C07697,Amrani,Hassan,hassan.amrani137@live.fr,2002-07-06,0,Safi,0683263905,2024-02-11,referral
C07698,Haddad,Soufiane,soufiane.haddad778@gmail.com,1989-08-02,male,Tanger,0645872200,2022-01-12,marketplace
C07699,Ziani,Ghita,ghita.ziani409@gmail.com,1966-11-10,Homme,Fès,0629774373,2023-06-09,mobile
C07700,El Mansouri,Karim,karim.elmansouri1@yahoo.fr,1998-10-16,m,mkch,0644517471,2024-03-05,marketplace
C07701,Benkirane,Hind,hind.benkirane745@live.fr,2004-01-11,female,Marrakech,0668974267,2023-01-10,referral
C07702,Cherkaoui,Ghita,ghita.cherkaoui513@hotmail.com,2001-04-17,h,Fès,0676559448,2024-01-07,marketplace
C07703,Ouahbi,Soufiane,soufiane.ouahbi658@outlook.com,1880-01-19,female,Tnja,0668972685,2021-02-26,social_media
C07704,Bouazza,Khalid,khalid.bouazza937@outlook.com,2003-01-27,0,Tanger,0651386899,2025-02-19,web
C07705,Filali,Nadia,nadia.filali335@live.fr,1972-05-20,male,TANGER,0651441556,2022-11-19,marketplace
C07706,Benjelloun,Dounia,dounia.benjelloun609@live.fr,2002-08-17,0,rbt,0619383652,2021-05-18,web
C07707,Lahlou,Khadija,khadija.lahlou305@yahoo.fr,1999-12-14,male,Rabat,0659961649,2024-11-10,marketplace
C07708,Chraibi,Sara,sara.chraibi51@gmail.com,1963-02-17,female,Marrakech,0640279492,2021-12-06,marketplace
C07709,Chraibi,Dounia,dounia.chraibi575@yahoo.fr,1965-10-15,male,CASA,0691773923,2022-08-13,social_media
C07710,Filali,Zakaria,zakaria.filali681@gmail.com,1964-10-23,Homme,Nador,0681736441,2022-04-09,marketplace
C07711,Bennani,Nabil,nabil.bennani708@yahoo.fr,2006-02-26,m,mkch,0698799166,2025-09-28,web
C07712,Lahlou,Ahmed,ahmed.lahlou243@yahoo.fr,1971-02-07,male,Marrakech,0624728016,2022-01-20,referral
C07713,Kettani,Hind,hind.kettani386@yahoo.fr,1998-01-16,female,Casablanca,0626725388,2023-07-27,web
C07714,Naciri,Soufiane,soufiane.naciri683@gmail.com,1986-08-10,h,Casablanca,0647407332,2025-02-15,marketplace
C07715,Sefrioui,Adil,adil.sefrioui614@yahoo.fr,1986-03-12,f,Fès,0660770473,2025-07-14,mobile
C07716,Tahiri,Laila,laila.tahiri811@outlook.com,1963-04-26,h,Marrakech,0657649049,2022-01-27,mobile
C07717,El Mansouri,Hind,hind.elmansouri514@gmail.com,1965-05-17,h,Mohammedia,0638903216,2021-01-17,web
C07718,Benjelloun,Imad,imad.benjelloun779@live.fr,1965-02-08,H,Meknès,0684160695,2022-10-17,mobile
C07719,El Idrissi,Adil,sanae.lahlou659@yahoo.fr,1965-12-28,male,CASA,0655488915,2024-08-23,referral
C07720,Benali,Hamza,hamza.benali901@live.fr,1996-01-27,f,Agadir,0664657867,2022-09-01,referral
C07721,Rahmouni,Nawal,nawal.rahmouni93@hotmail.com,1985-10-08,f,Rabat,0640405444,2021-02-02,web
C07722,Alaoui,Fatima,fatima.alaoui486@outlook.com,1967-11-22,1,rbt,0637985187,2024-07-23,web
C07723,Kettani,Wafae,wafae.kettani203@gmail.com,1984-01-04,male,Tnja,0691198727,2024-05-06,web
C07724,Berrada,Hind,hind.berrada95@live.fr,1984-03-12,h,Casablanca,0687674194,2023-11-10,web
C07725,Benkirane,Mustapha,mustapha.benkirane325@gmail.com,1966-05-02,m,TANGER,0689425607,2025-01-19,web
C07726,Alaoui,Said,said.alaoui341@outlook.com,1995-01-04,0,TANGER,0652027865,2023-06-22,marketplace
C07727,Haddad,Laila,laila.haddad262@hotmail.com,1990-08-13,m,fes,0676409085,2023-07-08,social_media
C07728,Berrada,Amina,amina.berrada327@yahoo.fr,1988-07-08,female,CASA,0641870523,2021-05-20,web
C07729,Cherkaoui,Samira,samira.cherkaoui260@gmail.com,1990-11-07,f,Fès,0663420308,2025-11-07,marketplace
C07730,Bouazza,Amina,amina.bouazza998@yahoo.fr,2006-01-25,H,Nador,0673946049,2024-04-07,social_media
C07731,Benkirane,Amine,amine.benkirane202@live.fr,2000-04-17,m,Fès,0639130545,2023-01-27,referral
C07732,El Mansouri,Adil,adil.elmansouri676@yahoo.fr,1960-12-17,1,fes,0671925330,2024-06-16,social_media
C07733,El Mansouri,Zineb,zineb.elmansouri1,1999-10-12,male,Tanger,0687073529,2025-06-01,web
C07734,Ouahbi,Samira,samira.ouahbi723@hotmail.com,1973-05-18,0,Casablanca,0681285016,2023-08-24,referral
C07735,Benjelloun,Mohamed,mohamed.benjelloun687@hotmail.com,1971-11-13,female,Safi,0680893946,2024-08-06,web
C07736,Bennani,Hamza,hamza.bennani56@live.fr,1995-01-16,m,Béni Mellal,0645156166,2025-08-18,mobile
C07737,Cherkaoui,Samira,samira.cherkaoui90@outlook.com,1978-08-23,h,MARRAKECH,0610963659,2025-01-10,marketplace
C07738,Filali,Hassan,hassan.filali601@live.fr,1985-11-09,Femme,Fès,0652673751,2023-04-16,social_media
C07739,Berrada,Rachid,rachid.berrada70@outlook.com,1994-04-22,male,Fès,0641818581,2022-01-12,referral
C07740,Naciri,Soufiane,soufiane.naciri462@hotmail.com,1969-11-16,h,casa,0650479834,2021-12-03,social_media
C07741,Cherkaoui,Wafae,wafae.cherkaoui162@yahoo.fr,1983-12-24,Homme,RABAT,0639685853,2025-05-06,mobile
C07742,Bouazza,Ahmed,ahmed.bouazza633@live.fr,1965-10-09,female,CASA,0667997746,2023-07-26,marketplace
C07743,Bouazza,Mehdi,mehdi.bouazza666@gmail.com,1962-10-08,female,Marrakech,0660978383,2022-01-26,marketplace
C07744,Bouazza,Mohamed,mohamed.bouazza249@outlook.com,1976-10-20,1,El Jadida,0631778017,2025-11-03,referral
C07745,Filali,Driss,driss.filali561@live.fr,2002-11-20,h,TNG,0675244245,2021-07-23,social_media
C07746,Kettani,Houda,houda.kettani976@outlook.com,2001-02-13,m,TANGER,0616117229,2021-01-05,web
C07747,Bouazza,Said,said.bouazza918@yahoo.fr,1970-03-23,m,FES,0627583626,2025-10-22,web
C07748,Lahlou,Ali,ali.lahlou958@yahoo.fr,1989-05-16,H,Oujda,0686465975,2021-11-12,web
C07749,Ouahbi,Ali,ali.ouahbi78@yahoo.fr,1983-09-09,male,Meknès,0650995040,2024-06-03,mobile
C07750,El Idrissi,Omar,omar.elidrissi587@live.fr,1986-02-14,1,rbt,0671383908,2022-07-12,social_media
C07751,Haddad,Hamza,hamza.haddad938@outlook.com,1982-06-21,m,fes,0643381277,2025-03-27,mobile
C07752,El Idrissi,Said,said.elidrissi904@gmail.com,1968-12-16,male,Kénitra,0661679976,2021-12-15,social_media
C07753,Chraibi,Ahmed,khadija.filali958@live.fr,1967-10-24,0,Mohammedia,0646431294,2023-06-09,referral
C07754,Benali,Reda,reda.benali767@hotmail.com,1966-03-24,female,CASA,0680943380,2024-04-19,mobile
C07755,Benjelloun,Youssef,youssef.benjelloun397@hotmail.com,1998-09-11,h,Oujda,0630200983,2024-03-14,social_media
C07756,Tazi,Adil,adil.tazi570@gmail.com,1964-02-19,Homme,Rabat,0686028945,2024-12-06,referral
C07757,El Mansouri,Soufiane,soufiane.elmansouri51@yahoo.fr,2001-02-20,1,Kénitra,0639638926,2021-01-08,referral
C07758,Rahmouni,Sanae,sanae.rahmouni621@outlook.com,1965-01-23,m,Marrakech,0654726567,2022-11-10,web
C07759,El Idrissi,Wafae,wafae.elidrissi960@hotmail.com,2004-12-09,female,Tnja,0671963970,2024-12-06,referral
C07760,El Ouazzani,Sanae,sanae.elouazzani37@live.fr,2006-03-25,female,Rabat,0694035758,2023-11-19,web
C07761,Naciri,Khalid,khalid.naciri244@hotmail.com,1965-10-21,Femme,Kénitra,0668944237,2025-07-12,mobile
C07762,Tahiri,Adil,adil.tahiri677@yahoo.fr,2006-02-14,female,TNG,0619029238,2022-11-14,marketplace
C07763,El Idrissi,Loubna,loubna.elidrissi724@hotmail.com,1981-11-03,Femme,Casablanca,0616563397,2024-06-25,referral
C07764,Berrada,Houda,houda.berrada@@yahoo.fr,1981-01-22,f,Tétouan,0660665066,2021-10-18,web
C07765,Tazi,Ilham,ilham.tazi40@live.fr,1977-01-11,H,Nador,0674895630,2024-08-26,referral
C07766,Skalli,Said,said.skalli409@live.fr,1992-10-22,Homme,Nador,0614541654,2022-08-26,marketplace
C07767,Benkirane,Sanae,sanae.benkirane792@yahoo.fr,1980-11-12,female,Safi,0678814754,2025-05-21,referral
C07768,Skalli,Ali,ali.skalli100@yahoo.fr,1961-05-27,Femme,FES,0652182565,2025-05-08,mobile
C07769,Bennani,Sara,sara.bennani68@outlook.com,1982-03-16,Femme,fes,0638268624,2022-08-15,referral
C07770,Berrada,Mohamed,mohamed.berrada28@yahoo.fr,2006-06-28,male,Béni Mellal,0693745457,2025-01-08,referral
C07771,Naciri,Zakaria,ahmed.cherkaoui433@gmail.com,2006-05-03,female,Oujda,0636931194,2023-04-05,marketplace
C07772,Lahlou,Ali,ali.lahlou363@yahoo.fr,1974-04-18,female,Fès,0690249086,2022-04-16,web
C07773,Bouzid,Rachid,rachid.bouzid720@live.fr,1988-06-24,m,Béni Mellal,0652990264,2025-11-10,social_media
C07774,Ziani,Asmae,asmae.ziani862@gmail.com,1986-06-04,Homme,FES,0695062006,2021-11-03,social_media
C07775,Filali,Reda,reda.filali795@hotmail.com,1977-06-27,f,Rabat,0698195725,2023-06-27,marketplace
C07776,Naciri,Omar,omar.naciri251@yahoo.fr,2004-01-23,Homme,rbt,0699872267,2025-08-15,marketplace
C07777,Naciri,Soufiane,soufiane.naciri385@live.fr,1965-06-26,1,Meknès,0629808077,2021-09-09,web
C07778,Bennani,Ahmed,ahmed.bennani502@live.fr,1880-07-07,m,Agadir,0698535632,2022-04-18,referral
C07779,Bennani,Mohamed,mohamed.bennani845@outlook.com,1967-10-28,m,mkch,0618270130,2025-06-27,marketplace
C07780,Rahmouni,Mohamed,mohamed.rahmouni101@outlook.com,1965-09-12,Femme,Meknès,0657592888,2021-10-23,marketplace
C07781,Sefrioui,Khalid,khalid.sefrioui255@outlook.com,1982-01-20,Homme,Kénitra,0699976152,2025-08-26,web
C07782,Sefrioui,Omar,omar.sefrioui133@hotmail.com,2001-12-15,H,MARRAKECH,0640799059,2022-01-24,mobile
C07783,Sefrioui,Hamza,hamza.sefrioui65@live.fr,1991-07-20,h,TANGER,0647730182,2024-03-06,social_media
C07784,El Amrani,Salma,@hotmail.com,2025-06-05,h,rbt,0666426793,2022-06-08,web
C07785,Kettani,Laila,laila.kettani295@live.fr,1972-01-25,male,TANGER,0642227729,2021-06-10,mobile
C07786,Skalli,Mohamed,mohamed.skalli227@yahoo.fr,1997-03-16,1,Agadir,0639716353,2025-07-26,mobile
C07787,Skalli,Zakaria,zakaria.skalli660@hotmail.com,1972-05-28,f,Oujda,0679343745,2022-11-16,marketplace
C07788,Amrani,Samira,samira.amrani955@yahoo.fr,1992-04-10,female,Meknès,0688753923,2023-12-20,social_media
C07789,Tahiri,Hassan,hassan.tahiri530@hotmail.com,1969-02-02,m,Casablanca,0681045293,2022-07-20,referral
C07790,Alaoui,Ali,ali.alaoui381@outlook.com,1981-08-14,male,Nador,0645945798,2025-06-08,marketplace
C07791,Bouzid,Hassan,ahmed.naciri163@yahoo.fr,1998-07-21,female,Fès,0622442458,2022-06-13,marketplace
C07792,Bouzid,Zakaria,zakaria.bouzid587@yahoo.fr,1991-08-12,1,Béni Mellal,0686821343,2022-10-07,mobile
C07793,Cherkaoui,Mohamed,mohamed.cherkaoui401@yahoo.fr,1966-11-10,Homme,casa,0668640474,2022-05-22,marketplace
C07794,Bennani,Rachid,rachid.bennani377@gmail.com,1978-09-15,m,TNG,0694286220,2021-11-15,web
C07795,Ziani,Zakaria,zakaria.ziani543@gmail.com,1999-07-21,male,Fès,0645350194,2022-11-08,web
C07796,Alaoui,Salma,salma.alaoui171@outlook.com,1961-07-12,Homme,TNG,0641600246,2021-10-10,web
C07797,Benjelloun,Youssef,youssef.benjelloun579@outlook.com,1979-08-19,H,Agadir,0688066282,2024-05-13,web
C07798,Benjelloun,Ilham,ilham.benjelloun333@live.fr,1985-10-14,female,Marrakech,0699929855,2024-03-14,web
C07799,Cherkaoui,Ghita,ghita.cherkaoui451@gmail.com,1991-08-17,0,mkch,0666304312,2024-05-26,web
C07800,Filali,Loubna,loubna.filali773@hotmail.com,1997-06-18,female,Tnja,0695201900,2023-03-23,mobile
C07801,Cherkaoui,Hamza,hamza.cherkaoui415@yahoo.fr,1975-01-28,male,FES,0636426125,2021-06-22,social_media
C07802,Lahlou,Rachid,rachid.lahlou899@hotmail.com,1978-09-08,f,tanger,0655329179,2021-04-16,referral
C07803,Cherkaoui,Ali,ali.cherkaoui150@gmail.com,1965-05-28,Homme,casa,0633183309,2021-04-15,mobile
C07804,Bouzid,Laila,laila.bouzid339@gmail.com,1975-05-13,female,Safi,0629758226,2025-04-21,referral
C07805,Rahmouni,Loubna,loubna.rahmouni126@live.fr,1980-03-17,1,Kénitra,0675025616,2021-09-09,marketplace
C07806,Alaoui,Imad,imad.alaoui184@outlook.com,1989-12-08,f,rbt,0624764852,2021-12-23,mobile
C07807,Skalli,Brahim,brahim.skalli410@outlook.com,2006-12-09,h,Kénitra,0686373021,2023-12-20,marketplace
C07808,El Ouazzani,Hanane,hanane.elouazzani694@gmail.com,1983-01-07,male,Fès,0632680203,2021-11-12,web
C07809,Berrada,Hanane,hanane.berrada936@yahoo.fr,1880-06-02,Homme,mkch,0624157244,2025-10-05,social_media
C07810,Alaoui,Driss,driss.alaoui658@gmail.com,1984-01-09,female,fes,0643646721,2023-05-16,social_media
C07811,Benkirane,Mohamed,mohamed.benkirane641@live.fr,1965-01-05,1,TNG,0698317015,2024-10-06,social_media
C07812,Ziani,Ilham,soufiane.bouazza574@hotmail.com,1979-05-08,1,Tanger,0627503726,2021-11-08,web
C07813,Bouazza,Nabil,nabil.bouazza771@hotmail.com,1985-04-14,f,Kénitra,0687324277,2023-08-14,mobile
C07814,Bennani,Khalid,khalid.bennani659@hotmail.com,1991-02-15,Homme,Agadir,0613783552,2024-10-15,mobile
C07815,El Mansouri,Driss,driss.elmansouri308@yahoo.fr,1972-10-27,Homme,tanger,0681873018,2024-03-28,mobile
C07816,Alaoui,Reda,reda.alaoui956@live.fr,1994-03-14,f,MARRAKECH,0659866629,2022-09-04,mobile
C07817,Rahmouni,Zakaria,zakaria.rahmouni@@hotmail.com,1967-04-13,H,Oujda,0666110458,2025-05-24,marketplace
C07818,Rahmouni,Loubna,loubna.rahmouni61@gmail.com,1976-02-19,Homme,Agadir,0686471903,2025-02-04,web
C07819,El Idrissi,Zakaria,zakaria.elidrissi904@outlook.com,1974-12-02,0,Tnja,0651529230,2023-02-03,referral
C07820,Ouahbi,Mohamed,mohamed.ouahbi210@live.fr,1980-10-15,female,TANGER,0644358861,2025-03-04,web
C07821,Haddad,Hassan,hassan.haddad725@yahoo.fr,1974-01-11,1,TANGER,0645975276,2021-12-09,marketplace
C07822,Bouzid,Asmae,asmae.bouzid625@hotmail.com,1990-08-01,female,FES,0674378512,2022-02-05,mobile
C07823,Benali,Youssef,youssef.benali612@outlook.com,1967-03-12,male,tanger,0614637365,2025-01-03,web
C07824,Ouahbi,Amine,amine.ouahbi397@yahoo.fr,1983-04-18,Homme,TNG,0687898657,2021-02-12,marketplace
C07825,El Ouazzani,Asmae,asmae.elouazzani47@gmail.com,2026-06-01,1,Fès,0673206510,2025-09-28,web
C07826,Benali,Dounia,dounia.benali737@live.fr,1976-04-04,H,Tétouan,0679072229,2023-01-13,referral
C07827,El Mansouri,Adil,adil.elmansouri497@gmail.com,1962-07-05,h,Fès,0642641041,2024-05-22,mobile
C07828,Tahiri,Amina,amina.tahiri72@gmail.com,1987-05-11,1,Safi,0652992158,2021-03-24,marketplace
C07829,Benali,Hassan,hassan.benali565@yahoo.fr,1995-06-08,Homme,Fès,0687432164,2021-03-01,mobile
C07830,Benjelloun,Hassan,hassan.benjelloun14,1976-08-26,h,Fès,0632574598,2022-12-01,web
C07831,Tahiri,Said,said.tahiri939@live.fr,1971-03-28,Femme,TNG,0663471802,2025-02-23,marketplace
C07832,Tahiri,Mohamed,mohamed.tahiri265@gmail.com,2000-07-24,h,MARRAKECH,0644019702,2024-08-01,mobile
C07833,Ouahbi,Mustapha,mustapha.ouahbi433@yahoo.fr,1962-03-27,m,Tétouan,0685233375,2021-12-26,social_media
C07834,Cherkaoui,Houda,houda.cherkaoui730@yahoo.fr,1976-03-06,male,Safi,0613255556,2024-06-24,social_media
C07835,Benjelloun,Hassan,hassan.benjelloun860@outlook.com,1978-10-10,f,CASA,0658561435,2023-04-26,mobile
C07836,Bouazza,Asmae,asmae.bouazza828@gmail.com,1985-11-05,f,Marrakech,0669699745,2025-09-25,marketplace
C07837,Benali,Zakaria,zakaria.benali695@yahoo.fr,2001-10-05,male,Tnja,0692013609,2022-11-05,social_media
C07838,Rahmouni,Mohamed,sara.benali529@live.fr,1986-05-19,1,tanger,0637548219,2024-08-16,web
C07839,Chraibi,Driss,driss.chraibi156@hotmail.com,1965-04-04,H,Fès,0625662155,2023-02-12,referral
C07840,Tahiri,Hassan,hassan.tahiri531@live.fr,1986-04-19,1,rbt,0692361349,2022-10-24,mobile
C07841,Bouazza,Hamza,hamza.bouazza838@outlook.com,1975-11-03,female,Oujda,0693204492,2023-08-11,marketplace
C07842,Tazi,Ahmed,ahmed.tazi840@yahoo.fr,1984-01-16,0,rbt,0626742741,2024-12-21,mobile
C07843,Benjelloun,Ahmed,ahmed.benjelloun444@outlook.com,1974-04-27,0,Nador,0697707454,2024-12-05,marketplace
C07844,Fassi Fihri,Ilham,samira.berrada495@gmail.com,1965-01-08,male,Rabat,0675944840,2021-01-24,social_media
C07845,Rahmouni,Youssef,youssef.rahmouni865@gmail.com,1977-03-23,m,Agadir,0693072435,2021-04-01,marketplace
C07846,El Mansouri,Amina,amina.elmansouri90@yahoo.fr,1985-06-21,female,rbt,0664297629,2023-03-28,referral
C07847,Ziani,Ilham,ilham.ziani@,1988-07-20,H,CASA,0656668972,2025-10-26,social_media
C07848,El Mansouri,Hamza,mohamed.cherkaoui401@yahoo.fr,1969-02-11,female,Agadir,0642358117,2025-06-25,social_media
C07849,Benjelloun,Rachid,rachid.benjelloun874@yahoo.fr,1975-10-15,0,Fès,0628865105,2024-05-05,mobile
C07850,El Amrani,Salma,salma.elamrani780@yahoo.fr,2003-02-04,female,Marrakech,0689821000,2023-04-07,mobile
C07851,Rahmouni,Laila,laila.rahmouni898@yahoo.fr,1992-09-11,0,TNG,0666234741,2022-05-05,mobile
C07852,El Ouazzani,Ali,ali.elouazzani98,1986-10-01,female,Tnja,0618940797,2022-11-15,mobile
C07853,Kettani,Fatima,fatima.kettani256@live.fr,1967-11-03,male,rbt,0692292647,2021-04-14,social_media
C07854,Alaoui,Sanae,karim.berrada370@outlook.com,1968-06-14,male,Safi,0673334810,2023-10-18,social_media
C07855,Sefrioui,Zakaria,zakaria.sefrioui259@yahoo.fr,1963-06-22,Femme,Rabat,0639629220,2025-10-12,social_media
C07856,Lahlou,Hassan,hassan.lahlou394@outlook.com,1963-04-02,female,Casablanca,0617740943,2023-02-02,web
C07857,Skalli,Hamza,hamza.skalli365@hotmail.com,2003-04-04,0,Béni Mellal,0666122452,2024-08-25,mobile
C07858,Bouazza,Youssef,youssef.bouazza685@gmail.com,1995-02-19,female,RABAT,0658121116,2021-03-28,marketplace
C07859,Cherkaoui,Reda,reda.cherkaoui184@outlook.com,1998-12-06,m,Mohammedia,0668101152,2022-04-02,marketplace
C07860,Ziani,Nabil,nabil.ziani944@yahoo.fr,1974-09-25,1,Rabat,0695583082,2023-09-14,referral
C07861,Benjelloun,Hanane,hanane.benjelloun712@live.fr,1968-01-22,female,Nador,0640603943,2022-02-19,marketplace
C07862,Lahlou,Sara,sara.lahlou548@gmail.com,1967-08-13,H,mkch,0695128286,2023-08-04,social_media
C07863,El Mansouri,Ghita,ghita.elmansouri347@gmail.com,1978-12-26,Homme,MARRAKECH,0675807191,2025-09-21,mobile
C07864,Lahlou,Said,said.lahlou698@hotmail.com,1972-03-10,1,Meknès,0642759341,2022-11-06,mobile
C07865,Bennani,Brahim,brahim.bennani438@live.fr,2005-06-02,male,TNG,0635533105,2025-01-26,web
C07866,Bouazza,Khalid,khalid.bouazza166@gmail.com,1976-03-25,1,TANGER,0684941419,2025-02-03,referral
C07867,Haddad,Adil,adil.haddad486@hotmail.com,1996-05-02,h,Agadir,0635314299,2025-12-18,social_media
C07868,Amrani,Hind,hind.amrani658@outlook.com,1992-10-11,0,Marrakech,0642236305,2024-06-20,web
C07869,Fassi Fihri,Nawal,nawal.fassifihri537@hotmail.com,2002-07-08,0,TNG,0681722998,2022-05-25,web
C07870,Ouahbi,Laila,laila.ouahbi774@outlook.com,1988-09-14,f,Casablanca,0671085377,2023-01-20,social_media
C07871,Rahmouni,Nabil,nabil.rahmouni127@outlook.com,1990-11-06,Homme,FES,0626738609,2023-05-19,web
C07872,Bouzid,Houda,houda.bouzid19@hotmail.com,1982-10-10,1,Kénitra,0655258975,2024-12-15,social_media
C07873,Lahlou,Soufiane,soufiane.lahlou846@gmail.com,1963-06-04,Homme,Fès,0670232542,2023-02-24,web
C07874,Ouahbi,Amine,amine.ouahbi956@hotmail.com,1963-08-27,0,Casablanca,0627122921,2021-11-01,marketplace
C07875,Benjelloun,Dounia,dounia.benjelloun513@live.fr,2001-06-01,Femme,Mohammedia,0657173580,2024-04-04,referral
C07876,Sefrioui,Omar,omar.sefrioui172@hotmail.com,1965-07-10,Femme,Rabat,0676672446,2023-07-16,social_media
C07877,Haddad,Houda,houda.haddad41@yahoo.fr,1967-03-02,1,CASA,0642436050,2022-09-11,mobile
C07878,Cherkaoui,Mohamed,mohamed.cherkaoui271@hotmail.com,2001-07-13,h,Agadir,0688622391,2022-10-19,social_media
C07879,El Idrissi,Mehdi,mehdi.elidrissi990@outlook.com,1993-12-14,male,Agadir,0680388486,2021-05-17,marketplace
C07880,Benkirane,Rim,rim.benkirane704@gmail.com,1981-02-28,Homme,TNG,0695010280,2021-01-20,referral
C07881,Skalli,Wafae,wafae.skalli639@live.fr,1969-03-27,h,tanger,0688543909,2024-12-02,web
C07882,Chraibi,Sanae,sanae.chraibi740@gmail.com,1983-08-14,male,Tanger,0666106764,2022-08-19,web
C07883,Chraibi,Reda,imad.benjelloun779@live.fr,1980-08-16,h,Fès,0634402719,2025-10-18,social_media
C07884,Kettani,Nabil,nabil.kettani987@outlook.com,1993-02-16,m,MARRAKECH,0661549651,2023-01-25,mobile
C07885,Skalli,Imad,imad.skalli321@yahoo.fr,1966-11-03,1,Marrakech,0697911642,2024-08-22,web
C07886,Tazi,Wafae,wafae.tazi126@outlook.com,1960-02-18,0,rbt,0649852112,2024-02-04,marketplace
C07887,Filali,Khalid,khalid.filali881@hotmail.com,1984-02-14,female,Safi,0634065014,2022-06-02,mobile
C07888,Benjelloun,Ahmed,ahmed.benjelloun202@hotmail.com,1964-05-20,1,CASA,0623366134,2024-01-19,marketplace
C07889,Lahlou,Zakaria,zakaria.lahlou14@live.fr,1964-12-03,0,casa,0684994387,2022-04-05,mobile
C07890,El Idrissi,Hassan,hassan.elidrissi931@live.fr,1979-09-06,m,mkch,0658823043,2021-02-18,social_media
C07891,Lahlou,Rachid,rachid.lahlou164@yahoo.fr,2005-01-24,0,FES,0651310162,2022-12-21,social_media
C07892,Benkirane,Imad,imad.benkirane301@yahoo.fr,1968-11-04,1,Oujda,0663637431,2021-11-07,referral
C07893,Benjelloun,Salma,salma.benjelloun481@outlook.com,1960-06-28,1,Meknès,0622229650,2022-05-06,mobile
C07894,Ziani,Brahim,brahim.ziani442@hotmail.com,1986-09-03,female,Oujda,0691914285,2023-11-11,mobile
C07895,Berrada,Mohamed,mohamed.berrada751@live.fr,1985-06-28,1,Tnja,0643536177,2021-09-03,mobile
C07896,Bouazza,Hamza,hamza.bouazza613@yahoo.fr,1971-05-21,Homme,Tétouan,0679706676,2025-02-19,marketplace
C07897,Ouahbi,Sara,sara.ouahbi488@hotmail.com,2001-02-06,male,fes,0629946315,2021-04-14,web
C07898,Benkirane,Mustapha,mustapha.benkirane872@yahoo.fr,1969-09-21,male,tanger,0686418281,2024-11-23,marketplace
C07899,Benkirane,Amina,amina.benkirane881@hotmail.com,1997-03-26,female,rbt,0626659303,2022-01-24,mobile
C07900,Benkirane,Asmae,asmae.benkirane570@yahoo.fr,1982-04-10,H,FES,0651677255,2022-04-13,marketplace
C07901,Bouazza,Mohamed,mohamed.bouazza256@gmail.com,1961-03-03,f,Nador,0628312315,2022-06-04,marketplace
C07902,Ouahbi,Ali,ali.ouahbi748@live.fr,2002-07-15,h,MARRAKECH,0614026969,2024-08-26,referral
C07903,Bouazza,Wafae,wafae.bouazza35@hotmail.com,1969-09-16,Homme,Fès,0641448069,2021-01-11,web
C07904,Bouzid,Ahmed,ahmed.bouzid636@hotmail.com,1971-02-14,Femme,mkch,0697620733,2025-02-07,referral
C07905,Naciri,Dounia,dounia.naciri192@hotmail.com,1983-08-20,Femme,TNG,0662194841,2023-08-02,social_media
C07906,Alaoui,Ali,ali.alaoui565@outlook.com,1991-06-22,m,Agadir,0689169847,2022-01-24,web
C07907,Tazi,Rachid,rachid.tazi502@outlook.com,1981-05-02,0,Fès,0691915352,2023-04-03,marketplace
C07908,El Ouazzani,Khalid,khalid.elouazzani618@yahoo.fr,1974-07-17,h,Tnja,0641695383,2022-05-21,marketplace
C07909,El Idrissi,Nadia,nadia.elidrissi183@gmail.com,1972-01-22,H,FES,0667830984,2025-03-11,social_media
C07910,Bouzid,Ghita,ghita.bouzid512@gmail.com,2003-07-02,0,Tétouan,0635885220,2024-04-02,web
C07911,Amrani,Asmae,asmae.amrani604@yahoo.fr,1984-02-17,h,casa,0638149676,2023-09-07,mobile
C07912,Bennani,Mehdi,mehdi.bennani195@live.fr,1972-04-12,female,Safi,0629644786,2024-11-16,mobile
C07913,Ouahbi,Reda,reda.ouahbi522@live.fr,1996-02-04,0,Tétouan,0612086444,2021-12-13,referral
C07914,Lahlou,Hassan,hassan.lahlou931@gmail.com,2006-08-11,0,Tétouan,0655107858,2022-12-02,social_media
C07915,Benkirane,Driss,mehdi.kettani245@yahoo.fr,1999-01-01,Femme,Mohammedia,0625486134,2024-05-02,mobile
C07916,Bouzid,Khalid,khalid.bouzid159@live.fr,1986-04-13,Homme,TNG,0620273762,2024-02-16,referral
C07917,Ziani,Zakaria,zakaria.ziani355@outlook.com,1973-07-23,Homme,Tanger,0628252077,2024-09-24,web
C07918,Benali,Nabil,nabil.benali663@outlook.com,2006-04-13,Femme,Béni Mellal,0630110139,2024-01-15,marketplace
C07919,Benali,Imad,imad.benali679@yahoo.fr,1963-08-16,0,fes,0666894847,2023-06-26,mobile
C07920,Fassi Fihri,Driss,driss.fassifihri376@outlook.com,1999-08-25,0,Mohammedia,0672991541,2023-09-17,web
C07921,Haddad,Hassan,hassan.haddad169@hotmail.com,2006-04-16,f,Casablanca,0680428973,2023-11-12,social_media
C07922,Bouzid,Nabil,nabil.bouzid458@gmail.com,1994-03-03,m,RABAT,0692476753,2025-09-07,social_media
C07923,Chraibi,Meryem,meryem.chraibi877@outlook.com,1995-12-22,Femme,casa,0639594944,2022-11-22,social_media
C07924,Bouazza,Khalid,khalid.bouazza539@gmail.com,2002-06-20,f,FES,0652392677,2024-09-03,mobile
C07925,Lahlou,Houda,houda.lahlou985@hotmail.com,1987-10-11,Femme,Fès,0643711806,2021-01-11,web
C07926,Alaoui,Omar,omar.alaoui473@yahoo.fr,1965-07-08,Homme,Meknès,0630297116,2024-02-15,referral
C07927,Tazi,Mustapha,mustapha.tazi939@live.fr,1998-04-20,female,Fès,0671249575,2023-05-10,social_media
C07928,Cherkaoui,Karim,karim.cherkaoui263@yahoo.fr,1974-10-01,Femme,Tétouan,0686080096,2022-09-16,referral
C07929,El Amrani,Adil,adil.elamrani444@hotmail.com,1996-09-20,female,casa,0649480150,2024-02-08,web
C07930,Lahlou,Mehdi,mehdi.lahlou689@outlook.com,1992-05-06,h,casa,0672283956,2024-06-12,web
C07931,Bouzid,Driss,driss.bouzid934@gmail.com,1994-04-09,1,Fès,0662056372,2024-10-27,marketplace
C07932,Lahlou,Sanae,sanae.lahlou578@hotmail.com,1971-08-23,f,FES,0611409487,2022-09-13,mobile
C07933,Cherkaoui,Mustapha,mustapha.cherkaoui308@yahoo.fr,1998-02-14,m,Tnja,0616662995,2021-10-22,marketplace
C07934,Cherkaoui,Amine,amine.cherkaoui999@outlook.com,1965-01-09,0,Tétouan,0691583197,2022-02-17,web
C07935,Naciri,Youssef,youssef.naciri18@live.fr,2006-06-28,m,TANGER,0633366341,2025-08-01,social_media
C07936,Cherkaoui,Imad,imad.cherkaoui472@gmail.com,1997-07-07,female,MARRAKECH,0627157513,2024-12-16,marketplace
C07937,Skalli,Adil,adil.skalli227@outlook.com,1960-08-06,m,CASA,0643891540,2023-03-27,web
C07938,Benjelloun,Houda,houda.benjelloun579@outlook.com,1974-04-23,f,Nador,0649469384,2025-05-28,social_media
C07939,Amrani,Amine,amine.amrani92@yahoo.fr,1965-09-09,H,tanger,0671352448,2022-11-17,social_media
C07940,Fassi Fihri,Sanae,sanae.fassifihri456@live.fr,1963-01-15,Homme,Agadir,0683373790,2021-10-15,web
C07941,Kettani,Zineb,zineb.kettani641@live.fr,1979-10-02,f,tanger,0616364636,2022-11-11,social_media
C07942,Cherkaoui,Soufiane,soufiane.cherkaoui394@gmail.com,1976-05-23,female,Nador,0637453343,2023-06-12,social_media
C07943,Cherkaoui,Mehdi,mehdi.cherkaoui968@hotmail.com,1970-10-18,1,Tétouan,0660090682,2024-12-14,mobile
C07944,Benjelloun,Mustapha,mustapha.benjelloun316@live.fr,1995-03-03,H,mkch,0627015488,2024-08-14,mobile
C07945,Bouazza,Hanane,hanane.bouazza520@yahoo.fr,1971-08-16,f,Marrakech,0617917326,2021-01-16,referral
C07946,Tahiri,Rim,rim.tahiri390@yahoo.fr,1964-02-18,f,Marrakech,0686512353,2024-11-22,social_media
C07947,Haddad,Salma,salma.haddad549@gmail.com,2000-12-14,1,Rabat,0626159079,2023-04-20,marketplace
C07948,Filali,Ali,ali.filali997@live.fr,1991-05-22,m,Tnja,0655747578,2025-06-10,web
C07949,El Ouazzani,Salma,salma.elouazzani663@outlook.com,1999-05-28,m,Oujda,0630306192,2024-12-17,social_media
C07950,Lahlou,Khalid,khalid.lahlou977@yahoo.fr,1989-10-08,Homme,Kénitra,0634645826,2024-06-04,social_media
C07951,Benjelloun,Ilham,ilham.benjelloun760@yahoo.fr,2003-06-12,H,Casablanca,0656390083,2024-11-07,social_media
C07952,Berrada,Reda,reda.berrada22@hotmail.com,2005-07-21,Homme,Tanger,0670124831,2024-04-08,mobile
C07953,Bouzid,Zakaria,zakaria.bouzid112@gmail.com,1981-04-10,1,casa,0647389132,2023-05-25,social_media
C07954,Benali,Karim,karim.benali992@outlook.com,1969-04-10,0,Agadir,0654686641,2025-02-08,web
C07955,Chraibi,Samira,samira.chraibi419@hotmail.com,1995-03-25,H,Fès,0663153556,2021-08-01,social_media
C07956,El Amrani,Khadija,khadija.elamrani470@gmail.com,2002-11-01,m,Casablanca,0684485604,2025-11-10,mobile
C07957,Ziani,Omar,omar.ziani116@hotmail.com,1971-12-03,Femme,FES,0659524592,2023-07-11,referral
C07958,Fassi Fihri,Adil,hanane.benjelloun788@yahoo.fr,1995-03-21,h,Kénitra,0646534934,2022-10-05,web
C07959,Skalli,Loubna,loubna.skalli245@yahoo.fr,1975-12-10,f,FES,0690706112,2023-01-10,social_media
C07960,Naciri,Amine,amine.naciri603@outlook.com,1975-05-09,H,Béni Mellal,0617186855,2023-03-18,referral
C07961,Ouahbi,Rim,rim.ouahbi950@gmail.com,1964-11-07,Homme,El Jadida,0623277674,2025-11-24,marketplace
C07962,Naciri,Ghita,ghita.naciri761@outlook.com,1987-08-16,female,Tétouan,0632447374,2022-08-28,mobile
C07963,El Amrani,Asmae,asmae.elamrani960@live.fr,2001-12-17,Homme,TNG,0660447455,2023-12-01,social_media
C07964,Ziani,Youssef,youssef.ziani85@gmail.com,1972-08-10,m,Marrakech,0631495378,2022-10-19,marketplace
C07965,Fassi Fihri,Mohamed,mohamed.fassifihri540@gmail.com,1994-11-12,f,Meknès,0667040117,2023-10-23,social_media
C07966,Naciri,Sara,sara.naciri504@live.fr,1996-04-01,0,casa,0679789649,2022-02-12,marketplace
C07967,Skalli,Amina,amina.skalli889@gmail.com,1974-02-28,male,casa,0633694487,2021-06-20,marketplace
C07968,Skalli,Ahmed,ahmed.skalli51@live.fr,1981-11-22,h,Mohammedia,0691254386,2023-08-17,marketplace
C07969,Kettani,Driss,driss.kettani880@hotmail.com,2026-11-28,female,Kénitra,0686106946,2024-07-15,referral
C07970,Fassi Fihri,Salma,salma.fassifihri353@outlook.com,1970-10-16,male,TANGER,0616679503,2021-07-22,referral
C07971,Benkirane,Khalid,khalid.benkirane689@yahoo.fr,1998-10-17,male,El Jadida,0654288926,2021-09-04,referral
C07972,Bouzid,Houda,houda.bouzid299@hotmail.com,1979-02-02,h,Kénitra,0614601726,2025-12-28,referral
C07973,Kettani,Imad,imad.kettani328@outlook.com,1974-11-19,female,Tnja,0641705774,2024-09-08,web
C07974,Cherkaoui,Wafae,wafae.cherkaoui233@yahoo.fr,1996-02-21,0,Marrakech,0657313235,2024-11-28,mobile
C07975,Cherkaoui,Mustapha,mustapha.cherkaoui703@live.fr,1890-08-14,H,Kénitra,0634909985,2023-12-03,social_media
C07976,Tazi,Imad,imad.tazi723@outlook.com,1992-06-21,Femme,Tnja,0676140475,2022-01-06,referral
C07977,Berrada,Mehdi,mehdi.berrada112@outlook.com,1989-01-18,h,Kénitra,0680224311,2024-02-24,referral
C07978,Bouazza,Hanane,hanane.bouazza470@outlook.com,1994-07-21,H,TANGER,0644382264,2024-02-12,marketplace
C07979,Haddad,Said,said.haddad@@yahoo.fr,2000-10-13,Femme,TNG,0688633859,2025-10-15,mobile
C07980,Sefrioui,Hind,hind.sefrioui522@hotmail.com,1989-05-13,female,CASA,0612804393,2023-04-22,social_media
C07981,Ziani,Reda,reda.ziani342@gmail.com,1990-08-27,Homme,Tétouan,0622300626,2021-10-14,marketplace
C07982,Lahlou,Mehdi,mehdi.lahlou846@yahoo.fr,1981-03-27,h,Casablanca,0653768798,2025-12-16,mobile
C07983,Kettani,Loubna,loubna.kettani284@outlook.com,1972-06-08,H,fes,0642020209,2023-08-03,social_media
C07984,Tazi,Ilham,ilham.tazi685@gmail.com,1974-02-09,Femme,Kénitra,0647911927,2024-01-22,mobile
C07985,Haddad,Wafae,wafae.haddad490@gmail.com,1992-02-12,0,Marrakech,0613257729,2025-02-26,social_media
C07986,El Mansouri,Hassan,hassan.elmansouri122@gmail.com,1962-03-19,H,Fès,0694681989,2022-08-28,marketplace
C07987,Bennani,Asmae,asmae.bennani972@yahoo.fr,1982-03-02,1,CASA,0618753585,2024-12-17,mobile
C07988,Amrani,Rachid,rachid.amrani495@yahoo.fr,2006-08-25,0,casa,0625758544,2025-03-08,referral
C07989,Rahmouni,Mustapha,mustapha.rahmouni24@live.fr,2002-01-14,1,TANGER,0683568222,2023-02-24,marketplace
C07990,Tahiri,Fatima,fatima.tahiri165@hotmail.com,1975-01-04,0,TNG,0620042881,2023-03-24,web
C07991,Naciri,Hanane,hanane.naciri711@yahoo.fr,1981-05-01,0,Tétouan,0675760840,2025-09-01,web
C07992,Tazi,Rachid,rachid.tazi49@yahoo.fr,2001-02-01,m,Tétouan,0611433892,2024-12-11,referral
C07993,Alaoui,Amina,amina.alaoui803@live.fr,1988-08-21,male,Mohammedia,0617783492,2024-03-01,referral
C07994,Amrani,Youssef,youssef.amrani554@outlook.com,2000-07-09,male,tanger,0619491847,2023-10-28,referral
C07995,El Ouazzani,Omar,omar.elouazzani99@outlook.com,1993-05-09,Femme,TANGER,0666230424,2024-04-16,social_media
C07996,Cherkaoui,Khalid,khalid.cherkaoui83@gmail.com,2001-05-15,h,FES,0698106357,2024-06-06,web
C07997,El Mansouri,Soufiane,soufiane.elmansouri240@gmail.com,1977-12-17,female,Meknès,0666943767,2024-11-28,referral
C07998,Benjelloun,Hind,hind.benjelloun860@outlook.com,1979-02-27,female,Béni Mellal,0644820743,2023-02-06,social_media
C07999,Skalli,Soufiane,soufiane.skalli548@yahoo.fr,1890-06-23,0,casa,0637388145,2023-01-09,social_media
C08000,Filali,Wafae,sara.lahlou269@gmail.com,1972-07-05,Homme,Mohammedia,0695724333,2024-08-09,marketplace
