id_client_sk,id_client_nk,nom_complet,tranche_age,sexe,ville,canal_acquisition,date_debut,date_fin,est_actif,segment_client,region_admin
1,C06961,Dounia Benali,55-64,m,Tanger,marketplace,2026-05-08,9999-12-31,True,Bronze,
2,C06823,Mehdi Alaoui,45-54,m,Fès,social_media,2026-05-08,9999-12-31,True,Bronze,
3,C06524,Mustapha Kettani,45-54,m,Fès,web,2026-05-08,9999-12-31,True,Bronze,
4,C00587,Houda Tazi,35-44,m,Tanger,web,2026-05-08,9999-12-31,True,Bronze,
5,C06215,Fatima Benjelloun,45-54,m,Rabat,mobile,2026-05-08,9999-12-31,True,Bronze,
6,C05566,Nawal Rahmouni,55-64,m,Nador,referral,2026-05-08,9999-12-31,True,Bronze,
7,C01790,Nabil El Amrani,35-44,f,Fès,referral,2026-05-08,9999-12-31,True,Bronze,
8,C01741,Asmae Bennani,45-54,f,Rabat,mobile,2026-05-08,9999-12-31,True,Bronze,
9,C04583,Driss Kettani,55-64,m,Tanger,web,2026-05-08,9999-12-31,True,Bronze,
10,C05324,Ilham Tahiri,45-54,m,Kénitra,mobile,2026-05-08,9999-12-31,True,Bronze,
11,C03322,Hassan El Amrani,35-44,m,Marrakech,social_media,2026-05-08,9999-12-31,True,Bronze,
12,C02452,Zakaria Ouahbi,18-24,f,Béni Mellal,social_media,2026-05-08,9999-12-31,True,Bronze,
13,C07746,Houda Kettani,25-34,m,Tanger,web,2026-05-08,9999-12-31,True,Bronze,
14,C01634,Hamza El Idrissi,35-44,m,Casablanca,social_media,2026-05-08,9999-12-31,True,Bronze,
15,C05890,Nabil Bouazza,18-24,m,Casablanca,social_media,2026-05-08,9999-12-31,True,Bronze,
16,C05179,Hassan Lahlou,25-34,m,Tanger,mobile,2026-05-08,9999-12-31,True,Bronze,
17,C00183,Laila Tazi,35-44,f,Rabat,web,2026-05-08,9999-12-31,True,Bronze,
18,C06649,Ahmed Fassi Fihri,Non renseigné,f,Marrakech,mobile,2026-05-08,9999-12-31,True,Bronze,
19,C03626,Houda Filali,45-54,f,Casablanca,marketplace,2026-05-08,9999-12-31,True,Bronze,
20,C01639,Nawal Ziani,55-64,m,Fès,marketplace,2026-05-08,9999-12-31,True,Bronze,
21,C03788,Houda Chraibi,Non renseigné,m,Tanger,referral,2026-05-08,9999-12-31,True,Bronze,
22,C05098,Ilham Cherkaoui,25-34,f,El Jadida,web,2026-05-08,9999-12-31,True,Bronze,
23,C04312,Said Fassi Fihri,35-44,m,Marrakech,web,2026-05-08,9999-12-31,True,Bronze,
24,C07757,Soufiane El Mansouri,25-34,m,Kénitra,referral,2026-05-08,9999-12-31,True,Bronze,
25,C02004,Reda Haddad,55-64,m,Nador,marketplace,2026-05-08,9999-12-31,True,Bronze,
26,C01184,Nawal Sefrioui,65+,m,Safi,web,2026-05-08,9999-12-31,True,Bronze,
27,C00565,Youssef El Ouazzani,35-44,m,El Jadida,mobile,2026-05-08,9999-12-31,True,Bronze,
28,C03660,Mohamed Filali,45-54,m,Rabat,referral,2026-05-08,9999-12-31,True,Bronze,
29,C04127,Brahim Rahmouni,55-64,m,Safi,web,2026-05-08,9999-12-31,True,Bronze,
30,C01477,Rim El Ouazzani,55-64,m,Oujda,mobile,2026-05-08,9999-12-31,True,Bronze,
31,C06778,Zineb Naciri,55-64,f,Rabat,marketplace,2026-05-08,9999-12-31,True,Bronze,
32,C06431,Hind El Amrani,25-34,f,Béni Mellal,marketplace,2026-05-08,9999-12-31,True,Bronze,
33,C02863,Laila Amrani,25-34,f,Tanger,web,2026-05-08,9999-12-31,True,Bronze,
34,C04276,Youssef Skalli,35-44,m,Safi,referral,2026-05-08,9999-12-31,True,Bronze,
35,C02950,Adil Ouahbi,35-44,m,Fès,social_media,2026-05-08,9999-12-31,True,Bronze,
36,C07903,Wafae Bouazza,55-64,m,Fès,web,2026-05-08,9999-12-31,True,Bronze,
37,C07925,Houda Lahlou,35-44,f,Fès,web,2026-05-08,9999-12-31,True,Bronze,
38,C07389,Youssef Benkirane,55-64,m,Tanger,referral,2026-05-08,9999-12-31,True,Bronze,
39,C06074,Sanae Skalli,25-34,f,Béni Mellal,social_media,2026-05-08,9999-12-31,True,Bronze,
40,C04064,Salma Tahiri,45-54,m,Tanger,referral,2026-05-08,9999-12-31,True,Bronze,
41,C02412,Laila Bennani,45-54,m,Agadir,mobile,2026-05-08,9999-12-31,True,Bronze,
42,C05936,Amina Filali,45-54,m,Nador,mobile,2026-05-08,9999-12-31,True,Bronze,
43,C06925,Khadija Fassi Fihri,35-44,f,Meknès,web,2026-05-08,9999-12-31,True,Bronze,
44,C06362,Wafae Filali,25-34,m,Kénitra,marketplace,2026-05-08,9999-12-31,True,Bronze,
45,C03378,Nawal Filali,25-34,f,Casablanca,mobile,2026-05-08,9999-12-31,True,Bronze,
46,C06853,Fatima Bouzid,35-44,f,Béni Mellal,mobile,2026-05-08,9999-12-31,True,Bronze,
47,C00492,Laila Skalli,55-64,m,Tétouan,web,2026-05-08,9999-12-31,True,Bronze,
48,C03512,Ahmed Fassi Fihri,45-54,f,Fès,social_media,2026-05-08,9999-12-31,True,Bronze,
49,C01442,Rachid Rahmouni,25-34,m,Agadir,referral,2026-05-08,9999-12-31,True,Bronze,
50,C07653,Fatima Chraibi,35-44,m,Tanger,social_media,2026-05-08,9999-12-31,True,Bronze,
51,C03310,Laila Cherkaoui,55-64,f,Fès,referral,2026-05-08,9999-12-31,True,Bronze,
52,C04793,Mohamed El Amrani,45-54,f,El Jadida,social_media,2026-05-08,9999-12-31,True,Bronze,
53,C03548,Nabil Bouzid,18-24,f,Marrakech,referral,2026-05-08,9999-12-31,True,Bronze,
54,C04376,Amine Benali,45-54,m,Fès,marketplace,2026-05-08,9999-12-31,True,Bronze,
55,C00793,Khadija Lahlou,55-64,m,Agadir,web,2026-05-08,9999-12-31,True,Bronze,
56,C06087,Ilham Kettani,35-44,f,Fès,web,2026-05-08,9999-12-31,True,Bronze,
57,C05535,Youssef El Idrissi,35-44,m,Béni Mellal,mobile,2026-05-08,9999-12-31,True,Bronze,
58,C07945,Hanane Bouazza,45-54,f,Marrakech,referral,2026-05-08,9999-12-31,True,Bronze,
59,C04222,Amina El Mansouri,25-34,m,Tanger,web,2026-05-08,9999-12-31,True,Bronze,
60,C07717,Hind El Mansouri,55-64,m,Mohammedia,web,2026-05-08,9999-12-31,True,Bronze,
61,C04836,Rim Bennani,35-44,f,El Jadida,web,2026-05-08,9999-12-31,True,Bronze,
62,C04240,Said Tazi,35-44,m,Tanger,mobile,2026-05-08,9999-12-31,True,Bronze,
63,C04795,Said Bennani,45-54,f,Tanger,referral,2026-05-08,9999-12-31,True,Bronze,
64,C02118,Zakaria Kettani,55-64,f,Béni Mellal,web,2026-05-08,9999-12-31,True,Bronze,
65,C04355,Ali El Ouazzani,25-34,f,Rabat,marketplace,2026-05-08,9999-12-31,True,Bronze,
66,C05168,Rachid Sefrioui,18-24,m,Nador,marketplace,2026-05-08,9999-12-31,True,Bronze,
67,C00150,Omar Alaoui,35-44,f,Casablanca,social_media,2026-05-08,9999-12-31,True,Bronze,
68,C05726,Mehdi Bennani,55-64,m,Tanger,social_media,2026-05-08,9999-12-31,True,Bronze,
69,C03790,Khadija Benkirane,25-34,f,Fès,referral,2026-05-08,9999-12-31,True,Bronze,
70,C03804,Brahim Benali,55-64,m,Tanger,social_media,2026-05-08,9999-12-31,True,Bronze,
71,C04433,Rachid Haddad,45-54,f,Agadir,marketplace,2026-05-08,9999-12-31,True,Bronze,
72,C00455,Reda Ouahbi,35-44,m,El Jadida,mobile,2026-05-08,9999-12-31,True,Bronze,
73,C07880,Rim Benkirane,45-54,m,Tanger,referral,2026-05-08,9999-12-31,True,Bronze,
74,C06982,Dounia Bouzid,65+,m,Tanger,referral,2026-05-08,9999-12-31,True,Bronze,
75,C02623,Dounia El Idrissi,35-44,f,Fès,social_media,2026-05-08,9999-12-31,True,Bronze,
76,C06921,Zakaria Bouazza,55-64,m,Casablanca,referral,2026-05-08,9999-12-31,True,Bronze,
77,C01200,Said Amrani,35-44,m,Safi,referral,2026-05-08,9999-12-31,True,Bronze,
78,C04935,Mohamed Tahiri,45-54,m,Tanger,social_media,2026-05-08,9999-12-31,True,Bronze,
79,C06968,Karim Sefrioui,55-64,f,Oujda,social_media,2026-05-08,9999-12-31,True,Bronze,
80,C07527,Rachid Filali,35-44,m,Mohammedia,referral,2026-05-08,9999-12-31,True,Bronze,
81,C01225,Wafae Bouzid,35-44,f,Fès,marketplace,2026-05-08,9999-12-31,True,Bronze,
82,C01823,Amina El Mansouri,55-64,f,Fès,marketplace,2026-05-08,9999-12-31,True,Bronze,
83,C05259,Nabil El Mansouri,25-34,f,Fès,web,2026-05-08,9999-12-31,True,Bronze,
84,C07347,Ilham Chraibi,Non renseigné,f,Casablanca,referral,2026-05-08,9999-12-31,True,Bronze,
85,C02185,Soufiane Bouazza,55-64,f,Oujda,social_media,2026-05-08,9999-12-31,True,Bronze,
86,C03614,Adil Sefrioui,55-64,m,Tétouan,marketplace,2026-05-08,9999-12-31,True,Bronze,
87,C03145,Khalid Amrani,25-34,m,Tanger,mobile,2026-05-08,9999-12-31,True,Bronze,
88,C07067,Ali Kettani,55-64,m,Béni Mellal,web,2026-05-08,9999-12-31,True,Bronze,
89,C01745,Khalid Benkirane,55-64,f,Rabat,mobile,2026-05-08,9999-12-31,True,Bronze,
90,C00382,Nawal Tazi,55-64,m,Fès,marketplace,2026-05-08,9999-12-31,True,Bronze,
91,C02689,Brahim Filali,65+,m,Rabat,marketplace,2026-05-08,9999-12-31,True,Bronze,
92,C01591,Wafae Naciri,45-54,m,Casablanca,mobile,2026-05-08,9999-12-31,True,Bronze,
93,C05223,Youssef Benkirane,35-44,f,Tanger,mobile,2026-05-08,9999-12-31,True,Bronze,
94,C06911,Mohamed Fassi Fihri,55-64,f,Marrakech,web,2026-05-08,9999-12-31,True,Bronze,
95,C04453,Soufiane Benjelloun,55-64,m,Rabat,mobile,2026-05-08,9999-12-31,True,Bronze,
96,C03975,Mustapha El Amrani,25-34,f,Fès,web,2026-05-08,9999-12-31,True,Bronze,
97,C07690,Omar Cherkaoui,55-64,m,Rabat,web,2026-05-08,9999-12-31,True,Bronze,
98,C02251,Brahim Chraibi,25-34,m,Fès,marketplace,2026-05-08,9999-12-31,True,Bronze,
99,C04556,Youssef Naciri,35-44,m,Tanger,mobile,2026-05-08,9999-12-31,True,Bronze,
100,C03410,Salma Haddad,25-34,f,Béni Mellal,mobile,2026-05-08,9999-12-31,True,Bronze,
101,C07671,Nabil Lahlou,55-64,f,Béni Mellal,referral,2026-05-08,9999-12-31,True,Bronze,
102,C01939,Nabil Benkirane,45-54,m,Fès,marketplace,2026-05-08,9999-12-31,True,Bronze,
103,C02562,Imad Tahiri,25-34,f,Meknès,web,2026-05-08,9999-12-31,True,Bronze,
104,C02197,Hind Naciri,55-64,f,Rabat,web,2026-05-08,9999-12-31,True,Bronze,
105,C02083,Nabil Haddad,55-64,m,Béni Mellal,web,2026-05-08,9999-12-31,True,Bronze,
106,C04566,Omar Sefrioui,45-54,m,Tanger,mobile,2026-05-08,9999-12-31,True,Bronze,
107,C07648,Zakaria Tazi,55-64,m,Kénitra,mobile,2026-05-08,9999-12-31,True,Bronze,
108,C01107,Salma Benjelloun,25-34,f,Marrakech,social_media,2026-05-08,9999-12-31,True,Bronze,
109,C02002,Sara Haddad,25-34,f,Meknès,web,2026-05-08,9999-12-31,True,Bronze,
110,C06886,Zakaria Benjelloun,25-34,f,Tétouan,referral,2026-05-08,9999-12-31,True,Bronze,
111,C03608,Ali Rahmouni,25-34,m,Rabat,social_media,2026-05-08,9999-12-31,True,Bronze,
112,C00993,Adil Bouazza,55-64,f,Marrakech,marketplace,2026-05-08,9999-12-31,True,Bronze,
113,C05016,Meryem El Ouazzani,45-54,f,Nador,mobile,2026-05-08,9999-12-31,True,Bronze,
114,C02405,Brahim Amrani,25-34,m,Marrakech,web,2026-05-08,9999-12-31,True,Bronze,
115,C00719,Ghita Ouahbi,25-34,m,Tanger,referral,2026-05-08,9999-12-31,True,Bronze,
116,C01685,Imad Naciri,65+,f,Mohammedia,web,2026-05-08,9999-12-31,True,Bronze,
117,C03220,Zakaria El Idrissi,25-34,m,Rabat,mobile,2026-05-08,9999-12-31,True,Bronze,
118,C01295,Khadija Sefrioui,55-64,m,Marrakech,web,2026-05-08,9999-12-31,True,Bronze,
119,C07721,Nawal Rahmouni,35-44,f,Rabat,web,2026-05-08,9999-12-31,True,Bronze,
120,C06447,Ali Ziani,25-34,m,Nador,referral,2026-05-08,9999-12-31,True,Bronze,
121,C04426,Mustapha Haddad,18-24,m,Rabat,referral,2026-05-08,9999-12-31,True,Bronze,
122,C00737,Brahim Alaoui,65+,f,Tanger,social_media,2026-05-08,9999-12-31,True,Bronze,
123,C00922,Said El Ouazzani,25-34,f,Marrakech,web,2026-05-08,9999-12-31,True,Bronze,
124,C01720,Nabil Alaoui,25-34,m,Fès,mobile,2026-05-08,9999-12-31,True,Bronze,
125,C02148,Soufiane Benjelloun,65+,f,Béni Mellal,social_media,2026-05-08,9999-12-31,True,Bronze,
126,C01931,Youssef El Ouazzani,35-44,m,Rabat,social_media,2026-05-08,9999-12-31,True,Bronze,
127,C01246,Said Filali,25-34,f,Rabat,referral,2026-05-08,9999-12-31,True,Bronze,
128,C02356,Asmae El Mansouri,18-24,m,Oujda,web,2026-05-08,9999-12-31,True,Bronze,
129,C03937,Hamza Rahmouni,35-44,m,Béni Mellal,referral,2026-05-08,9999-12-31,True,Bronze,
130,C04725,Omar Bennani,45-54,m,Fès,web,2026-05-08,9999-12-31,True,Bronze,
131,C04835,Ali Skalli,18-24,m,Meknès,web,2026-05-08,9999-12-31,True,Bronze,
132,C03843,Youssef Tazi,45-54,m,Tétouan,mobile,2026-05-08,9999-12-31,True,Bronze,
133,C01985,Reda Kettani,35-44,f,Safi,web,2026-05-08,9999-12-31,True,Bronze,
134,C00546,Zineb El Ouazzani,25-34,f,Tanger,mobile,2026-05-08,9999-12-31,True,Bronze,
135,C00444,Hassan El Amrani,45-54,m,Tanger,referral,2026-05-08,9999-12-31,True,Bronze,
136,C05044,Hanane Skalli,25-34,m,Oujda,marketplace,2026-05-08,9999-12-31,True,Bronze,
137,C05413,Khadija El Amrani,18-24,f,Tanger,social_media,2026-05-08,9999-12-31,True,Bronze,
138,C06710,Nawal El Mansouri,35-44,m,Tanger,web,2026-05-08,9999-12-31,True,Bronze,
139,C05364,Amina Sefrioui,25-34,f,Marrakech,marketplace,2026-05-08,9999-12-31,True,Bronze,
140,C00796,Mohamed El Mansouri,25-34,m,Fès,mobile,2026-05-08,9999-12-31,True,Bronze,
141,C02336,Houda Chraibi,45-54,m,Tanger,mobile,2026-05-08,9999-12-31,True,Bronze,
142,C00380,Houda El Mansouri,45-54,m,Marrakech,referral,2026-05-08,9999-12-31,True,Bronze,
143,C01414,Fatima Rahmouni,35-44,f,Marrakech,social_media,2026-05-08,9999-12-31,True,Bronze,
144,C00065,Driss Amrani,55-64,f,Marrakech,mobile,2026-05-08,9999-12-31,True,Bronze,
145,C02787,Rim Benkirane,18-24,m,Oujda,marketplace,2026-05-08,9999-12-31,True,Bronze,
146,C00738,Youssef Skalli,35-44,f,Fès,mobile,2026-05-08,9999-12-31,True,Bronze,
147,C00157,Ali Benkirane,45-54,m,Rabat,social_media,2026-05-08,9999-12-31,True,Bronze,
148,C06560,Ilham Fassi Fihri,18-24,m,Tanger,social_media,2026-05-08,9999-12-31,True,Bronze,
149,C05034,Amina Fassi Fihri,45-54,f,Marrakech,mobile,2026-05-08,9999-12-31,True,Bronze,
150,C05283,Hassan Kettani,35-44,m,Tétouan,mobile,2026-05-08,9999-12-31,True,Bronze,
151,C07376,Mohamed Sefrioui,55-64,m,Rabat,social_media,2026-05-08,9999-12-31,True,Bronze,
152,C03722,Hind Filali,35-44,m,El Jadida,referral,2026-05-08,9999-12-31,True,Bronze,
153,C06368,Salma Benali,65+,f,Marrakech,marketplace,2026-05-08,9999-12-31,True,Bronze,
154,C01157,Wafae Ouahbi,25-34,f,Marrakech,social_media,2026-05-08,9999-12-31,True,Bronze,
155,C03819,Hind Kettani,35-44,m,Marrakech,marketplace,2026-05-08,9999-12-31,True,Bronze,
156,C02344,Omar Filali,25-34,m,Oujda,web,2026-05-08,9999-12-31,True,Bronze,
157,C05521,Hamza Haddad,35-44,f,Fès,social_media,2026-05-08,9999-12-31,True,Bronze,
158,C07824,Amine Ouahbi,35-44,m,Tanger,marketplace,2026-05-08,9999-12-31,True,Bronze,
159,C01950,Omar Bouzid,25-34,f,Tanger,web,2026-05-08,9999-12-31,True,Bronze,
160,C03299,Hassan Chraibi,25-34,m,Tanger,referral,2026-05-08,9999-12-31,True,Bronze,
161,C00822,Ali Ziani,55-64,m,El Jadida,mobile,2026-05-08,9999-12-31,True,Bronze,
162,C00343,Soufiane Sefrioui,55-64,m,Rabat,marketplace,2026-05-08,9999-12-31,True,Bronze,
163,C02048,Sanae Amrani,45-54,m,Fès,referral,2026-05-08,9999-12-31,True,Bronze,
164,C04812,Fatima Benjelloun,25-34,f,El Jadida,mobile,2026-05-08,9999-12-31,True,Bronze,
165,C00253,Karim Tazi,55-64,f,Tanger,web,2026-05-08,9999-12-31,True,Bronze,
166,C00127,Laila Berrada,45-54,f,Casablanca,social_media,2026-05-08,9999-12-31,True,Bronze,
167,C06679,Nabil El Mansouri,35-44,f,Casablanca,marketplace,2026-05-08,9999-12-31,True,Bronze,
168,C02938,Karim Sefrioui,55-64,f,Tanger,web,2026-05-08,9999-12-31,True,Bronze,
169,C06257,Meryem Naciri,25-34,m,Tanger,marketplace,2026-05-08,9999-12-31,True,Bronze,
170,C06261,Hassan Filali,45-54,m,Béni Mellal,mobile,2026-05-08,9999-12-31,True,Bronze,
171,C00374,Ahmed El Mansouri,55-64,m,Tanger,mobile,2026-05-08,9999-12-31,True,Bronze,
172,C06929,Zineb Naciri,25-34,m,Tanger,mobile,2026-05-08,9999-12-31,True,Bronze,
173,C04068,Mohamed Benjelloun,25-34,m,Tanger,mobile,2026-05-08,9999-12-31,True,Bronze,
174,C03169,Driss Tahiri,Non renseigné,m,Meknès,web,2026-05-08,9999-12-31,True,Bronze,
175,C05197,Reda Benali,18-24,f,Fès,social_media,2026-05-08,9999-12-31,True,Bronze,
176,C05500,Reda Berrada,45-54,m,Fès,referral,2026-05-08,9999-12-31,True,Bronze,
177,C00451,Omar Filali,65+,f,Casablanca,mobile,2026-05-08,9999-12-31,True,Bronze,
178,C01031,Nadia Tahiri,25-34,m,Rabat,mobile,2026-05-08,9999-12-31,True,Bronze,
179,C06805,Laila Haddad,35-44,f,Agadir,marketplace,2026-05-08,9999-12-31,True,Bronze,
180,C03624,Rim Ziani,18-24,m,Marrakech,mobile,2026-05-08,9999-12-31,True,Bronze,
181,C02030,Samira Filali,45-54,f,Tétouan,social_media,2026-05-08,9999-12-31,True,Bronze,
182,C06607,Dounia Fassi Fihri,35-44,m,Tanger,mobile,2026-05-08,9999-12-31,True,Bronze,
183,C04368,Brahim Benali,55-64,f,Safi,referral,2026-05-08,9999-12-31,True,Bronze,
184,C03734,Dounia El Mansouri,45-54,f,Agadir,mobile,2026-05-08,9999-12-31,True,Bronze,
185,C07413,Said Alaoui,55-64,f,Oujda,marketplace,2026-05-08,9999-12-31,True,Bronze,
186,C01349,Driss Benjelloun,25-34,m,Tanger,social_media,2026-05-08,9999-12-31,True,Bronze,
187,C04703,Said Chraibi,18-24,f,Casablanca,web,2026-05-08,9999-12-31,True,Bronze,
188,C06563,Hassan Alaoui,35-44,f,Mohammedia,social_media,2026-05-08,9999-12-31,True,Bronze,
189,C04148,Khalid Rahmouni,45-54,f,Casablanca,web,2026-05-08,9999-12-31,True,Bronze,
190,C01429,Driss Benali,18-24,m,Marrakech,marketplace,2026-05-08,9999-12-31,True,Bronze,
191,C05099,Meryem Chraibi,18-24,m,Casablanca,web,2026-05-08,9999-12-31,True,Bronze,
192,C05871,Fatima Berrada,35-44,m,Kénitra,referral,2026-05-08,9999-12-31,True,Bronze,
193,C07890,Hassan El Idrissi,45-54,m,Marrakech,social_media,2026-05-08,9999-12-31,True,Bronze,
194,C04766,Ilham Bennani,45-54,m,Rabat,social_media,2026-05-08,9999-12-31,True,Bronze,
195,C04245,Meryem Ouahbi,25-34,f,Tanger,web,2026-05-08,9999-12-31,True,Bronze,
196,C04814,Rim Tazi,25-34,m,Casablanca,marketplace,2026-05-08,9999-12-31,True,Bronze,
197,C03406,Loubna Naciri,18-24,m,Rabat,web,2026-05-08,9999-12-31,True,Bronze,
198,C00224,Mohamed Rahmouni,25-34,m,Fès,marketplace,2026-05-08,9999-12-31,True,Bronze,
199,C02886,Wafae Alaoui,Non renseigné,m,Oujda,marketplace,2026-05-08,9999-12-31,True,Bronze,
200,C02899,Mustapha Cherkaoui,55-64,m,Fès,referral,2026-05-08,9999-12-31,True,Bronze,
201,C03263,Ghita Alaoui,25-34,m,Meknès,marketplace,2026-05-08,9999-12-31,True,Bronze,
202,C07201,Hamza El Amrani,18-24,m,Tanger,referral,2026-05-08,9999-12-31,True,Bronze,
203,C06571,Nawal El Idrissi,45-54,f,Marrakech,referral,2026-05-08,9999-12-31,True,Bronze,
204,C00495,Hamza Berrada,35-44,f,Tanger,social_media,2026-05-08,9999-12-31,True,Bronze,
205,C02849,Amine Benkirane,35-44,m,Tétouan,web,2026-05-08,9999-12-31,True,Bronze,
206,C01311,Karim Kettani,45-54,f,Tanger,marketplace,2026-05-08,9999-12-31,True,Bronze,
207,C02135,Ahmed Benali,18-24,m,Casablanca,marketplace,2026-05-08,9999-12-31,True,Bronze,
208,C00220,Khalid Lahlou,25-34,m,Kénitra,referral,2026-05-08,9999-12-31,True,Bronze,
209,C05860,Adil El Ouazzani,25-34,f,Meknès,marketplace,2026-05-08,9999-12-31,True,Bronze,
210,C04760,Loubna Berrada,45-54,m,Rabat,referral,2026-05-08,9999-12-31,True,Bronze,
211,C03671,Omar Fassi Fihri,55-64,m,Safi,mobile,2026-05-08,9999-12-31,True,Bronze,
212,C01782,Sara El Idrissi,45-54,f,Mohammedia,marketplace,2026-05-08,9999-12-31,True,Bronze,
213,C03647,Mohamed Sefrioui,25-34,m,Meknès,social_media,2026-05-08,9999-12-31,True,Bronze,
214,C07082,Khadija Bouazza,25-34,m,Casablanca,social_media,2026-05-08,9999-12-31,True,Bronze,
215,C07585,Driss Tazi,18-24,m,Casablanca,web,2026-05-08,9999-12-31,True,Bronze,
216,C06049,Salma El Idrissi,35-44,m,Tétouan,social_media,2026-05-08,9999-12-31,True,Bronze,
217,C03457,Houda Naciri,55-64,m,Casablanca,web,2026-05-08,9999-12-31,True,Bronze,
218,C01088,Ahmed Bouazza,35-44,f,Kénitra,referral,2026-05-08,9999-12-31,True,Bronze,
219,C07626,Meryem Alaoui,45-54,m,Meknès,mobile,2026-05-08,9999-12-31,True,Bronze,
220,C01004,Wafae Bouazza,45-54,m,Agadir,marketplace,2026-05-08,9999-12-31,True,Bronze,
221,C01473,Khalid Tahiri,25-34,m,Agadir,social_media,2026-05-08,9999-12-31,True,Bronze,
222,C00881,Wafae Bouzid,25-34,m,Casablanca,marketplace,2026-05-08,9999-12-31,True,Bronze,
223,C06835,Reda Berrada,55-64,f,Béni Mellal,referral,2026-05-08,9999-12-31,True,Bronze,
224,C06937,Youssef Bouazza,35-44,f,Rabat,web,2026-05-08,9999-12-31,True,Bronze,
225,C04316,Reda Tazi,25-34,f,Casablanca,referral,2026-05-08,9999-12-31,True,Bronze,
226,C04979,Zineb Alaoui,55-64,m,Tétouan,referral,2026-05-08,9999-12-31,True,Bronze,
227,C01449,Youssef Cherkaoui,25-34,m,Tanger,web,2026-05-08,9999-12-31,True,Bronze,
228,C07703,Soufiane Ouahbi,Non renseigné,f,Tanger,social_media,2026-05-08,9999-12-31,True,Bronze,
229,C06016,Khalid Fassi Fihri,35-44,m,Fès,referral,2026-05-08,9999-12-31,True,Bronze,
230,C05679,Hamza Bennani,55-64,m,Casablanca,marketplace,2026-05-08,9999-12-31,True,Bronze,
231,C02958,Sara Alaoui,35-44,m,Tétouan,mobile,2026-05-08,9999-12-31,True,Bronze,
232,C07259,Hassan Skalli,45-54,f,Mohammedia,web,2026-05-08,9999-12-31,True,Bronze,
233,C06173,Hanane Chraibi,45-54,m,El Jadida,marketplace,2026-05-08,9999-12-31,True,Bronze,
234,C05620,Mustapha Ouahbi,45-54,m,Rabat,web,2026-05-08,9999-12-31,True,Bronze,
235,C02920,Khalid Lahlou,18-24,m,Casablanca,web,2026-05-08,9999-12-31,True,Bronze,
236,C02017,Omar Haddad,Non renseigné,m,Casablanca,social_media,2026-05-08,9999-12-31,True,Bronze,
237,C03448,Zakaria El Idrissi,25-34,f,Mohammedia,mobile,2026-05-08,9999-12-31,True,Bronze,
238,C04878,Omar Sefrioui,25-34,m,Marrakech,social_media,2026-05-08,9999-12-31,True,Bronze,
239,C01218,Said Kettani,45-54,m,Mohammedia,referral,2026-05-08,9999-12-31,True,Bronze,
240,C01091,Adil Alaoui,55-64,m,Fès,referral,2026-05-08,9999-12-31,True,Bronze,
241,C05100,Youssef Benjelloun,25-34,f,Tanger,mobile,2026-05-08,9999-12-31,True,Bronze,
242,C07829,Hassan Benali,25-34,m,Fès,mobile,2026-05-08,9999-12-31,True,Bronze,
243,C06203,Zakaria Haddad,25-34,f,Fès,marketplace,2026-05-08,9999-12-31,True,Bronze,
244,C03093,Laila Alaoui,18-24,f,Tanger,social_media,2026-05-08,9999-12-31,True,Bronze,
245,C02062,Hassan Chraibi,35-44,m,Safi,social_media,2026-05-08,9999-12-31,True,Bronze,
246,C01424,Youssef Sefrioui,55-64,m,Nador,mobile,2026-05-08,9999-12-31,True,Bronze,
247,C05609,Ilham Benjelloun,35-44,m,Tanger,referral,2026-05-08,9999-12-31,True,Bronze,
248,C03720,Hind El Amrani,45-54,m,Safi,web,2026-05-08,9999-12-31,True,Bronze,
249,C06940,Hamza Bennani,55-64,m,Rabat,social_media,2026-05-08,9999-12-31,True,Bronze,
250,C04718,Driss Filali,25-34,f,Kénitra,web,2026-05-08,9999-12-31,True,Bronze,
251,C05948,Nawal El Mansouri,35-44,m,Rabat,referral,2026-05-08,9999-12-31,True,Bronze,
252,C05592,Hanane Bennani,55-64,f,Agadir,mobile,2026-05-08,9999-12-31,True,Bronze,
253,C01333,Zineb Naciri,45-54,m,Tanger,web,2026-05-08,9999-12-31,True,Bronze,
254,C04393,Wafae Bouzid,25-34,m,Fès,social_media,2026-05-08,9999-12-31,True,Bronze,
255,C01750,Ghita El Ouazzani,25-34,m,Agadir,social_media,2026-05-08,9999-12-31,True,Bronze,
256,C05003,Hamza Benjelloun,45-54,m,Meknès,social_media,2026-05-08,9999-12-31,True,Bronze,
257,C05638,Rachid Berrada,18-24,m,Marrakech,web,2026-05-08,9999-12-31,True,Bronze,
258,C07661,Reda El Ouazzani,25-34,m,Tanger,referral,2026-05-08,9999-12-31,True,Bronze,
259,C07175,Khadija Kettani,25-34,m,Tanger,referral,2026-05-08,9999-12-31,True,Bronze,
260,C04946,Karim Fassi Fihri,25-34,m,Fès,marketplace,2026-05-08,9999-12-31,True,Bronze,
261,C01921,Hamza El Idrissi,45-54,f,El Jadida,social_media,2026-05-08,9999-12-31,True,Bronze,
262,C00463,Ahmed Bouazza,45-54,f,Tétouan,mobile,2026-05-08,9999-12-31,True,Bronze,
263,C02282,Said El Mansouri,45-54,f,Safi,social_media,2026-05-08,9999-12-31,True,Bronze,
264,C05106,Rim Chraibi,45-54,f,Rabat,social_media,2026-05-08,9999-12-31,True,Bronze,
265,C06577,Hind Rahmouni,55-64,f,Kénitra,referral,2026-05-08,9999-12-31,True,Bronze,
266,C02806,Ali Filali,45-54,m,Tétouan,mobile,2026-05-08,9999-12-31,True,Bronze,
267,C03129,Brahim Amrani,35-44,f,Casablanca,social_media,2026-05-08,9999-12-31,True,Bronze,
268,C00805,Zineb Rahmouni,45-54,m,Casablanca,social_media,2026-05-08,9999-12-31,True,Bronze,
269,C07489,Omar Fassi Fihri,18-24,f,Casablanca,mobile,2026-05-08,9999-12-31,True,Bronze,
270,C03864,Wafae Chraibi,55-64,f,Oujda,referral,2026-05-08,9999-12-31,True,Bronze,
271,C00083,Meryem Sefrioui,25-34,f,Safi,mobile,2026-05-08,9999-12-31,True,Bronze,
272,C03292,Amine Amrani,45-54,f,Fès,mobile,2026-05-08,9999-12-31,True,Bronze,
273,C04912,Zineb El Ouazzani,35-44,m,Oujda,referral,2026-05-08,9999-12-31,True,Bronze,
274,C04439,Imad Kettani,45-54,m,Tanger,mobile,2026-05-08,9999-12-31,True,Bronze,
275,C04617,Adil El Mansouri,35-44,f,Casablanca,social_media,2026-05-08,9999-12-31,True,Bronze,
276,C01304,Fatima Benjelloun,55-64,m,Fès,mobile,2026-05-08,9999-12-31,True,Bronze,
277,C07015,Amina El Idrissi,55-64,f,Casablanca,mobile,2026-05-08,9999-12-31,True,Bronze,
278,C05800,Laila Haddad,45-54,f,Béni Mellal,marketplace,2026-05-08,9999-12-31,True,Bronze,
279,C04352,Sanae Kettani,18-24,m,Mohammedia,marketplace,2026-05-08,9999-12-31,True,Bronze,
280,C02799,Amina El Amrani,55-64,f,Fès,social_media,2026-05-08,9999-12-31,True,Bronze,
281,C03163,Hind Cherkaoui,25-34,f,Casablanca,web,2026-05-08,9999-12-31,True,Bronze,
282,C05908,Mustapha Bouzid,18-24,m,Rabat,social_media,2026-05-08,9999-12-31,True,Bronze,
283,C01326,Nabil Filali,45-54,f,Fès,referral,2026-05-08,9999-12-31,True,Bronze,
284,C05912,Mustapha Ouahbi,45-54,m,Marrakech,social_media,2026-05-08,9999-12-31,True,Bronze,
285,C07503,Soufiane Skalli,Non renseigné,f,Nador,web,2026-05-08,9999-12-31,True,Bronze,
286,C01890,Nawal Skalli,45-54,f,Mohammedia,social_media,2026-05-08,9999-12-31,True,Bronze,
287,C02661,Sanae Benjelloun,45-54,m,Kénitra,web,2026-05-08,9999-12-31,True,Bronze,
288,C04918,Reda El Idrissi,18-24,m,Mohammedia,web,2026-05-08,9999-12-31,True,Bronze,
289,C04618,Adil Ziani,55-64,f,Marrakech,marketplace,2026-05-08,9999-12-31,True,Bronze,
290,C01305,Asmae Haddad,25-34,m,Casablanca,social_media,2026-05-08,9999-12-31,True,Bronze,
291,C07024,Zakaria Benkirane,55-64,f,Tétouan,web,2026-05-08,9999-12-31,True,Bronze,
292,C06831,Ali Ouahbi,55-64,m,Tétouan,referral,2026-05-08,9999-12-31,True,Bronze,
293,C02313,Said Skalli,25-34,m,Casablanca,web,2026-05-08,9999-12-31,True,Bronze,
294,C04346,Reda Skalli,25-34,m,Safi,referral,2026-05-08,9999-12-31,True,Bronze,
295,C06117,Zineb Bouazza,18-24,m,Marrakech,social_media,2026-05-08,9999-12-31,True,Bronze,
296,C07614,Adil Benjelloun,18-24,f,Fès,mobile,2026-05-08,9999-12-31,True,Bronze,
297,C07186,Hamza Sefrioui,18-24,f,Béni Mellal,marketplace,2026-05-08,9999-12-31,True,Bronze,
298,C02745,Rachid Skalli,35-44,m,Kénitra,referral,2026-05-08,9999-12-31,True,Bronze,
299,C02394,Hassan Amrani,35-44,m,Rabat,referral,2026-05-08,9999-12-31,True,Bronze,
300,C03122,Loubna Bennani,25-34,f,Meknès,web,2026-05-08,9999-12-31,True,Bronze,
301,C05538,Sanae Skalli,65+,m,Tanger,mobile,2026-05-08,9999-12-31,True,Bronze,
302,C02490,Mustapha El Mansouri,18-24,m,Casablanca,referral,2026-05-08,9999-12-31,True,Bronze,
303,C00294,Khalid Rahmouni,25-34,f,Agadir,social_media,2026-05-08,9999-12-31,True,Bronze,
304,C03735,Mustapha El Amrani,18-24,m,Casablanca,mobile,2026-05-08,9999-12-31,True,Bronze,
305,C02730,Adil El Ouazzani,25-34,m,El Jadida,marketplace,2026-05-08,9999-12-31,True,Bronze,
306,C06527,Dounia Ouahbi,Non renseigné,m,Casablanca,mobile,2026-05-08,9999-12-31,True,Bronze,
307,C06063,Said Cherkaoui,25-34,m,Safi,web,2026-05-08,9999-12-31,True,Bronze,
308,C01909,Loubna Fassi Fihri,25-34,f,Fès,social_media,2026-05-08,9999-12-31,True,Bronze,
309,C06278,Rim Tazi,45-54,f,Casablanca,web,2026-05-08,9999-12-31,True,Bronze,
310,C00856,Wafae Lahlou,25-34,m,Agadir,web,2026-05-08,9999-12-31,True,Bronze,
311,C05398,Asmae Ouahbi,55-64,f,Marrakech,marketplace,2026-05-08,9999-12-31,True,Bronze,
312,C04126,Mustapha Benkirane,45-54,m,Oujda,marketplace,2026-05-08,9999-12-31,True,Bronze,
313,C03367,Omar Ziani,45-54,m,Rabat,web,2026-05-08,9999-12-31,True,Bronze,
314,C03392,Nabil Skalli,55-64,m,Nador,marketplace,2026-05-08,9999-12-31,True,Bronze,
315,C02545,Asmae El Mansouri,25-34,m,Mohammedia,web,2026-05-08,9999-12-31,True,Bronze,
316,C00576,Nabil Bouazza,55-64,m,Casablanca,mobile,2026-05-08,9999-12-31,True,Bronze,
317,C06421,Rachid Bouzid,55-64,f,Casablanca,referral,2026-05-08,9999-12-31,True,Bronze,
318,C00635,Loubna Tazi,45-54,m,El Jadida,referral,2026-05-08,9999-12-31,True,Bronze,
319,C01434,Ali Bouazza,65+,f,Safi,referral,2026-05-08,9999-12-31,True,Bronze,
320,C05632,Mehdi Benali,25-34,m,Marrakech,referral,2026-05-08,9999-12-31,True,Bronze,
321,C05822,Amine El Idrissi,65+,m,Agadir,social_media,2026-05-08,9999-12-31,True,Bronze,
322,C03323,Ghita Bouazza,45-54,f,Marrakech,social_media,2026-05-08,9999-12-31,True,Bronze,
323,C04963,Hanane Tahiri,18-24,m,Casablanca,social_media,2026-05-08,9999-12-31,True,Bronze,
324,C02697,Houda Sefrioui,35-44,f,Tétouan,web,2026-05-08,9999-12-31,True,Bronze,
325,C00430,Hassan Kettani,55-64,m,Mohammedia,web,2026-05-08,9999-12-31,True,Bronze,
326,C07141,Nadia El Amrani,25-34,m,Casablanca,mobile,2026-05-08,9999-12-31,True,Bronze,
327,C03755,Karim Cherkaoui,25-34,m,Tanger,referral,2026-05-08,9999-12-31,True,Bronze,
328,C01374,Karim Benkirane,18-24,f,Fès,web,2026-05-08,9999-12-31,True,Bronze,
329,C03284,Amina El Idrissi,55-64,m,Rabat,mobile,2026-05-08,9999-12-31,True,Bronze,
330,C07218,Rim Alaoui,35-44,f,Rabat,referral,2026-05-08,9999-12-31,True,Bronze,
331,C00816,Youssef Berrada,45-54,m,Nador,web,2026-05-08,9999-12-31,True,Bronze,
332,C05280,Rachid Bouzid,18-24,m,Tanger,mobile,2026-05-08,9999-12-31,True,Bronze,
333,C07828,Amina Tahiri,35-44,m,Safi,marketplace,2026-05-08,9999-12-31,True,Bronze,
334,C07595,Meryem Ouahbi,55-64,m,Nador,marketplace,2026-05-08,9999-12-31,True,Bronze,
335,C07498,Wafae Kettani,25-34,f,Oujda,marketplace,2026-05-08,9999-12-31,True,Bronze,
336,C00850,Mehdi Benkirane,25-34,f,Casablanca,marketplace,2026-05-08,9999-12-31,True,Bronze,
337,C03554,Samira El Idrissi,55-64,m,Casablanca,social_media,2026-05-08,9999-12-31,True,Bronze,
338,C03456,Meryem Benkirane,Non renseigné,m,Casablanca,mobile,2026-05-08,9999-12-31,True,Bronze,
339,C04719,Ghita El Ouazzani,18-24,m,Tanger,referral,2026-05-08,9999-12-31,True,Bronze,
340,C06485,Adil El Amrani,45-54,f,Meknès,social_media,2026-05-08,9999-12-31,True,Bronze,
341,C02502,Khalid Benjelloun,25-34,m,Béni Mellal,web,2026-05-08,9999-12-31,True,Bronze,
342,C07521,Ghita Cherkaoui,45-54,m,Tanger,referral,2026-05-08,9999-12-31,True,Bronze,
343,C02060,Asmae Ziani,18-24,m,Casablanca,marketplace,2026-05-08,9999-12-31,True,Bronze,
344,C05277,Zakaria Benkirane,35-44,m,Casablanca,social_media,2026-05-08,9999-12-31,True,Bronze,
345,C04625,Youssef Skalli,25-34,f,Marrakech,referral,2026-05-08,9999-12-31,True,Bronze,
346,C07858,Youssef Bouazza,25-34,f,Rabat,marketplace,2026-05-08,9999-12-31,True,Bronze,
347,C01344,Sara Bouazza,55-64,m,Fès,web,2026-05-08,9999-12-31,True,Bronze,
348,C04050,Ahmed Tahiri,18-24,m,Mohammedia,marketplace,2026-05-08,9999-12-31,True,Bronze,
349,C06230,Imad Amrani,45-54,m,Nador,web,2026-05-08,9999-12-31,True,Bronze,
350,C07845,Youssef Rahmouni,45-54,m,Agadir,marketplace,2026-05-08,9999-12-31,True,Bronze,
351,C06579,Sanae Tahiri,18-24,m,Béni Mellal,marketplace,2026-05-08,9999-12-31,True,Bronze,
352,C00228,Meryem El Mansouri,45-54,m,Tanger,web,2026-05-08,9999-12-31,True,Bronze,
353,C01605,Ghita Filali,45-54,m,Agadir,referral,2026-05-08,9999-12-31,True,Bronze,
354,C06754,Said Benkirane,35-44,f,Fès,web,2026-05-08,9999-12-31,True,Bronze,
355,C02947,Mohamed Bouazza,25-34,f,Fès,referral,2026-05-08,9999-12-31,True,Bronze,
356,C05969,Reda El Idrissi,45-54,m,Safi,referral,2026-05-08,9999-12-31,True,Bronze,
357,C06350,Ilham Fassi Fihri,35-44,m,Béni Mellal,marketplace,2026-05-08,9999-12-31,True,Bronze,
358,C04707,Hanane Bennani,35-44,m,Béni Mellal,web,2026-05-08,9999-12-31,True,Bronze,
359,C00202,Houda Alaoui,55-64,m,Mohammedia,social_media,2026-05-08,9999-12-31,True,Bronze,
360,C02703,Samira El Mansouri,25-34,m,Casablanca,referral,2026-05-08,9999-12-31,True,Bronze,
361,C01709,Sara El Ouazzani,45-54,f,Rabat,social_media,2026-05-08,9999-12-31,True,Bronze,
362,C04103,Mustapha Ziani,18-24,m,Marrakech,mobile,2026-05-08,9999-12-31,True,Bronze,
363,C05087,Ali Tazi,18-24,f,Mohammedia,mobile,2026-05-08,9999-12-31,True,Bronze,
364,C03899,Amine Benali,25-34,m,Tétouan,marketplace,2026-05-08,9999-12-31,True,Bronze,
365,C07200,Nawal Tahiri,35-44,m,Tanger,referral,2026-05-08,9999-12-31,True,Bronze,
366,C02049,Nawal Sefrioui,18-24,m,Marrakech,referral,2026-05-08,9999-12-31,True,Bronze,
367,C00843,Adil El Amrani,55-64,m,Casablanca,referral,2026-05-08,9999-12-31,True,Bronze,
368,C00176,Adil El Idrissi,55-64,f,Safi,marketplace,2026-05-08,9999-12-31,True,Bronze,
369,C06425,Asmae Filali,18-24,m,Mohammedia,mobile,2026-05-08,9999-12-31,True,Bronze,
370,C02621,Nawal Benjelloun,35-44,f,Rabat,referral,2026-05-08,9999-12-31,True,Bronze,
371,C06177,Khadija El Idrissi,25-34,f,Rabat,mobile,2026-05-08,9999-12-31,True,Bronze,
372,C04356,Youssef Kettani,45-54,m,Oujda,referral,2026-05-08,9999-12-31,True,Bronze,
373,C06995,Imad El Idrissi,35-44,m,Casablanca,marketplace,2026-05-08,9999-12-31,True,Bronze,
374,C02461,Wafae Tahiri,55-64,m,Fès,mobile,2026-05-08,9999-12-31,True,Bronze,
375,C01058,Ali Sefrioui,65+,m,Meknès,mobile,2026-05-08,9999-12-31,True,Bronze,
376,C06830,Karim Haddad,45-54,m,Fès,web,2026-05-08,9999-12-31,True,Bronze,
377,C06080,Said Benkirane,25-34,m,Casablanca,referral,2026-05-08,9999-12-31,True,Bronze,
378,C02751,Mustapha El Mansouri,Non renseigné,f,Tétouan,marketplace,2026-05-08,9999-12-31,True,Bronze,
379,C04742,Salma Tahiri,55-64,m,Meknès,mobile,2026-05-08,9999-12-31,True,Bronze,
380,C00502,Salma El Idrissi,55-64,m,Tanger,marketplace,2026-05-08,9999-12-31,True,Bronze,
381,C00649,Mustapha Benkirane,18-24,m,Tanger,mobile,2026-05-08,9999-12-31,True,Bronze,
382,C03629,Salma Amrani,35-44,f,Fès,social_media,2026-05-08,9999-12-31,True,Bronze,
383,C07275,Sara El Mansouri,25-34,m,Tanger,social_media,2026-05-08,9999-12-31,True,Bronze,
384,C05562,Fatima Benali,45-54,m,Fès,referral,2026-05-08,9999-12-31,True,Bronze,
385,C04256,Hamza Tahiri,45-54,m,Fès,marketplace,2026-05-08,9999-12-31,True,Bronze,
386,C07853,Fatima Kettani,55-64,m,Rabat,social_media,2026-05-08,9999-12-31,True,Bronze,
387,C02626,Khalid Bouzid,25-34,m,Marrakech,referral,2026-05-08,9999-12-31,True,Bronze,
388,C06899,Samira Amrani,25-34,m,Tanger,social_media,2026-05-08,9999-12-31,True,Bronze,
389,C04728,Mohamed El Amrani,35-44,f,Tanger,web,2026-05-08,9999-12-31,True,Bronze,
390,C05402,Dounia El Ouazzani,25-34,m,Agadir,referral,2026-05-08,9999-12-31,True,Bronze,
391,C01009,Ali Benali,45-54,m,Meknès,mobile,2026-05-08,9999-12-31,True,Bronze,
392,C07897,Sara Ouahbi,25-34,m,Fès,web,2026-05-08,9999-12-31,True,Bronze,
393,C01900,Nawal Sefrioui,45-54,f,Tanger,mobile,2026-05-08,9999-12-31,True,Bronze,
394,C07803,Ali Cherkaoui,55-64,m,Casablanca,mobile,2026-05-08,9999-12-31,True,Bronze,
395,C03837,Amina Cherkaoui,35-44,m,Casablanca,web,2026-05-08,9999-12-31,True,Bronze,
396,C05547,Hind Benjelloun,45-54,m,Mohammedia,mobile,2026-05-08,9999-12-31,True,Bronze,
397,C07802,Rachid Lahlou,45-54,f,Tanger,referral,2026-05-08,9999-12-31,True,Bronze,
398,C02567,Said Ziani,18-24,m,Rabat,mobile,2026-05-08,9999-12-31,True,Bronze,
399,C01153,Hamza Ziani,35-44,m,Casablanca,mobile,2026-05-08,9999-12-31,True,Bronze,
400,C03974,Hamza Fassi Fihri,25-34,f,Tanger,marketplace,2026-05-08,9999-12-31,True,Bronze,
401,C02300,Youssef Amrani,35-44,f,Tétouan,social_media,2026-05-08,9999-12-31,True,Bronze,
402,C03357,Meryem Benjelloun,35-44,m,Safi,marketplace,2026-05-08,9999-12-31,True,Bronze,
403,C01171,Soufiane Lahlou,18-24,f,Marrakech,social_media,2026-05-08,9999-12-31,True,Bronze,
404,C06208,Ahmed Kettani,25-34,f,Kénitra,marketplace,2026-05-08,9999-12-31,True,Bronze,
405,C07197,Khadija Bennani,18-24,m,Tanger,web,2026-05-08,9999-12-31,True,Bronze,
406,C00270,Ahmed El Idrissi,18-24,m,Marrakech,web,2026-05-08,9999-12-31,True,Bronze,
407,C03151,Hanane Bennani,25-34,m,Rabat,social_media,2026-05-08,9999-12-31,True,Bronze,
408,C05191,Driss Fassi Fihri,25-34,m,Fès,marketplace,2026-05-08,9999-12-31,True,Bronze,
409,C04787,Reda Tazi,35-44,m,Fès,web,2026-05-08,9999-12-31,True,Bronze,
410,C01829,Houda Filali,35-44,m,Tétouan,referral,2026-05-08,9999-12-31,True,Bronze,
411,C07405,Nabil El Idrissi,45-54,m,Marrakech,referral,2026-05-08,9999-12-31,True,Bronze,
412,C06826,Laila Tahiri,25-34,m,El Jadida,referral,2026-05-08,9999-12-31,True,Bronze,
413,C04004,Khalid Skalli,18-24,m,Oujda,mobile,2026-05-08,9999-12-31,True,Bronze,
414,C02971,Imad Alaoui,55-64,f,El Jadida,marketplace,2026-05-08,9999-12-31,True,Bronze,
415,C00341,Rim Haddad,18-24,m,Casablanca,marketplace,2026-05-08,9999-12-31,True,Bronze,
416,C07128,Hanane Amrani,55-64,m,Casablanca,referral,2026-05-08,9999-12-31,True,Bronze,
417,C01906,Youssef El Ouazzani,45-54,m,Rabat,web,2026-05-08,9999-12-31,True,Bronze,
418,C04008,Laila Naciri,25-34,m,Tanger,referral,2026-05-08,9999-12-31,True,Bronze,
419,C01531,Hind Ouahbi,25-34,f,Tanger,social_media,2026-05-08,9999-12-31,True,Bronze,
420,C03633,Nabil Sefrioui,45-54,f,Tanger,referral,2026-05-08,9999-12-31,True,Bronze,
421,C06924,Driss Alaoui,55-64,m,Kénitra,mobile,2026-05-08,9999-12-31,True,Bronze,
422,C04138,Meryem Skalli,55-64,m,Casablanca,mobile,2026-05-08,9999-12-31,True,Bronze,
423,C06465,Asmae Bouazza,45-54,f,Fès,referral,2026-05-08,9999-12-31,True,Bronze,
424,C00056,Samira Ouahbi,25-34,m,Marrakech,mobile,2026-05-08,9999-12-31,True,Bronze,
425,C02482,Reda Bouzid,45-54,m,Agadir,referral,2026-05-08,9999-12-31,True,Bronze,
426,C07640,Omar Amrani,35-44,m,Agadir,web,2026-05-08,9999-12-31,True,Bronze,
427,C00606,Mohamed Bouzid,25-34,m,Tanger,mobile,2026-05-08,9999-12-31,True,Bronze,
428,C03684,Ghita Bouazza,35-44,m,Tanger,social_media,2026-05-08,9999-12-31,True,Bronze,
429,C06590,Zineb Tahiri,25-34,m,Meknès,marketplace,2026-05-08,9999-12-31,True,Bronze,
430,C06140,Rim Tazi,25-34,m,Tanger,web,2026-05-08,9999-12-31,True,Bronze,
431,C02624,Rachid Kettani,45-54,m,Marrakech,marketplace,2026-05-08,9999-12-31,True,Bronze,
432,C01516,Nabil Bouazza,35-44,m,Béni Mellal,social_media,2026-05-08,9999-12-31,True,Bronze,
433,C03534,Sanae Chraibi,45-54,m,Tétouan,mobile,2026-05-08,9999-12-31,True,Bronze,
434,C03469,Amina Kettani,25-34,m,Rabat,web,2026-05-08,9999-12-31,True,Bronze,
435,C07179,Mohamed Bouzid,55-64,m,Casablanca,marketplace,2026-05-08,9999-12-31,True,Bronze,
436,C02497,Fatima El Ouazzani,35-44,f,Agadir,referral,2026-05-08,9999-12-31,True,Bronze,
437,C07284,Ilham Chraibi,25-34,f,Tanger,mobile,2026-05-08,9999-12-31,True,Bronze,
438,C04001,Ilham Cherkaoui,45-54,m,Casablanca,social_media,2026-05-08,9999-12-31,True,Bronze,
439,C02127,Laila Tazi,25-34,m,Tanger,mobile,2026-05-08,9999-12-31,True,Bronze,
440,C02810,Sara Benkirane,45-54,m,Mohammedia,social_media,2026-05-08,9999-12-31,True,Bronze,
441,C06319,Wafae Alaoui,25-34,f,Agadir,mobile,2026-05-08,9999-12-31,True,Bronze,
442,C00503,Loubna Kettani,35-44,f,Marrakech,marketplace,2026-05-08,9999-12-31,True,Bronze,
443,C04949,Brahim Berrada,45-54,m,Oujda,web,2026-05-08,9999-12-31,True,Bronze,
444,C03724,Imad Tahiri,45-54,m,Agadir,web,2026-05-08,9999-12-31,True,Bronze,
445,C00996,Hind Cherkaoui,45-54,m,Rabat,mobile,2026-05-08,9999-12-31,True,Bronze,
446,C04611,Karim Benjelloun,35-44,m,Fès,mobile,2026-05-08,9999-12-31,True,Bronze,
447,C05451,Amina Rahmouni,45-54,m,Safi,referral,2026-05-08,9999-12-31,True,Bronze,
448,C05266,Hassan Bennani,18-24,m,Rabat,mobile,2026-05-08,9999-12-31,True,Bronze,
449,C04857,Zakaria Tazi,35-44,m,Casablanca,web,2026-05-08,9999-12-31,True,Bronze,
450,C07620,Samira Lahlou,55-64,m,Fès,marketplace,2026-05-08,9999-12-31,True,Bronze,
451,C00906,Hamza Amrani,55-64,f,Casablanca,marketplace,2026-05-08,9999-12-31,True,Bronze,
452,C02645,Hanane El Ouazzani,35-44,f,Marrakech,marketplace,2026-05-08,9999-12-31,True,Bronze,
453,C01186,Hamza Haddad,18-24,m,Marrakech,marketplace,2026-05-08,9999-12-31,True,Bronze,
454,C04107,Ghita Bouazza,Non renseigné,f,El Jadida,mobile,2026-05-08,9999-12-31,True,Bronze,
455,C03428,Samira Skalli,25-34,f,Mohammedia,mobile,2026-05-08,9999-12-31,True,Bronze,
456,C02800,Ali Alaoui,45-54,f,Béni Mellal,marketplace,2026-05-08,9999-12-31,True,Bronze,
457,C01672,Zineb Ouahbi,25-34,m,Tanger,mobile,2026-05-08,9999-12-31,True,Bronze,
458,C04550,Brahim Skalli,35-44,f,Tétouan,referral,2026-05-08,9999-12-31,True,Bronze,
459,C00244,Soufiane El Idrissi,25-34,m,Fès,social_media,2026-05-08,9999-12-31,True,Bronze,
460,C05951,Driss Bennani,18-24,m,Rabat,marketplace,2026-05-08,9999-12-31,True,Bronze,
461,C07312,Rachid Tazi,55-64,m,Tanger,marketplace,2026-05-08,9999-12-31,True,Bronze,
462,C04170,Nabil Berrada,55-64,m,Mohammedia,referral,2026-05-08,9999-12-31,True,Bronze,
463,C05740,Asmae Sefrioui,25-34,f,Marrakech,mobile,2026-05-08,9999-12-31,True,Bronze,
464,C02870,Amine Amrani,45-54,f,Agadir,web,2026-05-08,9999-12-31,True,Bronze,
465,C01970,Ahmed Lahlou,45-54,f,Tanger,marketplace,2026-05-08,9999-12-31,True,Bronze,
466,C00340,Samira El Amrani,35-44,m,Safi,referral,2026-05-08,9999-12-31,True,Bronze,
467,C02747,Ilham Rahmouni,35-44,f,Rabat,web,2026-05-08,9999-12-31,True,Bronze,
468,C04794,Ghita Fassi Fihri,55-64,f,Casablanca,marketplace,2026-05-08,9999-12-31,True,Bronze,
469,C00214,Sara Lahlou,18-24,f,Rabat,web,2026-05-08,9999-12-31,True,Bronze,
470,C00425,Mehdi Sefrioui,35-44,m,Fès,web,2026-05-08,9999-12-31,True,Bronze,
471,C04973,Meryem El Mansouri,45-54,f,Fès,mobile,2026-05-08,9999-12-31,True,Bronze,
472,C06824,Asmae Benali,25-34,f,Rabat,mobile,2026-05-08,9999-12-31,True,Bronze,
473,C04099,Rachid Benkirane,55-64,m,Casablanca,referral,2026-05-08,9999-12-31,True,Bronze,
474,C02512,Adil Cherkaoui,45-54,m,Agadir,marketplace,2026-05-08,9999-12-31,True,Bronze,
475,C02268,Fatima Amrani,35-44,m,Béni Mellal,mobile,2026-05-08,9999-12-31,True,Bronze,
476,C05858,Omar Filali,35-44,m,Rabat,referral,2026-05-08,9999-12-31,True,Bronze,
477,C01799,Zakaria Kettani,45-54,m,Casablanca,social_media,2026-05-08,9999-12-31,True,Bronze,
478,C01046,Nawal El Idrissi,25-34,f,Agadir,referral,2026-05-08,9999-12-31,True,Bronze,
479,C04207,Omar El Mansouri,35-44,f,El Jadida,marketplace,2026-05-08,9999-12-31,True,Bronze,
480,C04340,Amine Kettani,45-54,m,Marrakech,mobile,2026-05-08,9999-12-31,True,Bronze,
481,C05291,Reda Filali,35-44,m,Casablanca,marketplace,2026-05-08,9999-12-31,True,Bronze,
482,C05872,Mohamed Fassi Fihri,55-64,f,Fès,referral,2026-05-08,9999-12-31,True,Bronze,
483,C06303,Rachid Tazi,55-64,f,Tanger,marketplace,2026-05-08,9999-12-31,True,Bronze,
484,C03031,Brahim Cherkaoui,45-54,f,Marrakech,mobile,2026-05-08,9999-12-31,True,Bronze,
485,C01949,Loubna Kettani,35-44,m,Rabat,referral,2026-05-08,9999-12-31,True,Bronze,
486,C01703,Nawal Tahiri,35-44,f,Casablanca,marketplace,2026-05-08,9999-12-31,True,Bronze,
487,C03242,Imad Rahmouni,45-54,m,Tanger,mobile,2026-05-08,9999-12-31,True,Bronze,
488,C02039,Adil Benali,45-54,m,Casablanca,marketplace,2026-05-08,9999-12-31,True,Bronze,
489,C05891,Ghita Amrani,35-44,m,Fès,mobile,2026-05-08,9999-12-31,True,Bronze,
490,C04351,Meryem Sefrioui,35-44,m,Béni Mellal,web,2026-05-08,9999-12-31,True,Bronze,
491,C01717,Dounia Lahlou,18-24,m,Tanger,referral,2026-05-08,9999-12-31,True,Bronze,
492,C02045,Reda Benkirane,25-34,m,Mohammedia,referral,2026-05-08,9999-12-31,True,Bronze,
493,C01743,Zakaria Sefrioui,35-44,f,Marrakech,referral,2026-05-08,9999-12-31,True,Bronze,
494,C00115,Amina Filali,45-54,f,Marrakech,social_media,2026-05-08,9999-12-31,True,Bronze,
495,C03355,Fatima Filali,35-44,f,Kénitra,social_media,2026-05-08,9999-12-31,True,Bronze,
496,C04274,Rachid Tahiri,18-24,f,Rabat,web,2026-05-08,9999-12-31,True,Bronze,
497,C05823,Omar Berrada,55-64,m,Rabat,mobile,2026-05-08,9999-12-31,True,Bronze,
498,C00664,Rachid El Amrani,65+,m,Rabat,referral,2026-05-08,9999-12-31,True,Bronze,
499,C03577,Houda Fassi Fihri,25-34,m,Casablanca,referral,2026-05-08,9999-12-31,True,Bronze,
500,C05096,Driss Ziani,45-54,f,Agadir,web,2026-05-08,9999-12-31,True,Bronze,
501,C04484,Said Chraibi,65+,m,Oujda,referral,2026-05-08,9999-12-31,True,Bronze,
502,C00616,Ali Rahmouni,45-54,f,Rabat,web,2026-05-08,9999-12-31,True,Bronze,
503,C01047,Meryem Rahmouni,55-64,m,Tanger,marketplace,2026-05-08,9999-12-31,True,Bronze,
504,C02403,Rachid Naciri,45-54,f,Tétouan,web,2026-05-08,9999-12-31,True,Bronze,
505,C05914,Zakaria Amrani,18-24,f,Fès,web,2026-05-08,9999-12-31,True,Bronze,
506,C04299,Soufiane El Ouazzani,55-64,f,Meknès,referral,2026-05-08,9999-12-31,True,Bronze,
507,C03301,Hamza Tahiri,25-34,m,Meknès,referral,2026-05-08,9999-12-31,True,Bronze,
508,C06737,Meryem Bouazza,35-44,m,Casablanca,social_media,2026-05-08,9999-12-31,True,Bronze,
509,C00530,Dounia Naciri,45-54,f,Marrakech,mobile,2026-05-08,9999-12-31,True,Bronze,
510,C04010,Sanae Cherkaoui,35-44,f,Oujda,web,2026-05-08,9999-12-31,True,Bronze,
511,C07458,Karim Fassi Fihri,55-64,m,Safi,web,2026-05-08,9999-12-31,True,Bronze,
512,C01726,Rachid Amrani,45-54,f,Rabat,mobile,2026-05-08,9999-12-31,True,Bronze,
513,C01469,Omar Lahlou,25-34,m,Tanger,social_media,2026-05-08,9999-12-31,True,Bronze,
514,C00023,Adil Rahmouni,35-44,m,Casablanca,referral,2026-05-08,9999-12-31,True,Bronze,
515,C07879,Mehdi El Idrissi,25-34,m,Agadir,marketplace,2026-05-08,9999-12-31,True,Bronze,
516,C07706,Dounia Benjelloun,18-24,f,Rabat,web,2026-05-08,9999-12-31,True,Bronze,
517,C06988,Amine El Amrani,25-34,f,Tanger,web,2026-05-08,9999-12-31,True,Bronze,
518,C00969,Mehdi Benali,25-34,m,Tanger,mobile,2026-05-08,9999-12-31,True,Bronze,
519,C00523,Zakaria Bouzid,35-44,f,Rabat,web,2026-05-08,9999-12-31,True,Bronze,
520,C05772,Sanae Berrada,55-64,f,Fès,social_media,2026-05-08,9999-12-31,True,Bronze,
521,C00745,Zineb Skalli,18-24,m,Casablanca,marketplace,2026-05-08,9999-12-31,True,Bronze,
522,C06688,Rim Filali,45-54,m,Tanger,mobile,2026-05-08,9999-12-31,True,Bronze,
523,C02376,Rachid Chraibi,45-54,f,Casablanca,referral,2026-05-08,9999-12-31,True,Bronze,
524,C04514,Houda Bouzid,35-44,f,Kénitra,social_media,2026-05-08,9999-12-31,True,Bronze,
525,C07120,Houda Kettani,35-44,m,Agadir,web,2026-05-08,9999-12-31,True,Bronze,
526,C05837,Khalid Bouzid,55-64,f,Tétouan,web,2026-05-08,9999-12-31,True,Bronze,
527,C06809,Amina Benkirane,25-34,f,Agadir,social_media,2026-05-08,9999-12-31,True,Bronze,
528,C00276,Meryem El Mansouri,18-24,f,Nador,mobile,2026-05-08,9999-12-31,True,Bronze,
529,C03458,Wafae Cherkaoui,55-64,m,Tanger,web,2026-05-08,9999-12-31,True,Bronze,
530,C07728,Amina Berrada,35-44,f,Casablanca,web,2026-05-08,9999-12-31,True,Bronze,
531,C01314,Adil Amrani,45-54,m,Meknès,social_media,2026-05-08,9999-12-31,True,Bronze,
532,C06845,Ahmed Alaoui,45-54,m,Casablanca,referral,2026-05-08,9999-12-31,True,Bronze,
533,C04040,Brahim Benkirane,18-24,m,Meknès,mobile,2026-05-08,9999-12-31,True,Bronze,
534,C04863,Dounia Naciri,35-44,m,Casablanca,web,2026-05-08,9999-12-31,True,Bronze,
535,C03291,Omar Haddad,18-24,f,Casablanca,social_media,2026-05-08,9999-12-31,True,Bronze,
536,C02348,Karim Ziani,45-54,m,Safi,mobile,2026-05-08,9999-12-31,True,Bronze,
537,C01080,Ahmed Bennani,25-34,m,Fès,mobile,2026-05-08,9999-12-31,True,Bronze,
538,C01839,Ahmed Alaoui,25-34,f,Nador,marketplace,2026-05-08,9999-12-31,True,Bronze,
539,C07351,Nawal Sefrioui,45-54,m,Rabat,marketplace,2026-05-08,9999-12-31,True,Bronze,
540,C01711,Hanane Chraibi,55-64,f,Oujda,social_media,2026-05-08,9999-12-31,True,Bronze,
541,C06361,Mohamed Lahlou,25-34,m,Fès,web,2026-05-08,9999-12-31,True,Bronze,
542,C01259,Loubna Benjelloun,45-54,f,El Jadida,social_media,2026-05-08,9999-12-31,True,Bronze,
543,C07165,Sara Tazi,18-24,m,Marrakech,web,2026-05-08,9999-12-31,True,Bronze,
544,C00779,Mustapha Benjelloun,25-34,m,Nador,referral,2026-05-08,9999-12-31,True,Bronze,
545,C05054,Amine Bouzid,35-44,f,Marrakech,referral,2026-05-08,9999-12-31,True,Bronze,
546,C02142,Nadia Benkirane,45-54,f,Oujda,social_media,2026-05-08,9999-12-31,True,Bronze,
547,C06011,Laila Lahlou,55-64,f,Tanger,web,2026-05-08,9999-12-31,True,Bronze,
548,C06779,Ahmed El Ouazzani,18-24,m,Béni Mellal,web,2026-05-08,9999-12-31,True,Bronze,
549,C01901,Imad Rahmouni,25-34,m,Tétouan,referral,2026-05-08,9999-12-31,True,Bronze,
550,C03164,Ahmed Benjelloun,35-44,f,Casablanca,marketplace,2026-05-08,9999-12-31,True,Bronze,
551,C05001,Soufiane Filali,45-54,f,Marrakech,marketplace,2026-05-08,9999-12-31,True,Bronze,
552,C03520,Karim Fassi Fihri,55-64,m,Fès,web,2026-05-08,9999-12-31,True,Bronze,
553,C01284,Amine Benali,55-64,m,Tanger,marketplace,2026-05-08,9999-12-31,True,Bronze,
554,C01027,Omar Naciri,35-44,m,Fès,marketplace,2026-05-08,9999-12-31,True,Bronze,
555,C07133,Asmae Tazi,45-54,f,Rabat,web,2026-05-08,9999-12-31,True,Bronze,
556,C03522,Meryem Alaoui,18-24,m,Tanger,mobile,2026-05-08,9999-12-31,True,Bronze,
557,C00694,Said Ouahbi,25-34,m,Marrakech,web,2026-05-08,9999-12-31,True,Bronze,
558,C02147,Laila Fassi Fihri,45-54,m,Tétouan,mobile,2026-05-08,9999-12-31,True,Bronze,
559,C05630,Karim Alaoui,25-34,m,Casablanca,mobile,2026-05-08,9999-12-31,True,Bronze,
560,C04383,Hamza Benali,55-64,f,Mohammedia,referral,2026-05-08,9999-12-31,True,Bronze,
561,C04493,Hanane Benali,18-24,m,Safi,marketplace,2026-05-08,9999-12-31,True,Bronze,
562,C03478,Ahmed Tahiri,35-44,m,Fès,social_media,2026-05-08,9999-12-31,True,Bronze,
563,C00470,Laila El Mansouri,18-24,f,Mohammedia,social_media,2026-05-08,9999-12-31,True,Bronze,
564,C02926,Omar Ziani,18-24,m,Tanger,social_media,2026-05-08,9999-12-31,True,Bronze,
565,C05188,Mohamed Bennani,55-64,m,Rabat,web,2026-05-08,9999-12-31,True,Bronze,
566,C00278,Ali Berrada,45-54,f,Tanger,referral,2026-05-08,9999-12-31,True,Bronze,
567,C03637,Salma Benali,25-34,f,Fès,marketplace,2026-05-08,9999-12-31,True,Bronze,
568,C01748,Youssef Bennani,35-44,m,Kénitra,web,2026-05-08,9999-12-31,True,Bronze,
569,C04391,Laila Kettani,18-24,m,Marrakech,marketplace,2026-05-08,9999-12-31,True,Bronze,
570,C02622,Rachid Benali,55-64,f,Fès,referral,2026-05-08,9999-12-31,True,Bronze,
571,C01974,Meryem El Amrani,65+,m,Nador,mobile,2026-05-08,9999-12-31,True,Bronze,
572,C01565,Khalid Sefrioui,35-44,m,Kénitra,referral,2026-05-08,9999-12-31,True,Bronze,
573,C06881,Reda Bouazza,55-64,m,Oujda,mobile,2026-05-08,9999-12-31,True,Bronze,
574,C06102,Karim Benkirane,18-24,f,Marrakech,social_media,2026-05-08,9999-12-31,True,Bronze,
575,C00006,Ahmed Skalli,55-64,m,Rabat,mobile,2026-05-08,9999-12-31,True,Bronze,
576,C06410,Youssef Bennani,35-44,m,Casablanca,referral,2026-05-08,9999-12-31,True,Bronze,
577,C05947,Sanae Haddad,35-44,m,Meknès,mobile,2026-05-08,9999-12-31,True,Bronze,
578,C03657,Rim Tazi,25-34,m,Tanger,marketplace,2026-05-08,9999-12-31,True,Bronze,
579,C01464,Hassan Rahmouni,35-44,m,Marrakech,web,2026-05-08,9999-12-31,True,Bronze,
580,C03487,Amine Kettani,25-34,f,Fès,social_media,2026-05-08,9999-12-31,True,Bronze,
581,C02729,Khalid Skalli,55-64,m,Casablanca,web,2026-05-08,9999-12-31,True,Bronze,
582,C00319,Nabil Tahiri,25-34,m,Nador,web,2026-05-08,9999-12-31,True,Bronze,
583,C02514,Hassan Fassi Fihri,35-44,f,Casablanca,referral,2026-05-08,9999-12-31,True,Bronze,
584,C00787,Hanane Cherkaoui,55-64,m,Marrakech,mobile,2026-05-08,9999-12-31,True,Bronze,
585,C00941,Reda Benjelloun,55-64,f,Béni Mellal,marketplace,2026-05-08,9999-12-31,True,Bronze,
586,C02570,Reda Haddad,25-34,f,Tanger,referral,2026-05-08,9999-12-31,True,Bronze,
587,C04507,Zakaria El Amrani,25-34,m,Casablanca,mobile,2026-05-08,9999-12-31,True,Bronze,
588,C00088,Hamza Lahlou,25-34,f,Casablanca,social_media,2026-05-08,9999-12-31,True,Bronze,
589,C05062,Karim El Mansouri,25-34,m,Tanger,web,2026-05-08,9999-12-31,True,Bronze,
590,C04232,Zineb Bouzid,55-64,m,Tanger,web,2026-05-08,9999-12-31,True,Bronze,
591,C03282,Rachid El Idrissi,45-54,m,Fès,marketplace,2026-05-08,9999-12-31,True,Bronze,
592,C07076,Reda Bennani,25-34,m,Casablanca,mobile,2026-05-08,9999-12-31,True,Bronze,
593,C00684,Rachid El Idrissi,35-44,f,Marrakech,web,2026-05-08,9999-12-31,True,Bronze,
594,C03827,Dounia Tahiri,55-64,f,Casablanca,mobile,2026-05-08,9999-12-31,True,Bronze,
595,C05114,Hassan Sefrioui,55-64,f,Safi,web,2026-05-08,9999-12-31,True,Bronze,
596,C07291,Laila Berrada,45-54,f,Tanger,marketplace,2026-05-08,9999-12-31,True,Bronze,
597,C01560,Meryem Tazi,25-34,f,Nador,mobile,2026-05-08,9999-12-31,True,Bronze,
598,C05358,Soufiane Skalli,18-24,m,Nador,mobile,2026-05-08,9999-12-31,True,Bronze,
599,C00130,Samira El Mansouri,45-54,f,Fès,marketplace,2026-05-08,9999-12-31,True,Bronze,
600,C07231,Salma Bennani,55-64,m,Tanger,marketplace,2026-05-08,9999-12-31,True,Bronze,
601,C02078,Amina Sefrioui,55-64,m,Marrakech,web,2026-05-08,9999-12-31,True,Bronze,
602,C07460,Omar Amrani,55-64,m,Agadir,web,2026-05-08,9999-12-31,True,Bronze,
603,C03687,Adil Berrada,25-34,m,Tanger,web,2026-05-08,9999-12-31,True,Bronze,
604,C00296,Mehdi Ouahbi,25-34,m,Tanger,web,2026-05-08,9999-12-31,True,Bronze,
605,C01379,Rim El Idrissi,45-54,f,Mohammedia,referral,2026-05-08,9999-12-31,True,Bronze,
606,C05717,Sara El Amrani,35-44,m,Marrakech,marketplace,2026-05-08,9999-12-31,True,Bronze,
607,C03980,Khalid El Idrissi,55-64,m,Agadir,social_media,2026-05-08,9999-12-31,True,Bronze,
608,C05941,Imad Ouahbi,45-54,m,Tanger,web,2026-05-08,9999-12-31,True,Bronze,
609,C03245,Ali Skalli,25-34,f,Agadir,social_media,2026-05-08,9999-12-31,True,Bronze,
610,C06309,Khadija Sefrioui,45-54,f,Fès,web,2026-05-08,9999-12-31,True,Bronze,
611,C07785,Laila Kettani,45-54,m,Tanger,mobile,2026-05-08,9999-12-31,True,Bronze,
612,C06558,Fatima Amrani,45-54,m,Agadir,referral,2026-05-08,9999-12-31,True,Bronze,
613,C01078,Khalid Bouzid,45-54,m,Tanger,referral,2026-05-08,9999-12-31,True,Bronze,
614,C07581,Nadia Cherkaoui,45-54,f,Casablanca,mobile,2026-05-08,9999-12-31,True,Bronze,
615,C05067,Soufiane Bouazza,25-34,m,Rabat,social_media,2026-05-08,9999-12-31,True,Bronze,
616,C03795,Karim Bouzid,45-54,f,Tanger,referral,2026-05-08,9999-12-31,True,Bronze,
617,C00304,Khalid Ouahbi,Non renseigné,m,Rabat,marketplace,2026-05-08,9999-12-31,True,Bronze,
618,C03188,Samira Benali,55-64,m,Tétouan,mobile,2026-05-08,9999-12-31,True,Bronze,
619,C04957,Amina Tazi,25-34,m,El Jadida,social_media,2026-05-08,9999-12-31,True,Bronze,
620,C05807,Youssef Tahiri,18-24,m,Agadir,web,2026-05-08,9999-12-31,True,Bronze,
621,C03033,Nadia Amrani,25-34,f,Marrakech,referral,2026-05-08,9999-12-31,True,Bronze,
622,C06901,Mehdi Alaoui,55-64,m,Casablanca,web,2026-05-08,9999-12-31,True,Bronze,
623,C04753,Amina Lahlou,55-64,f,Nador,mobile,2026-05-08,9999-12-31,True,Bronze,
624,C05399,Brahim Benjelloun,25-34,m,Rabat,mobile,2026-05-08,9999-12-31,True,Bronze,
625,C04096,Nawal Skalli,55-64,m,Marrakech,social_media,2026-05-08,9999-12-31,True,Bronze,
626,C04613,Brahim Benjelloun,55-64,m,Tanger,marketplace,2026-05-08,9999-12-31,True,Bronze,
627,C03557,Wafae Ziani,55-64,f,Oujda,marketplace,2026-05-08,9999-12-31,True,Bronze,
628,C00658,Hassan Alaoui,35-44,f,Marrakech,web,2026-05-08,9999-12-31,True,Bronze,
629,C02813,Sanae Benjelloun,35-44,f,Nador,web,2026-05-08,9999-12-31,True,Bronze,
630,C04425,Houda Benjelloun,45-54,m,Oujda,referral,2026-05-08,9999-12-31,True,Bronze,
631,C04292,Nadia Haddad,55-64,f,Agadir,referral,2026-05-08,9999-12-31,True,Bronze,
632,C06610,Samira Chraibi,35-44,m,Casablanca,social_media,2026-05-08,9999-12-31,True,Bronze,
633,C05550,Samira Tahiri,18-24,m,Nador,social_media,2026-05-08,9999-12-31,True,Bronze,
634,C05090,Sara Chraibi,55-64,m,Casablanca,mobile,2026-05-08,9999-12-31,True,Bronze,
635,C04782,Mohamed Cherkaoui,25-34,f,Marrakech,social_media,2026-05-08,9999-12-31,True,Bronze,
636,C03685,Houda Skalli,55-64,f,Rabat,marketplace,2026-05-08,9999-12-31,True,Bronze,
637,C06721,Driss El Idrissi,25-34,m,Mohammedia,web,2026-05-08,9999-12-31,True,Bronze,
638,C04133,Meryem El Idrissi,25-34,f,Béni Mellal,social_media,2026-05-08,9999-12-31,True,Bronze,
639,C02946,Wafae Filali,Non renseigné,m,Tétouan,social_media,2026-05-08,9999-12-31,True,Bronze,
640,C00892,Rim Haddad,35-44,f,Agadir,web,2026-05-08,9999-12-31,True,Bronze,
641,C02383,Reda Benkirane,18-24,m,Marrakech,referral,2026-05-08,9999-12-31,True,Bronze,
642,C07244,Mohamed Benali,55-64,f,Tétouan,marketplace,2026-05-08,9999-12-31,True,Bronze,
643,C07295,Ali Alaoui,25-34,f,Tanger,mobile,2026-05-08,9999-12-31,True,Bronze,
644,C01308,Dounia Tahiri,55-64,m,Agadir,marketplace,2026-05-08,9999-12-31,True,Bronze,
645,C03267,Samira El Amrani,45-54,m,Fès,mobile,2026-05-08,9999-12-31,True,Bronze,
646,C06859,Nabil Tahiri,45-54,f,Safi,referral,2026-05-08,9999-12-31,True,Bronze,
647,C02498,Nabil Haddad,45-54,f,Casablanca,marketplace,2026-05-08,9999-12-31,True,Bronze,
648,C00437,Rachid Kettani,25-34,f,Béni Mellal,web,2026-05-08,9999-12-31,True,Bronze,
649,C06857,Sanae Kettani,25-34,m,Fès,referral,2026-05-08,9999-12-31,True,Bronze,
650,C00487,Ghita Berrada,25-34,f,Meknès,social_media,2026-05-08,9999-12-31,True,Bronze,
651,C01573,Dounia Alaoui,55-64,f,Rabat,referral,2026-05-08,9999-12-31,True,Bronze,
652,C02089,Hind Filali,45-54,m,Marrakech,referral,2026-05-08,9999-12-31,True,Bronze,
653,C05499,Rachid Chraibi,45-54,f,Tanger,web,2026-05-08,9999-12-31,True,Bronze,
654,C00950,Salma Benjelloun,45-54,f,Agadir,marketplace,2026-05-08,9999-12-31,True,Bronze,
655,C06092,Khadija Amrani,45-54,m,Kénitra,mobile,2026-05-08,9999-12-31,True,Bronze,
656,C03480,Meryem Chraibi,45-54,f,Rabat,social_media,2026-05-08,9999-12-31,True,Bronze,
657,C00377,Amine Lahlou,25-34,f,Casablanca,web,2026-05-08,9999-12-31,True,Bronze,
658,C01352,Amine Alaoui,45-54,f,Fès,social_media,2026-05-08,9999-12-31,True,Bronze,
659,C00016,Ghita Benjelloun,18-24,m,Marrakech,mobile,2026-05-08,9999-12-31,True,Bronze,
660,C00817,Asmae El Idrissi,45-54,f,Tanger,mobile,2026-05-08,9999-12-31,True,Bronze,
661,C06285,Nabil Berrada,18-24,m,Fès,marketplace,2026-05-08,9999-12-31,True,Bronze,
662,C03389,Reda Chraibi,45-54,f,Tanger,web,2026-05-08,9999-12-31,True,Bronze,
663,C00994,Reda Benjelloun,25-34,m,Casablanca,marketplace,2026-05-08,9999-12-31,True,Bronze,
664,C07967,Amina Skalli,45-54,m,Casablanca,marketplace,2026-05-08,9999-12-31,True,Bronze,
665,C00717,Hind Berrada,55-64,m,Mohammedia,marketplace,2026-05-08,9999-12-31,True,Bronze,
666,C06519,Samira Berrada,25-34,f,Rabat,mobile,2026-05-08,9999-12-31,True,Bronze,
667,C00168,Loubna Kettani,55-64,f,Nador,mobile,2026-05-08,9999-12-31,True,Bronze,
668,C00142,Hassan Benjelloun,35-44,m,Agadir,referral,2026-05-08,9999-12-31,True,Bronze,
669,C01696,Youssef Amrani,35-44,f,Casablanca,mobile,2026-05-08,9999-12-31,True,Bronze,
670,C01896,Karim El Mansouri,18-24,f,Marrakech,social_media,2026-05-08,9999-12-31,True,Bronze,
671,C02997,Asmae Berrada,55-64,f,Tétouan,marketplace,2026-05-08,9999-12-31,True,Bronze,
672,C07801,Hamza Cherkaoui,45-54,m,Fès,social_media,2026-05-08,9999-12-31,True,Bronze,
673,C06726,Karim Benjelloun,35-44,m,Tanger,social_media,2026-05-08,9999-12-31,True,Bronze,
674,C04334,Brahim El Ouazzani,55-64,m,Tanger,marketplace,2026-05-08,9999-12-31,True,Bronze,
675,C01641,Reda Amrani,35-44,m,Kénitra,marketplace,2026-05-08,9999-12-31,True,Bronze,
676,C02069,Nawal Skalli,35-44,m,Béni Mellal,mobile,2026-05-08,9999-12-31,True,Bronze,
677,C00768,Amine Filali,35-44,m,Béni Mellal,mobile,2026-05-08,9999-12-31,True,Bronze,
678,C04318,Nadia Kettani,35-44,m,Tanger,social_media,2026-05-08,9999-12-31,True,Bronze,
679,C04258,Khadija Amrani,25-34,m,Fès,marketplace,2026-05-08,9999-12-31,True,Bronze,
680,C02965,Mustapha Filali,35-44,f,Tanger,marketplace,2026-05-08,9999-12-31,True,Bronze,
681,C07421,Hassan Lahlou,25-34,f,Nador,web,2026-05-08,9999-12-31,True,Bronze,
682,C04882,Rim Chraibi,25-34,m,Tanger,social_media,2026-05-08,9999-12-31,True,Bronze,
683,C01077,Adil El Ouazzani,35-44,m,Fès,marketplace,2026-05-08,9999-12-31,True,Bronze,
684,C02595,Said Berrada,55-64,m,Fès,social_media,2026-05-08,9999-12-31,True,Bronze,
685,C03686,Mohamed Rahmouni,35-44,m,Fès,mobile,2026-05-08,9999-12-31,True,Bronze,
686,C03146,Nabil El Mansouri,55-64,f,Fès,social_media,2026-05-08,9999-12-31,True,Bronze,
687,C07639,Hassan El Ouazzani,45-54,m,Mohammedia,marketplace,2026-05-08,9999-12-31,True,Bronze,
688,C01059,Dounia Benkirane,25-34,m,Casablanca,social_media,2026-05-08,9999-12-31,True,Bronze,
689,C06174,Omar Tahiri,35-44,f,Meknès,social_media,2026-05-08,9999-12-31,True,Bronze,
690,C07665,Hassan Kettani,25-34,m,Rabat,referral,2026-05-08,9999-12-31,True,Bronze,
691,C03855,Sara Haddad,25-34,f,Casablanca,web,2026-05-08,9999-12-31,True,Bronze,
692,C07611,Said Amrani,18-24,m,El Jadida,web,2026-05-08,9999-12-31,True,Bronze,
693,C03121,Soufiane Berrada,45-54,m,Rabat,marketplace,2026-05-08,9999-12-31,True,Bronze,
694,C06141,Mustapha Berrada,45-54,f,Agadir,mobile,2026-05-08,9999-12-31,True,Bronze,
695,C00839,Meryem Berrada,35-44,m,Marrakech,web,2026-05-08,9999-12-31,True,Bronze,
696,C03329,Reda Cherkaoui,25-34,f,Marrakech,referral,2026-05-08,9999-12-31,True,Bronze,
697,C05101,Laila El Mansouri,35-44,f,Fès,referral,2026-05-08,9999-12-31,True,Bronze,
698,C07298,Loubna Benali,18-24,m,Kénitra,mobile,2026-05-08,9999-12-31,True,Bronze,
699,C00085,Ahmed Kettani,35-44,f,Tanger,web,2026-05-08,9999-12-31,True,Bronze,
700,C07530,Imad Naciri,35-44,m,Oujda,social_media,2026-05-08,9999-12-31,True,Bronze,
701,C04623,Said Fassi Fihri,55-64,m,Rabat,social_media,2026-05-08,9999-12-31,True,Bronze,
702,C03760,Mohamed Sefrioui,45-54,m,Rabat,social_media,2026-05-08,9999-12-31,True,Bronze,
703,C04887,Rim El Ouazzani,35-44,m,Fès,marketplace,2026-05-08,9999-12-31,True,Bronze,
704,C05733,Zakaria Haddad,65+,m,Fès,mobile,2026-05-08,9999-12-31,True,Bronze,
705,C03009,Salma Benjelloun,Non renseigné,m,Béni Mellal,mobile,2026-05-08,9999-12-31,True,Bronze,
706,C04056,Said Kettani,45-54,m,El Jadida,mobile,2026-05-08,9999-12-31,True,Bronze,
707,C05719,Imad Tazi,45-54,f,Kénitra,social_media,2026-05-08,9999-12-31,True,Bronze,
708,C06698,Meryem Skalli,18-24,f,Marrakech,social_media,2026-05-08,9999-12-31,True,Bronze,
709,C04100,Zakaria Benkirane,45-54,m,Tanger,social_media,2026-05-08,9999-12-31,True,Bronze,
710,C00417,Mehdi Ziani,25-34,f,Béni Mellal,social_media,2026-05-08,9999-12-31,True,Bronze,
711,C07516,Hassan Cherkaoui,55-64,m,Marrakech,web,2026-05-08,9999-12-31,True,Bronze,
712,C00974,Mohamed Benjelloun,35-44,f,Rabat,web,2026-05-08,9999-12-31,True,Bronze,
713,C00218,Sanae Benjelloun,55-64,m,Tanger,referral,2026-05-08,9999-12-31,True,Bronze,
714,C07340,Ghita Tahiri,18-24,m,Fès,mobile,2026-05-08,9999-12-31,True,Bronze,
715,C07335,Wafae Ouahbi,45-54,m,Kénitra,social_media,2026-05-08,9999-12-31,True,Bronze,
716,C00764,Samira Fassi Fihri,18-24,m,Casablanca,marketplace,2026-05-08,9999-12-31,True,Bronze,
717,C04468,Houda Berrada,18-24,m,Nador,referral,2026-05-08,9999-12-31,True,Bronze,
718,C07005,Nawal Benali,55-64,m,Fès,web,2026-05-08,9999-12-31,True,Bronze,
719,C02764,Adil Berrada,25-34,f,Fès,referral,2026-05-08,9999-12-31,True,Bronze,
720,C07462,Meryem Alaoui,35-44,f,Casablanca,mobile,2026-05-08,9999-12-31,True,Bronze,
721,C05345,Nawal El Amrani,55-64,f,Tanger,mobile,2026-05-08,9999-12-31,True,Bronze,
722,C02834,Mehdi El Ouazzani,55-64,m,Safi,referral,2026-05-08,9999-12-31,True,Bronze,
723,C06714,Khalid El Amrani,55-64,f,Kénitra,referral,2026-05-08,9999-12-31,True,Bronze,
724,C05642,Soufiane Fassi Fihri,25-34,m,Marrakech,marketplace,2026-05-08,9999-12-31,True,Bronze,
725,C02852,Fatima Benali,25-34,m,Rabat,web,2026-05-08,9999-12-31,True,Bronze,
726,C06594,Mohamed Alaoui,18-24,f,Marrakech,social_media,2026-05-08,9999-12-31,True,Bronze,
727,C03160,Hamza Cherkaoui,45-54,m,Agadir,marketplace,2026-05-08,9999-12-31,True,Bronze,
728,C04104,Amina Naciri,18-24,f,Marrakech,marketplace,2026-05-08,9999-12-31,True,Bronze,
729,C05031,Reda Bennani,35-44,m,Béni Mellal,referral,2026-05-08,9999-12-31,True,Bronze,
730,C03340,Rim Berrada,35-44,f,Tétouan,referral,2026-05-08,9999-12-31,True,Bronze,
731,C04469,Driss Benali,35-44,f,Casablanca,marketplace,2026-05-08,9999-12-31,True,Bronze,
732,C03971,Nawal El Idrissi,65+,m,Fès,marketplace,2026-05-08,9999-12-31,True,Bronze,
733,C02561,Soufiane Bouazza,Non renseigné,m,El Jadida,social_media,2026-05-08,9999-12-31,True,Bronze,
734,C02073,Youssef Skalli,55-64,m,Tanger,mobile,2026-05-08,9999-12-31,True,Bronze,
735,C06876,Mohamed El Idrissi,35-44,m,Meknès,social_media,2026-05-08,9999-12-31,True,Bronze,
736,C01273,Nadia El Idrissi,35-44,m,Tanger,mobile,2026-05-08,9999-12-31,True,Bronze,
737,C07164,Hind Alaoui,35-44,f,Fès,marketplace,2026-05-08,9999-12-31,True,Bronze,
738,C03547,Reda Benjelloun,55-64,m,El Jadida,social_media,2026-05-08,9999-12-31,True,Bronze,
739,C04404,Meryem El Amrani,25-34,m,Meknès,marketplace,2026-05-08,9999-12-31,True,Bronze,
740,C07046,Khalid Fassi Fihri,25-34,f,Marrakech,marketplace,2026-05-08,9999-12-31,True,Bronze,
741,C02189,Ghita Benjelloun,25-34,f,Casablanca,marketplace,2026-05-08,9999-12-31,True,Bronze,
742,C02285,Said Lahlou,35-44,m,Marrakech,mobile,2026-05-08,9999-12-31,True,Bronze,
743,C05952,Khadija Bouzid,55-64,f,Tanger,web,2026-05-08,9999-12-31,True,Bronze,
744,C00933,Omar Cherkaoui,45-54,f,Béni Mellal,referral,2026-05-08,9999-12-31,True,Bronze,
745,C06601,Imad Bennani,45-54,m,Casablanca,social_media,2026-05-08,9999-12-31,True,Bronze,
746,C04504,Hamza Bouazza,25-34,f,Safi,marketplace,2026-05-08,9999-12-31,True,Bronze,
747,C03002,Zineb Bouazza,45-54,m,Casablanca,referral,2026-05-08,9999-12-31,True,Bronze,
748,C00092,Ilham Berrada,55-64,m,Marrakech,social_media,2026-05-08,9999-12-31,True,Bronze,
749,C03814,Omar Ouahbi,25-34,m,Marrakech,web,2026-05-08,9999-12-31,True,Bronze,
750,C01331,Salma Benali,25-34,f,Casablanca,referral,2026-05-08,9999-12-31,True,Bronze,
751,C04932,Houda Lahlou,Non renseigné,m,Nador,referral,2026-05-08,9999-12-31,True,Bronze,
752,C03821,Brahim Berrada,35-44,f,Tanger,referral,2026-05-08,9999-12-31,True,Bronze,
753,C00263,Nabil El Idrissi,18-24,m,El Jadida,marketplace,2026-05-08,9999-12-31,True,Bronze,
754,C01584,Asmae Bouazza,35-44,m,Oujda,social_media,2026-05-08,9999-12-31,True,Bronze,
755,C01596,Ilham Ouahbi,25-34,f,Fès,web,2026-05-08,9999-12-31,True,Bronze,
756,C03826,Driss Tahiri,55-64,m,Meknès,mobile,2026-05-08,9999-12-31,True,Bronze,
757,C02204,Nadia Kettani,35-44,f,El Jadida,web,2026-05-08,9999-12-31,True,Bronze,
758,C05742,Zineb Chraibi,45-54,f,Kénitra,mobile,2026-05-08,9999-12-31,True,Bronze,
759,C02874,Houda Sefrioui,35-44,m,Casablanca,mobile,2026-05-08,9999-12-31,True,Bronze,
760,C04478,Meryem Bouazza,55-64,m,Kénitra,marketplace,2026-05-08,9999-12-31,True,Bronze,
761,C03928,Laila Ziani,25-34,f,Tanger,marketplace,2026-05-08,9999-12-31,True,Bronze,
762,C04854,Nawal Benali,35-44,f,Nador,mobile,2026-05-08,9999-12-31,True,Bronze,
763,C04406,Imad Tahiri,18-24,m,Safi,mobile,2026-05-08,9999-12-31,True,Bronze,
764,C07011,Amine Tahiri,25-34,m,Tanger,web,2026-05-08,9999-12-31,True,Bronze,
765,C06270,Ilham Chraibi,45-54,m,Marrakech,web,2026-05-08,9999-12-31,True,Bronze,
766,C00499,Houda Haddad,55-64,f,Fès,mobile,2026-05-08,9999-12-31,True,Bronze,
767,C01356,Sara Lahlou,18-24,m,Tanger,social_media,2026-05-08,9999-12-31,True,Bronze,
768,C01558,Samira Tahiri,55-64,m,Mohammedia,referral,2026-05-08,9999-12-31,True,Bronze,
769,C06656,Rim Tazi,35-44,m,Tanger,referral,2026-05-08,9999-12-31,True,Bronze,
770,C07003,Karim El Amrani,45-54,f,Béni Mellal,marketplace,2026-05-08,9999-12-31,True,Bronze,
771,C00569,Samira Benali,55-64,f,Fès,marketplace,2026-05-08,9999-12-31,True,Bronze,
772,C05167,Driss Ouahbi,35-44,m,Rabat,social_media,2026-05-08,9999-12-31,True,Bronze,
773,C04110,Khalid Haddad,45-54,m,Fès,mobile,2026-05-08,9999-12-31,True,Bronze,
774,C05918,Nabil Bennani,35-44,f,Fès,web,2026-05-08,9999-12-31,True,Bronze,
775,C02798,Rachid Bennani,25-34,m,Fès,web,2026-05-08,9999-12-31,True,Bronze,
776,C00179,Said Benali,35-44,f,Casablanca,marketplace,2026-05-08,9999-12-31,True,Bronze,
777,C01264,Reda Benkirane,55-64,f,Rabat,web,2026-05-08,9999-12-31,True,Bronze,
778,C02145,Rachid Benjelloun,18-24,f,Meknès,web,2026-05-08,9999-12-31,True,Bronze,
779,C04959,Rachid Fassi Fihri,25-34,f,Marrakech,mobile,2026-05-08,9999-12-31,True,Bronze,
780,C01778,Fatima Sefrioui,65+,m,Mohammedia,web,2026-05-08,9999-12-31,True,Bronze,
781,C01832,Adil Chraibi,55-64,f,Tanger,web,2026-05-08,9999-12-31,True,Bronze,
782,C00103,Rim Bouzid,55-64,f,Marrakech,referral,2026-05-08,9999-12-31,True,Bronze,
783,C01938,Khalid Alaoui,45-54,m,Tanger,mobile,2026-05-08,9999-12-31,True,Bronze,
784,C03852,Brahim Berrada,25-34,m,El Jadida,mobile,2026-05-08,9999-12-31,True,Bronze,
785,C04799,Mohamed El Idrissi,35-44,f,Tétouan,web,2026-05-08,9999-12-31,True,Bronze,
786,C04749,Ahmed Naciri,45-54,m,Casablanca,web,2026-05-08,9999-12-31,True,Bronze,
787,C05330,Samira Haddad,45-54,f,Marrakech,marketplace,2026-05-08,9999-12-31,True,Bronze,
788,C02964,Fatima Haddad,55-64,m,Fès,social_media,2026-05-08,9999-12-31,True,Bronze,
789,C02181,Meryem El Amrani,35-44,m,Rabat,mobile,2026-05-08,9999-12-31,True,Bronze,
790,C07474,Nawal Benkirane,55-64,m,Tanger,social_media,2026-05-08,9999-12-31,True,Bronze,
791,C04427,Hanane Bouzid,25-34,m,Casablanca,marketplace,2026-05-08,9999-12-31,True,Bronze,
792,C01121,Mohamed Bouzid,45-54,m,Kénitra,marketplace,2026-05-08,9999-12-31,True,Bronze,
793,C05438,Rachid El Idrissi,35-44,m,Fès,mobile,2026-05-08,9999-12-31,True,Bronze,
794,C07970,Salma Fassi Fihri,55-64,m,Tanger,referral,2026-05-08,9999-12-31,True,Bronze,
795,C00963,Karim El Ouazzani,18-24,m,Tanger,web,2026-05-08,9999-12-31,True,Bronze,
796,C05700,Hassan El Ouazzani,55-64,f,Casablanca,referral,2026-05-08,9999-12-31,True,Bronze,
797,C06808,Houda El Idrissi,35-44,m,Oujda,referral,2026-05-08,9999-12-31,True,Bronze,
798,C03779,Ahmed El Ouazzani,45-54,m,Safi,mobile,2026-05-08,9999-12-31,True,Bronze,
799,C07311,Asmae Naciri,25-34,m,Béni Mellal,referral,2026-05-08,9999-12-31,True,Bronze,
800,C04962,Ali Ziani,45-54,m,Marrakech,marketplace,2026-05-08,9999-12-31,True,Bronze,
801,C07745,Driss Filali,18-24,m,Tanger,social_media,2026-05-08,9999-12-31,True,Bronze,
802,C07072,Nawal Sefrioui,55-64,m,Marrakech,referral,2026-05-08,9999-12-31,True,Bronze,
803,C00945,Wafae Amrani,55-64,m,Tanger,referral,2026-05-08,9999-12-31,True,Bronze,
804,C02209,Nawal Alaoui,35-44,f,Fès,web,2026-05-08,9999-12-31,True,Bronze,
805,C01884,Driss Chraibi,25-34,f,Oujda,web,2026-05-08,9999-12-31,True,Bronze,
806,C04825,Ilham Kettani,45-54,f,Marrakech,referral,2026-05-08,9999-12-31,True,Bronze,
807,C04342,Karim El Ouazzani,55-64,m,Tétouan,web,2026-05-08,9999-12-31,True,Bronze,
808,C01404,Nabil Berrada,25-34,f,Casablanca,web,2026-05-08,9999-12-31,True,Bronze,
809,C00465,Hanane Rahmouni,35-44,m,Meknès,mobile,2026-05-08,9999-12-31,True,Bronze,
810,C05444,Imad Skalli,25-34,f,Safi,referral,2026-05-08,9999-12-31,True,Bronze,
811,C02481,Asmae Chraibi,35-44,m,Meknès,social_media,2026-05-08,9999-12-31,True,Bronze,
812,C05817,Hanane Amrani,25-34,m,Oujda,mobile,2026-05-08,9999-12-31,True,Bronze,
813,C06098,Zakaria Bouzid,45-54,f,Oujda,web,2026-05-08,9999-12-31,True,Bronze,
814,C07566,Ahmed Rahmouni,35-44,m,Tanger,web,2026-05-08,9999-12-31,True,Bronze,
815,C07955,Samira Chraibi,25-34,m,Fès,social_media,2026-05-08,9999-12-31,True,Bronze,
816,C01630,Amine Lahlou,25-34,m,Casablanca,web,2026-05-08,9999-12-31,True,Bronze,
817,C03185,Khadija Sefrioui,18-24,m,Agadir,social_media,2026-05-08,9999-12-31,True,Bronze,
818,C01189,Hind Bouzid,25-34,m,Tanger,referral,2026-05-08,9999-12-31,True,Bronze,
819,C02081,Fatima Tazi,25-34,m,Tétouan,social_media,2026-05-08,9999-12-31,True,Bronze,
820,C01942,Nabil Benkirane,55-64,m,Tanger,referral,2026-05-08,9999-12-31,True,Bronze,
821,C00067,Karim Ouahbi,35-44,f,Casablanca,mobile,2026-05-08,9999-12-31,True,Bronze,
822,C03538,Adil Chraibi,Non renseigné,m,Béni Mellal,web,2026-05-08,9999-12-31,True,Bronze,
823,C07580,Nawal Berrada,55-64,m,Casablanca,mobile,2026-05-08,9999-12-31,True,Bronze,
824,C04570,Asmae Benjelloun,55-64,f,Safi,referral,2026-05-08,9999-12-31,True,Bronze,
825,C04948,Nabil Ouahbi,25-34,m,Fès,web,2026-05-08,9999-12-31,True,Bronze,
826,C01156,Reda Bouzid,25-34,m,Casablanca,mobile,2026-05-08,9999-12-31,True,Bronze,
827,C07063,Hamza Amrani,25-34,m,Nador,mobile,2026-05-08,9999-12-31,True,Bronze,
828,C05594,Ali Bennani,65+,m,Tanger,referral,2026-05-08,9999-12-31,True,Bronze,
829,C06297,Soufiane Kettani,25-34,f,Marrakech,social_media,2026-05-08,9999-12-31,True,Bronze,
830,C07126,Youssef Filali,45-54,f,Marrakech,social_media,2026-05-08,9999-12-31,True,Bronze,
831,C05531,Mohamed Ziani,55-64,m,El Jadida,web,2026-05-08,9999-12-31,True,Bronze,
832,C05711,Nawal Chraibi,45-54,m,Agadir,social_media,2026-05-08,9999-12-31,True,Bronze,
833,C00025,Omar Bouazza,55-64,m,Rabat,referral,2026-05-08,9999-12-31,True,Bronze,
834,C07479,Nadia Tahiri,35-44,m,Agadir,marketplace,2026-05-08,9999-12-31,True,Bronze,
835,C04978,Youssef Lahlou,55-64,m,Casablanca,referral,2026-05-08,9999-12-31,True,Bronze,
836,C05178,Soufiane Fassi Fihri,55-64,f,Fès,marketplace,2026-05-08,9999-12-31,True,Bronze,
837,C01697,Karim Bennani,18-24,m,El Jadida,social_media,2026-05-08,9999-12-31,True,Bronze,
838,C00962,Imad Alaoui,45-54,m,Mohammedia,web,2026-05-08,9999-12-31,True,Bronze,
839,C02785,Amine Cherkaoui,55-64,m,Tanger,mobile,2026-05-08,9999-12-31,True,Bronze,
840,C04588,Nadia Chraibi,18-24,m,Tanger,mobile,2026-05-08,9999-12-31,True,Bronze,
841,C03515,Youssef Alaoui,45-54,f,Rabat,web,2026-05-08,9999-12-31,True,Bronze,
842,C06502,Mehdi Rahmouni,55-64,m,Béni Mellal,web,2026-05-08,9999-12-31,True,Bronze,
843,C01807,Adil Rahmouni,55-64,f,Casablanca,marketplace,2026-05-08,9999-12-31,True,Bronze,
844,C04628,Brahim Berrada,55-64,m,Tanger,referral,2026-05-08,9999-12-31,True,Bronze,
845,C02731,Brahim Benali,55-64,m,Tanger,social_media,2026-05-08,9999-12-31,True,Bronze,
846,C06971,Omar Tazi,55-64,m,Fès,marketplace,2026-05-08,9999-12-31,True,Bronze,
847,C07510,Sanae Rahmouni,55-64,f,Béni Mellal,referral,2026-05-08,9999-12-31,True,Bronze,
848,C05055,Hanane Amrani,18-24,f,Rabat,social_media,2026-05-08,9999-12-31,True,Bronze,
849,C04798,Driss Fassi Fihri,25-34,f,Tanger,social_media,2026-05-08,9999-12-31,True,Bronze,
850,C07203,Laila El Idrissi,45-54,m,Tanger,mobile,2026-05-08,9999-12-31,True,Bronze,
851,C01761,Ghita Alaoui,25-34,m,Tanger,referral,2026-05-08,9999-12-31,True,Bronze,
852,C02827,Soufiane El Idrissi,55-64,f,Marrakech,social_media,2026-05-08,9999-12-31,True,Bronze,
853,C04333,Said Benkirane,45-54,f,Casablanca,social_media,2026-05-08,9999-12-31,True,Bronze,
854,C06769,Hind Lahlou,55-64,m,El Jadida,referral,2026-05-08,9999-12-31,True,Bronze,
855,C03161,Samira El Idrissi,55-64,m,Fès,web,2026-05-08,9999-12-31,True,Bronze,
856,C02998,Karim El Amrani,25-34,m,Fès,mobile,2026-05-08,9999-12-31,True,Bronze,
857,C04971,Youssef Kettani,25-34,m,Agadir,referral,2026-05-08,9999-12-31,True,Bronze,
858,C07316,Soufiane Filali,45-54,m,Nador,web,2026-05-08,9999-12-31,True,Bronze,
859,C04709,Adil Benjelloun,25-34,m,Fès,web,2026-05-08,9999-12-31,True,Bronze,
860,C05981,Nabil Skalli,55-64,f,Casablanca,web,2026-05-08,9999-12-31,True,Bronze,
861,C03440,Rachid Chraibi,18-24,m,Agadir,social_media,2026-05-08,9999-12-31,True,Bronze,
862,C04675,Said El Amrani,18-24,m,Fès,social_media,2026-05-08,9999-12-31,True,Bronze,
863,C04141,Laila Bennani,25-34,m,Casablanca,mobile,2026-05-08,9999-12-31,True,Bronze,
864,C04515,Salma Haddad,25-34,f,Tétouan,web,2026-05-08,9999-12-31,True,Bronze,
865,C06794,Sara Filali,45-54,m,Tanger,social_media,2026-05-08,9999-12-31,True,Bronze,
866,C01212,Hassan Bouazza,18-24,m,Tanger,referral,2026-05-08,9999-12-31,True,Bronze,
867,C03919,Khadija Lahlou,45-54,m,Casablanca,mobile,2026-05-08,9999-12-31,True,Bronze,
868,C00943,Ilham Berrada,25-34,m,Fès,mobile,2026-05-08,9999-12-31,True,Bronze,
869,C02784,Samira Bouazza,55-64,m,Oujda,social_media,2026-05-08,9999-12-31,True,Bronze,
870,C02855,Rim Fassi Fihri,55-64,m,El Jadida,referral,2026-05-08,9999-12-31,True,Bronze,
871,C05216,Driss Haddad,55-64,m,Fès,marketplace,2026-05-08,9999-12-31,True,Bronze,
872,C03813,Amine Chraibi,45-54,f,Fès,social_media,2026-05-08,9999-12-31,True,Bronze,
873,C01274,Zakaria Rahmouni,45-54,m,Marrakech,mobile,2026-05-08,9999-12-31,True,Bronze,
874,C07251,Zineb Ziani,65+,f,Tanger,marketplace,2026-05-08,9999-12-31,True,Bronze,
875,C01211,Mehdi Berrada,18-24,f,Rabat,mobile,2026-05-08,9999-12-31,True,Bronze,
876,C06327,Imad Ouahbi,18-24,f,Fès,marketplace,2026-05-08,9999-12-31,True,Bronze,
877,C05966,Zineb Berrada,18-24,f,Casablanca,referral,2026-05-08,9999-12-31,True,Bronze,
878,C00865,Fatima El Mansouri,25-34,f,Casablanca,mobile,2026-05-08,9999-12-31,True,Bronze,
879,C07568,Ali Ouahbi,35-44,m,Casablanca,mobile,2026-05-08,9999-12-31,True,Bronze,
880,C00690,Reda Benjelloun,45-54,m,Marrakech,marketplace,2026-05-08,9999-12-31,True,Bronze,
881,C05443,Khalid Ouahbi,55-64,m,Rabat,mobile,2026-05-08,9999-12-31,True,Bronze,
882,C01462,Brahim Rahmouni,55-64,m,Nador,web,2026-05-08,9999-12-31,True,Bronze,
883,C00538,Dounia Haddad,35-44,m,Casablanca,referral,2026-05-08,9999-12-31,True,Bronze,
884,C04915,Youssef Alaoui,55-64,f,Mohammedia,social_media,2026-05-08,9999-12-31,True,Bronze,
885,C07138,Khadija Tazi,Non renseigné,m,Fès,marketplace,2026-05-08,9999-12-31,True,Bronze,
886,C02225,Amina Cherkaoui,45-54,f,Fès,mobile,2026-05-08,9999-12-31,True,Bronze,
887,C02256,Karim Bouazza,45-54,m,Marrakech,marketplace,2026-05-08,9999-12-31,True,Bronze,
888,C04790,Zakaria Chraibi,45-54,f,Marrakech,web,2026-05-08,9999-12-31,True,Bronze,
889,C07073,Soufiane Cherkaoui,35-44,f,Fès,marketplace,2026-05-08,9999-12-31,True,Bronze,
890,C05591,Ahmed Benkirane,25-34,f,El Jadida,referral,2026-05-08,9999-12-31,True,Bronze,
891,C01610,Hind Bouzid,55-64,m,Casablanca,mobile,2026-05-08,9999-12-31,True,Bronze,
892,C04809,Omar Amrani,18-24,m,Oujda,social_media,2026-05-08,9999-12-31,True,Bronze,
893,C01941,Hassan Berrada,55-64,m,Marrakech,referral,2026-05-08,9999-12-31,True,Bronze,
894,C02696,Wafae Lahlou,45-54,m,Fès,web,2026-05-08,9999-12-31,True,Bronze,
895,C03084,Said Benjelloun,55-64,m,Rabat,mobile,2026-05-08,9999-12-31,True,Bronze,
896,C04873,Amina Fassi Fihri,45-54,f,Meknès,marketplace,2026-05-08,9999-12-31,True,Bronze,
897,C05988,Hind Benjelloun,25-34,m,Casablanca,referral,2026-05-08,9999-12-31,True,Bronze,
898,C06770,Sara Ouahbi,25-34,m,Tanger,social_media,2026-05-08,9999-12-31,True,Bronze,
899,C01361,Amina Ziani,35-44,m,Marrakech,social_media,2026-05-08,9999-12-31,True,Bronze,
900,C05799,Khalid Chraibi,55-64,f,Tanger,referral,2026-05-08,9999-12-31,True,Bronze,
901,C02266,Dounia El Idrissi,18-24,f,Tanger,web,2026-05-08,9999-12-31,True,Bronze,
902,C06954,Loubna Skalli,45-54,f,Fès,marketplace,2026-05-08,9999-12-31,True,Bronze,
903,C00957,Hamza Benali,18-24,f,Tétouan,referral,2026-05-08,9999-12-31,True,Bronze,
904,C04697,Sanae Bouazza,25-34,m,Casablanca,referral,2026-05-08,9999-12-31,True,Bronze,
905,C05797,Karim Chraibi,45-54,m,Oujda,marketplace,2026-05-08,9999-12-31,True,Bronze,
906,C02871,Brahim El Amrani,35-44,m,Tanger,web,2026-05-08,9999-12-31,True,Bronze,
907,C03240,Zakaria Fassi Fihri,45-54,f,Marrakech,web,2026-05-08,9999-12-31,True,Bronze,
908,C01818,Ahmed Tazi,35-44,f,Béni Mellal,marketplace,2026-05-08,9999-12-31,True,Bronze,
909,C05636,Youssef Bennani,25-34,m,Safi,mobile,2026-05-08,9999-12-31,True,Bronze,
910,C00726,Wafae Ziani,55-64,f,Tanger,marketplace,2026-05-08,9999-12-31,True,Bronze,
911,C02122,Zineb Tazi,18-24,m,Nador,referral,2026-05-08,9999-12-31,True,Bronze,
912,C07506,Reda Alaoui,25-34,m,Rabat,marketplace,2026-05-08,9999-12-31,True,Bronze,
913,C07524,Meryem Sefrioui,55-64,m,Meknès,web,2026-05-08,9999-12-31,True,Bronze,
914,C01710,Soufiane Bouazza,25-34,m,Tanger,mobile,2026-05-08,9999-12-31,True,Bronze,
915,C05852,Imad Lahlou,55-64,m,Fès,mobile,2026-05-08,9999-12-31,True,Bronze,
916,C03295,Loubna El Ouazzani,55-64,m,Marrakech,marketplace,2026-05-08,9999-12-31,True,Bronze,
917,C03841,Soufiane Tazi,25-34,m,El Jadida,mobile,2026-05-08,9999-12-31,True,Bronze,
918,C04909,Said Chraibi,35-44,m,Fès,mobile,2026-05-08,9999-12-31,True,Bronze,
919,C07278,Mehdi Ouahbi,45-54,f,Agadir,referral,2026-05-08,9999-12-31,True,Bronze,
920,C01000,Karim Naciri,25-34,m,Tanger,social_media,2026-05-08,9999-12-31,True,Bronze,
921,C01151,Hamza Skalli,45-54,f,Oujda,social_media,2026-05-08,9999-12-31,True,Bronze,
922,C07310,Adil Berrada,55-64,m,Rabat,referral,2026-05-08,9999-12-31,True,Bronze,
923,C02064,Sara El Amrani,65+,m,Rabat,web,2026-05-08,9999-12-31,True,Bronze,
924,C01032,Said El Amrani,25-34,m,Tanger,referral,2026-05-08,9999-12-31,True,Bronze,
925,C07612,Loubna Chraibi,25-34,m,Casablanca,marketplace,2026-05-08,9999-12-31,True,Bronze,
926,C06631,Salma Bouazza,25-34,f,Fès,mobile,2026-05-08,9999-12-31,True,Bronze,
927,C00727,Sara El Idrissi,55-64,m,Casablanca,referral,2026-05-08,9999-12-31,True,Bronze,
928,C03831,Houda Tahiri,25-34,m,Meknès,referral,2026-05-08,9999-12-31,True,Bronze,
929,C05480,Mohamed Tahiri,25-34,f,Oujda,mobile,2026-05-08,9999-12-31,True,Bronze,
930,C07392,Sanae Ouahbi,25-34,m,Tanger,marketplace,2026-05-08,9999-12-31,True,Bronze,
931,C04587,Omar Filali,45-54,f,Meknès,marketplace,2026-05-08,9999-12-31,True,Bronze,
932,C02166,Youssef Sefrioui,25-34,m,Marrakech,referral,2026-05-08,9999-12-31,True,Bronze,
933,C02261,Youssef Naciri,25-34,m,Rabat,web,2026-05-08,9999-12-31,True,Bronze,
934,C07570,Adil Alaoui,45-54,m,Tanger,referral,2026-05-08,9999-12-31,True,Bronze,
935,C06799,Ghita Rahmouni,18-24,f,Fès,mobile,2026-05-08,9999-12-31,True,Bronze,
936,C03968,Adil Benkirane,45-54,f,Kénitra,web,2026-05-08,9999-12-31,True,Bronze,
937,C05455,Zakaria Amrani,45-54,m,El Jadida,referral,2026-05-08,9999-12-31,True,Bronze,
938,C06701,Samira Rahmouni,55-64,f,Tanger,social_media,2026-05-08,9999-12-31,True,Bronze,
939,C00195,Samira Benjelloun,25-34,f,Casablanca,marketplace,2026-05-08,9999-12-31,True,Bronze,
940,C02280,Samira Tahiri,55-64,m,Béni Mellal,referral,2026-05-08,9999-12-31,True,Bronze,
941,C06263,Nadia Lahlou,55-64,m,Oujda,referral,2026-05-08,9999-12-31,True,Bronze,
942,C01998,Sanae Bouazza,45-54,f,Rabat,web,2026-05-08,9999-12-31,True,Bronze,
943,C03898,Hind Filali,55-64,m,Tanger,referral,2026-05-08,9999-12-31,True,Bronze,
944,C00528,Fatima Alaoui,55-64,m,Marrakech,web,2026-05-08,9999-12-31,True,Bronze,
945,C03127,Zakaria Skalli,25-34,f,Mohammedia,mobile,2026-05-08,9999-12-31,True,Bronze,
946,C06781,Zineb Amrani,45-54,m,Mohammedia,marketplace,2026-05-08,9999-12-31,True,Bronze,
947,C04051,Khalid Cherkaoui,35-44,m,Fès,marketplace,2026-05-08,9999-12-31,True,Bronze,
948,C00302,Mehdi Benali,18-24,f,Rabat,marketplace,2026-05-08,9999-12-31,True,Bronze,
949,C01087,Salma Bouzid,35-44,f,Casablanca,mobile,2026-05-08,9999-12-31,True,Bronze,
950,C02375,Zineb Benkirane,55-64,f,Tanger,web,2026-05-08,9999-12-31,True,Bronze,
951,C05441,Fatima Naciri,25-34,f,Rabat,marketplace,2026-05-08,9999-12-31,True,Bronze,
952,C01214,Laila Haddad,18-24,f,Casablanca,social_media,2026-05-08,9999-12-31,True,Bronze,
953,C07895,Mohamed Berrada,35-44,m,Tanger,mobile,2026-05-08,9999-12-31,True,Bronze,
954,C03590,Said Alaoui,18-24,f,Rabat,social_media,2026-05-08,9999-12-31,True,Bronze,
955,C05391,Said Lahlou,18-24,f,Marrakech,social_media,2026-05-08,9999-12-31,True,Bronze,
956,C06494,Sanae Tahiri,Non renseigné,f,Marrakech,web,2026-05-08,9999-12-31,True,Bronze,
957,C05893,Driss Benkirane,55-64,m,Fès,marketplace,2026-05-08,9999-12-31,True,Bronze,
958,C04640,Dounia Bennani,18-24,m,Mohammedia,web,2026-05-08,9999-12-31,True,Bronze,
959,C03339,Samira Benali,35-44,f,El Jadida,mobile,2026-05-08,9999-12-31,True,Bronze,
960,C03426,Ali El Idrissi,25-34,m,Rabat,referral,2026-05-08,9999-12-31,True,Bronze,
961,C07971,Khalid Benkirane,25-34,m,El Jadida,referral,2026-05-08,9999-12-31,True,Bronze,
962,C05629,Salma Chraibi,55-64,m,Casablanca,web,2026-05-08,9999-12-31,True,Bronze,
963,C07523,Salma Bouazza,35-44,m,Tanger,social_media,2026-05-08,9999-12-31,True,Bronze,
964,C06552,Nabil Tazi,25-34,m,Tanger,web,2026-05-08,9999-12-31,True,Bronze,
965,C06249,Rachid Benkirane,45-54,f,Kénitra,mobile,2026-05-08,9999-12-31,True,Bronze,
966,C07366,Ali Haddad,55-64,m,Agadir,web,2026-05-08,9999-12-31,True,Bronze,
967,C06210,Ali Berrada,45-54,m,Mohammedia,web,2026-05-08,9999-12-31,True,Bronze,
968,C05681,Sara Bennani,45-54,f,Casablanca,web,2026-05-08,9999-12-31,True,Bronze,
969,C05846,Salma Fassi Fihri,45-54,f,Casablanca,referral,2026-05-08,9999-12-31,True,Bronze,
970,C02775,Khalid Tahiri,35-44,m,Kénitra,web,2026-05-08,9999-12-31,True,Bronze,
971,C07590,Sara Amrani,35-44,m,Casablanca,web,2026-05-08,9999-12-31,True,Bronze,
972,C03822,Youssef Cherkaoui,55-64,m,Rabat,marketplace,2026-05-08,9999-12-31,True,Bronze,
973,C01517,Adil Ziani,35-44,m,Tanger,mobile,2026-05-08,9999-12-31,True,Bronze,
974,C06417,Ilham El Idrissi,45-54,m,El Jadida,marketplace,2026-05-08,9999-12-31,True,Bronze,
975,C03878,Hamza El Amrani,25-34,f,Oujda,marketplace,2026-05-08,9999-12-31,True,Bronze,
976,C02882,Rachid Alaoui,18-24,m,Oujda,marketplace,2026-05-08,9999-12-31,True,Bronze,
977,C05828,Mohamed Kettani,25-34,f,Casablanca,marketplace,2026-05-08,9999-12-31,True,Bronze,
978,C05924,Sara El Idrissi,55-64,m,Casablanca,referral,2026-05-08,9999-12-31,True,Bronze,
979,C03933,Mohamed El Idrissi,45-54,m,Mohammedia,referral,2026-05-08,9999-12-31,True,Bronze,
980,C02584,Ghita Bennani,25-34,m,Tanger,web,2026-05-08,9999-12-31,True,Bronze,
981,C02410,Mehdi Tahiri,55-64,f,Fès,mobile,2026-05-08,9999-12-31,True,Bronze,
982,C06515,Loubna Chraibi,25-34,f,Kénitra,web,2026-05-08,9999-12-31,True,Bronze,
983,C05400,Ahmed Haddad,25-34,m,Casablanca,referral,2026-05-08,9999-12-31,True,Bronze,
984,C00252,Imad Fassi Fihri,45-54,m,Marrakech,social_media,2026-05-08,9999-12-31,True,Bronze,
985,C00636,Loubna El Ouazzani,55-64,m,Rabat,web,2026-05-08,9999-12-31,True,Bronze,
986,C05519,Nabil El Ouazzani,55-64,m,Nador,referral,2026-05-08,9999-12-31,True,Bronze,
987,C06772,Hassan El Mansouri,18-24,f,Tanger,referral,2026-05-08,9999-12-31,True,Bronze,
988,C01961,Houda Benali,25-34,m,Fès,referral,2026-05-08,9999-12-31,True,Bronze,
989,C03043,Imad Amrani,35-44,m,Tanger,mobile,2026-05-08,9999-12-31,True,Bronze,
990,C07777,Soufiane Naciri,55-64,m,Meknès,web,2026-05-08,9999-12-31,True,Bronze,
991,C00687,Ilham El Idrissi,55-64,m,Fès,social_media,2026-05-08,9999-12-31,True,Bronze,
992,C07805,Loubna Rahmouni,45-54,m,Kénitra,marketplace,2026-05-08,9999-12-31,True,Bronze,
993,C02219,Youssef Skalli,55-64,m,Kénitra,social_media,2026-05-08,9999-12-31,True,Bronze,
994,C01693,Ghita Haddad,45-54,m,Tanger,mobile,2026-05-08,9999-12-31,True,Bronze,
995,C01101,Zineb Berrada,25-34,m,Kénitra,referral,2026-05-08,9999-12-31,True,Bronze,
996,C05202,Ghita Ouahbi,25-34,m,Casablanca,marketplace,2026-05-08,9999-12-31,True,Bronze,
997,C00298,Rachid Amrani,25-34,m,Tétouan,web,2026-05-08,9999-12-31,True,Bronze,
998,C02478,Soufiane Benali,18-24,m,Tanger,referral,2026-05-08,9999-12-31,True,Bronze,
999,C02442,Khalid Kettani,45-54,f,Béni Mellal,web,2026-05-08,9999-12-31,True,Bronze,
1000,C01774,Nabil Benali,18-24,m,Fès,mobile,2026-05-08,9999-12-31,True,Bronze,
1001,C01795,Rachid Benkirane,55-64,f,Casablanca,web,2026-05-08,9999-12-31,True,Bronze,
1002,C06055,Nadia El Idrissi,35-44,f,Marrakech,mobile,2026-05-08,9999-12-31,True,Bronze,
1003,C06125,Khadija Benali,35-44,f,El Jadida,marketplace,2026-05-08,9999-12-31,True,Bronze,
1004,C07437,Youssef Ouahbi,25-34,m,Marrakech,referral,2026-05-08,9999-12-31,True,Bronze,
1005,C07571,Ali Skalli,45-54,m,Casablanca,web,2026-05-08,9999-12-31,True,Bronze,
1006,C01627,Nawal Ziani,18-24,f,Rabat,mobile,2026-05-08,9999-12-31,True,Bronze,
1007,C01917,Houda El Idrissi,55-64,f,Tanger,mobile,2026-05-08,9999-12-31,True,Bronze,
1008,C03662,Reda El Amrani,25-34,m,Tanger,social_media,2026-05-08,9999-12-31,True,Bronze,
1009,C00338,Wafae Sefrioui,35-44,f,Fès,web,2026-05-08,9999-12-31,True,Bronze,
1010,C03543,Laila Haddad,25-34,m,Meknès,mobile,2026-05-08,9999-12-31,True,Bronze,
1011,C06222,Amina Bennani,35-44,m,Meknès,mobile,2026-05-08,9999-12-31,True,Bronze,
1012,C01263,Zakaria Rahmouni,55-64,f,Casablanca,referral,2026-05-08,9999-12-31,True,Bronze,
1013,C04540,Mustapha Skalli,Non renseigné,m,Tanger,mobile,2026-05-08,9999-12-31,True,Bronze,
1014,C07086,Sara El Idrissi,25-34,m,Tanger,web,2026-05-08,9999-12-31,True,Bronze,
1015,C01827,Karim Benjelloun,25-34,f,Tanger,marketplace,2026-05-08,9999-12-31,True,Bronze,
1016,C05192,Zakaria Chraibi,18-24,m,El Jadida,marketplace,2026-05-08,9999-12-31,True,Bronze,
1017,C02955,Adil El Amrani,25-34,f,Mohammedia,referral,2026-05-08,9999-12-31,True,Bronze,
1018,C02476,Amina Benkirane,45-54,m,Casablanca,mobile,2026-05-08,9999-12-31,True,Bronze,
1019,C01734,Ahmed Bouazza,35-44,f,Safi,web,2026-05-08,9999-12-31,True,Bronze,
1020,C05051,Reda Lahlou,45-54,m,Mohammedia,web,2026-05-08,9999-12-31,True,Bronze,
1021,C05804,Amine Sefrioui,35-44,m,Meknès,referral,2026-05-08,9999-12-31,True,Bronze,
1022,C03054,Imad El Mansouri,18-24,m,Rabat,referral,2026-05-08,9999-12-31,True,Bronze,
1023,C02109,Reda Naciri,18-24,f,El Jadida,referral,2026-05-08,9999-12-31,True,Bronze,
1024,C05104,Rim El Idrissi,35-44,m,Agadir,marketplace,2026-05-08,9999-12-31,True,Bronze,
1025,C01830,Asmae El Mansouri,55-64,f,Tanger,web,2026-05-08,9999-12-31,True,Bronze,
1026,C03087,Karim Benali,25-34,f,Oujda,marketplace,2026-05-08,9999-12-31,True,Bronze,
1027,C00622,Hassan Lahlou,Non renseigné,f,Safi,social_media,2026-05-08,9999-12-31,True,Bronze,
1028,C02373,Wafae Chraibi,45-54,f,Meknès,mobile,2026-05-08,9999-12-31,True,Bronze,
1029,C05509,Meryem Chraibi,45-54,m,Agadir,referral,2026-05-08,9999-12-31,True,Bronze,
1030,C05262,Houda Rahmouni,55-64,m,Mohammedia,mobile,2026-05-08,9999-12-31,True,Bronze,
1031,C01382,Nabil Naciri,35-44,m,Nador,marketplace,2026-05-08,9999-12-31,True,Bronze,
1032,C03844,Driss El Amrani,35-44,m,Fès,referral,2026-05-08,9999-12-31,True,Bronze,
1033,C03721,Loubna Kettani,55-64,m,Casablanca,referral,2026-05-08,9999-12-31,True,Bronze,
1034,C06487,Ali Bouzid,Non renseigné,m,Casablanca,web,2026-05-08,9999-12-31,True,Bronze,
1035,C00387,Salma Ziani,45-54,f,Fès,mobile,2026-05-08,9999-12-31,True,Bronze,
1036,C03229,Soufiane Tazi,35-44,f,Marrakech,web,2026-05-08,9999-12-31,True,Bronze,
1037,C07657,Mohamed Lahlou,25-34,m,Marrakech,referral,2026-05-08,9999-12-31,True,Bronze,
1038,C07224,Hanane El Ouazzani,55-64,m,Casablanca,web,2026-05-08,9999-12-31,True,Bronze,
1039,C04800,Mehdi Chraibi,65+,m,Marrakech,referral,2026-05-08,9999-12-31,True,Bronze,
1040,C03622,Hind Sefrioui,55-64,f,Béni Mellal,web,2026-05-08,9999-12-31,True,Bronze,
1041,C04311,Imad Sefrioui,55-64,f,Tétouan,social_media,2026-05-08,9999-12-31,True,Bronze,
1042,C01528,Youssef Haddad,25-34,m,Casablanca,social_media,2026-05-08,9999-12-31,True,Bronze,
1043,C04923,Ilham Tazi,65+,m,Mohammedia,mobile,2026-05-08,9999-12-31,True,Bronze,
1044,C04775,Youssef Ouahbi,55-64,f,Tétouan,mobile,2026-05-08,9999-12-31,True,Bronze,
1045,C05810,Rachid Skalli,18-24,m,Tanger,marketplace,2026-05-08,9999-12-31,True,Bronze,
1046,C04163,Ahmed Rahmouni,55-64,f,Casablanca,referral,2026-05-08,9999-12-31,True,Bronze,
1047,C06905,Sara Berrada,35-44,m,Fès,social_media,2026-05-08,9999-12-31,True,Bronze,
1048,C07495,Adil El Idrissi,18-24,f,Meknès,mobile,2026-05-08,9999-12-31,True,Bronze,
1049,C05506,Khalid Alaoui,65+,m,Rabat,referral,2026-05-08,9999-12-31,True,Bronze,
1050,C03044,Nabil Kettani,25-34,f,Tétouan,mobile,2026-05-08,9999-12-31,True,Bronze,
1051,C02174,Brahim Cherkaoui,18-24,f,Fès,marketplace,2026-05-08,9999-12-31,True,Bronze,
1052,C05728,Brahim Bennani,65+,m,Fès,social_media,2026-05-08,9999-12-31,True,Bronze,
1053,C07114,Sanae Benkirane,55-64,m,Tanger,mobile,2026-05-08,9999-12-31,True,Bronze,
1054,C02961,Brahim Chraibi,25-34,f,Fès,mobile,2026-05-08,9999-12-31,True,Bronze,
1055,C06978,Ilham Benkirane,25-34,f,Fès,marketplace,2026-05-08,9999-12-31,True,Bronze,
1056,C01689,Samira Benali,25-34,f,Marrakech,mobile,2026-05-08,9999-12-31,True,Bronze,
1057,C02989,Brahim Kettani,55-64,m,Rabat,web,2026-05-08,9999-12-31,True,Bronze,
1058,C03167,Ali Chraibi,35-44,m,El Jadida,referral,2026-05-08,9999-12-31,True,Bronze,
1059,C02281,Nawal Rahmouni,25-34,f,Safi,mobile,2026-05-08,9999-12-31,True,Bronze,
1060,C07252,Ahmed El Ouazzani,25-34,m,Rabat,marketplace,2026-05-08,9999-12-31,True,Bronze,
1061,C07006,Houda El Ouazzani,25-34,m,Casablanca,mobile,2026-05-08,9999-12-31,True,Bronze,
1062,C00669,Ali Chraibi,18-24,f,Rabat,mobile,2026-05-08,9999-12-31,True,Bronze,
1063,C03677,Ahmed El Amrani,35-44,m,Agadir,marketplace,2026-05-08,9999-12-31,True,Bronze,
1064,C03090,Zineb Skalli,45-54,m,Casablanca,referral,2026-05-08,9999-12-31,True,Bronze,
1065,C05901,Ali Rahmouni,25-34,m,Casablanca,referral,2026-05-08,9999-12-31,True,Bronze,
1066,C05520,Ilham Tazi,55-64,f,Fès,mobile,2026-05-08,9999-12-31,True,Bronze,
1067,C02429,Omar Benjelloun,45-54,f,Tanger,marketplace,2026-05-08,9999-12-31,True,Bronze,
1068,C06065,Khadija Naciri,45-54,m,Kénitra,referral,2026-05-08,9999-12-31,True,Bronze,
1069,C06435,Amine Benjelloun,25-34,m,Marrakech,mobile,2026-05-08,9999-12-31,True,Bronze,
1070,C05235,Wafae Amrani,55-64,m,Fès,web,2026-05-08,9999-12-31,True,Bronze,
1071,C01520,Dounia Bouazza,18-24,m,Mohammedia,social_media,2026-05-08,9999-12-31,True,Bronze,
1072,C07500,Asmae Berrada,55-64,f,Marrakech,mobile,2026-05-08,9999-12-31,True,Bronze,
1073,C05380,Khadija Haddad,45-54,f,Tanger,mobile,2026-05-08,9999-12-31,True,Bronze,
1074,C05683,Dounia Benkirane,Non renseigné,f,Rabat,web,2026-05-08,9999-12-31,True,Bronze,
1075,C02187,Rim Benjelloun,Non renseigné,m,El Jadida,referral,2026-05-08,9999-12-31,True,Bronze,
1076,C03767,Said Berrada,45-54,m,Tanger,marketplace,2026-05-08,9999-12-31,True,Bronze,
1077,C06706,Zakaria El Mansouri,25-34,f,Tanger,referral,2026-05-08,9999-12-31,True,Bronze,
1078,C07674,Amine El Mansouri,65+,f,Béni Mellal,web,2026-05-08,9999-12-31,True,Bronze,
1079,C06162,Imad El Amrani,25-34,f,Rabat,web,2026-05-08,9999-12-31,True,Bronze,
1080,C02712,Karim Cherkaoui,35-44,f,Fès,web,2026-05-08,9999-12-31,True,Bronze,
1081,C07142,Loubna Bouzid,45-54,m,Casablanca,mobile,2026-05-08,9999-12-31,True,Bronze,
1082,C05254,Said Ouahbi,18-24,f,Agadir,web,2026-05-08,9999-12-31,True,Bronze,
1083,C00198,Youssef Berrada,35-44,m,Tanger,mobile,2026-05-08,9999-12-31,True,Bronze,
1084,C05422,Hassan Sefrioui,Non renseigné,m,Tanger,marketplace,2026-05-08,9999-12-31,True,Bronze,
1085,C00566,Nabil Kettani,45-54,f,Mohammedia,marketplace,2026-05-08,9999-12-31,True,Bronze,
1086,C06746,Laila Filali,35-44,f,Rabat,web,2026-05-08,9999-12-31,True,Bronze,
1087,C04767,Ahmed Fassi Fihri,35-44,m,Rabat,social_media,2026-05-08,9999-12-31,True,Bronze,
1088,C03204,Laila Filali,18-24,m,Marrakech,mobile,2026-05-08,9999-12-31,True,Bronze,
1089,C04780,Zakaria Kettani,18-24,m,Casablanca,marketplace,2026-05-08,9999-12-31,True,Bronze,
1090,C05725,Amine Tahiri,35-44,m,Meknès,mobile,2026-05-08,9999-12-31,True,Bronze,
1091,C05336,Sara Sefrioui,55-64,m,Fès,mobile,2026-05-08,9999-12-31,True,Bronze,
1092,C04408,Youssef El Ouazzani,25-34,f,Tanger,mobile,2026-05-08,9999-12-31,True,Bronze,
1093,C01769,Adil Haddad,55-64,f,Marrakech,marketplace,2026-05-08,9999-12-31,True,Bronze,
1094,C01705,Asmae Chraibi,35-44,m,Casablanca,web,2026-05-08,9999-12-31,True,Bronze,
1095,C07202,Ali Amrani,18-24,f,Oujda,marketplace,2026-05-08,9999-12-31,True,Bronze,
1096,C02333,Reda Amrani,55-64,f,Marrakech,social_media,2026-05-08,9999-12-31,True,Bronze,
1097,C06555,Omar Kettani,25-34,f,Nador,web,2026-05-08,9999-12-31,True,Bronze,
1098,C03255,Omar Skalli,25-34,f,Nador,web,2026-05-08,9999-12-31,True,Bronze,
1099,C02150,Zakaria Amrani,18-24,m,Tanger,web,2026-05-08,9999-12-31,True,Bronze,
1100,C01775,Reda Naciri,55-64,f,Casablanca,web,2026-05-08,9999-12-31,True,Bronze,
1101,C02893,Omar El Mansouri,18-24,f,Casablanca,social_media,2026-05-08,9999-12-31,True,Bronze,
1102,C01417,Ahmed Bouazza,55-64,m,Tanger,social_media,2026-05-08,9999-12-31,True,Bronze,
1103,C05498,Mehdi Tahiri,25-34,m,Tanger,marketplace,2026-05-08,9999-12-31,True,Bronze,
1104,C07796,Salma Alaoui,55-64,m,Tanger,web,2026-05-08,9999-12-31,True,Bronze,
1105,C01290,Hanane Ouahbi,45-54,m,Casablanca,referral,2026-05-08,9999-12-31,True,Bronze,
1106,C02994,Houda Berrada,25-34,f,Agadir,web,2026-05-08,9999-12-31,True,Bronze,
1107,C04884,Amina El Mansouri,25-34,f,Tanger,referral,2026-05-08,9999-12-31,True,Bronze,
1108,C05583,Karim Bouzid,55-64,f,Marrakech,marketplace,2026-05-08,9999-12-31,True,Bronze,
1109,C02541,Adil Skalli,45-54,f,Casablanca,mobile,2026-05-08,9999-12-31,True,Bronze,
1110,C02581,Amine Berrada,25-34,m,Nador,web,2026-05-08,9999-12-31,True,Bronze,
1111,C04694,Adil Ouahbi,25-34,m,Tanger,referral,2026-05-08,9999-12-31,True,Bronze,
1112,C05729,Adil Benali,35-44,f,El Jadida,mobile,2026-05-08,9999-12-31,True,Bronze,
1113,C00521,Amine Benkirane,35-44,m,Fès,web,2026-05-08,9999-12-31,True,Bronze,
1114,C03682,Hassan Skalli,55-64,m,Fès,referral,2026-05-08,9999-12-31,True,Bronze,
1115,C02328,Mustapha Ouahbi,25-34,f,Fès,referral,2026-05-08,9999-12-31,True,Bronze,
1116,C01524,Imad Haddad,35-44,m,Béni Mellal,social_media,2026-05-08,9999-12-31,True,Bronze,
1117,C02506,Ali Amrani,45-54,m,Casablanca,referral,2026-05-08,9999-12-31,True,Bronze,
1118,C00705,Nabil Berrada,55-64,m,Tétouan,referral,2026-05-08,9999-12-31,True,Bronze,
1119,C01230,Nawal El Ouazzani,55-64,m,Tanger,web,2026-05-08,9999-12-31,True,Bronze,
1120,C01498,Omar El Amrani,45-54,m,Marrakech,referral,2026-05-08,9999-12-31,True,Bronze,
1121,C03639,Adil Sefrioui,45-54,m,Rabat,web,2026-05-08,9999-12-31,True,Bronze,
1122,C07981,Reda Ziani,35-44,m,Tétouan,marketplace,2026-05-08,9999-12-31,True,Bronze,
1123,C07391,Hind Naciri,55-64,f,Tanger,social_media,2026-05-08,9999-12-31,True,Bronze,
1124,C01188,Khalid Lahlou,45-54,f,Casablanca,marketplace,2026-05-08,9999-12-31,True,Bronze,
1125,C04639,Driss Lahlou,45-54,m,Kénitra,mobile,2026-05-08,9999-12-31,True,Bronze,
1126,C04900,Zakaria El Idrissi,55-64,f,Kénitra,social_media,2026-05-08,9999-12-31,True,Bronze,
1127,C06183,Khalid Alaoui,55-64,m,Fès,social_media,2026-05-08,9999-12-31,True,Bronze,
1128,C02163,Amine Fassi Fihri,35-44,f,Marrakech,social_media,2026-05-08,9999-12-31,True,Bronze,
1129,C04921,Ilham Rahmouni,55-64,m,Marrakech,mobile,2026-05-08,9999-12-31,True,Bronze,
1130,C04171,Khalid Sefrioui,35-44,m,Meknès,marketplace,2026-05-08,9999-12-31,True,Bronze,
1131,C04584,Adil Bennani,18-24,m,Casablanca,social_media,2026-05-08,9999-12-31,True,Bronze,
1132,C07940,Sanae Fassi Fihri,55-64,m,Agadir,web,2026-05-08,9999-12-31,True,Bronze,
1133,C03432,Youssef El Ouazzani,25-34,m,Fès,referral,2026-05-08,9999-12-31,True,Bronze,
1134,C01441,Mohamed Sefrioui,55-64,m,Rabat,referral,2026-05-08,9999-12-31,True,Bronze,
1135,C05341,Mohamed Benali,55-64,m,Marrakech,social_media,2026-05-08,9999-12-31,True,Bronze,
1136,C06512,Loubna Alaoui,55-64,f,Tanger,mobile,2026-05-08,9999-12-31,True,Bronze,
1137,C07450,Ilham Berrada,35-44,f,Oujda,marketplace,2026-05-08,9999-12-31,True,Bronze,
1138,C03749,Salma Haddad,35-44,m,Tanger,referral,2026-05-08,9999-12-31,True,Bronze,
1139,C05338,Hind Fassi Fihri,45-54,m,Safi,web,2026-05-08,9999-12-31,True,Bronze,
1140,C07602,Dounia Tazi,35-44,f,Safi,web,2026-05-08,9999-12-31,True,Bronze,
1141,C06033,Fatima Haddad,25-34,m,Tanger,web,2026-05-08,9999-12-31,True,Bronze,
1142,C06165,Reda Fassi Fihri,45-54,m,Tanger,web,2026-05-08,9999-12-31,True,Bronze,
1143,C02486,Omar Cherkaoui,18-24,f,Marrakech,web,2026-05-08,9999-12-31,True,Bronze,
1144,C05775,Ahmed Berrada,18-24,m,Tétouan,mobile,2026-05-08,9999-12-31,True,Bronze,
1145,C05504,Zineb Haddad,18-24,m,Casablanca,marketplace,2026-05-08,9999-12-31,True,Bronze,
1146,C07764,Houda Berrada,45-54,f,Tétouan,web,2026-05-08,9999-12-31,True,Bronze,
1147,C05142,Karim El Amrani,18-24,f,Marrakech,mobile,2026-05-08,9999-12-31,True,Bronze,
1148,C07461,Nawal Skalli,18-24,m,Marrakech,referral,2026-05-08,9999-12-31,True,Bronze,
1149,C06382,Nabil Kettani,35-44,f,Rabat,referral,2026-05-08,9999-12-31,True,Bronze,
1150,C00808,Soufiane Tahiri,35-44,m,Kénitra,web,2026-05-08,9999-12-31,True,Bronze,
1151,C05075,Nabil Alaoui,35-44,m,Kénitra,social_media,2026-05-08,9999-12-31,True,Bronze,
1152,C04214,Hanane El Ouazzani,55-64,f,Meknès,web,2026-05-08,9999-12-31,True,Bronze,
1153,C03377,Rachid Haddad,45-54,m,Casablanca,mobile,2026-05-08,9999-12-31,True,Bronze,
1154,C00193,Wafae Bouazza,35-44,f,Fès,mobile,2026-05-08,9999-12-31,True,Bronze,
1155,C07933,Mustapha Cherkaoui,25-34,m,Tanger,marketplace,2026-05-08,9999-12-31,True,Bronze,
1156,C02582,Ahmed Filali,65+,m,Mohammedia,web,2026-05-08,9999-12-31,True,Bronze,
1157,C02776,Mustapha Tazi,45-54,f,Mohammedia,referral,2026-05-08,9999-12-31,True,Bronze,
1158,C07780,Mohamed Rahmouni,55-64,f,Meknès,marketplace,2026-05-08,9999-12-31,True,Bronze,
1159,C02942,Mohamed Lahlou,18-24,f,Casablanca,marketplace,2026-05-08,9999-12-31,True,Bronze,
1160,C06442,Mohamed Rahmouni,45-54,m,Nador,web,2026-05-08,9999-12-31,True,Bronze,
1161,C04997,Nawal El Ouazzani,25-34,m,Kénitra,marketplace,2026-05-08,9999-12-31,True,Bronze,
1162,C04536,Mohamed Bouazza,35-44,m,Kénitra,social_media,2026-05-08,9999-12-31,True,Bronze,
1163,C01755,Ghita Fassi Fihri,25-34,f,Béni Mellal,social_media,2026-05-08,9999-12-31,True,Bronze,
1164,C06241,Mustapha El Idrissi,25-34,m,Marrakech,web,2026-05-08,9999-12-31,True,Bronze,
1165,C05982,Imad El Amrani,25-34,f,Kénitra,marketplace,2026-05-08,9999-12-31,True,Bronze,
1166,C01848,Dounia Berrada,55-64,m,Casablanca,web,2026-05-08,9999-12-31,True,Bronze,
1167,C04483,Ahmed Lahlou,Non renseigné,m,Fès,web,2026-05-08,9999-12-31,True,Bronze,
1168,C00537,Rim Bennani,45-54,m,Casablanca,mobile,2026-05-08,9999-12-31,True,Bronze,
1169,C07092,Wafae Amrani,55-64,m,Oujda,marketplace,2026-05-08,9999-12-31,True,Bronze,
1170,C07270,Amine Lahlou,18-24,m,Nador,referral,2026-05-08,9999-12-31,True,Bronze,
1171,C06572,Amina Sefrioui,Non renseigné,m,Fès,marketplace,2026-05-08,9999-12-31,True,Bronze,
1172,C03101,Sara Bouzid,25-34,f,Tétouan,referral,2026-05-08,9999-12-31,True,Bronze,
1173,C04846,Ilham Tazi,18-24,f,Marrakech,social_media,2026-05-08,9999-12-31,True,Bronze,
1174,C00811,Hind El Amrani,45-54,f,Béni Mellal,referral,2026-05-08,9999-12-31,True,Bronze,
1175,C06850,Nabil Tazi,25-34,m,Tétouan,marketplace,2026-05-08,9999-12-31,True,Bronze,
1176,C05691,Ali Amrani,45-54,f,Fès,mobile,2026-05-08,9999-12-31,True,Bronze,
1177,C02329,Zineb Chraibi,18-24,m,Casablanca,mobile,2026-05-08,9999-12-31,True,Bronze,
1178,C00828,Nadia Ziani,35-44,f,Kénitra,mobile,2026-05-08,9999-12-31,True,Bronze,
1179,C05070,Laila Alaoui,35-44,m,Tanger,social_media,2026-05-08,9999-12-31,True,Bronze,
1180,C05570,Hassan Bennani,55-64,m,Marrakech,marketplace,2026-05-08,9999-12-31,True,Bronze,
1181,C02160,Brahim El Idrissi,18-24,f,Tétouan,mobile,2026-05-08,9999-12-31,True,Bronze,
1182,C03296,Hind El Ouazzani,55-64,m,Béni Mellal,social_media,2026-05-08,9999-12-31,True,Bronze,
1183,C06643,Youssef Benkirane,25-34,m,Tanger,referral,2026-05-08,9999-12-31,True,Bronze,
1184,C03018,Youssef Amrani,25-34,m,Mohammedia,web,2026-05-08,9999-12-31,True,Bronze,
1185,C01846,Said Filali,55-64,f,Tanger,web,2026-05-08,9999-12-31,True,Bronze,
1186,C07666,Youssef Bouazza,55-64,m,Rabat,marketplace,2026-05-08,9999-12-31,True,Bronze,
1187,C03275,Mehdi Ziani,35-44,f,Rabat,mobile,2026-05-08,9999-12-31,True,Bronze,
1188,C00060,Hanane El Idrissi,18-24,f,Rabat,referral,2026-05-08,9999-12-31,True,Bronze,
1189,C04152,Adil Naciri,25-34,m,Fès,web,2026-05-08,9999-12-31,True,Bronze,
1190,C07874,Amine Ouahbi,55-64,f,Casablanca,marketplace,2026-05-08,9999-12-31,True,Bronze,
1191,C06625,Soufiane Benjelloun,55-64,m,Casablanca,social_media,2026-05-08,9999-12-31,True,Bronze,
1192,C04636,Brahim Rahmouni,55-64,m,Kénitra,referral,2026-05-08,9999-12-31,True,Bronze,
1193,C03414,Ilham Naciri,55-64,f,El Jadida,mobile,2026-05-08,9999-12-31,True,Bronze,
1194,C05848,Karim Cherkaoui,25-34,m,Tanger,social_media,2026-05-08,9999-12-31,True,Bronze,
1195,C04509,Loubna El Idrissi,35-44,m,Fès,web,2026-05-08,9999-12-31,True,Bronze,
1196,C07774,Asmae Ziani,35-44,m,Fès,social_media,2026-05-08,9999-12-31,True,Bronze,
1197,C02658,Nadia Tazi,35-44,m,Tétouan,social_media,2026-05-08,9999-12-31,True,Bronze,
1198,C06179,Zineb Ouahbi,45-54,m,Tanger,referral,2026-05-08,9999-12-31,True,Bronze,
1199,C02523,Nabil Haddad,45-54,m,Mohammedia,web,2026-05-08,9999-12-31,True,Bronze,
1200,C02858,Zakaria El Idrissi,45-54,m,Tanger,web,2026-05-08,9999-12-31,True,Bronze,
1201,C03380,Driss Ziani,55-64,m,Rabat,marketplace,2026-05-08,9999-12-31,True,Bronze,
1202,C06043,Brahim Amrani,35-44,m,Marrakech,web,2026-05-08,9999-12-31,True,Bronze,
1203,C01706,Ghita Skalli,55-64,f,Rabat,social_media,2026-05-08,9999-12-31,True,Bronze,
1204,C02485,Meryem Filali,35-44,m,Oujda,referral,2026-05-08,9999-12-31,True,Bronze,
1205,C02162,Soufiane Kettani,Non renseigné,m,Mohammedia,mobile,2026-05-08,9999-12-31,True,Bronze,
1206,C02396,Said Tazi,55-64,m,Marrakech,social_media,2026-05-08,9999-12-31,True,Bronze,
1207,C01781,Ali Ouahbi,35-44,f,Casablanca,mobile,2026-05-08,9999-12-31,True,Bronze,
1208,C06634,Houda Alaoui,25-34,f,Casablanca,marketplace,2026-05-08,9999-12-31,True,Bronze,
1209,C00977,Amine Naciri,25-34,m,Agadir,mobile,2026-05-08,9999-12-31,True,Bronze,
1210,C02706,Amina Amrani,55-64,f,Tanger,referral,2026-05-08,9999-12-31,True,Bronze,
1211,C05373,Hanane Filali,25-34,m,Tanger,social_media,2026-05-08,9999-12-31,True,Bronze,
1212,C03158,Zineb Skalli,35-44,m,Béni Mellal,referral,2026-05-08,9999-12-31,True,Bronze,
1213,C04314,Mohamed Ouahbi,55-64,m,Casablanca,mobile,2026-05-08,9999-12-31,True,Bronze,
1214,C07892,Imad Benkirane,55-64,m,Oujda,referral,2026-05-08,9999-12-31,True,Bronze,
1215,C02599,Said Tazi,45-54,f,Casablanca,marketplace,2026-05-08,9999-12-31,True,Bronze,
1216,C06890,Soufiane El Amrani,35-44,m,Fès,referral,2026-05-08,9999-12-31,True,Bronze,
1217,C06190,Meryem Tahiri,35-44,f,Rabat,web,2026-05-08,9999-12-31,True,Bronze,
1218,C02393,Loubna Ziani,45-54,m,Meknès,web,2026-05-08,9999-12-31,True,Bronze,
1219,C06243,Rachid Ouahbi,25-34,m,Béni Mellal,marketplace,2026-05-08,9999-12-31,True,Bronze,
1220,C07692,Imad Naciri,18-24,f,Tanger,referral,2026-05-08,9999-12-31,True,Bronze,
1221,C00456,Nawal Rahmouni,35-44,m,Marrakech,mobile,2026-05-08,9999-12-31,True,Bronze,
1222,C05275,Asmae Ouahbi,55-64,f,Casablanca,social_media,2026-05-08,9999-12-31,True,Bronze,
1223,C06665,Hanane Skalli,55-64,f,Béni Mellal,mobile,2026-05-08,9999-12-31,True,Bronze,
1224,C03022,Nadia El Amrani,18-24,m,El Jadida,mobile,2026-05-08,9999-12-31,True,Bronze,
1225,C03956,Zineb Rahmouni,25-34,m,Casablanca,referral,2026-05-08,9999-12-31,True,Bronze,
1226,C06196,Houda El Mansouri,Non renseigné,f,Casablanca,social_media,2026-05-08,9999-12-31,True,Bronze,
1227,C05036,Mehdi Alaoui,45-54,f,Tanger,web,2026-05-08,9999-12-31,True,Bronze,
1228,C07105,Khadija Kettani,45-54,f,Béni Mellal,web,2026-05-08,9999-12-31,True,Bronze,
1229,C02801,Hanane Bouazza,45-54,f,Kénitra,web,2026-05-08,9999-12-31,True,Bronze,
1230,C02837,Fatima Bouazza,18-24,f,Rabat,social_media,2026-05-08,9999-12-31,True,Bronze,
1231,C01647,Youssef Fassi Fihri,18-24,f,Nador,mobile,2026-05-08,9999-12-31,True,Bronze,
1232,C03051,Imad Filali,35-44,m,Rabat,web,2026-05-08,9999-12-31,True,Bronze,
1233,C01396,Nabil Tazi,45-54,f,Kénitra,marketplace,2026-05-08,9999-12-31,True,Bronze,
1234,C05783,Youssef Alaoui,18-24,m,Safi,social_media,2026-05-08,9999-12-31,True,Bronze,
1235,C04734,Hanane Ouahbi,45-54,m,Tanger,mobile,2026-05-08,9999-12-31,True,Bronze,
1236,C00801,Amine Sefrioui,25-34,m,Tanger,mobile,2026-05-08,9999-12-31,True,Bronze,
1237,C07514,Fatima Skalli,25-34,m,Casablanca,referral,2026-05-08,9999-12-31,True,Bronze,
1238,C05916,Karim Naciri,55-64,m,Fès,social_media,2026-05-08,9999-12-31,True,Bronze,
1239,C07808,Hanane El Ouazzani,35-44,m,Fès,web,2026-05-08,9999-12-31,True,Bronze,
1240,C07748,Ali Lahlou,35-44,m,Oujda,web,2026-05-08,9999-12-31,True,Bronze,
1241,C00897,Mehdi Amrani,25-34,f,Tétouan,mobile,2026-05-08,9999-12-31,True,Bronze,
1242,C04776,Mehdi Skalli,45-54,f,Fès,mobile,2026-05-08,9999-12-31,True,Bronze,
1243,C03476,Meryem Bennani,35-44,m,Casablanca,social_media,2026-05-08,9999-12-31,True,Bronze,
1244,C02934,Mehdi Filali,25-34,f,Tanger,social_media,2026-05-08,9999-12-31,True,Bronze,
1245,C01674,Adil Cherkaoui,25-34,m,Casablanca,referral,2026-05-08,9999-12-31,True,Bronze,
1246,C04701,Hind Ziani,35-44,f,Safi,web,2026-05-08,9999-12-31,True,Bronze,
1247,C04228,Hassan Ouahbi,35-44,f,Rabat,marketplace,2026-05-08,9999-12-31,True,Bronze,
1248,C06248,Khalid Lahlou,45-54,m,Marrakech,referral,2026-05-08,9999-12-31,True,Bronze,
1249,C06879,Ghita El Mansouri,25-34,f,Marrakech,social_media,2026-05-08,9999-12-31,True,Bronze,
1250,C02596,Sara Benkirane,55-64,f,Béni Mellal,web,2026-05-08,9999-12-31,True,Bronze,
1251,C06017,Laila El Ouazzani,25-34,f,Tanger,social_media,2026-05-08,9999-12-31,True,Bronze,
1252,C07601,Nabil Chraibi,55-64,m,Tétouan,web,2026-05-08,9999-12-31,True,Bronze,
1253,C07569,Karim Fassi Fihri,35-44,f,Rabat,web,2026-05-08,9999-12-31,True,Bronze,
1254,C06717,Nadia Amrani,35-44,f,Tanger,mobile,2026-05-08,9999-12-31,True,Bronze,
1255,C06596,Hanane Benali,25-34,f,Tanger,social_media,2026-05-08,9999-12-31,True,Bronze,
1256,C01784,Houda El Amrani,Non renseigné,m,Nador,mobile,2026-05-08,9999-12-31,True,Bronze,
1257,C03111,Hamza El Amrani,25-34,f,Casablanca,web,2026-05-08,9999-12-31,True,Bronze,
1258,C07037,Adil Skalli,65+,m,El Jadida,referral,2026-05-08,9999-12-31,True,Bronze,
1259,C02902,Youssef El Mansouri,55-64,m,Nador,mobile,2026-05-08,9999-12-31,True,Bronze,
1260,C03525,Meryem Fassi Fihri,65+,m,Casablanca,mobile,2026-05-08,9999-12-31,True,Bronze,
1261,C07794,Rachid Bennani,45-54,m,Tanger,web,2026-05-08,9999-12-31,True,Bronze,
1262,C07217,Ahmed Berrada,55-64,m,Marrakech,social_media,2026-05-08,9999-12-31,True,Bronze,
1263,C07125,Zakaria Tazi,25-34,m,Marrakech,web,2026-05-08,9999-12-31,True,Bronze,
1264,C00973,Driss El Mansouri,25-34,f,Tanger,social_media,2026-05-08,9999-12-31,True,Bronze,
1265,C05998,Hind Benali,25-34,f,Tanger,mobile,2026-05-08,9999-12-31,True,Bronze,
1266,C03305,Adil El Ouazzani,45-54,m,Kénitra,web,2026-05-08,9999-12-31,True,Bronze,
1267,C00518,Soufiane El Ouazzani,45-54,m,Marrakech,mobile,2026-05-08,9999-12-31,True,Bronze,
1268,C01762,Fatima Bouzid,25-34,m,Fès,social_media,2026-05-08,9999-12-31,True,Bronze,
1269,C02678,Khadija El Mansouri,45-54,m,Mohammedia,social_media,2026-05-08,9999-12-31,True,Bronze,
1270,C07207,Hind Fassi Fihri,35-44,m,Fès,marketplace,2026-05-08,9999-12-31,True,Bronze,
1271,C03611,Reda Chraibi,55-64,f,Oujda,referral,2026-05-08,9999-12-31,True,Bronze,
1272,C00651,Khadija Tahiri,35-44,m,Rabat,social_media,2026-05-08,9999-12-31,True,Bronze,
1273,C02984,Sara Chraibi,45-54,f,Casablanca,referral,2026-05-08,9999-12-31,True,Bronze,
1274,C05840,Mohamed Lahlou,35-44,m,Tanger,mobile,2026-05-08,9999-12-31,True,Bronze,
1275,C04650,Hind El Ouazzani,25-34,m,Marrakech,social_media,2026-05-08,9999-12-31,True,Bronze,
1276,C05577,Loubna Lahlou,25-34,m,Fès,web,2026-05-08,9999-12-31,True,Bronze,
1277,C00050,Hanane Bouazza,18-24,f,Meknès,mobile,2026-05-08,9999-12-31,True,Bronze,
1278,C07318,Hamza Fassi Fihri,35-44,m,Rabat,web,2026-05-08,9999-12-31,True,Bronze,
1279,C00072,Imad Ziani,35-44,m,Mohammedia,mobile,2026-05-08,9999-12-31,True,Bronze,
1280,C03495,Ali Bouzid,25-34,f,Rabat,referral,2026-05-08,9999-12-31,True,Bronze,
1281,C06554,Salma El Mansouri,35-44,m,Marrakech,web,2026-05-08,9999-12-31,True,Bronze,
1282,C07654,Loubna Filali,25-34,f,Fès,social_media,2026-05-08,9999-12-31,True,Bronze,
1283,C04480,Zakaria Sefrioui,55-64,m,Rabat,marketplace,2026-05-08,9999-12-31,True,Bronze,
1284,C00908,Imad Tahiri,25-34,m,Fès,web,2026-05-08,9999-12-31,True,Bronze,
1285,C03344,Amine Ouahbi,35-44,m,Rabat,web,2026-05-08,9999-12-31,True,Bronze,
1286,C02382,Zakaria Kettani,25-34,f,Nador,mobile,2026-05-08,9999-12-31,True,Bronze,
1287,C04614,Fatima Bouazza,18-24,f,Rabat,web,2026-05-08,9999-12-31,True,Bronze,
1288,C07289,Dounia Benkirane,25-34,m,Agadir,marketplace,2026-05-08,9999-12-31,True,Bronze,
1289,C01258,Amine Tazi,55-64,m,Béni Mellal,referral,2026-05-08,9999-12-31,True,Bronze,
1290,C04648,Nadia Berrada,18-24,m,Tanger,marketplace,2026-05-08,9999-12-31,True,Bronze,
1291,C03074,Salma Skalli,25-34,f,Fès,social_media,2026-05-08,9999-12-31,True,Bronze,
1292,C03695,Zakaria El Amrani,35-44,m,Agadir,social_media,2026-05-08,9999-12-31,True,Bronze,
1293,C06743,Wafae Bennani,55-64,f,Nador,web,2026-05-08,9999-12-31,True,Bronze,
1294,C02620,Hamza Kettani,25-34,m,Kénitra,social_media,2026-05-08,9999-12-31,True,Bronze,
1295,C02003,Adil Filali,25-34,f,Tanger,web,2026-05-08,9999-12-31,True,Bronze,
1296,C00152,Laila Rahmouni,45-54,m,Kénitra,web,2026-05-08,9999-12-31,True,Bronze,
1297,C02149,Amina Berrada,45-54,f,Marrakech,mobile,2026-05-08,9999-12-31,True,Bronze,
1298,C01529,Omar Sefrioui,45-54,m,Fès,social_media,2026-05-08,9999-12-31,True,Bronze,
1299,C00371,Salma Benali,55-64,m,Rabat,web,2026-05-08,9999-12-31,True,Bronze,
1300,C02264,Hamza Filali,35-44,f,Nador,web,2026-05-08,9999-12-31,True,Bronze,
1301,C06229,Dounia Tazi,45-54,m,Nador,web,2026-05-08,9999-12-31,True,Bronze,
1302,C01053,Khadija Tahiri,25-34,f,Marrakech,web,2026-05-08,9999-12-31,True,Bronze,
1303,C02126,Meryem Benali,45-54,m,Safi,social_media,2026-05-08,9999-12-31,True,Bronze,
1304,C03948,Driss Skalli,55-64,m,Oujda,marketplace,2026-05-08,9999-12-31,True,Bronze,
1305,C04075,Hanane El Idrissi,35-44,m,Béni Mellal,web,2026-05-08,9999-12-31,True,Bronze,
1306,C04633,Sanae Haddad,25-34,f,Marrakech,web,2026-05-08,9999-12-31,True,Bronze,
1307,C05384,Mohamed Kettani,25-34,f,Meknès,mobile,2026-05-08,9999-12-31,True,Bronze,
1308,C07740,Soufiane Naciri,55-64,m,Casablanca,social_media,2026-05-08,9999-12-31,True,Bronze,
1309,C01600,Nadia Cherkaoui,45-54,m,Tanger,web,2026-05-08,9999-12-31,True,Bronze,
1310,C02838,Mustapha Benali,55-64,f,Fès,marketplace,2026-05-08,9999-12-31,True,Bronze,
1311,C03798,Mehdi Amrani,35-44,m,Kénitra,referral,2026-05-08,9999-12-31,True,Bronze,
1312,C05961,Mohamed Filali,25-34,m,Béni Mellal,referral,2026-05-08,9999-12-31,True,Bronze,
1313,C06704,Houda Haddad,55-64,f,Marrakech,referral,2026-05-08,9999-12-31,True,Bronze,
1314,C02450,Wafae Lahlou,45-54,m,Tanger,referral,2026-05-08,9999-12-31,True,Bronze,
1315,C07688,Omar Cherkaoui,45-54,f,Tanger,web,2026-05-08,9999-12-31,True,Bronze,
1316,C06702,Salma El Mansouri,55-64,m,Agadir,referral,2026-05-08,9999-12-31,True,Bronze,
1317,C06128,Ahmed Berrada,55-64,m,Fès,social_media,2026-05-08,9999-12-31,True,Bronze,
1318,C04750,Meryem Bennani,25-34,m,Tanger,marketplace,2026-05-08,9999-12-31,True,Bronze,
1319,C00123,Salma Cherkaoui,25-34,m,Oujda,mobile,2026-05-08,9999-12-31,True,Bronze,
1320,C00307,Omar Ouahbi,25-34,m,Tétouan,mobile,2026-05-08,9999-12-31,True,Bronze,
1321,C07025,Nabil Haddad,35-44,f,Safi,web,2026-05-08,9999-12-31,True,Bronze,
1322,C07708,Sara Chraibi,55-64,f,Marrakech,marketplace,2026-05-08,9999-12-31,True,Bronze,
1323,C06416,Adil Tazi,45-54,f,Tanger,referral,2026-05-08,9999-12-31,True,Bronze,
1324,C05326,Wafae El Amrani,25-34,m,Béni Mellal,social_media,2026-05-08,9999-12-31,True,Bronze,
1325,C03071,Ghita Skalli,25-34,m,Agadir,referral,2026-05-08,9999-12-31,True,Bronze,
1326,C02115,Zineb Benjelloun,18-24,m,Kénitra,referral,2026-05-08,9999-12-31,True,Bronze,
1327,C05459,Youssef Tahiri,35-44,m,El Jadida,referral,2026-05-08,9999-12-31,True,Bronze,
1328,C03868,Hassan Filali,25-34,m,Fès,marketplace,2026-05-08,9999-12-31,True,Bronze,
1329,C03507,Driss El Idrissi,35-44,f,Tanger,web,2026-05-08,9999-12-31,True,Bronze,
1330,C00330,Khadija Benali,45-54,m,Meknès,social_media,2026-05-08,9999-12-31,True,Bronze,
1331,C00659,Omar Alaoui,18-24,m,Meknès,mobile,2026-05-08,9999-12-31,True,Bronze,
1332,C05530,Zakaria El Ouazzani,25-34,m,Kénitra,web,2026-05-08,9999-12-31,True,Bronze,
1333,C03130,Hamza Chraibi,25-34,m,Marrakech,web,2026-05-08,9999-12-31,True,Bronze,
1334,C07821,Hassan Haddad,45-54,m,Tanger,marketplace,2026-05-08,9999-12-31,True,Bronze,
1335,C07694,Hamza El Mansouri,45-54,m,Agadir,web,2026-05-08,9999-12-31,True,Bronze,
1336,C04371,Ali Fassi Fihri,45-54,m,Casablanca,referral,2026-05-08,9999-12-31,True,Bronze,
1337,C00712,Ali El Amrani,18-24,m,Marrakech,mobile,2026-05-08,9999-12-31,True,Bronze,
1338,C00971,Salma Amrani,Non renseigné,f,Rabat,social_media,2026-05-08,9999-12-31,True,Bronze,
1339,C04019,Asmae Berrada,25-34,m,Marrakech,web,2026-05-08,9999-12-31,True,Bronze,
1340,C02915,Khadija Amrani,45-54,f,Casablanca,mobile,2026-05-08,9999-12-31,True,Bronze,
1341,C06621,Loubna El Mansouri,35-44,m,Tanger,social_media,2026-05-08,9999-12-31,True,Bronze,
1342,C04192,Ahmed Haddad,25-34,m,Mohammedia,mobile,2026-05-08,9999-12-31,True,Bronze,
1343,C04191,Ahmed Kettani,25-34,m,Agadir,web,2026-05-08,9999-12-31,True,Bronze,
1344,C05208,Amine El Ouazzani,55-64,m,Tanger,mobile,2026-05-08,9999-12-31,True,Bronze,
1345,C02554,Nawal El Amrani,35-44,m,Tanger,social_media,2026-05-08,9999-12-31,True,Bronze,
1346,C03781,Mohamed Filali,18-24,m,Tétouan,social_media,2026-05-08,9999-12-31,True,Bronze,
1347,C01601,Asmae Cherkaoui,35-44,m,Oujda,referral,2026-05-08,9999-12-31,True,Bronze,
1348,C02654,Ghita Benkirane,55-64,m,Béni Mellal,marketplace,2026-05-08,9999-12-31,True,Bronze,
1349,C04908,Adil Naciri,35-44,f,Agadir,social_media,2026-05-08,9999-12-31,True,Bronze,
1350,C02524,Rachid Berrada,18-24,m,Tanger,marketplace,2026-05-08,9999-12-31,True,Bronze,
1351,C05605,Ali Fassi Fihri,55-64,f,Béni Mellal,referral,2026-05-08,9999-12-31,True,Bronze,
1352,C03347,Nabil Tazi,35-44,m,Marrakech,mobile,2026-05-08,9999-12-31,True,Bronze,
1353,C00757,Reda Amrani,55-64,m,Tanger,social_media,2026-05-08,9999-12-31,True,Bronze,
1354,C07913,Reda Ouahbi,25-34,f,Tétouan,referral,2026-05-08,9999-12-31,True,Bronze,
1355,C05240,Houda Alaoui,25-34,f,Casablanca,web,2026-05-08,9999-12-31,True,Bronze,
1356,C06871,Driss Bennani,35-44,f,Agadir,referral,2026-05-08,9999-12-31,True,Bronze,
1357,C00591,Samira El Amrani,35-44,f,Marrakech,referral,2026-05-08,9999-12-31,True,Bronze,
1358,C04895,Laila Cherkaoui,25-34,f,Fès,web,2026-05-08,9999-12-31,True,Bronze,
1359,C05013,Soufiane Benjelloun,18-24,m,Casablanca,referral,2026-05-08,9999-12-31,True,Bronze,
1360,C04941,Rachid Benali,Non renseigné,f,Kénitra,referral,2026-05-08,9999-12-31,True,Bronze,
1361,C01055,Soufiane Ouahbi,Non renseigné,f,Tétouan,marketplace,2026-05-08,9999-12-31,True,Bronze,
1362,C07752,Said El Idrissi,55-64,m,Kénitra,social_media,2026-05-08,9999-12-31,True,Bronze,
1363,C00356,Nadia El Ouazzani,18-24,f,Marrakech,marketplace,2026-05-08,9999-12-31,True,Bronze,
1364,C02434,Adil Tahiri,18-24,m,Fès,social_media,2026-05-08,9999-12-31,True,Bronze,
1365,C03962,Zineb Naciri,25-34,f,Casablanca,mobile,2026-05-08,9999-12-31,True,Bronze,
1366,C05242,Adil Tahiri,25-34,m,Nador,marketplace,2026-05-08,9999-12-31,True,Bronze,
1367,C01785,Said Rahmouni,18-24,f,Fès,mobile,2026-05-08,9999-12-31,True,Bronze,
1368,C05393,Amina Kettani,25-34,m,Rabat,referral,2026-05-08,9999-12-31,True,Bronze,
1369,C06484,Sara Alaoui,35-44,m,Tanger,social_media,2026-05-08,9999-12-31,True,Bronze,
1370,C06138,Ghita Bennani,25-34,m,Safi,marketplace,2026-05-08,9999-12-31,True,Bronze,
1371,C01680,Imad Benjelloun,35-44,f,Casablanca,web,2026-05-08,9999-12-31,True,Bronze,
1372,C03833,Houda Ouahbi,55-64,m,Tanger,social_media,2026-05-08,9999-12-31,True,Bronze,
1373,C02314,Ali Tahiri,55-64,m,Nador,social_media,2026-05-08,9999-12-31,True,Bronze,
1374,C05697,Said Haddad,45-54,m,Tanger,mobile,2026-05-08,9999-12-31,True,Bronze,
1375,C06712,Brahim Bouzid,25-34,m,Rabat,mobile,2026-05-08,9999-12-31,True,Bronze,
1376,C06639,Soufiane Ziani,65+,m,Tanger,referral,2026-05-08,9999-12-31,True,Bronze,
1377,C04690,Mustapha Bennani,45-54,m,Meknès,web,2026-05-08,9999-12-31,True,Bronze,
1378,C01350,Adil Ziani,25-34,m,Marrakech,web,2026-05-08,9999-12-31,True,Bronze,
1379,C04711,Hamza Filali,18-24,m,Casablanca,referral,2026-05-08,9999-12-31,True,Bronze,
1380,C02099,Wafae Naciri,18-24,f,Casablanca,marketplace,2026-05-08,9999-12-31,True,Bronze,
1381,C04736,Karim Amrani,45-54,m,Mohammedia,social_media,2026-05-08,9999-12-31,True,Bronze,
1382,C01234,Nawal Kettani,55-64,m,Fès,web,2026-05-08,9999-12-31,True,Bronze,
1383,C07343,Mehdi El Idrissi,18-24,f,El Jadida,referral,2026-05-08,9999-12-31,True,Bronze,
1384,C07167,Said Benkirane,55-64,m,Mohammedia,mobile,2026-05-08,9999-12-31,True,Bronze,
1385,C02550,Loubna Ziani,45-54,f,Marrakech,social_media,2026-05-08,9999-12-31,True,Bronze,
1386,C04241,Mohamed El Amrani,25-34,m,Fès,web,2026-05-08,9999-12-31,True,Bronze,
1387,C01407,Ali Benjelloun,45-54,m,Agadir,social_media,2026-05-08,9999-12-31,True,Bronze,
1388,C03794,Meryem Rahmouni,55-64,m,Casablanca,mobile,2026-05-08,9999-12-31,True,Bronze,
1389,C05968,Houda Chraibi,25-34,f,Casablanca,social_media,2026-05-08,9999-12-31,True,Bronze,
1390,C02227,Khalid Naciri,18-24,m,Meknès,web,2026-05-08,9999-12-31,True,Bronze,
1391,C04958,Mustapha Benali,45-54,m,Tanger,referral,2026-05-08,9999-12-31,True,Bronze,
1392,C01399,Adil Filali,35-44,m,Agadir,web,2026-05-08,9999-12-31,True,Bronze,
1393,C07806,Imad Alaoui,35-44,f,Rabat,mobile,2026-05-08,9999-12-31,True,Bronze,
1394,C03208,Ahmed Alaoui,45-54,f,Casablanca,mobile,2026-05-08,9999-12-31,True,Bronze,
1395,C02758,Samira Amrani,45-54,m,Marrakech,web,2026-05-08,9999-12-31,True,Bronze,
1396,C02638,Imad Fassi Fihri,25-34,m,Fès,referral,2026-05-08,9999-12-31,True,Bronze,
1397,C03669,Imad Ziani,35-44,m,Fès,mobile,2026-05-08,9999-12-31,True,Bronze,
1398,C02859,Loubna El Mansouri,35-44,f,Rabat,social_media,2026-05-08,9999-12-31,True,Bronze,
1399,C04204,Ali El Ouazzani,35-44,f,Rabat,mobile,2026-05-08,9999-12-31,True,Bronze,
1400,C02076,Nabil Cherkaoui,45-54,f,Tanger,marketplace,2026-05-08,9999-12-31,True,Bronze,
1401,C01553,Mehdi Benjelloun,Non renseigné,m,Tanger,marketplace,2026-05-08,9999-12-31,True,Bronze,
1402,C02640,Amine Chraibi,45-54,m,Marrakech,web,2026-05-08,9999-12-31,True,Bronze,
1403,C00627,Loubna Fassi Fihri,35-44,f,Rabat,referral,2026-05-08,9999-12-31,True,Bronze,
1404,C04668,Omar Benali,45-54,f,Casablanca,mobile,2026-05-08,9999-12-31,True,Bronze,
1405,C03063,Loubna Chraibi,45-54,f,Marrakech,marketplace,2026-05-08,9999-12-31,True,Bronze,
1406,C07560,Soufiane Ouahbi,45-54,m,Agadir,social_media,2026-05-08,9999-12-31,True,Bronze,
1407,C06480,Adil Bouzid,45-54,f,Kénitra,referral,2026-05-08,9999-12-31,True,Bronze,
1408,C03828,Mohamed Benali,45-54,m,Tanger,social_media,2026-05-08,9999-12-31,True,Bronze,
1409,C05765,Nadia Bouazza,45-54,m,Tanger,social_media,2026-05-08,9999-12-31,True,Bronze,
1410,C05405,Said Benjelloun,Non renseigné,m,Tanger,referral,2026-05-08,9999-12-31,True,Bronze,
1411,C06573,Ali Berrada,45-54,m,El Jadida,social_media,2026-05-08,9999-12-31,True,Bronze,
1412,C00145,Meryem Cherkaoui,65+,m,Nador,mobile,2026-05-08,9999-12-31,True,Bronze,
1413,C00070,Adil Sefrioui,25-34,f,Tanger,referral,2026-05-08,9999-12-31,True,Bronze,
1414,C04704,Mehdi Chraibi,55-64,f,Agadir,mobile,2026-05-08,9999-12-31,True,Bronze,
1415,C05281,Laila Chraibi,35-44,m,Béni Mellal,web,2026-05-08,9999-12-31,True,Bronze,
1416,C05133,Rachid Bouazza,18-24,m,Agadir,marketplace,2026-05-08,9999-12-31,True,Bronze,
1417,C07833,Mustapha Ouahbi,55-64,m,Tétouan,social_media,2026-05-08,9999-12-31,True,Bronze,
1418,C04755,Hamza Ouahbi,35-44,f,Rabat,referral,2026-05-08,9999-12-31,True,Bronze,
1419,C06922,Soufiane El Amrani,Non renseigné,m,Marrakech,web,2026-05-08,9999-12-31,True,Bronze,
1420,C03486,Nadia El Idrissi,55-64,m,Fès,web,2026-05-08,9999-12-31,True,Bronze,
1421,C03372,Hassan El Idrissi,18-24,f,Oujda,web,2026-05-08,9999-12-31,True,Bronze,
1422,C06866,Fatima Bouzid,25-34,m,Fès,marketplace,2026-05-08,9999-12-31,True,Bronze,
1423,C03752,Rim Kettani,55-64,m,Casablanca,referral,2026-05-08,9999-12-31,True,Bronze,
1424,C06142,Khadija Ouahbi,45-54,f,Safi,marketplace,2026-05-08,9999-12-31,True,Bronze,
1425,C05050,Mehdi Tazi,55-64,f,Oujda,web,2026-05-08,9999-12-31,True,Bronze,
1426,C04890,Hamza Fassi Fihri,45-54,f,Safi,referral,2026-05-08,9999-12-31,True,Bronze,
1427,C00605,Salma Rahmouni,55-64,m,Béni Mellal,mobile,2026-05-08,9999-12-31,True,Bronze,
1428,C04791,Amina El Mansouri,45-54,f,Tanger,marketplace,2026-05-08,9999-12-31,True,Bronze,
1429,C07604,Sara Rahmouni,35-44,f,Agadir,mobile,2026-05-08,9999-12-31,True,Bronze,
1430,C01519,Mehdi Ziani,25-34,m,Tanger,marketplace,2026-05-08,9999-12-31,True,Bronze,
1431,C00250,Soufiane Benali,45-54,m,Mohammedia,referral,2026-05-08,9999-12-31,True,Bronze,
1432,C04257,Khadija Ziani,25-34,m,Fès,web,2026-05-08,9999-12-31,True,Bronze,
1433,C06894,Zakaria Naciri,18-24,f,Mohammedia,referral,2026-05-08,9999-12-31,True,Bronze,
1434,C03552,Rim Berrada,55-64,m,El Jadida,social_media,2026-05-08,9999-12-31,True,Bronze,
1435,C02822,Rachid Alaoui,25-34,m,Tanger,mobile,2026-05-08,9999-12-31,True,Bronze,
1436,C06234,Ghita Bouazza,55-64,f,El Jadida,marketplace,2026-05-08,9999-12-31,True,Bronze,
1437,C06645,Rim Skalli,25-34,m,Kénitra,mobile,2026-05-08,9999-12-31,True,Bronze,
1438,C01868,Brahim Amrani,18-24,m,Casablanca,social_media,2026-05-08,9999-12-31,True,Bronze,
1439,C04194,Laila Skalli,35-44,m,Oujda,web,2026-05-08,9999-12-31,True,Bronze,
1440,C03906,Soufiane Fassi Fihri,55-64,m,Rabat,mobile,2026-05-08,9999-12-31,True,Bronze,
1441,C07599,Youssef Haddad,35-44,f,El Jadida,web,2026-05-08,9999-12-31,True,Bronze,
1442,C03413,Imad Tazi,25-34,f,Marrakech,marketplace,2026-05-08,9999-12-31,True,Bronze,
1443,C01546,Hind Berrada,35-44,m,Casablanca,marketplace,2026-05-08,9999-12-31,True,Bronze,
1444,C04012,Hanane Tahiri,25-34,m,Casablanca,referral,2026-05-08,9999-12-31,True,Bronze,
1445,C01229,Brahim Chraibi,18-24,m,Fès,social_media,2026-05-08,9999-12-31,True,Bronze,
1446,C05307,Khalid Kettani,18-24,f,Rabat,mobile,2026-05-08,9999-12-31,True,Bronze,
1447,C07468,Ali Rahmouni,25-34,m,Tétouan,mobile,2026-05-08,9999-12-31,True,Bronze,
1448,C02805,Meryem Berrada,55-64,m,Casablanca,social_media,2026-05-08,9999-12-31,True,Bronze,
1449,C01159,Omar Tahiri,35-44,m,Rabat,web,2026-05-08,9999-12-31,True,Bronze,
1450,C00602,Brahim El Idrissi,55-64,m,Agadir,marketplace,2026-05-08,9999-12-31,True,Bronze,
1451,C06071,Khalid Lahlou,45-54,f,Meknès,mobile,2026-05-08,9999-12-31,True,Bronze,
1452,C06057,Karim Kettani,25-34,m,Tétouan,marketplace,2026-05-08,9999-12-31,True,Bronze,
1453,C03092,Rim El Mansouri,35-44,f,Tanger,marketplace,2026-05-08,9999-12-31,True,Bronze,
1454,C01993,Asmae Tazi,45-54,f,Tanger,marketplace,2026-05-08,9999-12-31,True,Bronze,
1455,C07976,Imad Tazi,25-34,f,Tanger,referral,2026-05-08,9999-12-31,True,Bronze,
1456,C06122,Dounia Cherkaoui,25-34,m,Tanger,web,2026-05-08,9999-12-31,True,Bronze,
1457,C04905,Wafae Berrada,25-34,m,Rabat,mobile,2026-05-08,9999-12-31,True,Bronze,
1458,C01180,Wafae Ziani,55-64,f,Fès,web,2026-05-08,9999-12-31,True,Bronze,
1459,C03104,Driss Chraibi,35-44,m,Nador,referral,2026-05-08,9999-12-31,True,Bronze,
1460,C04303,Nadia Ouahbi,55-64,f,El Jadida,referral,2026-05-08,9999-12-31,True,Bronze,
1461,C00481,Adil Fassi Fihri,35-44,f,Casablanca,web,2026-05-08,9999-12-31,True,Bronze,
1462,C06567,Soufiane Naciri,25-34,m,Meknès,social_media,2026-05-08,9999-12-31,True,Bronze,
1463,C06269,Amina Sefrioui,25-34,m,Tétouan,referral,2026-05-08,9999-12-31,True,Bronze,
1464,C04003,Nabil Tazi,35-44,m,Mohammedia,marketplace,2026-05-08,9999-12-31,True,Bronze,
1465,C03353,Zakaria Benali,25-34,m,Mohammedia,referral,2026-05-08,9999-12-31,True,Bronze,
1466,C00144,Amina Bouzid,55-64,f,Mohammedia,referral,2026-05-08,9999-12-31,True,Bronze,
1467,C03091,Zakaria El Ouazzani,25-34,f,Casablanca,referral,2026-05-08,9999-12-31,True,Bronze,
1468,C03420,Omar Naciri,55-64,m,El Jadida,web,2026-05-08,9999-12-31,True,Bronze,
1469,C05482,Houda Benkirane,Non renseigné,f,Oujda,referral,2026-05-08,9999-12-31,True,Bronze,
1470,C01348,Amina Cherkaoui,55-64,m,Béni Mellal,web,2026-05-08,9999-12-31,True,Bronze,
1471,C06396,Omar Benjelloun,35-44,m,Marrakech,social_media,2026-05-08,9999-12-31,True,Bronze,
1472,C03266,Zineb Kettani,35-44,m,Rabat,web,2026-05-08,9999-12-31,True,Bronze,
1473,C04005,Nadia Ouahbi,25-34,m,Kénitra,referral,2026-05-08,9999-12-31,True,Bronze,
1474,C04472,Imad Bouazza,45-54,f,Marrakech,marketplace,2026-05-08,9999-12-31,True,Bronze,
1475,C00812,Mustapha Naciri,35-44,f,Béni Mellal,marketplace,2026-05-08,9999-12-31,True,Bronze,
1476,C04445,Hamza Cherkaoui,35-44,f,Fès,marketplace,2026-05-08,9999-12-31,True,Bronze,
1477,C02558,Hassan Sefrioui,55-64,f,Béni Mellal,social_media,2026-05-08,9999-12-31,True,Bronze,
1478,C03545,Reda Tazi,25-34,m,Béni Mellal,social_media,2026-05-08,9999-12-31,True,Bronze,
1479,C06360,Hamza Bennani,55-64,f,Fès,social_media,2026-05-08,9999-12-31,True,Bronze,
1480,C07698,Soufiane Haddad,35-44,m,Tanger,marketplace,2026-05-08,9999-12-31,True,Bronze,
1481,C07739,Rachid Berrada,25-34,m,Fès,referral,2026-05-08,9999-12-31,True,Bronze,
1482,C00570,Imad Cherkaoui,55-64,m,Marrakech,marketplace,2026-05-08,9999-12-31,True,Bronze,
1483,C03348,Imad Bouazza,55-64,m,Béni Mellal,mobile,2026-05-08,9999-12-31,True,Bronze,
1484,C05517,Sanae Benali,45-54,m,Nador,web,2026-05-08,9999-12-31,True,Bronze,
1485,C01819,Houda El Mansouri,25-34,m,Tétouan,mobile,2026-05-08,9999-12-31,True,Bronze,
1486,C04505,Mehdi Benali,35-44,m,Agadir,social_media,2026-05-08,9999-12-31,True,Bronze,
1487,C06498,Salma Benali,35-44,f,Béni Mellal,referral,2026-05-08,9999-12-31,True,Bronze,
1488,C02816,Youssef Amrani,25-34,f,Marrakech,referral,2026-05-08,9999-12-31,True,Bronze,
1489,C05270,Imad El Amrani,35-44,m,Mohammedia,social_media,2026-05-08,9999-12-31,True,Bronze,
1490,C05980,Adil Tazi,35-44,m,Casablanca,marketplace,2026-05-08,9999-12-31,True,Bronze,
1491,C06250,Amina Amrani,45-54,f,Rabat,web,2026-05-08,9999-12-31,True,Bronze,
1492,C02669,Youssef Sefrioui,55-64,m,Fès,marketplace,2026-05-08,9999-12-31,True,Bronze,
1493,C00940,Mohamed Chraibi,55-64,m,Tanger,mobile,2026-05-08,9999-12-31,True,Bronze,
1494,C04533,Youssef Tazi,55-64,m,Marrakech,social_media,2026-05-08,9999-12-31,True,Bronze,
1495,C01967,Nawal Fassi Fihri,25-34,m,Oujda,marketplace,2026-05-08,9999-12-31,True,Bronze,
1496,C01681,Fatima Bouazza,35-44,m,Marrakech,mobile,2026-05-08,9999-12-31,True,Bronze,
1497,C02919,Fatima Bouazza,25-34,f,Casablanca,mobile,2026-05-08,9999-12-31,True,Bronze,
1498,C01660,Karim El Amrani,35-44,m,Casablanca,social_media,2026-05-08,9999-12-31,True,Bronze,
1499,C04743,Nawal Kettani,45-54,m,Casablanca,mobile,2026-05-08,9999-12-31,True,Bronze,
1500,C04169,Rachid Benali,25-34,f,Casablanca,web,2026-05-08,9999-12-31,True,Bronze,
1501,C03316,Asmae Alaoui,45-54,f,Tétouan,marketplace,2026-05-08,9999-12-31,True,Bronze,
1502,C05985,Ghita Filali,35-44,f,Mohammedia,social_media,2026-05-08,9999-12-31,True,Bronze,
1503,C03681,Soufiane Tahiri,55-64,f,Oujda,referral,2026-05-08,9999-12-31,True,Bronze,
1504,C02735,Imad Benkirane,35-44,f,Tanger,mobile,2026-05-08,9999-12-31,True,Bronze,
1505,C02278,Ali Lahlou,35-44,f,Rabat,referral,2026-05-08,9999-12-31,True,Bronze,
1506,C05309,Soufiane Ouahbi,55-64,f,Kénitra,marketplace,2026-05-08,9999-12-31,True,Bronze,
1507,C06619,Mustapha Benjelloun,35-44,m,Marrakech,marketplace,2026-05-08,9999-12-31,True,Bronze,
1508,C07561,Khalid El Amrani,45-54,f,Safi,referral,2026-05-08,9999-12-31,True,Bronze,
1509,C04436,Khalid Naciri,55-64,m,Béni Mellal,social_media,2026-05-08,9999-12-31,True,Bronze,
1510,C05897,Karim El Amrani,25-34,m,Fès,social_media,2026-05-08,9999-12-31,True,Bronze,
1511,C05430,Sanae Bouzid,45-54,m,Nador,marketplace,2026-05-08,9999-12-31,True,Bronze,
1512,C05108,Brahim Fassi Fihri,35-44,m,Tétouan,web,2026-05-08,9999-12-31,True,Bronze,
1513,C05474,Karim Sefrioui,25-34,m,Nador,web,2026-05-08,9999-12-31,True,Bronze,
1514,C06694,Zakaria Benkirane,18-24,m,Tanger,social_media,2026-05-08,9999-12-31,True,Bronze,
1515,C05022,Salma Ouahbi,25-34,m,Nador,mobile,2026-05-08,9999-12-31,True,Bronze,
1516,C02495,Said El Idrissi,45-54,f,Agadir,marketplace,2026-05-08,9999-12-31,True,Bronze,
1517,C03116,Hassan Naciri,25-34,m,Marrakech,marketplace,2026-05-08,9999-12-31,True,Bronze,
1518,C07712,Ahmed Lahlou,55-64,m,Marrakech,referral,2026-05-08,9999-12-31,True,Bronze,
1519,C06602,Amina Bennani,55-64,f,Fès,marketplace,2026-05-08,9999-12-31,True,Bronze,
1520,C00589,Dounia Bouzid,35-44,m,Marrakech,referral,2026-05-08,9999-12-31,True,Bronze,
1521,C07440,Nadia Bouzid,55-64,f,Tanger,web,2026-05-08,9999-12-31,True,Bronze,
1522,C05299,Nadia Chraibi,45-54,m,Tanger,social_media,2026-05-08,9999-12-31,True,Bronze,
1523,C04413,Zakaria Bouazza,25-34,f,Marrakech,social_media,2026-05-08,9999-12-31,True,Bronze,
1524,C01984,Zakaria Benali,35-44,f,Marrakech,web,2026-05-08,9999-12-31,True,Bronze,
1525,C05140,Mehdi Kettani,35-44,f,Meknès,social_media,2026-05-08,9999-12-31,True,Bronze,
1526,C04572,Reda El Mansouri,45-54,f,Rabat,mobile,2026-05-08,9999-12-31,True,Bronze,
1527,C01367,Salma Benkirane,65+,f,Mohammedia,social_media,2026-05-08,9999-12-31,True,Bronze,
1528,C05449,Mohamed Amrani,55-64,f,Casablanca,social_media,2026-05-08,9999-12-31,True,Bronze,
1529,C00324,Imad Berrada,35-44,m,Tanger,marketplace,2026-05-08,9999-12-31,True,Bronze,
1530,C01525,Ali Benjelloun,45-54,m,Tanger,web,2026-05-08,9999-12-31,True,Bronze,
1531,C00938,Samira El Ouazzani,45-54,f,Nador,social_media,2026-05-08,9999-12-31,True,Bronze,
1532,C04985,Zakaria Skalli,45-54,m,Marrakech,social_media,2026-05-08,9999-12-31,True,Bronze,
1533,C02027,Hind Naciri,25-34,m,Agadir,social_media,2026-05-08,9999-12-31,True,Bronze,
1534,C07899,Amina Benkirane,25-34,f,Rabat,mobile,2026-05-08,9999-12-31,True,Bronze,
1535,C07782,Omar Sefrioui,18-24,m,Marrakech,mobile,2026-05-08,9999-12-31,True,Bronze,
1536,C05431,Sara Rahmouni,65+,m,Rabat,web,2026-05-08,9999-12-31,True,Bronze,
1537,C02385,Ahmed El Amrani,35-44,m,Tanger,web,2026-05-08,9999-12-31,True,Bronze,
1538,C07906,Ali Alaoui,25-34,m,Agadir,web,2026-05-08,9999-12-31,True,Bronze,
1539,C01497,Loubna Cherkaoui,55-64,m,Rabat,marketplace,2026-05-08,9999-12-31,True,Bronze,
1540,C03131,Mehdi El Ouazzani,55-64,m,Rabat,web,2026-05-08,9999-12-31,True,Bronze,
1541,C05960,Nadia Tazi,55-64,m,Tanger,social_media,2026-05-08,9999-12-31,True,Bronze,
1542,C07509,Meryem Cherkaoui,35-44,m,Tanger,social_media,2026-05-08,9999-12-31,True,Bronze,
1543,C05614,Imad Tazi,45-54,f,Tanger,web,2026-05-08,9999-12-31,True,Bronze,
1544,C07743,Mehdi Bouazza,55-64,f,Marrakech,marketplace,2026-05-08,9999-12-31,True,Bronze,
1545,C00233,Rachid Bouazza,55-64,f,Casablanca,social_media,2026-05-08,9999-12-31,True,Bronze,
1546,C00101,Imad Fassi Fihri,35-44,f,Rabat,web,2026-05-08,9999-12-31,True,Bronze,
1547,C01953,Ghita Lahlou,55-64,f,Casablanca,marketplace,2026-05-08,9999-12-31,True,Bronze,
1548,C05116,Rachid Lahlou,55-64,f,Tétouan,mobile,2026-05-08,9999-12-31,True,Bronze,
1549,C00818,Asmae Benjelloun,45-54,m,Agadir,mobile,2026-05-08,9999-12-31,True,Bronze,
1550,C03060,Hind Kettani,25-34,f,Nador,marketplace,2026-05-08,9999-12-31,True,Bronze,
1551,C03140,Wafae Ouahbi,25-34,m,El Jadida,referral,2026-05-08,9999-12-31,True,Bronze,
1552,C05513,Said Skalli,55-64,m,Rabat,referral,2026-05-08,9999-12-31,True,Bronze,
1553,C03172,Hanane Benali,55-64,f,Rabat,referral,2026-05-08,9999-12-31,True,Bronze,
1554,C00558,Mehdi Kettani,55-64,f,Meknès,social_media,2026-05-08,9999-12-31,True,Bronze,
1555,C00693,Youssef Bouzid,25-34,m,Marrakech,mobile,2026-05-08,9999-12-31,True,Bronze,
1556,C03705,Brahim Benkirane,45-54,m,Fès,mobile,2026-05-08,9999-12-31,True,Bronze,
1557,C07716,Laila Tahiri,55-64,m,Marrakech,mobile,2026-05-08,9999-12-31,True,Bronze,
1558,C05794,Mehdi Bouazza,55-64,m,Marrakech,social_media,2026-05-08,9999-12-31,True,Bronze,
1559,C01767,Asmae Bouazza,25-34,m,El Jadida,social_media,2026-05-08,9999-12-31,True,Bronze,
1560,C03849,Ahmed Benjelloun,35-44,m,Tétouan,marketplace,2026-05-08,9999-12-31,True,Bronze,
1561,C02156,Mohamed El Ouazzani,35-44,m,Casablanca,referral,2026-05-08,9999-12-31,True,Bronze,
1562,C01338,Mohamed El Mansouri,Non renseigné,m,Nador,referral,2026-05-08,9999-12-31,True,Bronze,
1563,C05849,Zakaria Tahiri,25-34,m,Marrakech,social_media,2026-05-08,9999-12-31,True,Bronze,
1564,C07350,Fatima El Idrissi,45-54,m,Mohammedia,marketplace,2026-05-08,9999-12-31,True,Bronze,
1565,C01117,Salma Bouzid,18-24,f,Rabat,web,2026-05-08,9999-12-31,True,Bronze,
1566,C02472,Fatima Bennani,45-54,f,Tanger,mobile,2026-05-08,9999-12-31,True,Bronze,
1567,C06025,Khadija Tazi,55-64,m,Casablanca,mobile,2026-05-08,9999-12-31,True,Bronze,
1568,C00191,Adil Tahiri,55-64,f,Mohammedia,web,2026-05-08,9999-12-31,True,Bronze,
1569,C03615,Meryem El Mansouri,18-24,m,El Jadida,marketplace,2026-05-08,9999-12-31,True,Bronze,
1570,C04796,Rim Skalli,18-24,m,Casablanca,referral,2026-05-08,9999-12-31,True,Bronze,
1571,C00980,Rachid Chraibi,35-44,m,Casablanca,web,2026-05-08,9999-12-31,True,Bronze,
1572,C06245,Hassan Fassi Fihri,55-64,f,Casablanca,web,2026-05-08,9999-12-31,True,Bronze,
1573,C05465,Amine Lahlou,55-64,f,Kénitra,mobile,2026-05-08,9999-12-31,True,Bronze,
1574,C01108,Fatima Alaoui,55-64,m,Rabat,mobile,2026-05-08,9999-12-31,True,Bronze,
1575,C02372,Zakaria Benali,18-24,m,Meknès,social_media,2026-05-08,9999-12-31,True,Bronze,
1576,C02590,Sara Sefrioui,45-54,m,Tanger,referral,2026-05-08,9999-12-31,True,Bronze,
1577,C04063,Sanae Ziani,35-44,f,Casablanca,social_media,2026-05-08,9999-12-31,True,Bronze,
1578,C05689,Youssef Benkirane,25-34,m,Rabat,marketplace,2026-05-08,9999-12-31,True,Bronze,
1579,C05385,Sanae Lahlou,55-64,m,Tanger,web,2026-05-08,9999-12-31,True,Bronze,
1580,C03443,Karim Tazi,25-34,f,Nador,marketplace,2026-05-08,9999-12-31,True,Bronze,
1581,C04510,Sara Alaoui,55-64,f,Tanger,mobile,2026-05-08,9999-12-31,True,Bronze,
1582,C07548,Salma Tahiri,35-44,m,Béni Mellal,web,2026-05-08,9999-12-31,True,Bronze,
1583,C05997,Soufiane Skalli,45-54,m,Kénitra,social_media,2026-05-08,9999-12-31,True,Bronze,
1584,C07822,Asmae Bouzid,35-44,f,Fès,mobile,2026-05-08,9999-12-31,True,Bronze,
1585,C07452,Mehdi Amrani,35-44,m,Casablanca,referral,2026-05-08,9999-12-31,True,Bronze,
1586,C06053,Amine Alaoui,55-64,f,Safi,referral,2026-05-08,9999-12-31,True,Bronze,
1587,C05780,Amina Alaoui,18-24,f,Casablanca,mobile,2026-05-08,9999-12-31,True,Bronze,
1588,C03430,Zakaria Bouazza,55-64,f,Fès,social_media,2026-05-08,9999-12-31,True,Bronze,
1589,C07431,Ahmed El Amrani,18-24,f,Tanger,marketplace,2026-05-08,9999-12-31,True,Bronze,
1590,C01204,Khadija El Idrissi,Non renseigné,m,Casablanca,marketplace,2026-05-08,9999-12-31,True,Bronze,
1591,C01873,Mustapha Sefrioui,25-34,m,Béni Mellal,web,2026-05-08,9999-12-31,True,Bronze,
1592,C02605,Nabil Ziani,18-24,m,Marrakech,marketplace,2026-05-08,9999-12-31,True,Bronze,
1593,C05403,Mustapha El Idrissi,35-44,m,Marrakech,marketplace,2026-05-08,9999-12-31,True,Bronze,
1594,C05745,Imad Bouzid,65+,m,Marrakech,mobile,2026-05-08,9999-12-31,True,Bronze,
1595,C06667,Soufiane Haddad,35-44,m,Marrakech,referral,2026-05-08,9999-12-31,True,Bronze,
1596,C07156,Reda Bouazza,55-64,m,Rabat,web,2026-05-08,9999-12-31,True,Bronze,
1597,C02653,Meryem El Ouazzani,35-44,m,Tanger,social_media,2026-05-08,9999-12-31,True,Bronze,
1598,C06206,Laila El Ouazzani,45-54,m,Tanger,social_media,2026-05-08,9999-12-31,True,Bronze,
1599,C06814,Hind Skalli,55-64,m,Tanger,marketplace,2026-05-08,9999-12-31,True,Bronze,
1600,C03407,Dounia Naciri,18-24,f,Casablanca,mobile,2026-05-08,9999-12-31,True,Bronze,
1601,C06786,Rachid Fassi Fihri,55-64,m,Marrakech,web,2026-05-08,9999-12-31,True,Bronze,
1602,C06371,Omar Benjelloun,45-54,m,Tanger,social_media,2026-05-08,9999-12-31,True,Bronze,
1603,C06864,Houda Haddad,35-44,m,Tanger,marketplace,2026-05-08,9999-12-31,True,Bronze,
1604,C01718,Omar Lahlou,18-24,f,Tanger,referral,2026-05-08,9999-12-31,True,Bronze,
1605,C04054,Mehdi Amrani,45-54,f,Safi,mobile,2026-05-08,9999-12-31,True,Bronze,
1606,C06758,Nabil Ziani,45-54,m,Nador,referral,2026-05-08,9999-12-31,True,Bronze,
1607,C07185,Driss Rahmouni,35-44,m,Casablanca,web,2026-05-08,9999-12-31,True,Bronze,
1608,C06086,Ahmed Kettani,35-44,m,Marrakech,mobile,2026-05-08,9999-12-31,True,Bronze,
1609,C07375,Amine Tazi,45-54,m,Marrakech,web,2026-05-08,9999-12-31,True,Bronze,
1610,C01371,Soufiane Skalli,55-64,m,Safi,referral,2026-05-08,9999-12-31,True,Bronze,
1611,C06160,Hamza Ziani,25-34,m,Tanger,referral,2026-05-08,9999-12-31,True,Bronze,
1612,C01457,Nabil El Amrani,35-44,f,Tanger,web,2026-05-08,9999-12-31,True,Bronze,
1613,C02439,Dounia Ziani,25-34,m,Kénitra,web,2026-05-08,9999-12-31,True,Bronze,
1614,C00511,Sara Lahlou,35-44,m,Casablanca,referral,2026-05-08,9999-12-31,True,Bronze,
1615,C05059,Reda Tahiri,35-44,m,Agadir,mobile,2026-05-08,9999-12-31,True,Bronze,
1616,C00784,Ahmed Alaoui,25-34,m,Nador,referral,2026-05-08,9999-12-31,True,Bronze,
1617,C07966,Sara Naciri,25-34,f,Casablanca,marketplace,2026-05-08,9999-12-31,True,Bronze,
1618,C03715,Zineb Benjelloun,35-44,f,Casablanca,referral,2026-05-08,9999-12-31,True,Bronze,
1619,C04998,Mehdi Sefrioui,55-64,f,Tanger,web,2026-05-08,9999-12-31,True,Bronze,
1620,C06793,Salma Tazi,45-54,m,Casablanca,social_media,2026-05-08,9999-12-31,True,Bronze,
1621,C01810,Houda Naciri,25-34,m,Tanger,mobile,2026-05-08,9999-12-31,True,Bronze,
1622,C00258,Youssef Benkirane,45-54,m,Agadir,referral,2026-05-08,9999-12-31,True,Bronze,
1623,C04848,Brahim Tahiri,55-64,f,Tanger,web,2026-05-08,9999-12-31,True,Bronze,
1624,C04756,Hind Kettani,45-54,m,Tanger,referral,2026-05-08,9999-12-31,True,Bronze,
1625,C03926,Reda Bennani,45-54,f,Tanger,social_media,2026-05-08,9999-12-31,True,Bronze,
1626,C06283,Ali Ouahbi,35-44,m,Tanger,marketplace,2026-05-08,9999-12-31,True,Bronze,
1627,C02287,Hassan Lahlou,35-44,f,Casablanca,mobile,2026-05-08,9999-12-31,True,Bronze,
1628,C00730,Soufiane Tahiri,35-44,m,Tanger,social_media,2026-05-08,9999-12-31,True,Bronze,
1629,C00474,Ali Fassi Fihri,25-34,m,Tanger,marketplace,2026-05-08,9999-12-31,True,Bronze,
1630,C02337,Soufiane Ziani,55-64,f,Tanger,social_media,2026-05-08,9999-12-31,True,Bronze,
1631,C01391,Said Ziani,18-24,m,Fès,referral,2026-05-08,9999-12-31,True,Bronze,
1632,C02772,Reda Kettani,25-34,f,Mohammedia,web,2026-05-08,9999-12-31,True,Bronze,
1633,C01806,Loubna Bouazza,55-64,m,Mohammedia,web,2026-05-08,9999-12-31,True,Bronze,
1634,C07683,Rim Alaoui,45-54,m,Tétouan,mobile,2026-05-08,9999-12-31,True,Bronze,
1635,C02419,Adil Benkirane,25-34,m,Tanger,marketplace,2026-05-08,9999-12-31,True,Bronze,
1636,C04189,Sanae Bennani,45-54,f,Tanger,marketplace,2026-05-08,9999-12-31,True,Bronze,
1637,C07934,Amine Cherkaoui,55-64,f,Tétouan,web,2026-05-08,9999-12-31,True,Bronze,
1638,C01997,Hanane Chraibi,55-64,m,Casablanca,web,2026-05-08,9999-12-31,True,Bronze,
1639,C03979,Samira Amrani,45-54,m,Fès,referral,2026-05-08,9999-12-31,True,Bronze,
1640,C02483,Zakaria Chraibi,25-34,m,Meknès,referral,2026-05-08,9999-12-31,True,Bronze,
1641,C01752,Dounia Benkirane,25-34,f,Oujda,web,2026-05-08,9999-12-31,True,Bronze,
1642,C00702,Loubna Chraibi,55-64,f,Marrakech,marketplace,2026-05-08,9999-12-31,True,Bronze,
1643,C05532,Ilham Amrani,Non renseigné,m,Casablanca,social_media,2026-05-08,9999-12-31,True,Bronze,
1644,C04622,Mehdi Tazi,55-64,f,Rabat,mobile,2026-05-08,9999-12-31,True,Bronze,
1645,C00033,Driss Tahiri,35-44,f,Meknès,mobile,2026-05-08,9999-12-31,True,Bronze,
1646,C06288,Ali Fassi Fihri,45-54,f,Casablanca,social_media,2026-05-08,9999-12-31,True,Bronze,
1647,C07088,Said Benkirane,25-34,m,Marrakech,mobile,2026-05-08,9999-12-31,True,Bronze,
1648,C05145,Fatima Berrada,65+,m,Tanger,social_media,2026-05-08,9999-12-31,True,Bronze,
1649,C07861,Hanane Benjelloun,55-64,f,Nador,marketplace,2026-05-08,9999-12-31,True,Bronze,
1650,C04737,Meryem Benkirane,35-44,m,Casablanca,marketplace,2026-05-08,9999-12-31,True,Bronze,
1651,C05702,Ilham Kettani,35-44,m,Fès,referral,2026-05-08,9999-12-31,True,Bronze,
1652,C04682,Loubna Filali,35-44,f,Marrakech,mobile,2026-05-08,9999-12-31,True,Bronze,
1653,C05748,Driss Fassi Fihri,45-54,m,Agadir,social_media,2026-05-08,9999-12-31,True,Bronze,
1654,C00011,Khadija Tahiri,55-64,f,Fès,mobile,2026-05-08,9999-12-31,True,Bronze,
1655,C01002,Brahim Bouazza,45-54,m,El Jadida,web,2026-05-08,9999-12-31,True,Bronze,
1656,C00747,Rim Fassi Fihri,25-34,m,Casablanca,mobile,2026-05-08,9999-12-31,True,Bronze,
1657,C07591,Ali Lahlou,45-54,f,Nador,mobile,2026-05-08,9999-12-31,True,Bronze,
1658,C05046,Rachid Chraibi,45-54,f,Tétouan,referral,2026-05-08,9999-12-31,True,Bronze,
1659,C07161,Ghita Kettani,18-24,m,Rabat,social_media,2026-05-08,9999-12-31,True,Bronze,
1660,C03578,Khalid Cherkaoui,18-24,f,Oujda,marketplace,2026-05-08,9999-12-31,True,Bronze,
1661,C01523,Hassan Haddad,25-34,m,Oujda,marketplace,2026-05-08,9999-12-31,True,Bronze,
1662,C02896,Sara Amrani,25-34,m,Kénitra,social_media,2026-05-08,9999-12-31,True,Bronze,
1663,C01209,Sanae Bennani,25-34,f,Safi,mobile,2026-05-08,9999-12-31,True,Bronze,
1664,C06414,Ahmed Naciri,45-54,m,Casablanca,mobile,2026-05-08,9999-12-31,True,Bronze,
1665,C04227,Omar Tahiri,25-34,m,Rabat,marketplace,2026-05-08,9999-12-31,True,Bronze,
1666,C02931,Sara El Mansouri,55-64,f,Rabat,referral,2026-05-08,9999-12-31,True,Bronze,
1667,C04485,Omar Rahmouni,18-24,f,Tanger,social_media,2026-05-08,9999-12-31,True,Bronze,
1668,C07031,Mehdi Cherkaoui,55-64,m,Casablanca,referral,2026-05-08,9999-12-31,True,Bronze,
1669,C05516,Karim Tahiri,35-44,m,Safi,social_media,2026-05-08,9999-12-31,True,Bronze,
1670,C07303,Laila El Amrani,45-54,f,Casablanca,mobile,2026-05-08,9999-12-31,True,Bronze,
1671,C04089,Said Tazi,55-64,m,Oujda,social_media,2026-05-08,9999-12-31,True,Bronze,
1672,C03599,Loubna El Amrani,35-44,m,Tanger,web,2026-05-08,9999-12-31,True,Bronze,
1673,C07075,Amina Tahiri,25-34,f,Tanger,referral,2026-05-08,9999-12-31,True,Bronze,
1674,C04238,Khalid Rahmouni,25-34,f,Mohammedia,social_media,2026-05-08,9999-12-31,True,Bronze,
1675,C02387,Khadija El Ouazzani,25-34,m,Tanger,web,2026-05-08,9999-12-31,True,Bronze,
1676,C03509,Said El Mansouri,45-54,m,Fès,marketplace,2026-05-08,9999-12-31,True,Bronze,
1677,C03463,Amine Ouahbi,25-34,f,Rabat,social_media,2026-05-08,9999-12-31,True,Bronze,
1678,C05073,Khadija Sefrioui,55-64,m,Casablanca,referral,2026-05-08,9999-12-31,True,Bronze,
1679,C04624,Wafae Naciri,25-34,f,Casablanca,web,2026-05-08,9999-12-31,True,Bronze,
1680,C04660,Khadija Bennani,55-64,f,Marrakech,web,2026-05-08,9999-12-31,True,Bronze,
1681,C05953,Meryem Skalli,35-44,m,Béni Mellal,marketplace,2026-05-08,9999-12-31,True,Bronze,
1682,C06457,Laila Naciri,18-24,m,Rabat,web,2026-05-08,9999-12-31,True,Bronze,
1683,C06439,Ilham El Amrani,35-44,m,Tanger,marketplace,2026-05-08,9999-12-31,True,Bronze,
1684,C01751,Ali Ouahbi,65+,m,Tétouan,web,2026-05-08,9999-12-31,True,Bronze,
1685,C05873,Driss Lahlou,35-44,f,El Jadida,web,2026-05-08,9999-12-31,True,Bronze,
1686,C01317,Laila El Idrissi,55-64,f,Marrakech,web,2026-05-08,9999-12-31,True,Bronze,
1687,C07159,Mehdi Bouazza,55-64,f,Marrakech,social_media,2026-05-08,9999-12-31,True,Bronze,
1688,C06684,Said Tazi,45-54,m,Fès,mobile,2026-05-08,9999-12-31,True,Bronze,
1689,C00203,Imad Bouazza,45-54,f,Tanger,web,2026-05-08,9999-12-31,True,Bronze,
1690,C03385,Nabil Bouzid,25-34,m,Marrakech,mobile,2026-05-08,9999-12-31,True,Bronze,
1691,C01609,Adil Alaoui,35-44,f,Agadir,mobile,2026-05-08,9999-12-31,True,Bronze,
1692,C02018,Ahmed Ouahbi,25-34,m,Marrakech,web,2026-05-08,9999-12-31,True,Bronze,
1693,C05334,Reda Filali,18-24,f,Casablanca,social_media,2026-05-08,9999-12-31,True,Bronze,
1694,C06508,Sanae Bouazza,25-34,m,Tétouan,web,2026-05-08,9999-12-31,True,Bronze,
1695,C05450,Driss Alaoui,18-24,m,Tanger,mobile,2026-05-08,9999-12-31,True,Bronze,
1696,C07113,Said El Idrissi,55-64,m,Tanger,social_media,2026-05-08,9999-12-31,True,Bronze,
1697,C01154,Sanae Sefrioui,18-24,f,Safi,marketplace,2026-05-08,9999-12-31,True,Bronze,
1698,C00222,Zakaria Rahmouni,55-64,m,Agadir,web,2026-05-08,9999-12-31,True,Bronze,
1699,C00403,Hind El Amrani,55-64,f,Rabat,web,2026-05-08,9999-12-31,True,Bronze,
1700,C03425,Mohamed Sefrioui,25-34,f,Safi,referral,2026-05-08,9999-12-31,True,Bronze,
1701,C07118,Hanane Benali,Non renseigné,f,Rabat,referral,2026-05-08,9999-12-31,True,Bronze,
1702,C05582,Wafae Skalli,55-64,f,Mohammedia,web,2026-05-08,9999-12-31,True,Bronze,
1703,C06356,Salma Alaoui,45-54,m,Fès,social_media,2026-05-08,9999-12-31,True,Bronze,
1704,C05870,Sanae El Ouazzani,18-24,m,Nador,social_media,2026-05-08,9999-12-31,True,Bronze,
1705,C04875,Hind El Idrissi,25-34,m,Fès,web,2026-05-08,9999-12-31,True,Bronze,
1706,C07383,Houda Lahlou,45-54,f,Tanger,web,2026-05-08,9999-12-31,True,Bronze,
1707,C07610,Soufiane Skalli,45-54,m,Kénitra,marketplace,2026-05-08,9999-12-31,True,Bronze,
1708,C01232,Ahmed El Idrissi,55-64,m,Tanger,social_media,2026-05-08,9999-12-31,True,Bronze,
1709,C01149,Soufiane Cherkaoui,55-64,f,Tanger,referral,2026-05-08,9999-12-31,True,Bronze,
1710,C04897,Rachid Bennani,25-34,f,El Jadida,web,2026-05-08,9999-12-31,True,Bronze,
1711,C05048,Khadija Haddad,55-64,f,Fès,social_media,2026-05-08,9999-12-31,True,Bronze,
1712,C03969,Rim Filali,25-34,m,Tanger,social_media,2026-05-08,9999-12-31,True,Bronze,
1713,C04160,Loubna El Mansouri,25-34,f,Marrakech,referral,2026-05-08,9999-12-31,True,Bronze,
1714,C03973,Wafae Ouahbi,18-24,f,Casablanca,mobile,2026-05-08,9999-12-31,True,Bronze,
1715,C05864,Dounia Kettani,25-34,f,Fès,web,2026-05-08,9999-12-31,True,Bronze,
1716,C01297,Laila Benkirane,45-54,m,Tétouan,web,2026-05-08,9999-12-31,True,Bronze,
1717,C06658,Houda Tahiri,18-24,f,Agadir,mobile,2026-05-08,9999-12-31,True,Bronze,
1718,C06459,Rim Ouahbi,35-44,m,El Jadida,mobile,2026-05-08,9999-12-31,True,Bronze,
1719,C04045,Adil Benali,35-44,m,Marrakech,mobile,2026-05-08,9999-12-31,True,Bronze,
1720,C02061,Nabil Amrani,18-24,f,Fès,social_media,2026-05-08,9999-12-31,True,Bronze,
1721,C07547,Brahim El Mansouri,35-44,f,Fès,social_media,2026-05-08,9999-12-31,True,Bronze,
1722,C03285,Fatima El Idrissi,35-44,m,Safi,mobile,2026-05-08,9999-12-31,True,Bronze,
1723,C06302,Hassan Bennani,Non renseigné,m,Agadir,referral,2026-05-08,9999-12-31,True,Bronze,
1724,C05049,Reda Benjelloun,35-44,m,Tanger,referral,2026-05-08,9999-12-31,True,Bronze,
1725,C07577,Karim El Idrissi,55-64,m,Fès,marketplace,2026-05-08,9999-12-31,True,Bronze,
1726,C06753,Hassan Naciri,25-34,m,Marrakech,referral,2026-05-08,9999-12-31,True,Bronze,
1727,C06170,Hassan Amrani,55-64,m,Tanger,web,2026-05-08,9999-12-31,True,Bronze,
1728,C00204,Nabil Bennani,35-44,m,Tanger,social_media,2026-05-08,9999-12-31,True,Bronze,
1729,C01723,Asmae Haddad,55-64,m,Tétouan,marketplace,2026-05-08,9999-12-31,True,Bronze,
1730,C03712,Reda Fassi Fihri,25-34,f,Nador,web,2026-05-08,9999-12-31,True,Bronze,
1731,C06539,Adil Bouazza,25-34,m,Oujda,referral,2026-05-08,9999-12-31,True,Bronze,
1732,C04164,Nabil Sefrioui,18-24,m,Kénitra,web,2026-05-08,9999-12-31,True,Bronze,
1733,C03021,Driss Skalli,55-64,m,Rabat,social_media,2026-05-08,9999-12-31,True,Bronze,
1734,C04114,Sara Kettani,25-34,m,Agadir,social_media,2026-05-08,9999-12-31,True,Bronze,
1735,C04549,Wafae El Mansouri,45-54,m,Béni Mellal,social_media,2026-05-08,9999-12-31,True,Bronze,
1736,C03429,Omar Benjelloun,55-64,f,Marrakech,mobile,2026-05-08,9999-12-31,True,Bronze,
1737,C01969,Mehdi Naciri,35-44,f,Nador,web,2026-05-08,9999-12-31,True,Bronze,
1738,C01138,Youssef Haddad,25-34,m,Fès,social_media,2026-05-08,9999-12-31,True,Bronze,
1739,C07439,Loubna Naciri,45-54,f,Casablanca,marketplace,2026-05-08,9999-12-31,True,Bronze,
1740,C04269,Sara Tahiri,18-24,m,Fès,web,2026-05-08,9999-12-31,True,Bronze,
1741,C02695,Meryem El Ouazzani,45-54,f,Béni Mellal,social_media,2026-05-08,9999-12-31,True,Bronze,
1742,C00585,Fatima Fassi Fihri,45-54,f,Tanger,mobile,2026-05-08,9999-12-31,True,Bronze,
1743,C06255,Omar El Mansouri,45-54,m,Tétouan,referral,2026-05-08,9999-12-31,True,Bronze,
1744,C00486,Youssef Tahiri,35-44,f,Tétouan,marketplace,2026-05-08,9999-12-31,True,Bronze,
1745,C06958,Nadia Berrada,18-24,m,Béni Mellal,referral,2026-05-08,9999-12-31,True,Bronze,
1746,C05141,Zineb Kettani,18-24,m,Tétouan,marketplace,2026-05-08,9999-12-31,True,Bronze,
1747,C06589,Loubna Ouahbi,35-44,f,Agadir,social_media,2026-05-08,9999-12-31,True,Bronze,
1748,C04677,Hassan Tahiri,55-64,f,Fès,social_media,2026-05-08,9999-12-31,True,Bronze,
1749,C00259,Samira Sefrioui,35-44,m,Tétouan,referral,2026-05-08,9999-12-31,True,Bronze,
1750,C03605,Amine Ouahbi,45-54,m,Tanger,mobile,2026-05-08,9999-12-31,True,Bronze,
1751,C05611,Mustapha El Idrissi,35-44,f,Tanger,web,2026-05-08,9999-12-31,True,Bronze,
1752,C06114,Ahmed Cherkaoui,45-54,m,Casablanca,mobile,2026-05-08,9999-12-31,True,Bronze,
1753,C04901,Rim Skalli,18-24,m,Kénitra,social_media,2026-05-08,9999-12-31,True,Bronze,
1754,C04940,Meryem Fassi Fihri,25-34,m,Tanger,referral,2026-05-08,9999-12-31,True,Bronze,
1755,C02991,Mehdi Bennani,65+,m,Marrakech,referral,2026-05-08,9999-12-31,True,Bronze,
1756,C00540,Omar Rahmouni,45-54,m,Casablanca,referral,2026-05-08,9999-12-31,True,Bronze,
1757,C00513,Loubna Filali,25-34,m,Mohammedia,social_media,2026-05-08,9999-12-31,True,Bronze,
1758,C04357,Rachid Tahiri,25-34,f,Safi,web,2026-05-08,9999-12-31,True,Bronze,
1759,C01804,Laila Tazi,55-64,m,Fès,marketplace,2026-05-08,9999-12-31,True,Bronze,
1760,C07146,Hamza Benali,25-34,f,Tanger,social_media,2026-05-08,9999-12-31,True,Bronze,
1761,C04632,Salma Sefrioui,18-24,f,Tanger,social_media,2026-05-08,9999-12-31,True,Bronze,
1762,C01162,Ahmed El Mansouri,25-34,m,Nador,social_media,2026-05-08,9999-12-31,True,Bronze,
1763,C00609,Ali Haddad,45-54,m,Casablanca,mobile,2026-05-08,9999-12-31,True,Bronze,
1764,C03494,Youssef Bouzid,55-64,m,Kénitra,web,2026-05-08,9999-12-31,True,Bronze,
1765,C06398,Nabil Bouzid,45-54,f,Casablanca,web,2026-05-08,9999-12-31,True,Bronze,
1766,C00844,Zakaria Kettani,45-54,f,Fès,mobile,2026-05-08,9999-12-31,True,Bronze,
1767,C05329,Hamza Bouzid,35-44,m,Fès,social_media,2026-05-08,9999-12-31,True,Bronze,
1768,C01247,Salma Haddad,55-64,m,Mohammedia,social_media,2026-05-08,9999-12-31,True,Bronze,
1769,C04867,Meryem Ziani,55-64,m,Oujda,referral,2026-05-08,9999-12-31,True,Bronze,
1770,C05117,Loubna Kettani,35-44,m,El Jadida,marketplace,2026-05-08,9999-12-31,True,Bronze,
1771,C00489,Dounia Amrani,55-64,m,Meknès,mobile,2026-05-08,9999-12-31,True,Bronze,
1772,C00004,Zineb Amrani,55-64,m,Rabat,referral,2026-05-08,9999-12-31,True,Bronze,
1773,C00804,Hind Ziani,25-34,m,Casablanca,web,2026-05-08,9999-12-31,True,Bronze,
1774,C05999,Rachid Benkirane,55-64,f,Fès,mobile,2026-05-08,9999-12-31,True,Bronze,
1775,C04070,Ahmed Chraibi,25-34,m,Tanger,marketplace,2026-05-08,9999-12-31,True,Bronze,
1776,C06348,Asmae Skalli,55-64,m,Safi,web,2026-05-08,9999-12-31,True,Bronze,
1777,C01052,Amine Bouzid,25-34,m,Agadir,mobile,2026-05-08,9999-12-31,True,Bronze,
1778,C00316,Adil Rahmouni,25-34,m,Oujda,social_media,2026-05-08,9999-12-31,True,Bronze,
1779,C00273,Zineb Haddad,35-44,f,Fès,referral,2026-05-08,9999-12-31,True,Bronze,
1780,C02186,Hind El Amrani,35-44,m,Rabat,marketplace,2026-05-08,9999-12-31,True,Bronze,
1781,C03688,Karim Bouazza,65+,f,Casablanca,referral,2026-05-08,9999-12-31,True,Bronze,
1782,C01049,Sara Tazi,55-64,f,Fès,mobile,2026-05-08,9999-12-31,True,Bronze,
1783,C01298,Ilham El Mansouri,18-24,m,Rabat,social_media,2026-05-08,9999-12-31,True,Bronze,
1784,C04672,Dounia Rahmouni,25-34,m,Tanger,web,2026-05-08,9999-12-31,True,Bronze,
1785,C01483,Fatima Fassi Fihri,55-64,m,Tanger,marketplace,2026-05-08,9999-12-31,True,Bronze,
1786,C01183,Zineb El Amrani,45-54,m,Tanger,social_media,2026-05-08,9999-12-31,True,Bronze,
1787,C05991,Meryem Haddad,35-44,m,Tanger,referral,2026-05-08,9999-12-31,True,Bronze,
1788,C03951,Said Lahlou,65+,m,Tanger,mobile,2026-05-08,9999-12-31,True,Bronze,
1789,C01072,Samira Sefrioui,35-44,m,Fès,web,2026-05-08,9999-12-31,True,Bronze,
1790,C00504,Hamza Tazi,25-34,m,Casablanca,social_media,2026-05-08,9999-12-31,True,Bronze,
1791,C05786,Asmae Benjelloun,35-44,m,Fès,social_media,2026-05-08,9999-12-31,True,Bronze,
1792,C01701,Meryem Haddad,35-44,m,Tanger,social_media,2026-05-08,9999-12-31,True,Bronze,
1793,C07552,Said Bouzid,25-34,m,Fès,social_media,2026-05-08,9999-12-31,True,Bronze,
1794,C06324,Omar Ziani,55-64,m,Tétouan,referral,2026-05-08,9999-12-31,True,Bronze,
1795,C03097,Laila Cherkaoui,35-44,m,Casablanca,social_media,2026-05-08,9999-12-31,True,Bronze,
1796,C07127,Ahmed Naciri,25-34,f,Tétouan,web,2026-05-08,9999-12-31,True,Bronze,
1797,C04147,Rachid Skalli,35-44,f,Tanger,web,2026-05-08,9999-12-31,True,Bronze,
1798,C01353,Ilham Fassi Fihri,35-44,m,Rabat,mobile,2026-05-08,9999-12-31,True,Bronze,
1799,C01166,Driss Haddad,55-64,m,Béni Mellal,referral,2026-05-08,9999-12-31,True,Bronze,
1800,C03924,Imad Rahmouni,35-44,f,Meknès,marketplace,2026-05-08,9999-12-31,True,Bronze,
1801,C03911,Laila Bennani,25-34,f,Tanger,social_media,2026-05-08,9999-12-31,True,Bronze,
1802,C04816,Mohamed Rahmouni,35-44,f,Oujda,social_media,2026-05-08,9999-12-31,True,Bronze,
1803,C04645,Nawal Benjelloun,55-64,f,Rabat,referral,2026-05-08,9999-12-31,True,Bronze,
1804,C05659,Fatima El Idrissi,45-54,m,Tétouan,referral,2026-05-08,9999-12-31,True,Bronze,
1805,C06980,Hamza El Ouazzani,35-44,f,Meknès,mobile,2026-05-08,9999-12-31,True,Bronze,
1806,C07859,Reda Cherkaoui,25-34,m,Mohammedia,marketplace,2026-05-08,9999-12-31,True,Bronze,
1807,C02721,Laila El Mansouri,55-64,m,Fès,marketplace,2026-05-08,9999-12-31,True,Bronze,
1808,C00643,Said Ouahbi,45-54,f,Mohammedia,marketplace,2026-05-08,9999-12-31,True,Bronze,
1809,C02924,Said Ziani,25-34,m,Fès,social_media,2026-05-08,9999-12-31,True,Bronze,
1810,C03373,Omar Benali,18-24,f,Tanger,social_media,2026-05-08,9999-12-31,True,Bronze,
1811,C02814,Karim Cherkaoui,18-24,m,Tanger,referral,2026-05-08,9999-12-31,True,Bronze,
1812,C07618,Karim Amrani,45-54,m,Oujda,referral,2026-05-08,9999-12-31,True,Bronze,
1813,C04449,Ghita Benali,Non renseigné,m,Rabat,mobile,2026-05-08,9999-12-31,True,Bronze,
1814,C04055,Youssef Bouazza,25-34,m,Tétouan,mobile,2026-05-08,9999-12-31,True,Bronze,
1815,C05796,Khalid Chraibi,55-64,f,Kénitra,social_media,2026-05-08,9999-12-31,True,Bronze,
1816,C03118,Hamza Benkirane,55-64,m,Marrakech,marketplace,2026-05-08,9999-12-31,True,Bronze,
1817,C02207,Hamza Skalli,55-64,f,Tanger,marketplace,2026-05-08,9999-12-31,True,Bronze,
1818,C03934,Laila Ziani,45-54,f,Marrakech,mobile,2026-05-08,9999-12-31,True,Bronze,
1819,C00349,Salma Fassi Fihri,25-34,f,Meknès,mobile,2026-05-08,9999-12-31,True,Bronze,
1820,C00997,Driss Fassi Fihri,25-34,m,Meknès,social_media,2026-05-08,9999-12-31,True,Bronze,
1821,C02400,Imad Haddad,18-24,f,Tanger,marketplace,2026-05-08,9999-12-31,True,Bronze,
1822,C05539,Khalid Berrada,35-44,m,Tanger,social_media,2026-05-08,9999-12-31,True,Bronze,
1823,C07889,Zakaria Lahlou,55-64,f,Casablanca,mobile,2026-05-08,9999-12-31,True,Bronze,
1824,C04713,Rachid El Amrani,35-44,f,Agadir,mobile,2026-05-08,9999-12-31,True,Bronze,
1825,C06627,Asmae Benjelloun,35-44,f,Nador,mobile,2026-05-08,9999-12-31,True,Bronze,
1826,C07109,Hamza Skalli,55-64,f,Fès,referral,2026-05-08,9999-12-31,True,Bronze,
1827,C01484,Zineb Benali,55-64,f,Casablanca,web,2026-05-08,9999-12-31,True,Bronze,
1828,C01841,Driss Benjelloun,55-64,m,Rabat,social_media,2026-05-08,9999-12-31,True,Bronze,
1829,C04523,Khalid Fassi Fihri,18-24,m,Rabat,marketplace,2026-05-08,9999-12-31,True,Bronze,
1830,C02370,Ali Tahiri,45-54,m,Tétouan,social_media,2026-05-08,9999-12-31,True,Bronze,
1831,C07710,Zakaria Filali,55-64,m,Nador,marketplace,2026-05-08,9999-12-31,True,Bronze,
1832,C00544,Ali Alaoui,35-44,m,Tanger,mobile,2026-05-08,9999-12-31,True,Bronze,
1833,C07395,Hassan Rahmouni,55-64,m,Tanger,marketplace,2026-05-08,9999-12-31,True,Bronze,
1834,C01337,Soufiane Skalli,65+,m,Oujda,marketplace,2026-05-08,9999-12-31,True,Bronze,
1835,C06744,Ahmed Amrani,65+,f,Meknès,marketplace,2026-05-08,9999-12-31,True,Bronze,
1836,C03886,Mohamed Rahmouni,65+,m,Casablanca,referral,2026-05-08,9999-12-31,True,Bronze,
1837,C06840,Dounia Bennani,35-44,f,Meknès,social_media,2026-05-08,9999-12-31,True,Bronze,
1838,C00920,Hassan Cherkaoui,25-34,m,Meknès,mobile,2026-05-08,9999-12-31,True,Bronze,
1839,C07687,Fatima Lahlou,35-44,f,Agadir,mobile,2026-05-08,9999-12-31,True,Bronze,
1840,C04024,Houda El Amrani,45-54,f,Tanger,social_media,2026-05-08,9999-12-31,True,Bronze,
1841,C01113,Zakaria El Amrani,55-64,m,Mohammedia,web,2026-05-08,9999-12-31,True,Bronze,
1842,C04271,Adil Bouzid,18-24,f,Fès,marketplace,2026-05-08,9999-12-31,True,Bronze,
1843,C06104,Karim El Ouazzani,35-44,f,Safi,marketplace,2026-05-08,9999-12-31,True,Bronze,
1844,C01286,Nawal Fassi Fihri,25-34,m,Rabat,marketplace,2026-05-08,9999-12-31,True,Bronze,
1845,C03642,Salma Naciri,45-54,m,Mohammedia,mobile,2026-05-08,9999-12-31,True,Bronze,
1846,C02334,Asmae Bouazza,35-44,m,Tanger,web,2026-05-08,9999-12-31,True,Bronze,
1847,C00698,Brahim Filali,55-64,m,Rabat,social_media,2026-05-08,9999-12-31,True,Bronze,
1848,C02272,Houda Cherkaoui,45-54,m,El Jadida,marketplace,2026-05-08,9999-12-31,True,Bronze,
1849,C05526,Sanae Filali,25-34,f,Tanger,referral,2026-05-08,9999-12-31,True,Bronze,
1850,C04993,Karim Amrani,25-34,m,Fès,social_media,2026-05-08,9999-12-31,True,Bronze,
1851,C02740,Hassan Kettani,55-64,m,Rabat,marketplace,2026-05-08,9999-12-31,True,Bronze,
1852,C07900,Asmae Benkirane,35-44,m,Fès,marketplace,2026-05-08,9999-12-31,True,Bronze,
1853,C00027,Loubna Kettani,25-34,f,Tétouan,mobile,2026-05-08,9999-12-31,True,Bronze,
1854,C02082,Amine Lahlou,45-54,m,Casablanca,referral,2026-05-08,9999-12-31,True,Bronze,
1855,C02141,Amine Cherkaoui,45-54,m,Tanger,referral,2026-05-08,9999-12-31,True,Bronze,
1856,C04548,Hamza Fassi Fihri,35-44,m,Casablanca,referral,2026-05-08,9999-12-31,True,Bronze,
1857,C05710,Imad Benkirane,45-54,f,Béni Mellal,referral,2026-05-08,9999-12-31,True,Bronze,
1858,C03449,Houda Rahmouni,55-64,m,Tanger,web,2026-05-08,9999-12-31,True,Bronze,
1859,C02139,Hind Skalli,45-54,m,Rabat,referral,2026-05-08,9999-12-31,True,Bronze,
1860,C04092,Samira Bennani,55-64,m,Casablanca,marketplace,2026-05-08,9999-12-31,True,Bronze,
1861,C01533,Mohamed Tahiri,55-64,m,Oujda,mobile,2026-05-08,9999-12-31,True,Bronze,
1862,C02173,Karim Cherkaoui,25-34,m,El Jadida,mobile,2026-05-08,9999-12-31,True,Bronze,
1863,C02473,Omar Skalli,18-24,f,Casablanca,social_media,2026-05-08,9999-12-31,True,Bronze,
1864,C07772,Ali Lahlou,45-54,f,Fès,web,2026-05-08,9999-12-31,True,Bronze,
1865,C07048,Loubna Benkirane,55-64,f,Agadir,social_media,2026-05-08,9999-12-31,True,Bronze,
1866,C05781,Nawal Fassi Fihri,55-64,m,Marrakech,mobile,2026-05-08,9999-12-31,True,Bronze,
1867,C01030,Wafae Ouahbi,45-54,m,Béni Mellal,social_media,2026-05-08,9999-12-31,True,Bronze,
1868,C07321,Samira Rahmouni,55-64,m,Tétouan,marketplace,2026-05-08,9999-12-31,True,Bronze,
1869,C05421,Hamza Bouazza,45-54,m,Fès,marketplace,2026-05-08,9999-12-31,True,Bronze,
1870,C07778,Ahmed Bennani,Non renseigné,m,Agadir,referral,2026-05-08,9999-12-31,True,Bronze,
1871,C00524,Reda Bouazza,55-64,m,Casablanca,referral,2026-05-08,9999-12-31,True,Bronze,
1872,C06120,Ghita Cherkaoui,45-54,f,Marrakech,web,2026-05-08,9999-12-31,True,Bronze,
1873,C07103,Ahmed Rahmouni,55-64,f,Casablanca,referral,2026-05-08,9999-12-31,True,Bronze,
1874,C02297,Driss Cherkaoui,35-44,m,Nador,web,2026-05-08,9999-12-31,True,Bronze,
1875,C01092,Reda El Mansouri,35-44,f,Tanger,referral,2026-05-08,9999-12-31,True,Bronze,
1876,C00151,Zakaria Tahiri,55-64,m,Agadir,marketplace,2026-05-08,9999-12-31,True,Bronze,
1877,C02913,Rachid El Idrissi,18-24,f,Kénitra,mobile,2026-05-08,9999-12-31,True,Bronze,
1878,C01937,Khadija Chraibi,45-54,m,Casablanca,mobile,2026-05-08,9999-12-31,True,Bronze,
1879,C00990,Nawal Naciri,18-24,m,Tanger,marketplace,2026-05-08,9999-12-31,True,Bronze,
1880,C05129,Hassan El Idrissi,25-34,m,Agadir,social_media,2026-05-08,9999-12-31,True,Bronze,
1881,C05121,Mohamed Berrada,45-54,f,Rabat,web,2026-05-08,9999-12-31,True,Bronze,
1882,C05662,Nawal El Idrissi,55-64,f,Tanger,mobile,2026-05-08,9999-12-31,True,Bronze,
1883,C00347,Khalid Sefrioui,35-44,m,Meknès,referral,2026-05-08,9999-12-31,True,Bronze,
1884,C05295,Khalid Kettani,25-34,m,Fès,web,2026-05-08,9999-12-31,True,Bronze,
1885,C06274,Brahim El Mansouri,55-64,f,Agadir,social_media,2026-05-08,9999-12-31,True,Bronze,
1886,C07418,Amine Benali,25-34,f,Fès,web,2026-05-08,9999-12-31,True,Bronze,
1887,C01623,Sanae Cherkaoui,18-24,f,Casablanca,web,2026-05-08,9999-12-31,True,Bronze,
1888,C03785,Houda Bennani,25-34,m,Casablanca,marketplace,2026-05-08,9999-12-31,True,Bronze,
1889,C05232,Karim El Idrissi,35-44,f,El Jadida,referral,2026-05-08,9999-12-31,True,Bronze,
1890,C00267,Said Sefrioui,35-44,f,Béni Mellal,marketplace,2026-05-08,9999-12-31,True,Bronze,
1891,C04806,Sara Berrada,55-64,m,Agadir,web,2026-05-08,9999-12-31,True,Bronze,
1892,C06381,Fatima Filali,45-54,m,Nador,web,2026-05-08,9999-12-31,True,Bronze,
1893,C01580,Nabil Kettani,25-34,f,Tanger,web,2026-05-08,9999-12-31,True,Bronze,
1894,C03738,Fatima Kettani,25-34,f,Marrakech,mobile,2026-05-08,9999-12-31,True,Bronze,
1895,C02036,Ali Tazi,55-64,m,Marrakech,web,2026-05-08,9999-12-31,True,Bronze,
1896,C02542,Amine El Idrissi,55-64,m,Safi,mobile,2026-05-08,9999-12-31,True,Bronze,
1897,C06184,Youssef Filali,55-64,f,Tanger,web,2026-05-08,9999-12-31,True,Bronze,
1898,C07550,Rim Bouazza,35-44,m,Casablanca,mobile,2026-05-08,9999-12-31,True,Bronze,
1899,C03183,Adil Fassi Fihri,45-54,m,Marrakech,social_media,2026-05-08,9999-12-31,True,Bronze,
1900,C00301,Houda Kettani,45-54,f,Rabat,marketplace,2026-05-08,9999-12-31,True,Bronze,
1901,C02676,Dounia Cherkaoui,55-64,m,Kénitra,referral,2026-05-08,9999-12-31,True,Bronze,
1902,C04339,Loubna Ziani,55-64,f,Kénitra,marketplace,2026-05-08,9999-12-31,True,Bronze,
1903,C05829,Adil Ouahbi,25-34,m,Tanger,referral,2026-05-08,9999-12-31,True,Bronze,
1904,C05276,Brahim Kettani,25-34,m,Béni Mellal,mobile,2026-05-08,9999-12-31,True,Bronze,
1905,C07028,Brahim Bennani,45-54,f,Marrakech,mobile,2026-05-08,9999-12-31,True,Bronze,
1906,C01257,Houda El Mansouri,25-34,f,Casablanca,marketplace,2026-05-08,9999-12-31,True,Bronze,
1907,C01505,Sara El Ouazzani,45-54,m,Béni Mellal,web,2026-05-08,9999-12-31,True,Bronze,
1908,C05097,Reda Ouahbi,18-24,m,Oujda,mobile,2026-05-08,9999-12-31,True,Bronze,
1909,C02533,Houda Ouahbi,18-24,m,Casablanca,social_media,2026-05-08,9999-12-31,True,Bronze,
1910,C01106,Hind Ziani,Non renseigné,m,Oujda,marketplace,2026-05-08,9999-12-31,True,Bronze,
1911,C02840,Rachid Tahiri,35-44,m,Casablanca,marketplace,2026-05-08,9999-12-31,True,Bronze,
1912,C05641,Wafae Bouazza,18-24,m,Rabat,web,2026-05-08,9999-12-31,True,Bronze,
1913,C00519,Sanae Ziani,Non renseigné,m,Fès,social_media,2026-05-08,9999-12-31,True,Bronze,
1914,C01089,Said Bouzid,25-34,f,Tanger,web,2026-05-08,9999-12-31,True,Bronze,
1915,C05764,Ali Rahmouni,18-24,m,Rabat,social_media,2026-05-08,9999-12-31,True,Bronze,
1916,C05737,Ilham Sefrioui,25-34,f,Fès,referral,2026-05-08,9999-12-31,True,Bronze,
1917,C01268,Nawal Ziani,55-64,m,Casablanca,mobile,2026-05-08,9999-12-31,True,Bronze,
1918,C00017,Youssef El Mansouri,25-34,f,Casablanca,mobile,2026-05-08,9999-12-31,True,Bronze,
1919,C05696,Khalid El Mansouri,45-54,f,Fès,mobile,2026-05-08,9999-12-31,True,Bronze,
1920,C02510,Sanae Tahiri,45-54,m,Fès,mobile,2026-05-08,9999-12-31,True,Bronze,
1921,C06182,Laila Naciri,45-54,m,Safi,social_media,2026-05-08,9999-12-31,True,Bronze,
1922,C03823,Rachid Rahmouni,25-34,f,Agadir,web,2026-05-08,9999-12-31,True,Bronze,
1923,C01544,Sanae Kettani,35-44,m,Nador,referral,2026-05-08,9999-12-31,True,Bronze,
1924,C00638,Omar Chraibi,45-54,m,Tanger,referral,2026-05-08,9999-12-31,True,Bronze,
1925,C00873,Ghita Bouazza,25-34,m,Tanger,marketplace,2026-05-08,9999-12-31,True,Bronze,
1926,C00174,Sanae Sefrioui,55-64,f,Mohammedia,mobile,2026-05-08,9999-12-31,True,Bronze,
1927,C02112,Sara Tahiri,55-64,m,Mohammedia,marketplace,2026-05-08,9999-12-31,True,Bronze,
1928,C05571,Rachid Kettani,45-54,m,Casablanca,mobile,2026-05-08,9999-12-31,True,Bronze,
1929,C07473,Loubna Ziani,25-34,m,Tanger,web,2026-05-08,9999-12-31,True,Bronze,
1930,C03612,Dounia El Ouazzani,18-24,m,Rabat,marketplace,2026-05-08,9999-12-31,True,Bronze,
1931,C00424,Ali Rahmouni,45-54,f,El Jadida,social_media,2026-05-08,9999-12-31,True,Bronze,
1932,C00014,Nabil Benali,Non renseigné,m,Tanger,referral,2026-05-08,9999-12-31,True,Bronze,
1933,C02286,Amina Kettani,55-64,m,Meknès,web,2026-05-08,9999-12-31,True,Bronze,
1934,C01657,Wafae Benkirane,35-44,f,Rabat,social_media,2026-05-08,9999-12-31,True,Bronze,
1935,C07065,Nabil Bennani,35-44,f,Casablanca,web,2026-05-08,9999-12-31,True,Bronze,
1936,C05265,Said Benali,25-34,m,Marrakech,marketplace,2026-05-08,9999-12-31,True,Bronze,
1937,C01669,Adil Ouahbi,25-34,m,Rabat,mobile,2026-05-08,9999-12-31,True,Bronze,
1938,C03932,Nabil Skalli,35-44,m,Fès,mobile,2026-05-08,9999-12-31,True,Bronze,
1939,C01919,Dounia Filali,25-34,f,Rabat,web,2026-05-08,9999-12-31,True,Bronze,
1940,C00442,Ilham Sefrioui,18-24,f,Marrakech,mobile,2026-05-08,9999-12-31,True,Bronze,
1941,C05446,Salma Tazi,55-64,m,Safi,referral,2026-05-08,9999-12-31,True,Bronze,
1942,C07851,Laila Rahmouni,25-34,f,Tanger,mobile,2026-05-08,9999-12-31,True,Bronze,
1943,C04225,Hanane Cherkaoui,65+,m,Rabat,web,2026-05-08,9999-12-31,True,Bronze,
1944,C03467,Asmae Lahlou,35-44,f,Fès,referral,2026-05-08,9999-12-31,True,Bronze,
1945,C07893,Salma Benjelloun,65+,m,Meknès,mobile,2026-05-08,9999-12-31,True,Bronze,
1946,C00445,Hamza Ouahbi,65+,m,Fès,web,2026-05-08,9999-12-31,True,Bronze,
1947,C00866,Zakaria Berrada,25-34,m,El Jadida,marketplace,2026-05-08,9999-12-31,True,Bronze,
1948,C02691,Loubna Cherkaoui,55-64,m,Fès,marketplace,2026-05-08,9999-12-31,True,Bronze,
1949,C03214,Khadija Lahlou,45-54,f,Tanger,web,2026-05-08,9999-12-31,True,Bronze,
1950,C04698,Asmae Kettani,25-34,m,Safi,referral,2026-05-08,9999-12-31,True,Bronze,
1951,C04444,Imad Skalli,18-24,f,Marrakech,social_media,2026-05-08,9999-12-31,True,Bronze,
1952,C00800,Dounia Rahmouni,45-54,m,Fès,marketplace,2026-05-08,9999-12-31,True,Bronze,
1953,C00010,Mohamed Bouzid,18-24,m,Marrakech,referral,2026-05-08,9999-12-31,True,Bronze,
1954,C02455,Khalid Skalli,35-44,m,Oujda,social_media,2026-05-08,9999-12-31,True,Bronze,
1955,C07152,Nadia Bouazza,35-44,m,Béni Mellal,web,2026-05-08,9999-12-31,True,Bronze,
1956,C06181,Salma Alaoui,45-54,f,Rabat,mobile,2026-05-08,9999-12-31,True,Bronze,
1957,C00681,Laila Tazi,25-34,m,Marrakech,web,2026-05-08,9999-12-31,True,Bronze,
1958,C07087,Dounia Haddad,35-44,f,Marrakech,social_media,2026-05-08,9999-12-31,True,Bronze,
1959,C00397,Salma Tazi,55-64,m,Tanger,web,2026-05-08,9999-12-31,True,Bronze,
1960,C05322,Nawal El Idrissi,55-64,m,Fès,web,2026-05-08,9999-12-31,True,Bronze,
1961,C05481,Imad Benali,45-54,f,Fès,mobile,2026-05-08,9999-12-31,True,Bronze,
1962,C05955,Imad Berrada,25-34,m,Agadir,social_media,2026-05-08,9999-12-31,True,Bronze,
1963,C06300,Soufiane Kettani,55-64,m,Fès,social_media,2026-05-08,9999-12-31,True,Bronze,
1964,C06647,Zineb Alaoui,45-54,m,Rabat,referral,2026-05-08,9999-12-31,True,Bronze,
1965,C04651,Fatima Naciri,45-54,m,Fès,social_media,2026-05-08,9999-12-31,True,Bronze,
1966,C02556,Ali Skalli,35-44,f,Oujda,referral,2026-05-08,9999-12-31,True,Bronze,
1967,C02388,Omar El Amrani,55-64,m,Tanger,social_media,2026-05-08,9999-12-31,True,Bronze,
1968,C04763,Karim Rahmouni,35-44,m,Marrakech,referral,2026-05-08,9999-12-31,True,Bronze,
1969,C02299,Salma El Amrani,18-24,m,Fès,social_media,2026-05-08,9999-12-31,True,Bronze,
1970,C07636,Mehdi Benkirane,25-34,m,Fès,referral,2026-05-08,9999-12-31,True,Bronze,
1971,C06511,Khalid Bennani,45-54,m,El Jadida,referral,2026-05-08,9999-12-31,True,Bronze,
1972,C00271,Amina Alaoui,55-64,f,Marrakech,social_media,2026-05-08,9999-12-31,True,Bronze,
1973,C02904,Nawal Tahiri,45-54,m,Tanger,referral,2026-05-08,9999-12-31,True,Bronze,
1974,C05575,Ali Benjelloun,18-24,m,Béni Mellal,referral,2026-05-08,9999-12-31,True,Bronze,
1975,C04459,Zineb Bouazza,35-44,f,Tanger,web,2026-05-08,9999-12-31,True,Bronze,
1976,C06976,Dounia Tahiri,55-64,m,Rabat,web,2026-05-08,9999-12-31,True,Bronze,
1977,C06646,Hind Rahmouni,25-34,m,Marrakech,web,2026-05-08,9999-12-31,True,Bronze,
1978,C07677,Karim Alaoui,Non renseigné,m,Oujda,web,2026-05-08,9999-12-31,True,Bronze,
1979,C01876,Wafae El Mansouri,18-24,m,Mohammedia,referral,2026-05-08,9999-12-31,True,Bronze,
1980,C02515,Adil Benjelloun,25-34,f,Meknès,marketplace,2026-05-08,9999-12-31,True,Bronze,
1981,C02844,Mustapha Haddad,18-24,m,Fès,social_media,2026-05-08,9999-12-31,True,Bronze,
1982,C04235,Zineb Lahlou,55-64,f,Casablanca,social_media,2026-05-08,9999-12-31,True,Bronze,
1983,C00290,Asmae Amrani,25-34,f,Marrakech,web,2026-05-08,9999-12-31,True,Bronze,
1984,C07333,Mustapha Benjelloun,55-64,m,El Jadida,social_media,2026-05-08,9999-12-31,True,Bronze,
1985,C01581,Laila Naciri,45-54,m,Marrakech,web,2026-05-08,9999-12-31,True,Bronze,
1986,C04153,Mohamed Naciri,45-54,f,Kénitra,web,2026-05-08,9999-12-31,True,Bronze,
1987,C05201,Samira Amrani,35-44,f,Fès,social_media,2026-05-08,9999-12-31,True,Bronze,
1988,C03630,Nadia Skalli,55-64,f,Casablanca,marketplace,2026-05-08,9999-12-31,True,Bronze,
1989,C02929,Rachid Berrada,35-44,f,Safi,web,2026-05-08,9999-12-31,True,Bronze,
1990,C06614,Imad Tahiri,25-34,f,Tanger,mobile,2026-05-08,9999-12-31,True,Bronze,
1991,C05613,Amina El Amrani,35-44,m,Casablanca,mobile,2026-05-08,9999-12-31,True,Bronze,
1992,C01957,Said Bouzid,25-34,m,Casablanca,web,2026-05-08,9999-12-31,True,Bronze,
1993,C03144,Rim Berrada,35-44,m,Safi,social_media,2026-05-08,9999-12-31,True,Bronze,
1994,C01103,Sanae Kettani,35-44,m,Fès,referral,2026-05-08,9999-12-31,True,Bronze,
1995,C01650,Hamza Bennani,55-64,f,Casablanca,mobile,2026-05-08,9999-12-31,True,Bronze,
1996,C04898,Hanane Tazi,45-54,m,Tanger,social_media,2026-05-08,9999-12-31,True,Bronze,
1997,C03996,Sanae Naciri,55-64,m,Meknès,web,2026-05-08,9999-12-31,True,Bronze,
1998,C06587,Ahmed Amrani,45-54,m,Béni Mellal,web,2026-05-08,9999-12-31,True,Bronze,
1999,C00322,Imad El Mansouri,35-44,f,Marrakech,social_media,2026-05-08,9999-12-31,True,Bronze,
2000,C05395,Nawal Chraibi,18-24,m,Tanger,marketplace,2026-05-08,9999-12-31,True,Bronze,
2001,C00045,Laila Rahmouni,55-64,m,Fès,marketplace,2026-05-08,9999-12-31,True,Bronze,
2002,C04039,Nawal Tahiri,45-54,f,Rabat,referral,2026-05-08,9999-12-31,True,Bronze,
2003,C06896,Youssef Tahiri,45-54,m,Agadir,referral,2026-05-08,9999-12-31,True,Bronze,
2004,C02847,Mehdi Filali,45-54,m,Tanger,web,2026-05-08,9999-12-31,True,Bronze,
2005,C00848,Hamza Skalli,18-24,f,Marrakech,social_media,2026-05-08,9999-12-31,True,Bronze,
2006,C00582,Asmae Tahiri,55-64,f,Casablanca,mobile,2026-05-08,9999-12-31,True,Bronze,
2007,C04000,Adil Sefrioui,25-34,f,Marrakech,marketplace,2026-05-08,9999-12-31,True,Bronze,
2008,C06909,Omar Lahlou,25-34,f,Marrakech,web,2026-05-08,9999-12-31,True,Bronze,
2009,C05925,Rachid Sefrioui,25-34,m,Tanger,web,2026-05-08,9999-12-31,True,Bronze,
2010,C02491,Khadija Ouahbi,65+,m,Rabat,web,2026-05-08,9999-12-31,True,Bronze,
2011,C07908,Khalid El Ouazzani,45-54,m,Tanger,marketplace,2026-05-08,9999-12-31,True,Bronze,
2012,C00230,Nawal Fassi Fihri,45-54,m,Marrakech,referral,2026-05-08,9999-12-31,True,Bronze,
2013,C01598,Houda Benjelloun,35-44,f,Nador,marketplace,2026-05-08,9999-12-31,True,Bronze,
2014,C02221,Sara Tahiri,25-34,f,Tétouan,social_media,2026-05-08,9999-12-31,True,Bronze,
2015,C06337,Salma El Idrissi,55-64,m,Marrakech,web,2026-05-08,9999-12-31,True,Bronze,
2016,C03205,Nabil Ouahbi,35-44,m,Tétouan,web,2026-05-08,9999-12-31,True,Bronze,
2017,C06211,Driss Ouahbi,65+,m,Marrakech,mobile,2026-05-08,9999-12-31,True,Bronze,
2018,C04049,Rachid Kettani,55-64,f,Fès,social_media,2026-05-08,9999-12-31,True,Bronze,
2019,C07563,Amine Ouahbi,45-54,m,Marrakech,social_media,2026-05-08,9999-12-31,True,Bronze,
2020,C04407,Driss El Mansouri,45-54,m,Tanger,referral,2026-05-08,9999-12-31,True,Bronze,
2021,C07869,Nawal Fassi Fihri,18-24,f,Tanger,web,2026-05-08,9999-12-31,True,Bronze,
2022,C02437,Hanane Rahmouni,35-44,m,Fès,social_media,2026-05-08,9999-12-31,True,Bronze,
2023,C03510,Loubna Benkirane,55-64,f,Safi,social_media,2026-05-08,9999-12-31,True,Bronze,
2024,C02133,Amine Sefrioui,45-54,f,Marrakech,referral,2026-05-08,9999-12-31,True,Bronze,
2025,C05863,Loubna Haddad,35-44,m,Tanger,marketplace,2026-05-08,9999-12-31,True,Bronze,
2026,C02761,Meryem El Idrissi,55-64,f,Tanger,marketplace,2026-05-08,9999-12-31,True,Bronze,
2027,C05081,Amina El Amrani,55-64,f,Casablanca,social_media,2026-05-08,9999-12-31,True,Bronze,
2028,C03304,Rim El Idrissi,18-24,f,Agadir,social_media,2026-05-08,9999-12-31,True,Bronze,
2029,C03966,Reda El Idrissi,25-34,f,Tanger,mobile,2026-05-08,9999-12-31,True,Bronze,
2030,C02345,Zineb El Ouazzani,18-24,f,Fès,marketplace,2026-05-08,9999-12-31,True,Bronze,
2031,C03593,Soufiane Lahlou,45-54,m,Marrakech,web,2026-05-08,9999-12-31,True,Bronze,
2032,C03442,Nabil Benkirane,18-24,m,Fès,referral,2026-05-08,9999-12-31,True,Bronze,
2033,C02254,Hind Bouzid,35-44,m,Mohammedia,marketplace,2026-05-08,9999-12-31,True,Bronze,
2034,C06404,Zineb Bouzid,25-34,f,Tanger,referral,2026-05-08,9999-12-31,True,Bronze,
2035,C02996,Brahim Benkirane,35-44,m,Casablanca,social_media,2026-05-08,9999-12-31,True,Bronze,
2036,C04450,Khalid Kettani,35-44,m,Casablanca,marketplace,2026-05-08,9999-12-31,True,Bronze,
2037,C01714,Adil Fassi Fihri,55-64,m,Safi,referral,2026-05-08,9999-12-31,True,Bronze,
2038,C00154,Sara Cherkaoui,25-34,m,Tétouan,referral,2026-05-08,9999-12-31,True,Bronze,
2039,C07428,Amina El Amrani,18-24,m,Tanger,web,2026-05-08,9999-12-31,True,Bronze,
2040,C05722,Samira El Ouazzani,45-54,f,Tanger,social_media,2026-05-08,9999-12-31,True,Bronze,
2041,C07887,Khalid Filali,35-44,f,Safi,mobile,2026-05-08,9999-12-31,True,Bronze,
2042,C03946,Mehdi Benkirane,35-44,m,Kénitra,mobile,2026-05-08,9999-12-31,True,Bronze,
2043,C05945,Imad Bouzid,25-34,f,Marrakech,web,2026-05-08,9999-12-31,True,Bronze,
2044,C05588,Hind Rahmouni,25-34,m,Rabat,referral,2026-05-08,9999-12-31,True,Bronze,
2045,C04035,Mohamed Bouazza,25-34,m,Fès,web,2026-05-08,9999-12-31,True,Bronze,
2046,C02993,Meryem Benkirane,Non renseigné,m,Casablanca,social_media,2026-05-08,9999-12-31,True,Bronze,
2047,C07131,Nabil Bouazza,55-64,f,Tétouan,marketplace,2026-05-08,9999-12-31,True,Bronze,
2048,C02968,Ghita El Ouazzani,35-44,m,Tanger,referral,2026-05-08,9999-12-31,True,Bronze,
2049,C00013,Zineb El Ouazzani,45-54,f,Marrakech,marketplace,2026-05-08,9999-12-31,True,Bronze,
2050,C02304,Youssef El Mansouri,35-44,m,Mohammedia,referral,2026-05-08,9999-12-31,True,Bronze,
2051,C06790,Reda Berrada,55-64,f,Mohammedia,marketplace,2026-05-08,9999-12-31,True,Bronze,
2052,C00348,Mehdi Ouahbi,55-64,m,Fès,referral,2026-05-08,9999-12-31,True,Bronze,
2053,C05694,Mustapha Rahmouni,45-54,f,Fès,marketplace,2026-05-08,9999-12-31,True,Bronze,
2054,C07643,Nawal Amrani,45-54,f,Agadir,marketplace,2026-05-08,9999-12-31,True,Bronze,
2055,C05617,Dounia Lahlou,45-54,f,Marrakech,referral,2026-05-08,9999-12-31,True,Bronze,
2056,C07901,Mohamed Bouazza,65+,f,Nador,marketplace,2026-05-08,9999-12-31,True,Bronze,
2057,C00862,Dounia El Mansouri,55-64,f,Agadir,web,2026-05-08,9999-12-31,True,Bronze,
2058,C04592,Nawal Bouzid,55-64,m,Rabat,marketplace,2026-05-08,9999-12-31,True,Bronze,
2059,C05736,Ghita Fassi Fihri,45-54,m,Meknès,marketplace,2026-05-08,9999-12-31,True,Bronze,
2060,C04530,Sara Bennani,55-64,m,Oujda,social_media,2026-05-08,9999-12-31,True,Bronze,
2061,C05206,Khadija Tahiri,45-54,m,Kénitra,social_media,2026-05-08,9999-12-31,True,Bronze,
2062,C01292,Loubna Filali,25-34,m,Agadir,referral,2026-05-08,9999-12-31,True,Bronze,
2063,C04869,Omar Sefrioui,18-24,m,Oujda,web,2026-05-08,9999-12-31,True,Bronze,
2064,C00827,Ghita Bouzid,45-54,m,Mohammedia,web,2026-05-08,9999-12-31,True,Bronze,
2065,C06296,Sanae Tahiri,25-34,f,Casablanca,social_media,2026-05-08,9999-12-31,True,Bronze,
2066,C05331,Karim Benjelloun,35-44,m,Fès,web,2026-05-08,9999-12-31,True,Bronze,
2067,C07344,Nadia Sefrioui,25-34,m,Béni Mellal,referral,2026-05-08,9999-12-31,True,Bronze,
2068,C05350,Loubna Rahmouni,18-24,f,Casablanca,marketplace,2026-05-08,9999-12-31,True,Bronze,
2069,C00449,Zakaria El Amrani,55-64,f,Marrakech,social_media,2026-05-08,9999-12-31,True,Bronze,
2070,C05943,Amina Filali,55-64,m,Béni Mellal,referral,2026-05-08,9999-12-31,True,Bronze,
2071,C00959,Nawal El Ouazzani,45-54,m,Oujda,social_media,2026-05-08,9999-12-31,True,Bronze,
2072,C05898,Loubna Rahmouni,35-44,m,Marrakech,social_media,2026-05-08,9999-12-31,True,Bronze,
2073,C01730,Zakaria Cherkaoui,55-64,f,Rabat,marketplace,2026-05-08,9999-12-31,True,Bronze,
2074,C06635,Reda El Mansouri,18-24,f,Casablanca,mobile,2026-05-08,9999-12-31,True,Bronze,
2075,C06985,Zakaria Sefrioui,45-54,f,Kénitra,mobile,2026-05-08,9999-12-31,True,Bronze,
2076,C02365,Nawal Ziani,18-24,f,Tanger,social_media,2026-05-08,9999-12-31,True,Bronze,
2077,C05857,Khadija Chraibi,35-44,m,Tanger,social_media,2026-05-08,9999-12-31,True,Bronze,
2078,C03258,Khalid Ouahbi,35-44,m,Fès,mobile,2026-05-08,9999-12-31,True,Bronze,
2079,C06192,Fatima El Idrissi,55-64,m,Tétouan,web,2026-05-08,9999-12-31,True,Bronze,
2080,C03175,Driss Fassi Fihri,25-34,m,Casablanca,referral,2026-05-08,9999-12-31,True,Bronze,
2081,C00982,Khalid Alaoui,25-34,f,Casablanca,mobile,2026-05-08,9999-12-31,True,Bronze,
2082,C06915,Hanane Lahlou,35-44,m,Rabat,mobile,2026-05-08,9999-12-31,True,Bronze,
2083,C07567,Mehdi Naciri,55-64,f,Marrakech,mobile,2026-05-08,9999-12-31,True,Bronze,
2084,C02614,Sara Ouahbi,45-54,m,Casablanca,web,2026-05-08,9999-12-31,True,Bronze,
2085,C01485,Sara Lahlou,55-64,f,Marrakech,web,2026-05-08,9999-12-31,True,Bronze,
2086,C03523,Adil Benkirane,35-44,f,Mohammedia,marketplace,2026-05-08,9999-12-31,True,Bronze,
2087,C01097,Loubna Benali,65+,m,Meknès,social_media,2026-05-08,9999-12-31,True,Bronze,
2088,C04044,Dounia Sefrioui,55-64,m,Fès,mobile,2026-05-08,9999-12-31,True,Bronze,
2089,C00772,Loubna Cherkaoui,45-54,f,El Jadida,mobile,2026-05-08,9999-12-31,True,Bronze,
2090,C07276,Houda Tazi,25-34,f,Fès,social_media,2026-05-08,9999-12-31,True,Bronze,
2091,C03808,Driss El Ouazzani,35-44,m,Marrakech,referral,2026-05-08,9999-12-31,True,Bronze,
2092,C07107,Imad Ouahbi,18-24,f,Casablanca,marketplace,2026-05-08,9999-12-31,True,Bronze,
2093,C03847,Hassan Ziani,Non renseigné,m,Tanger,web,2026-05-08,9999-12-31,True,Bronze,
2094,C06266,Amina El Idrissi,35-44,m,Béni Mellal,web,2026-05-08,9999-12-31,True,Bronze,
2095,C01492,Dounia Tahiri,55-64,m,Oujda,marketplace,2026-05-08,9999-12-31,True,Bronze,
2096,C01678,Youssef Alaoui,35-44,f,Nador,marketplace,2026-05-08,9999-12-31,True,Bronze,
2097,C06340,Loubna Ziani,45-54,m,Fès,marketplace,2026-05-08,9999-12-31,True,Bronze,
2098,C05186,Nadia Tazi,45-54,m,El Jadida,marketplace,2026-05-08,9999-12-31,True,Bronze,
2099,C06150,Nabil Skalli,55-64,f,Tanger,referral,2026-05-08,9999-12-31,True,Bronze,
2100,C02131,Houda Cherkaoui,55-64,f,Casablanca,mobile,2026-05-08,9999-12-31,True,Bronze,
2101,C00939,Nabil Skalli,35-44,m,Fès,mobile,2026-05-08,9999-12-31,True,Bronze,
2102,C00346,Sara Sefrioui,25-34,m,Fès,mobile,2026-05-08,9999-12-31,True,Bronze,
2103,C00736,Khadija Bouzid,25-34,m,Marrakech,mobile,2026-05-08,9999-12-31,True,Bronze,
2104,C06216,Brahim Bouazza,45-54,m,Rabat,web,2026-05-08,9999-12-31,True,Bronze,
2105,C05308,Soufiane Alaoui,25-34,f,Tétouan,mobile,2026-05-08,9999-12-31,True,Bronze,
2106,C03272,Brahim Chraibi,55-64,m,Casablanca,marketplace,2026-05-08,9999-12-31,True,Bronze,
2107,C02825,Sanae Rahmouni,45-54,f,Tanger,web,2026-05-08,9999-12-31,True,Bronze,
2108,C02479,Imad Chraibi,55-64,m,Tanger,social_media,2026-05-08,9999-12-31,True,Bronze,
2109,C06735,Amine Cherkaoui,45-54,f,Fès,web,2026-05-08,9999-12-31,True,Bronze,
2110,C06330,Asmae Haddad,35-44,m,Tétouan,marketplace,2026-05-08,9999-12-31,True,Bronze,
2111,C06428,Asmae Haddad,35-44,m,Kénitra,web,2026-05-08,9999-12-31,True,Bronze,
2112,C01687,Imad Berrada,45-54,m,Tanger,web,2026-05-08,9999-12-31,True,Bronze,
2113,C05230,Amine Bouazza,45-54,f,Tanger,marketplace,2026-05-08,9999-12-31,True,Bronze,
2114,C01564,Wafae Bouzid,25-34,m,El Jadida,social_media,2026-05-08,9999-12-31,True,Bronze,
2115,C03394,Amine Berrada,25-34,m,Casablanca,marketplace,2026-05-08,9999-12-31,True,Bronze,
2116,C06861,Houda Cherkaoui,45-54,m,Rabat,mobile,2026-05-08,9999-12-31,True,Bronze,
2117,C01127,Reda Kettani,18-24,m,Béni Mellal,mobile,2026-05-08,9999-12-31,True,Bronze,
2118,C04524,Samira Skalli,18-24,m,Mohammedia,referral,2026-05-08,9999-12-31,True,Bronze,
2119,C04199,Driss Kettani,35-44,m,Rabat,marketplace,2026-05-08,9999-12-31,True,Bronze,
2120,C01771,Wafae Skalli,65+,m,Kénitra,web,2026-05-08,9999-12-31,True,Bronze,
2121,C06777,Soufiane Bennani,45-54,m,Marrakech,referral,2026-05-08,9999-12-31,True,Bronze,
2122,C02031,Rim Alaoui,35-44,f,Casablanca,mobile,2026-05-08,9999-12-31,True,Bronze,
2123,C06144,Mohamed El Amrani,Non renseigné,f,Rabat,mobile,2026-05-08,9999-12-31,True,Bronze,
2124,C06478,Mustapha Bouzid,45-54,m,Casablanca,web,2026-05-08,9999-12-31,True,Bronze,
2125,C04987,Reda Sefrioui,25-34,f,Rabat,mobile,2026-05-08,9999-12-31,True,Bronze,
2126,C07226,Sara El Amrani,18-24,f,Kénitra,referral,2026-05-08,9999-12-31,True,Bronze,
2127,C07525,Rim Bouzid,18-24,m,El Jadida,web,2026-05-08,9999-12-31,True,Bronze,
2128,C03659,Zineb Tahiri,25-34,f,Tanger,mobile,2026-05-08,9999-12-31,True,Bronze,
2129,C07230,Amina Filali,25-34,f,Rabat,web,2026-05-08,9999-12-31,True,Bronze,
2130,C02845,Wafae Tazi,18-24,m,Tanger,marketplace,2026-05-08,9999-12-31,True,Bronze,
2131,C01700,Ali Alaoui,45-54,m,Casablanca,social_media,2026-05-08,9999-12-31,True,Bronze,
2132,C04952,Imad Rahmouni,45-54,f,Kénitra,mobile,2026-05-08,9999-12-31,True,Bronze,
2133,C02644,Rim Benali,45-54,m,Casablanca,web,2026-05-08,9999-12-31,True,Bronze,
2134,C06520,Adil Bouzid,55-64,m,Agadir,social_media,2026-05-08,9999-12-31,True,Bronze,
2135,C01817,Imad Benjelloun,35-44,m,Rabat,social_media,2026-05-08,9999-12-31,True,Bronze,
2136,C02663,Mehdi El Mansouri,55-64,m,Rabat,social_media,2026-05-08,9999-12-31,True,Bronze,
2137,C00703,Driss Naciri,35-44,m,Fès,referral,2026-05-08,9999-12-31,True,Bronze,
2138,C06546,Fatima El Ouazzani,55-64,m,Casablanca,social_media,2026-05-08,9999-12-31,True,Bronze,
2139,C01381,Reda Fassi Fihri,45-54,m,Tanger,marketplace,2026-05-08,9999-12-31,True,Bronze,
2140,C04942,Reda Kettani,25-34,m,Oujda,referral,2026-05-08,9999-12-31,True,Bronze,
2141,C02046,Brahim Kettani,55-64,f,Fès,marketplace,2026-05-08,9999-12-31,True,Bronze,
2142,C04173,Imad Skalli,45-54,f,Casablanca,referral,2026-05-08,9999-12-31,True,Bronze,
2143,C03917,Mohamed El Amrani,55-64,f,Casablanca,web,2026-05-08,9999-12-31,True,Bronze,
2144,C03359,Ilham El Ouazzani,18-24,f,El Jadida,marketplace,2026-05-08,9999-12-31,True,Bronze,
2145,C06069,Karim Bennani,55-64,m,Tanger,web,2026-05-08,9999-12-31,True,Bronze,
2146,C04777,Sanae Tahiri,35-44,m,Mohammedia,web,2026-05-08,9999-12-31,True,Bronze,
2147,C04234,Reda Fassi Fihri,35-44,f,Kénitra,referral,2026-05-08,9999-12-31,True,Bronze,
2148,C00234,Dounia Berrada,25-34,m,El Jadida,referral,2026-05-08,9999-12-31,True,Bronze,
2149,C07573,Wafae Bennani,45-54,m,Tanger,social_media,2026-05-08,9999-12-31,True,Bronze,
2150,C03550,Wafae Fassi Fihri,25-34,m,Casablanca,social_media,2026-05-08,9999-12-31,True,Bronze,
2151,C06186,Zineb Chraibi,25-34,f,Casablanca,referral,2026-05-08,9999-12-31,True,Bronze,
2152,C01213,Ahmed Haddad,35-44,m,Casablanca,referral,2026-05-08,9999-12-31,True,Bronze,
2153,C04112,Karim Haddad,18-24,m,Kénitra,referral,2026-05-08,9999-12-31,True,Bronze,
2154,C07436,Khalid Fassi Fihri,18-24,m,Kénitra,marketplace,2026-05-08,9999-12-31,True,Bronze,
2155,C06349,Amine Ziani,45-54,m,Casablanca,web,2026-05-08,9999-12-31,True,Bronze,
2156,C07236,Ahmed El Idrissi,45-54,m,Marrakech,referral,2026-05-08,9999-12-31,True,Bronze,
2157,C01249,Khadija Alaoui,45-54,m,Rabat,referral,2026-05-08,9999-12-31,True,Bronze,
2158,C04565,Wafae Naciri,55-64,m,Tétouan,social_media,2026-05-08,9999-12-31,True,Bronze,
2159,C00611,Imad Tahiri,55-64,m,Fès,social_media,2026-05-08,9999-12-31,True,Bronze,
2160,C06379,Reda Chraibi,18-24,f,Meknès,referral,2026-05-08,9999-12-31,True,Bronze,
2161,C02527,Brahim Cherkaoui,45-54,m,Tanger,web,2026-05-08,9999-12-31,True,Bronze,
2162,C03281,Loubna El Idrissi,18-24,m,Nador,social_media,2026-05-08,9999-12-31,True,Bronze,
2163,C01828,Karim Tahiri,55-64,m,Tanger,referral,2026-05-08,9999-12-31,True,Bronze,
2164,C03567,Sara Ziani,25-34,f,Fès,web,2026-05-08,9999-12-31,True,Bronze,
2165,C05418,Houda Skalli,25-34,m,Casablanca,mobile,2026-05-08,9999-12-31,True,Bronze,
2166,C06320,Mohamed Haddad,45-54,f,Meknès,social_media,2026-05-08,9999-12-31,True,Bronze,
2167,C05651,Khadija El Amrani,Non renseigné,m,Agadir,mobile,2026-05-08,9999-12-31,True,Bronze,
2168,C05377,Reda Rahmouni,55-64,m,El Jadida,marketplace,2026-05-08,9999-12-31,True,Bronze,
2169,C00890,Nawal Rahmouni,35-44,m,Kénitra,referral,2026-05-08,9999-12-31,True,Bronze,
2170,C05663,Zineb Berrada,55-64,m,Marrakech,marketplace,2026-05-08,9999-12-31,True,Bronze,
2171,C01910,Brahim El Idrissi,45-54,f,Marrakech,social_media,2026-05-08,9999-12-31,True,Bronze,
2172,C00559,Mehdi Tazi,35-44,m,Rabat,social_media,2026-05-08,9999-12-31,True,Bronze,
2173,C04067,Adil Tahiri,35-44,f,El Jadida,social_media,2026-05-08,9999-12-31,True,Bronze,
2174,C02325,Mohamed Kettani,25-34,m,Agadir,social_media,2026-05-08,9999-12-31,True,Bronze,
2175,C00863,Hassan Bouzid,35-44,f,Nador,social_media,2026-05-08,9999-12-31,True,Bronze,
2176,C05118,Ilham Naciri,55-64,f,Agadir,social_media,2026-05-08,9999-12-31,True,Bronze,
2177,C04876,Hanane Rahmouni,65+,m,El Jadida,social_media,2026-05-08,9999-12-31,True,Bronze,
2178,C01260,Brahim Benkirane,25-34,m,Rabat,mobile,2026-05-08,9999-12-31,True,Bronze,
2179,C05152,Hamza Bouzid,55-64,m,Marrakech,mobile,2026-05-08,9999-12-31,True,Bronze,
2180,C02774,Hassan Bouzid,65+,m,Oujda,mobile,2026-05-08,9999-12-31,True,Bronze,
2181,C06032,Nabil Ouahbi,35-44,m,Kénitra,marketplace,2026-05-08,9999-12-31,True,Bronze,
2182,C04206,Said Ouahbi,45-54,f,Nador,mobile,2026-05-08,9999-12-31,True,Bronze,
2183,C03997,Imad Cherkaoui,35-44,f,Kénitra,mobile,2026-05-08,9999-12-31,True,Bronze,
2184,C04691,Driss Chraibi,25-34,m,Rabat,web,2026-05-08,9999-12-31,True,Bronze,
2185,C02650,Loubna Fassi Fihri,18-24,m,Marrakech,marketplace,2026-05-08,9999-12-31,True,Bronze,
2186,C04656,Houda Kettani,65+,f,Tanger,mobile,2026-05-08,9999-12-31,True,Bronze,
2187,C00184,Karim Sefrioui,55-64,f,Fès,web,2026-05-08,9999-12-31,True,Bronze,
2188,C04059,Rim Ouahbi,35-44,f,Agadir,web,2026-05-08,9999-12-31,True,Bronze,
2189,C02408,Imad Haddad,35-44,m,Mohammedia,referral,2026-05-08,9999-12-31,True,Bronze,
2190,C04282,Hassan Benali,35-44,m,Fès,social_media,2026-05-08,9999-12-31,True,Bronze,
2191,C06004,Laila Bouzid,35-44,m,Casablanca,social_media,2026-05-08,9999-12-31,True,Bronze,
2192,C04388,Fatima Kettani,65+,m,Tanger,web,2026-05-08,9999-12-31,True,Bronze,
2193,C03040,Meryem Ouahbi,55-64,m,Mohammedia,referral,2026-05-08,9999-12-31,True,Bronze,
2194,C00583,Driss Ziani,25-34,m,El Jadida,marketplace,2026-05-08,9999-12-31,True,Bronze,
2195,C01563,Zineb Bouzid,25-34,f,Tétouan,marketplace,2026-05-08,9999-12-31,True,Bronze,
2196,C00543,Mohamed Bouazza,35-44,f,Rabat,marketplace,2026-05-08,9999-12-31,True,Bronze,
2197,C04463,Mustapha Benkirane,35-44,f,Marrakech,social_media,2026-05-08,9999-12-31,True,Bronze,
2198,C05879,Khadija Benkirane,25-34,m,Nador,social_media,2026-05-08,9999-12-31,True,Bronze,
2199,C03178,Omar Kettani,35-44,f,Fès,mobile,2026-05-08,9999-12-31,True,Bronze,
2200,C00476,Mehdi Cherkaoui,45-54,m,Fès,mobile,2026-05-08,9999-12-31,True,Bronze,
2201,C01172,Karim Bennani,45-54,f,Safi,mobile,2026-05-08,9999-12-31,True,Bronze,
2202,C04091,Amina Kettani,45-54,f,Tanger,web,2026-05-08,9999-12-31,True,Bronze,
2203,C01037,Karim Kettani,18-24,m,Agadir,marketplace,2026-05-08,9999-12-31,True,Bronze,
2204,C00893,Meryem Tahiri,35-44,m,Rabat,social_media,2026-05-08,9999-12-31,True,Bronze,
2205,C05038,Ahmed Lahlou,35-44,m,Kénitra,web,2026-05-08,9999-12-31,True,Bronze,
2206,C06007,Hamza Chraibi,18-24,f,Tétouan,social_media,2026-05-08,9999-12-31,True,Bronze,
2207,C06542,Hassan Fassi Fihri,55-64,f,Nador,social_media,2026-05-08,9999-12-31,True,Bronze,
2208,C01777,Karim El Ouazzani,35-44,m,Rabat,mobile,2026-05-08,9999-12-31,True,Bronze,
2209,C05563,Zakaria Sefrioui,35-44,f,Fès,social_media,2026-05-08,9999-12-31,True,Bronze,
2210,C04722,Imad Tazi,45-54,f,Fès,referral,2026-05-08,9999-12-31,True,Bronze,
2211,C07593,Reda El Ouazzani,35-44,m,Tanger,referral,2026-05-08,9999-12-31,True,Bronze,
2212,C04538,Ali Skalli,18-24,m,Casablanca,referral,2026-05-08,9999-12-31,True,Bronze,
2213,C02543,Meryem Cherkaoui,55-64,f,Nador,social_media,2026-05-08,9999-12-31,True,Bronze,
2214,C03300,Amina Amrani,25-34,m,Casablanca,mobile,2026-05-08,9999-12-31,True,Bronze,
2215,C04730,Driss Tahiri,55-64,f,Béni Mellal,web,2026-05-08,9999-12-31,True,Bronze,
2216,C05163,Imad Bouazza,55-64,m,Casablanca,mobile,2026-05-08,9999-12-31,True,Bronze,
2217,C03239,Adil Naciri,18-24,f,Rabat,marketplace,2026-05-08,9999-12-31,True,Bronze,
2218,C02353,Nadia Benali,55-64,m,Tanger,web,2026-05-08,9999-12-31,True,Bronze,
2219,C01256,Mustapha El Ouazzani,65+,m,Casablanca,mobile,2026-05-08,9999-12-31,True,Bronze,
2220,C04603,Asmae Berrada,35-44,m,Béni Mellal,social_media,2026-05-08,9999-12-31,True,Bronze,
2221,C01963,Meryem Lahlou,45-54,f,Marrakech,web,2026-05-08,9999-12-31,True,Bronze,
2222,C04275,Brahim Sefrioui,55-64,f,Nador,marketplace,2026-05-08,9999-12-31,True,Bronze,
2223,C05337,Mohamed Cherkaoui,35-44,m,Fès,web,2026-05-08,9999-12-31,True,Bronze,
2224,C04328,Mustapha Berrada,25-34,f,Fès,mobile,2026-05-08,9999-12-31,True,Bronze,
2225,C05865,Hassan Bouzid,45-54,f,Casablanca,web,2026-05-08,9999-12-31,True,Bronze,
2226,C04046,Amina Kettani,18-24,m,Fès,referral,2026-05-08,9999-12-31,True,Bronze,
2227,C07750,Omar El Idrissi,35-44,m,Rabat,social_media,2026-05-08,9999-12-31,True,Bronze,
2228,C02235,Loubna Cherkaoui,65+,m,Fès,marketplace,2026-05-08,9999-12-31,True,Bronze,
2229,C06932,Khadija Tahiri,18-24,m,Casablanca,web,2026-05-08,9999-12-31,True,Bronze,
2230,C00644,Salma Alaoui,65+,m,Fès,marketplace,2026-05-08,9999-12-31,True,Bronze,
2231,C04131,Nawal Benjelloun,45-54,m,Marrakech,marketplace,2026-05-08,9999-12-31,True,Bronze,
2232,C07261,Amina Bennani,35-44,m,El Jadida,web,2026-05-08,9999-12-31,True,Bronze,
2233,C04683,Meryem Berrada,18-24,f,Oujda,mobile,2026-05-08,9999-12-31,True,Bronze,
2234,C07077,Hamza El Mansouri,35-44,f,Oujda,referral,2026-05-08,9999-12-31,True,Bronze,
2235,C00648,Omar Fassi Fihri,25-34,m,Béni Mellal,social_media,2026-05-08,9999-12-31,True,Bronze,
2236,C01339,Loubna El Amrani,25-34,f,Marrakech,mobile,2026-05-08,9999-12-31,True,Bronze,
2237,C06199,Rachid Skalli,55-64,f,Kénitra,web,2026-05-08,9999-12-31,True,Bronze,
2238,C07277,Brahim Cherkaoui,18-24,m,Tétouan,mobile,2026-05-08,9999-12-31,True,Bronze,
2239,C07216,Ali Bouazza,65+,m,Casablanca,mobile,2026-05-08,9999-12-31,True,Bronze,
2240,C03753,Imad Tahiri,45-54,f,Kénitra,referral,2026-05-08,9999-12-31,True,Bronze,
2241,C04731,Mustapha Rahmouni,55-64,f,Rabat,referral,2026-05-08,9999-12-31,True,Bronze,
2242,C04653,Said Chraibi,35-44,m,Tanger,mobile,2026-05-08,9999-12-31,True,Bronze,
2243,C02765,Brahim Haddad,35-44,f,El Jadida,social_media,2026-05-08,9999-12-31,True,Bronze,
2244,C00292,Omar Chraibi,18-24,m,Safi,social_media,2026-05-08,9999-12-31,True,Bronze,
2245,C03961,Ahmed Filali,Non renseigné,f,Casablanca,web,2026-05-08,9999-12-31,True,Bronze,
2246,C07238,Samira Haddad,55-64,f,Béni Mellal,referral,2026-05-08,9999-12-31,True,Bronze,
2247,C01015,Laila Bouzid,45-54,f,Oujda,marketplace,2026-05-08,9999-12-31,True,Bronze,
2248,C04980,Salma Kettani,55-64,m,El Jadida,social_media,2026-05-08,9999-12-31,True,Bronze,
2249,C02340,Hanane Lahlou,25-34,m,Casablanca,social_media,2026-05-08,9999-12-31,True,Bronze,
2250,C07565,Hind Benali,Non renseigné,f,Agadir,web,2026-05-08,9999-12-31,True,Bronze,
2251,C01864,Adil Amrani,25-34,m,Rabat,marketplace,2026-05-08,9999-12-31,True,Bronze,
2252,C01291,Salma Filali,55-64,f,Tanger,marketplace,2026-05-08,9999-12-31,True,Bronze,
2253,C04495,Brahim Kettani,45-54,f,Nador,web,2026-05-08,9999-12-31,True,Bronze,
2254,C07420,Hanane Tazi,45-54,m,Casablanca,referral,2026-05-08,9999-12-31,True,Bronze,
2255,C04724,Mehdi Berrada,55-64,f,Casablanca,marketplace,2026-05-08,9999-12-31,True,Bronze,
2256,C07789,Hassan Tahiri,55-64,m,Casablanca,referral,2026-05-08,9999-12-31,True,Bronze,
2257,C05095,Loubna Bouazza,25-34,m,Fès,referral,2026-05-08,9999-12-31,True,Bronze,
2258,C02302,Dounia Rahmouni,45-54,f,Casablanca,social_media,2026-05-08,9999-12-31,True,Bronze,
2259,C04372,Zineb Benkirane,35-44,m,Mohammedia,social_media,2026-05-08,9999-12-31,True,Bronze,
2260,C01196,Reda Berrada,45-54,f,Fès,marketplace,2026-05-08,9999-12-31,True,Bronze,
2261,C05514,Houda Alaoui,35-44,f,Fès,social_media,2026-05-08,9999-12-31,True,Bronze,
2262,C07176,Laila Bennani,25-34,m,Tétouan,web,2026-05-08,9999-12-31,True,Bronze,
2263,C01105,Wafae Haddad,35-44,m,Fès,web,2026-05-08,9999-12-31,True,Bronze,
2264,C07401,Rachid El Idrissi,25-34,m,Fès,referral,2026-05-08,9999-12-31,True,Bronze,
2265,C00671,Soufiane Chraibi,55-64,m,Casablanca,mobile,2026-05-08,9999-12-31,True,Bronze,
2266,C05606,Wafae Tahiri,45-54,m,Marrakech,referral,2026-05-08,9999-12-31,True,Bronze,
2267,C03865,Mustapha Tahiri,35-44,m,Mohammedia,mobile,2026-05-08,9999-12-31,True,Bronze,
2268,C03333,Wafae Skalli,18-24,m,Fès,referral,2026-05-08,9999-12-31,True,Bronze,
2269,C07017,Reda Benali,35-44,m,Fès,referral,2026-05-08,9999-12-31,True,Bronze,
2270,C02100,Karim Sefrioui,45-54,m,Tanger,marketplace,2026-05-08,9999-12-31,True,Bronze,
2271,C05763,Zakaria Haddad,45-54,m,Fès,marketplace,2026-05-08,9999-12-31,True,Bronze,
2272,C00961,Mohamed Benjelloun,35-44,m,Agadir,web,2026-05-08,9999-12-31,True,Bronze,
2273,C07266,Zakaria Sefrioui,35-44,m,Rabat,web,2026-05-08,9999-12-31,True,Bronze,
2274,C04516,Ali Benkirane,55-64,f,Casablanca,marketplace,2026-05-08,9999-12-31,True,Bronze,
2275,C02583,Zakaria Sefrioui,18-24,f,Kénitra,mobile,2026-05-08,9999-12-31,True,Bronze,
2276,C01094,Samira Amrani,55-64,f,Casablanca,web,2026-05-08,9999-12-31,True,Bronze,
2277,C00320,Khalid Tazi,65+,m,Fès,mobile,2026-05-08,9999-12-31,True,Bronze,
2278,C00555,Mehdi Kettani,45-54,f,Rabat,mobile,2026-05-08,9999-12-31,True,Bronze,
2279,C04765,Ali Lahlou,55-64,f,Casablanca,referral,2026-05-08,9999-12-31,True,Bronze,
2280,C06394,Driss El Amrani,25-34,f,Tanger,mobile,2026-05-08,9999-12-31,True,Bronze,
2281,C04945,Rim Bouazza,45-54,f,Fès,mobile,2026-05-08,9999-12-31,True,Bronze,
2282,C01412,Mohamed Berrada,55-64,m,Fès,mobile,2026-05-08,9999-12-31,True,Bronze,
2283,C05705,Nadia Alaoui,55-64,f,Fès,mobile,2026-05-08,9999-12-31,True,Bronze,
2284,C07194,Zakaria Bouzid,45-54,m,Fès,web,2026-05-08,9999-12-31,True,Bronze,
2285,C04541,Mohamed El Ouazzani,65+,f,Meknès,referral,2026-05-08,9999-12-31,True,Bronze,
2286,C06377,Ahmed Sefrioui,55-64,m,Fès,marketplace,2026-05-08,9999-12-31,True,Bronze,
2287,C05209,Fatima Alaoui,18-24,m,Marrakech,mobile,2026-05-08,9999-12-31,True,Bronze,
2288,C03061,Soufiane Alaoui,25-34,m,Fès,social_media,2026-05-08,9999-12-31,True,Bronze,
2289,C01490,Salma Ziani,45-54,m,Marrakech,social_media,2026-05-08,9999-12-31,True,Bronze,
2290,C04891,Karim Rahmouni,35-44,m,Tanger,web,2026-05-08,9999-12-31,True,Bronze,
2291,C03434,Youssef El Idrissi,65+,m,Tanger,referral,2026-05-08,9999-12-31,True,Bronze,
2292,C00188,Sara Kettani,65+,m,Tanger,social_media,2026-05-08,9999-12-31,True,Bronze,
2293,C01721,Youssef Tahiri,25-34,m,Fès,referral,2026-05-08,9999-12-31,True,Bronze,
2294,C03977,Khadija Berrada,35-44,f,Oujda,referral,2026-05-08,9999-12-31,True,Bronze,
2295,C01837,Youssef Ouahbi,18-24,m,Kénitra,referral,2026-05-08,9999-12-31,True,Bronze,
2296,C03262,Karim Chraibi,18-24,m,Fès,mobile,2026-05-08,9999-12-31,True,Bronze,
2297,C07517,Hind Benkirane,45-54,m,Rabat,social_media,2026-05-08,9999-12-31,True,Bronze,
2298,C00064,Reda El Idrissi,35-44,f,El Jadida,referral,2026-05-08,9999-12-31,True,Bronze,
2299,C04499,Said Rahmouni,35-44,f,Kénitra,web,2026-05-08,9999-12-31,True,Bronze,
2300,C00529,Khalid Benali,55-64,m,Rabat,web,2026-05-08,9999-12-31,True,Bronze,
2301,C06399,Sara Benali,25-34,f,Casablanca,mobile,2026-05-08,9999-12-31,True,Bronze,
2302,C00209,Ali Ziani,25-34,m,Marrakech,web,2026-05-08,9999-12-31,True,Bronze,
2303,C02857,Ahmed Naciri,45-54,m,Casablanca,social_media,2026-05-08,9999-12-31,True,Bronze,
2304,C01513,Khadija El Mansouri,25-34,f,Tanger,social_media,2026-05-08,9999-12-31,True,Bronze,
2305,C01803,Sara Bouzid,18-24,f,Rabat,marketplace,2026-05-08,9999-12-31,True,Bronze,
2306,C06389,Nabil Berrada,45-54,f,Nador,social_media,2026-05-08,9999-12-31,True,Bronze,
2307,C01822,Rachid Alaoui,25-34,m,Oujda,marketplace,2026-05-08,9999-12-31,True,Bronze,
2308,C01522,Meryem El Amrani,45-54,m,Fès,web,2026-05-08,9999-12-31,True,Bronze,
2309,C00699,Loubna Cherkaoui,25-34,m,Meknès,mobile,2026-05-08,9999-12-31,True,Bronze,
2310,C07594,Salma Ziani,55-64,f,Mohammedia,marketplace,2026-05-08,9999-12-31,True,Bronze,
2311,C03335,Loubna Benali,45-54,m,Tanger,marketplace,2026-05-08,9999-12-31,True,Bronze,
2312,C04217,Mehdi Benali,25-34,f,Oujda,referral,2026-05-08,9999-12-31,True,Bronze,
2313,C00670,Soufiane Ziani,18-24,m,Rabat,marketplace,2026-05-08,9999-12-31,True,Bronze,
2314,C01448,Hamza Amrani,35-44,m,Rabat,referral,2026-05-08,9999-12-31,True,Bronze,
2315,C00666,Said Tazi,35-44,f,Tanger,mobile,2026-05-08,9999-12-31,True,Bronze,
2316,C05667,Nabil Tahiri,25-34,m,Marrakech,web,2026-05-08,9999-12-31,True,Bronze,
2317,C01712,Houda Naciri,35-44,m,Marrakech,marketplace,2026-05-08,9999-12-31,True,Bronze,
2318,C00953,Ahmed Kettani,25-34,m,El Jadida,marketplace,2026-05-08,9999-12-31,True,Bronze,
2319,C03912,Dounia Naciri,55-64,f,Kénitra,marketplace,2026-05-08,9999-12-31,True,Bronze,
2320,C05335,Sanae Benkirane,Non renseigné,m,Fès,web,2026-05-08,9999-12-31,True,Bronze,
2321,C05826,Driss Benkirane,45-54,m,Mohammedia,social_media,2026-05-08,9999-12-31,True,Bronze,
2322,C07160,Zineb Chraibi,25-34,m,Mohammedia,referral,2026-05-08,9999-12-31,True,Bronze,
2323,C02430,Brahim Fassi Fihri,45-54,m,Marrakech,social_media,2026-05-08,9999-12-31,True,Bronze,
2324,C05415,Rim Filali,45-54,m,Rabat,referral,2026-05-08,9999-12-31,True,Bronze,
2325,C05009,Salma El Ouazzani,25-34,m,Tanger,mobile,2026-05-08,9999-12-31,True,Bronze,
2326,C03024,Hanane Rahmouni,35-44,m,Béni Mellal,web,2026-05-08,9999-12-31,True,Bronze,
2327,C03972,Mustapha El Idrissi,45-54,m,Rabat,mobile,2026-05-08,9999-12-31,True,Bronze,
2328,C03591,Youssef Alaoui,35-44,m,Fès,referral,2026-05-08,9999-12-31,True,Bronze,
2329,C07102,Soufiane Bouazza,55-64,f,Kénitra,social_media,2026-05-08,9999-12-31,True,Bronze,
2330,C01960,Sara Bennani,55-64,m,Casablanca,web,2026-05-08,9999-12-31,True,Bronze,
2331,C05170,Soufiane Benjelloun,45-54,f,Mohammedia,mobile,2026-05-08,9999-12-31,True,Bronze,
2332,C02957,Zakaria Berrada,25-34,m,Tanger,mobile,2026-05-08,9999-12-31,True,Bronze,
2333,C04014,Zineb Benjelloun,45-54,f,Marrakech,marketplace,2026-05-08,9999-12-31,True,Bronze,
2334,C06464,Asmae Chraibi,25-34,f,Tanger,web,2026-05-08,9999-12-31,True,Bronze,
2335,C00200,Mehdi Berrada,25-34,m,Nador,marketplace,2026-05-08,9999-12-31,True,Bronze,
2336,C06913,Amina Naciri,18-24,m,Oujda,web,2026-05-08,9999-12-31,True,Bronze,
2337,C00246,Salma Benali,55-64,m,Rabat,social_media,2026-05-08,9999-12-31,True,Bronze,
2338,C00598,Khadija Haddad,35-44,f,Fès,web,2026-05-08,9999-12-31,True,Bronze,
2339,C01231,Nawal Skalli,55-64,m,Mohammedia,referral,2026-05-08,9999-12-31,True,Bronze,
2340,C02000,Ahmed Alaoui,35-44,f,El Jadida,social_media,2026-05-08,9999-12-31,True,Bronze,
2341,C04252,Khadija Chraibi,Non renseigné,m,Casablanca,mobile,2026-05-08,9999-12-31,True,Bronze,
2342,C07709,Dounia Chraibi,55-64,m,Casablanca,social_media,2026-05-08,9999-12-31,True,Bronze,
2343,C00469,Dounia Amrani,18-24,m,Safi,social_media,2026-05-08,9999-12-31,True,Bronze,
2344,C01488,Said Filali,55-64,m,Casablanca,web,2026-05-08,9999-12-31,True,Bronze,
2345,C02864,Said Tahiri,25-34,f,Casablanca,mobile,2026-05-08,9999-12-31,True,Bronze,
2346,C01715,Brahim Chraibi,55-64,f,Fès,mobile,2026-05-08,9999-12-31,True,Bronze,
2347,C01418,Hanane Fassi Fihri,45-54,m,Casablanca,social_media,2026-05-08,9999-12-31,True,Bronze,
2348,C06358,Mustapha Ziani,45-54,m,Tanger,referral,2026-05-08,9999-12-31,True,Bronze,
2349,C03902,Khalid Benkirane,18-24,m,Fès,referral,2026-05-08,9999-12-31,True,Bronze,
2350,C05074,Asmae Amrani,18-24,f,Tanger,web,2026-05-08,9999-12-31,True,Bronze,
2351,C06697,Khalid Cherkaoui,25-34,f,Béni Mellal,web,2026-05-08,9999-12-31,True,Bronze,
2352,C03041,Zakaria Skalli,55-64,m,Tanger,web,2026-05-08,9999-12-31,True,Bronze,
2353,C07769,Sara Bennani,35-44,f,Fès,referral,2026-05-08,9999-12-31,True,Bronze,
2354,C05148,Nadia Benali,25-34,f,Marrakech,mobile,2026-05-08,9999-12-31,True,Bronze,
2355,C03950,Hanane Bouzid,55-64,m,Tanger,referral,2026-05-08,9999-12-31,True,Bronze,
2356,C05653,Mohamed Amrani,45-54,m,Casablanca,referral,2026-05-08,9999-12-31,True,Bronze,
2357,C02417,Meryem Benkirane,25-34,f,Safi,web,2026-05-08,9999-12-31,True,Bronze,
2358,C07638,Nabil Filali,65+,f,Béni Mellal,mobile,2026-05-08,9999-12-31,True,Bronze,
2359,C04630,Ali Amrani,35-44,m,Fès,mobile,2026-05-08,9999-12-31,True,Bronze,
2360,C02546,Said Benali,35-44,f,Rabat,mobile,2026-05-08,9999-12-31,True,Bronze,
2361,C07116,Nabil Bouazza,35-44,f,Marrakech,web,2026-05-08,9999-12-31,True,Bronze,
2362,C03126,Samira Sefrioui,35-44,m,Casablanca,marketplace,2026-05-08,9999-12-31,True,Bronze,
2363,C06885,Mehdi Filali,25-34,m,Marrakech,referral,2026-05-08,9999-12-31,True,Bronze,
2364,C02906,Imad Haddad,18-24,m,Tanger,marketplace,2026-05-08,9999-12-31,True,Bronze,
2365,C03889,Driss Benkirane,45-54,f,Kénitra,referral,2026-05-08,9999-12-31,True,Bronze,
2366,C04840,Rachid El Idrissi,25-34,m,El Jadida,referral,2026-05-08,9999-12-31,True,Bronze,
2367,C03727,Zakaria El Mansouri,45-54,m,Fès,social_media,2026-05-08,9999-12-31,True,Bronze,
2368,C01512,Rachid Fassi Fihri,55-64,f,Tanger,marketplace,2026-05-08,9999-12-31,True,Bronze,
2369,C04315,Asmae El Idrissi,45-54,f,Agadir,web,2026-05-08,9999-12-31,True,Bronze,
2370,C03064,Dounia El Mansouri,45-54,m,Mohammedia,web,2026-05-08,9999-12-31,True,Bronze,
2371,C06652,Rachid Ouahbi,55-64,f,El Jadida,referral,2026-05-08,9999-12-31,True,Bronze,
2372,C05882,Youssef Kettani,18-24,f,Nador,marketplace,2026-05-08,9999-12-31,True,Bronze,
2373,C07882,Sanae Chraibi,35-44,m,Tanger,web,2026-05-08,9999-12-31,True,Bronze,
2374,C04984,Wafae Benali,Non renseigné,m,Rabat,web,2026-05-08,9999-12-31,True,Bronze,
2375,C01250,Imad Haddad,35-44,f,Tanger,web,2026-05-08,9999-12-31,True,Bronze,
2376,C04229,Dounia Ouahbi,18-24,m,El Jadida,web,2026-05-08,9999-12-31,True,Bronze,
2377,C00888,Rim Benali,18-24,m,Tanger,mobile,2026-05-08,9999-12-31,True,Bronze,
2378,C00405,Imad El Amrani,45-54,m,Fès,social_media,2026-05-08,9999-12-31,True,Bronze,
2379,C06209,Soufiane Filali,65+,m,Casablanca,social_media,2026-05-08,9999-12-31,True,Bronze,
2380,C03857,Brahim Filali,55-64,f,Tanger,web,2026-05-08,9999-12-31,True,Bronze,
2381,C02830,Houda Benjelloun,55-64,m,Tanger,marketplace,2026-05-08,9999-12-31,True,Bronze,
2382,C04043,Nawal Alaoui,55-64,m,Casablanca,referral,2026-05-08,9999-12-31,True,Bronze,
2383,C00058,Soufiane Rahmouni,25-34,m,Casablanca,social_media,2026-05-08,9999-12-31,True,Bronze,
2384,C04568,Rim Amrani,45-54,f,Kénitra,marketplace,2026-05-08,9999-12-31,True,Bronze,
2385,C06207,Omar Cherkaoui,18-24,m,Casablanca,web,2026-05-08,9999-12-31,True,Bronze,
2386,C04826,Ahmed Tahiri,45-54,m,Nador,web,2026-05-08,9999-12-31,True,Bronze,
2387,C04953,Asmae Amrani,25-34,m,El Jadida,referral,2026-05-08,9999-12-31,True,Bronze,
2388,C01465,Mehdi Bennani,25-34,m,Marrakech,mobile,2026-05-08,9999-12-31,True,Bronze,
2389,C04332,Ilham Tahiri,55-64,m,Rabat,referral,2026-05-08,9999-12-31,True,Bronze,
2390,C04265,Hind El Mansouri,45-54,m,Tanger,web,2026-05-08,9999-12-31,True,Bronze,
2391,C02102,Said Amrani,45-54,f,Casablanca,social_media,2026-05-08,9999-12-31,True,Bronze,
2392,C01440,Ali Benkirane,55-64,m,Agadir,social_media,2026-05-08,9999-12-31,True,Bronze,
2393,C06014,Houda El Idrissi,45-54,m,Fès,marketplace,2026-05-08,9999-12-31,True,Bronze,
2394,C07345,Salma Tahiri,35-44,m,Fès,web,2026-05-08,9999-12-31,True,Bronze,
2395,C00567,Khalid Fassi Fihri,55-64,f,Agadir,referral,2026-05-08,9999-12-31,True,Bronze,
2396,C04708,Meryem El Mansouri,45-54,m,Meknès,web,2026-05-08,9999-12-31,True,Bronze,
2397,C00652,Houda Alaoui,35-44,m,Tanger,referral,2026-05-08,9999-12-31,True,Bronze,
2398,C06994,Omar Lahlou,45-54,f,Rabat,web,2026-05-08,9999-12-31,True,Bronze,
2399,C01611,Omar Bouzid,35-44,f,Tanger,mobile,2026-05-08,9999-12-31,True,Bronze,
2400,C00792,Rachid Benjelloun,25-34,m,Tanger,referral,2026-05-08,9999-12-31,True,Bronze,
2401,C07012,Rim Cherkaoui,25-34,m,Kénitra,referral,2026-05-08,9999-12-31,True,Bronze,
2402,C07433,Imad Bennani,18-24,m,Béni Mellal,referral,2026-05-08,9999-12-31,True,Bronze,
2403,C04859,Hanane Berrada,18-24,m,Béni Mellal,mobile,2026-05-08,9999-12-31,True,Bronze,
2404,C03625,Nabil Bennani,Non renseigné,m,Tanger,marketplace,2026-05-08,9999-12-31,True,Bronze,
2405,C00306,Brahim Berrada,35-44,m,Kénitra,mobile,2026-05-08,9999-12-31,True,Bronze,
2406,C07417,Hamza Sefrioui,55-64,m,Marrakech,social_media,2026-05-08,9999-12-31,True,Bronze,
2407,C00163,Khalid Lahlou,55-64,f,Casablanca,web,2026-05-08,9999-12-31,True,Bronze,
2408,C05827,Mehdi Bennani,45-54,m,Rabat,referral,2026-05-08,9999-12-31,True,Bronze,
2409,C07766,Said Skalli,25-34,m,Nador,marketplace,2026-05-08,9999-12-31,True,Bronze,
2410,C00870,Amine El Amrani,25-34,f,Casablanca,web,2026-05-08,9999-12-31,True,Bronze,
2411,C04165,Nawal El Ouazzani,35-44,m,Tanger,referral,2026-05-08,9999-12-31,True,Bronze,
2412,C07986,Hassan El Mansouri,55-64,m,Fès,marketplace,2026-05-08,9999-12-31,True,Bronze,
2413,C07962,Ghita Naciri,35-44,f,Tétouan,mobile,2026-05-08,9999-12-31,True,Bronze,
2414,C03187,Karim Tahiri,55-64,f,Marrakech,web,2026-05-08,9999-12-31,True,Bronze,
2415,C07211,Zakaria Sefrioui,18-24,f,Béni Mellal,web,2026-05-08,9999-12-31,True,Bronze,
2416,C02693,Soufiane Tazi,35-44,m,Rabat,web,2026-05-08,9999-12-31,True,Bronze,
2417,C04956,Brahim Benjelloun,25-34,m,Rabat,referral,2026-05-08,9999-12-31,True,Bronze,
2418,C06666,Sara Alaoui,25-34,m,Agadir,marketplace,2026-05-08,9999-12-31,True,Bronze,
2419,C07720,Hamza Benali,25-34,f,Agadir,referral,2026-05-08,9999-12-31,True,Bronze,
2420,C02674,Driss Naciri,55-64,f,Fès,social_media,2026-05-08,9999-12-31,True,Bronze,
2421,C05938,Hind Benjelloun,18-24,m,Tanger,mobile,2026-05-08,9999-12-31,True,Bronze,
2422,C04085,Rachid Fassi Fihri,18-24,m,Rabat,marketplace,2026-05-08,9999-12-31,True,Bronze,
2423,C05512,Nadia Filali,35-44,f,Rabat,mobile,2026-05-08,9999-12-31,True,Bronze,
2424,C07129,Rim Bouzid,35-44,f,Meknès,marketplace,2026-05-08,9999-12-31,True,Bronze,
2425,C04810,Hamza Sefrioui,45-54,m,Rabat,referral,2026-05-08,9999-12-31,True,Bronze,
2426,C01244,Loubna Cherkaoui,25-34,m,El Jadida,marketplace,2026-05-08,9999-12-31,True,Bronze,
2427,C02566,Driss Alaoui,25-34,f,Casablanca,mobile,2026-05-08,9999-12-31,True,Bronze,
2428,C06076,Salma Lahlou,65+,m,Tanger,referral,2026-05-08,9999-12-31,True,Bronze,
2429,C06477,Reda Amrani,55-64,f,Tétouan,marketplace,2026-05-08,9999-12-31,True,Bronze,
2430,C01003,Zakaria Benjelloun,45-54,f,Fès,web,2026-05-08,9999-12-31,True,Bronze,
2431,C05024,Adil Filali,25-34,m,Marrakech,marketplace,2026-05-08,9999-12-31,True,Bronze,
2432,C05282,Loubna Benjelloun,25-34,m,Fès,marketplace,2026-05-08,9999-12-31,True,Bronze,
2433,C03011,Soufiane Bennani,25-34,f,Casablanca,mobile,2026-05-08,9999-12-31,True,Bronze,
2434,C02768,Said Bouazza,45-54,f,Casablanca,mobile,2026-05-08,9999-12-31,True,Bronze,
2435,C07816,Reda Alaoui,25-34,f,Marrakech,mobile,2026-05-08,9999-12-31,True,Bronze,
2436,C02744,Asmae Benkirane,35-44,m,Casablanca,web,2026-05-08,9999-12-31,True,Bronze,
2437,C00678,Wafae Chraibi,45-54,m,Tanger,referral,2026-05-08,9999-12-31,True,Bronze,
2438,C02392,Hanane El Amrani,55-64,m,Oujda,social_media,2026-05-08,9999-12-31,True,Bronze,
2439,C01436,Youssef Bennani,55-64,f,Béni Mellal,web,2026-05-08,9999-12-31,True,Bronze,
2440,C01934,Asmae Alaoui,18-24,m,Fès,referral,2026-05-08,9999-12-31,True,Bronze,
2441,C05610,Hanane Alaoui,35-44,m,Béni Mellal,mobile,2026-05-08,9999-12-31,True,Bronze,
2442,C04532,Mehdi Benali,Non renseigné,f,Tanger,referral,2026-05-08,9999-12-31,True,Bronze,
2443,C07104,Ali Skalli,35-44,m,Safi,mobile,2026-05-08,9999-12-31,True,Bronze,
2444,C00983,Mustapha Kettani,55-64,f,Casablanca,social_media,2026-05-08,9999-12-31,True,Bronze,
2445,C03179,Driss El Amrani,45-54,m,Oujda,marketplace,2026-05-08,9999-12-31,True,Bronze,
2446,C04990,Soufiane Benjelloun,35-44,m,Béni Mellal,web,2026-05-08,9999-12-31,True,Bronze,
2447,C05025,Loubna Skalli,35-44,f,Kénitra,web,2026-05-08,9999-12-31,True,Bronze,
2448,C07183,Zineb El Ouazzani,18-24,m,Tanger,social_media,2026-05-08,9999-12-31,True,Bronze,
2449,C06345,Adil Bouzid,18-24,m,Kénitra,web,2026-05-08,9999-12-31,True,Bronze,
2450,C01312,Khalid Amrani,Non renseigné,f,Rabat,social_media,2026-05-08,9999-12-31,True,Bronze,
2451,C05107,Said Chraibi,35-44,m,Tanger,web,2026-05-08,9999-12-31,True,Bronze,
2452,C05628,Nadia Chraibi,45-54,m,Tanger,social_media,2026-05-08,9999-12-31,True,Bronze,
2453,C02262,Ilham Skalli,25-34,f,Fès,web,2026-05-08,9999-12-31,True,Bronze,
2454,C03231,Said Benjelloun,25-34,m,Rabat,social_media,2026-05-08,9999-12-31,True,Bronze,
2455,C06914,Mohamed El Ouazzani,18-24,m,Rabat,referral,2026-05-08,9999-12-31,True,Bronze,
2456,C02157,Hassan Tazi,45-54,m,Fès,mobile,2026-05-08,9999-12-31,True,Bronze,
2457,C06955,Loubna Benali,55-64,m,Casablanca,referral,2026-05-08,9999-12-31,True,Bronze,
2458,C02708,Hamza Chraibi,45-54,m,Tétouan,web,2026-05-08,9999-12-31,True,Bronze,
2459,C00440,Ali Benali,55-64,m,Tanger,referral,2026-05-08,9999-12-31,True,Bronze,
2460,C03327,Wafae Tazi,25-34,m,Fès,referral,2026-05-08,9999-12-31,True,Bronze,
2461,C05110,Amine Kettani,45-54,m,Fès,marketplace,2026-05-08,9999-12-31,True,Bronze,
2462,C06035,Imad Rahmouni,65+,m,Fès,web,2026-05-08,9999-12-31,True,Bronze,
2463,C03034,Zakaria Benkirane,55-64,f,Tanger,social_media,2026-05-08,9999-12-31,True,Bronze,
2464,C00954,Youssef Bouazza,45-54,m,Tanger,social_media,2026-05-08,9999-12-31,True,Bronze,
2465,C05257,Imad Sefrioui,45-54,m,Kénitra,marketplace,2026-05-08,9999-12-31,True,Bronze,
2466,C02198,Driss Amrani,35-44,f,Rabat,web,2026-05-08,9999-12-31,True,Bronze,
2467,C07877,Houda Haddad,55-64,m,Casablanca,mobile,2026-05-08,9999-12-31,True,Bronze,
2468,C02812,Mehdi Benjelloun,45-54,m,Casablanca,mobile,2026-05-08,9999-12-31,True,Bronze,
2469,C00619,Khadija Haddad,55-64,f,Fès,social_media,2026-05-08,9999-12-31,True,Bronze,
2470,C01889,Hind Naciri,35-44,m,Fès,mobile,2026-05-08,9999-12-31,True,Bronze,
2471,C00905,Hassan Bouzid,25-34,f,Casablanca,mobile,2026-05-08,9999-12-31,True,Bronze,
2472,C07587,Loubna Sefrioui,18-24,m,Nador,web,2026-05-08,9999-12-31,True,Bronze,
2473,C07932,Sanae Lahlou,45-54,f,Fès,mobile,2026-05-08,9999-12-31,True,Bronze,
2474,C03199,Brahim Lahlou,55-64,f,Casablanca,web,2026-05-08,9999-12-31,True,Bronze,
2475,C07301,Nadia Bennani,55-64,f,Safi,referral,2026-05-08,9999-12-31,True,Bronze,
2476,C04159,Amine Tazi,55-64,m,Tanger,web,2026-05-08,9999-12-31,True,Bronze,
2477,C05160,Khalid Bouzid,55-64,f,Oujda,referral,2026-05-08,9999-12-31,True,Bronze,
2478,C06705,Nadia Ouahbi,55-64,m,Casablanca,mobile,2026-05-08,9999-12-31,True,Bronze,
2479,C05004,Samira Berrada,55-64,m,Casablanca,marketplace,2026-05-08,9999-12-31,True,Bronze,
2480,C04310,Reda Tahiri,45-54,m,Kénitra,web,2026-05-08,9999-12-31,True,Bronze,
2481,C03674,Wafae Alaoui,25-34,m,Marrakech,referral,2026-05-08,9999-12-31,True,Bronze,
2482,C05124,Khalid Benjelloun,35-44,f,Marrakech,referral,2026-05-08,9999-12-31,True,Bronze,
2483,C07066,Nabil El Amrani,55-64,m,Oujda,social_media,2026-05-08,9999-12-31,True,Bronze,
2484,C00650,Fatima Lahlou,55-64,m,Safi,mobile,2026-05-08,9999-12-31,True,Bronze,
2485,C04384,Adil Tazi,55-64,f,Tanger,marketplace,2026-05-08,9999-12-31,True,Bronze,
2486,C06611,Reda Benkirane,35-44,f,Agadir,mobile,2026-05-08,9999-12-31,True,Bronze,
2487,C06629,Laila Bouazza,45-54,m,Casablanca,mobile,2026-05-08,9999-12-31,True,Bronze,
2488,C05144,Mehdi Sefrioui,55-64,f,Kénitra,marketplace,2026-05-08,9999-12-31,True,Bronze,
2489,C03264,Mehdi Bouazza,25-34,f,Fès,web,2026-05-08,9999-12-31,True,Bronze,
2490,C04559,Samira El Ouazzani,18-24,m,Tanger,mobile,2026-05-08,9999-12-31,True,Bronze,
2491,C07249,Rachid Rahmouni,45-54,m,Agadir,social_media,2026-05-08,9999-12-31,True,Bronze,
2492,C02944,Zakaria El Amrani,18-24,m,Fès,web,2026-05-08,9999-12-31,True,Bronze,
2493,C01855,Nabil El Mansouri,18-24,m,Meknès,mobile,2026-05-08,9999-12-31,True,Bronze,
2494,C07928,Karim Cherkaoui,45-54,f,Tétouan,referral,2026-05-08,9999-12-31,True,Bronze,
2495,C06854,Sanae Benali,55-64,m,Béni Mellal,referral,2026-05-08,9999-12-31,True,Bronze,
2496,C06983,Sanae Haddad,45-54,f,Tanger,web,2026-05-08,9999-12-31,True,Bronze,
2497,C03588,Youssef Ouahbi,55-64,f,Fès,social_media,2026-05-08,9999-12-31,True,Bronze,
2498,C01445,Dounia Naciri,25-34,m,Marrakech,referral,2026-05-08,9999-12-31,True,Bronze,
2499,C05303,Wafae Sefrioui,45-54,m,Béni Mellal,social_media,2026-05-08,9999-12-31,True,Bronze,
2500,C05633,Youssef Tazi,25-34,m,Marrakech,mobile,2026-05-08,9999-12-31,True,Bronze,
2501,C04684,Khadija Chraibi,25-34,m,Marrakech,marketplace,2026-05-08,9999-12-31,True,Bronze,
2502,C01780,Sanae Berrada,45-54,m,Agadir,web,2026-05-08,9999-12-31,True,Bronze,
2503,C00260,Reda Ouahbi,35-44,f,Rabat,marketplace,2026-05-08,9999-12-31,True,Bronze,
2504,C03374,Imad El Amrani,55-64,m,Tanger,social_media,2026-05-08,9999-12-31,True,Bronze,
2505,C03872,Sanae Berrada,55-64,m,Casablanca,social_media,2026-05-08,9999-12-31,True,Bronze,
2506,C04880,Sara Cherkaoui,25-34,f,Tétouan,referral,2026-05-08,9999-12-31,True,Bronze,
2507,C07624,Khadija Naciri,45-54,m,Tanger,marketplace,2026-05-08,9999-12-31,True,Bronze,
2508,C03134,Omar El Amrani,55-64,m,Kénitra,referral,2026-05-08,9999-12-31,True,Bronze,
2509,C05463,Soufiane Rahmouni,55-64,f,Tétouan,marketplace,2026-05-08,9999-12-31,True,Bronze,
2510,C01293,Soufiane El Amrani,45-54,f,Marrakech,mobile,2026-05-08,9999-12-31,True,Bronze,
2511,C00735,Karim Bouazza,55-64,f,Kénitra,web,2026-05-08,9999-12-31,True,Bronze,
2512,C04589,Soufiane Skalli,35-44,f,Oujda,referral,2026-05-08,9999-12-31,True,Bronze,
2513,C05721,Said Kettani,55-64,m,Kénitra,marketplace,2026-05-08,9999-12-31,True,Bronze,
2514,C01481,Brahim Benali,45-54,m,Mohammedia,marketplace,2026-05-08,9999-12-31,True,Bronze,
2515,C02214,Khalid Filali,35-44,m,Oujda,web,2026-05-08,9999-12-31,True,Bronze,
2516,C06000,Ali Benjelloun,55-64,f,Nador,marketplace,2026-05-08,9999-12-31,True,Bronze,
2517,C03775,Ghita Alaoui,55-64,m,Mohammedia,referral,2026-05-08,9999-12-31,True,Bronze,
2518,C06749,Brahim Tahiri,55-64,f,Rabat,mobile,2026-05-08,9999-12-31,True,Bronze,
2519,C05644,Hamza Benali,55-64,m,Casablanca,referral,2026-05-08,9999-12-31,True,Bronze,
2520,C03839,Mustapha Skalli,25-34,f,Casablanca,web,2026-05-08,9999-12-31,True,Bronze,
2521,C01881,Ahmed Amrani,18-24,f,Safi,social_media,2026-05-08,9999-12-31,True,Bronze,
2522,C07083,Khadija Rahmouni,25-34,m,Mohammedia,web,2026-05-08,9999-12-31,True,Bronze,
2523,C00428,Hamza Benali,45-54,m,Tanger,marketplace,2026-05-08,9999-12-31,True,Bronze,
2524,C03479,Zineb Berrada,35-44,m,Marrakech,referral,2026-05-08,9999-12-31,True,Bronze,
2525,C03596,Hassan Naciri,55-64,m,Fès,referral,2026-05-08,9999-12-31,True,Bronze,
2526,C02565,Adil Berrada,18-24,f,Casablanca,social_media,2026-05-08,9999-12-31,True,Bronze,
2527,C03613,Said Sefrioui,55-64,m,Nador,referral,2026-05-08,9999-12-31,True,Bronze,
2528,C02778,Ali Tazi,65+,f,Kénitra,social_media,2026-05-08,9999-12-31,True,Bronze,
2529,C05687,Mustapha El Ouazzani,18-24,f,Oujda,referral,2026-05-08,9999-12-31,True,Bronze,
2530,C04095,Mehdi Tahiri,35-44,m,Fès,social_media,2026-05-08,9999-12-31,True,Bronze,
2531,C06408,Nawal Sefrioui,35-44,m,Rabat,marketplace,2026-05-08,9999-12-31,True,Bronze,
2532,C04830,Imad El Mansouri,18-24,f,Rabat,web,2026-05-08,9999-12-31,True,Bronze,
2533,C04605,Zakaria Skalli,35-44,m,Marrakech,web,2026-05-08,9999-12-31,True,Bronze,
2534,C01776,Soufiane El Mansouri,35-44,f,Mohammedia,social_media,2026-05-08,9999-12-31,True,Bronze,
2535,C03887,Amine Filali,45-54,f,Oujda,mobile,2026-05-08,9999-12-31,True,Bronze,
2536,C03905,Hamza Bouzid,45-54,m,Marrakech,marketplace,2026-05-08,9999-12-31,True,Bronze,
2537,C02499,Mohamed Tazi,18-24,f,Mohammedia,referral,2026-05-08,9999-12-31,True,Bronze,
2538,C06752,Adil Bennani,45-54,f,Tanger,social_media,2026-05-08,9999-12-31,True,Bronze,
2539,C01147,Hamza Lahlou,35-44,f,Tanger,mobile,2026-05-08,9999-12-31,True,Bronze,
2540,C06426,Driss Alaoui,18-24,m,Rabat,marketplace,2026-05-08,9999-12-31,True,Bronze,
2541,C03986,Nawal El Amrani,45-54,m,Kénitra,mobile,2026-05-08,9999-12-31,True,Bronze,
2542,C00408,Wafae Fassi Fihri,25-34,f,Agadir,web,2026-05-08,9999-12-31,True,Bronze,
2543,C07534,Nadia El Idrissi,25-34,m,Marrakech,referral,2026-05-08,9999-12-31,True,Bronze,
2544,C02719,Reda Filali,45-54,m,Fès,web,2026-05-08,9999-12-31,True,Bronze,
2545,C07451,Hanane Ziani,55-64,m,Rabat,referral,2026-05-08,9999-12-31,True,Bronze,
2546,C03916,Salma Kettani,45-54,m,Casablanca,marketplace,2026-05-08,9999-12-31,True,Bronze,
2547,C06134,Hassan Tazi,45-54,m,Casablanca,mobile,2026-05-08,9999-12-31,True,Bronze,
2548,C06999,Zakaria Tazi,55-64,f,Tanger,social_media,2026-05-08,9999-12-31,True,Bronze,
2549,C06678,Brahim Bennani,18-24,m,Safi,referral,2026-05-08,9999-12-31,True,Bronze,
2550,C07425,Ahmed Alaoui,45-54,f,Casablanca,referral,2026-05-08,9999-12-31,True,Bronze,
2551,C03897,Imad Benkirane,35-44,m,Meknès,social_media,2026-05-08,9999-12-31,True,Bronze,
2552,C03382,Imad El Ouazzani,25-34,f,Marrakech,mobile,2026-05-08,9999-12-31,True,Bronze,
2553,C05203,Meryem Ouahbi,25-34,f,Rabat,marketplace,2026-05-08,9999-12-31,True,Bronze,
2554,C00288,Meryem Amrani,18-24,m,Fès,social_media,2026-05-08,9999-12-31,True,Bronze,
2555,C03931,Asmae Lahlou,55-64,m,Marrakech,mobile,2026-05-08,9999-12-31,True,Bronze,
2556,C01952,Omar Ziani,25-34,f,Oujda,referral,2026-05-08,9999-12-31,True,Bronze,
2557,C02832,Wafae El Mansouri,25-34,m,Fès,marketplace,2026-05-08,9999-12-31,True,Bronze,
2558,C02679,Ilham Filali,45-54,f,Meknès,marketplace,2026-05-08,9999-12-31,True,Bronze,
2559,C01983,Nawal Benali,25-34,m,Tanger,web,2026-05-08,9999-12-31,True,Bronze,
2560,C04490,Mehdi Cherkaoui,55-64,m,Fès,marketplace,2026-05-08,9999-12-31,True,Bronze,
2561,C05660,Brahim Rahmouni,45-54,m,Marrakech,mobile,2026-05-08,9999-12-31,True,Bronze,
2562,C01698,Hamza Haddad,55-64,m,Tanger,social_media,2026-05-08,9999-12-31,True,Bronze,
2563,C07556,Ahmed Sefrioui,25-34,m,Mohammedia,social_media,2026-05-08,9999-12-31,True,Bronze,
2564,C00427,Zineb Fassi Fihri,35-44,m,Fès,marketplace,2026-05-08,9999-12-31,True,Bronze,
2565,C04931,Ilham Benali,55-64,m,Fès,social_media,2026-05-08,9999-12-31,True,Bronze,
2566,C01699,Hanane Ouahbi,45-54,m,Marrakech,web,2026-05-08,9999-12-31,True,Bronze,
2567,C07792,Zakaria Bouzid,25-34,m,Béni Mellal,mobile,2026-05-08,9999-12-31,True,Bronze,
2568,C02237,Loubna Chraibi,45-54,m,Mohammedia,web,2026-05-08,9999-12-31,True,Bronze,
2569,C06422,Nawal Naciri,18-24,m,Agadir,web,2026-05-08,9999-12-31,True,Bronze,
2570,C03243,Soufiane Alaoui,18-24,m,Safi,social_media,2026-05-08,9999-12-31,True,Bronze,
2571,C05102,Hanane Tahiri,55-64,f,Kénitra,marketplace,2026-05-08,9999-12-31,True,Bronze,
2572,C01604,Ali Filali,25-34,m,Tanger,marketplace,2026-05-08,9999-12-31,True,Bronze,
2573,C02425,Dounia Naciri,45-54,m,Tétouan,social_media,2026-05-08,9999-12-31,True,Bronze,
2574,C01266,Hassan Ouahbi,55-64,m,Tanger,mobile,2026-05-08,9999-12-31,True,Bronze,
2575,C05596,Hassan El Idrissi,55-64,f,Casablanca,referral,2026-05-08,9999-12-31,True,Bronze,
2576,C02850,Sara Ziani,25-34,m,Casablanca,referral,2026-05-08,9999-12-31,True,Bronze,
2577,C02717,Amine Rahmouni,35-44,m,Marrakech,marketplace,2026-05-08,9999-12-31,True,Bronze,
2578,C05527,Sara Chraibi,45-54,m,Marrakech,web,2026-05-08,9999-12-31,True,Bronze,
2579,C02701,Nawal Filali,35-44,f,Kénitra,referral,2026-05-08,9999-12-31,True,Bronze,
2580,C03383,Rachid El Idrissi,55-64,m,Rabat,marketplace,2026-05-08,9999-12-31,True,Bronze,
2581,C05874,Said Ziani,55-64,f,Meknès,social_media,2026-05-08,9999-12-31,True,Bronze,
2582,C05819,Soufiane Berrada,25-34,m,Fès,social_media,2026-05-08,9999-12-31,True,Bronze,
2583,C02277,Amine Lahlou,55-64,f,Oujda,referral,2026-05-08,9999-12-31,True,Bronze,
2584,C07463,Loubna El Ouazzani,35-44,f,Casablanca,social_media,2026-05-08,9999-12-31,True,Bronze,
2585,C01796,Wafae Filali,35-44,f,Tétouan,marketplace,2026-05-08,9999-12-31,True,Bronze,
2586,C04066,Ghita El Idrissi,25-34,m,Casablanca,social_media,2026-05-08,9999-12-31,True,Bronze,
2587,C01616,Reda Sefrioui,35-44,f,Tanger,mobile,2026-05-08,9999-12-31,True,Bronze,
2588,C00172,Dounia Berrada,35-44,f,Rabat,mobile,2026-05-08,9999-12-31,True,Bronze,
2589,C01920,Ilham El Ouazzani,45-54,m,Tanger,web,2026-05-08,9999-12-31,True,Bronze,
2590,C04209,Adil Cherkaoui,18-24,m,Tanger,mobile,2026-05-08,9999-12-31,True,Bronze,
2591,C00249,Houda El Idrissi,25-34,m,Tanger,referral,2026-05-08,9999-12-31,True,Bronze,
2592,C07192,Ahmed El Amrani,55-64,m,Nador,social_media,2026-05-08,9999-12-31,True,Bronze,
2593,C01373,Mohamed Benjelloun,45-54,f,Meknès,mobile,2026-05-08,9999-12-31,True,Bronze,
2594,C06402,Nawal Haddad,35-44,f,Safi,web,2026-05-08,9999-12-31,True,Bronze,
2595,C03338,Ahmed Chraibi,45-54,m,Fès,web,2026-05-08,9999-12-31,True,Bronze,
2596,C03601,Nadia Benali,25-34,f,Marrakech,mobile,2026-05-08,9999-12-31,True,Bronze,
2597,C06483,Karim Skalli,18-24,m,Kénitra,referral,2026-05-08,9999-12-31,True,Bronze,
2598,C03514,Khalid El Ouazzani,18-24,f,Fès,web,2026-05-08,9999-12-31,True,Bronze,
2599,C01390,Hamza Tahiri,55-64,f,Béni Mellal,web,2026-05-08,9999-12-31,True,Bronze,
2600,C03125,Khadija Bouazza,18-24,f,Tanger,mobile,2026-05-08,9999-12-31,True,Bronze,
2601,C03646,Hassan El Amrani,35-44,m,Tanger,web,2026-05-08,9999-12-31,True,Bronze,
2602,C06275,Soufiane Ziani,25-34,m,Safi,referral,2026-05-08,9999-12-31,True,Bronze,
2603,C04575,Samira Chraibi,55-64,m,Nador,referral,2026-05-08,9999-12-31,True,Bronze,
2604,C05784,Hamza Naciri,45-54,f,Tanger,social_media,2026-05-08,9999-12-31,True,Bronze,
2605,C02117,Youssef Kettani,18-24,m,Casablanca,web,2026-05-08,9999-12-31,True,Bronze,
2606,C07964,Youssef Ziani,45-54,m,Marrakech,marketplace,2026-05-08,9999-12-31,True,Bronze,
2607,C02928,Soufiane Ouahbi,45-54,f,Meknès,web,2026-05-08,9999-12-31,True,Bronze,
2608,C05091,Nadia Fassi Fihri,35-44,f,Fès,referral,2026-05-08,9999-12-31,True,Bronze,
2609,C07878,Mohamed Cherkaoui,18-24,m,Agadir,social_media,2026-05-08,9999-12-31,True,Bronze,
2610,C00522,Zineb Bouzid,55-64,f,El Jadida,social_media,2026-05-08,9999-12-31,True,Bronze,
2611,C04386,Adil Naciri,18-24,m,Casablanca,social_media,2026-05-08,9999-12-31,True,Bronze,
2612,C01521,Khalid Cherkaoui,18-24,m,Tanger,referral,2026-05-08,9999-12-31,True,Bronze,
2613,C05146,Loubna Filali,35-44,m,Tanger,social_media,2026-05-08,9999-12-31,True,Bronze,
2614,C06437,Soufiane Benjelloun,25-34,m,Marrakech,web,2026-05-08,9999-12-31,True,Bronze,
2615,C01370,Imad Filali,45-54,f,Kénitra,social_media,2026-05-08,9999-12-31,True,Bronze,
2616,C02507,Houda Benkirane,35-44,m,Safi,mobile,2026-05-08,9999-12-31,True,Bronze,
2617,C05495,Ahmed Lahlou,45-54,f,Meknès,mobile,2026-05-08,9999-12-31,True,Bronze,
2618,C00368,Mehdi Ziani,35-44,f,Tanger,mobile,2026-05-08,9999-12-31,True,Bronze,
2619,C01141,Asmae Skalli,45-54,m,Casablanca,web,2026-05-08,9999-12-31,True,Bronze,
2620,C03036,Mohamed Amrani,45-54,m,Tanger,marketplace,2026-05-08,9999-12-31,True,Bronze,
2621,C05701,Youssef Tahiri,25-34,f,Casablanca,web,2026-05-08,9999-12-31,True,Bronze,
2622,C04881,Khalid Ziani,25-34,m,Tanger,marketplace,2026-05-08,9999-12-31,True,Bronze,
2623,C06287,Soufiane Rahmouni,45-54,m,Fès,mobile,2026-05-08,9999-12-31,True,Bronze,
2624,C06281,Houda Amrani,45-54,f,Tanger,web,2026-05-08,9999-12-31,True,Bronze,
2625,C07367,Asmae Rahmouni,35-44,m,Fès,mobile,2026-05-08,9999-12-31,True,Bronze,
2626,C03133,Rachid Tazi,Non renseigné,f,Mohammedia,referral,2026-05-08,9999-12-31,True,Bronze,
2627,C05427,Laila Tazi,25-34,f,Nador,marketplace,2026-05-08,9999-12-31,True,Bronze,
2628,C01050,Fatima El Amrani,45-54,m,Oujda,mobile,2026-05-08,9999-12-31,True,Bronze,
2629,C01825,Wafae Lahlou,25-34,f,Rabat,referral,2026-05-08,9999-12-31,True,Bronze,
2630,C01316,Soufiane Benali,25-34,m,Tanger,referral,2026-05-08,9999-12-31,True,Bronze,
2631,C03182,Hamza Fassi Fihri,18-24,m,Casablanca,marketplace,2026-05-08,9999-12-31,True,Bronze,
2632,C06365,Zineb Tahiri,35-44,f,Kénitra,marketplace,2026-05-08,9999-12-31,True,Bronze,
2633,C03277,Loubna El Amrani,45-54,m,Tanger,web,2026-05-08,9999-12-31,True,Bronze,
2634,C02574,Youssef Naciri,25-34,m,El Jadida,marketplace,2026-05-08,9999-12-31,True,Bronze,
2635,C02463,Omar Haddad,35-44,m,Casablanca,marketplace,2026-05-08,9999-12-31,True,Bronze,
2636,C04574,Mohamed Filali,25-34,f,Meknès,referral,2026-05-08,9999-12-31,True,Bronze,
2637,C03483,Imad Ziani,45-54,m,Tanger,web,2026-05-08,9999-12-31,True,Bronze,
2638,C04323,Driss Ouahbi,25-34,f,Tanger,marketplace,2026-05-08,9999-12-31,True,Bronze,
2639,C04850,Said El Mansouri,35-44,m,Marrakech,social_media,2026-05-08,9999-12-31,True,Bronze,
2640,C05787,Omar Fassi Fihri,25-34,f,Marrakech,social_media,2026-05-08,9999-12-31,True,Bronze,
2641,C05305,Fatima Fassi Fihri,35-44,m,Fès,social_media,2026-05-08,9999-12-31,True,Bronze,
2642,C04290,Omar Ziani,35-44,m,El Jadida,mobile,2026-05-08,9999-12-31,True,Bronze,
2643,C02889,Ahmed Rahmouni,18-24,f,Marrakech,referral,2026-05-08,9999-12-31,True,Bronze,
2644,C01539,Ahmed El Ouazzani,25-34,m,El Jadida,referral,2026-05-08,9999-12-31,True,Bronze,
2645,C02660,Soufiane Rahmouni,25-34,m,Tanger,web,2026-05-08,9999-12-31,True,Bronze,
2646,C00459,Adil Cherkaoui,25-34,f,Tétouan,referral,2026-05-08,9999-12-31,True,Bronze,
2647,C07322,Houda Benkirane,45-54,m,Casablanca,social_media,2026-05-08,9999-12-31,True,Bronze,
2648,C07004,Salma Ziani,45-54,f,Marrakech,mobile,2026-05-08,9999-12-31,True,Bronze,
2649,C00867,Nabil El Amrani,45-54,m,Marrakech,social_media,2026-05-08,9999-12-31,True,Bronze,
2650,C07033,Salma Berrada,55-64,m,Fès,referral,2026-05-08,9999-12-31,True,Bronze,
2651,C07840,Hassan Tahiri,35-44,m,Rabat,mobile,2026-05-08,9999-12-31,True,Bronze,
2652,C07655,Asmae Kettani,55-64,f,Agadir,referral,2026-05-08,9999-12-31,True,Bronze,
2653,C07208,Zakaria Berrada,18-24,f,Casablanca,marketplace,2026-05-08,9999-12-31,True,Bronze,
2654,C07242,Rachid El Amrani,25-34,f,Oujda,marketplace,2026-05-08,9999-12-31,True,Bronze,
2655,C00931,Samira Ouahbi,45-54,m,Marrakech,web,2026-05-08,9999-12-31,True,Bronze,
2656,C05040,Zineb Filali,25-34,f,Casablanca,web,2026-05-08,9999-12-31,True,Bronze,
2657,C05604,Reda Naciri,35-44,m,Tanger,marketplace,2026-05-08,9999-12-31,True,Bronze,
2658,C02446,Asmae Cherkaoui,45-54,m,Tétouan,mobile,2026-05-08,9999-12-31,True,Bronze,
2659,C07363,Wafae Bouazza,55-64,m,Tanger,social_media,2026-05-08,9999-12-31,True,Bronze,
2660,C03773,Hanane El Ouazzani,55-64,m,Tanger,mobile,2026-05-08,9999-12-31,True,Bronze,
2661,C03117,Omar Haddad,25-34,f,Tanger,web,2026-05-08,9999-12-31,True,Bronze,
2662,C06205,Adil Bennani,45-54,f,Tanger,social_media,2026-05-08,9999-12-31,True,Bronze,
2663,C01956,Rachid El Mansouri,35-44,f,Meknès,marketplace,2026-05-08,9999-12-31,True,Bronze,
2664,C00575,Sara Ouahbi,18-24,f,Casablanca,referral,2026-05-08,9999-12-31,True,Bronze,
2665,C01566,Meryem Bouazza,55-64,m,Tanger,marketplace,2026-05-08,9999-12-31,True,Bronze,
2666,C05587,Imad Tazi,25-34,m,Casablanca,referral,2026-05-08,9999-12-31,True,Bronze,
2667,C02539,Ali El Mansouri,35-44,m,Casablanca,referral,2026-05-08,9999-12-31,True,Bronze,
2668,C01346,Zineb Alaoui,45-54,f,Tanger,social_media,2026-05-08,9999-12-31,True,Bronze,
2669,C00825,Reda Benali,35-44,f,El Jadida,mobile,2026-05-08,9999-12-31,True,Bronze,
2670,C02609,Zineb Rahmouni,45-54,f,Marrakech,web,2026-05-08,9999-12-31,True,Bronze,
2671,C06827,Reda Kettani,55-64,m,Mohammedia,marketplace,2026-05-08,9999-12-31,True,Bronze,
2672,C05072,Zakaria Sefrioui,55-64,f,Safi,web,2026-05-08,9999-12-31,True,Bronze,
2673,C05434,Karim Chraibi,25-34,m,Marrakech,web,2026-05-08,9999-12-31,True,Bronze,
2674,C01081,Mustapha Kettani,35-44,f,Tanger,social_media,2026-05-08,9999-12-31,True,Bronze,
2675,C06803,Houda Naciri,35-44,m,Oujda,mobile,2026-05-08,9999-12-31,True,Bronze,
2676,C04637,Ilham El Idrissi,25-34,m,Rabat,web,2026-05-08,9999-12-31,True,Bronze,
2677,C05695,Youssef Alaoui,45-54,m,Fès,marketplace,2026-05-08,9999-12-31,True,Bronze,
2678,C00061,Zineb Filali,18-24,f,Casablanca,web,2026-05-08,9999-12-31,True,Bronze,
2679,C04168,Asmae Fassi Fihri,25-34,f,Fès,mobile,2026-05-08,9999-12-31,True,Bronze,
2680,C04296,Zakaria El Amrani,18-24,f,Béni Mellal,referral,2026-05-08,9999-12-31,True,Bronze,
2681,C06440,Youssef Bouazza,25-34,m,Oujda,web,2026-05-08,9999-12-31,True,Bronze,
2682,C05362,Rachid Benjelloun,35-44,f,Tanger,referral,2026-05-08,9999-12-31,True,Bronze,
2683,C05347,Amina Ziani,45-54,f,Nador,referral,2026-05-08,9999-12-31,True,Bronze,
2684,C01054,Nabil Berrada,18-24,m,El Jadida,social_media,2026-05-08,9999-12-31,True,Bronze,
2685,C05841,Sara Berrada,45-54,m,Rabat,referral,2026-05-08,9999-12-31,True,Bronze,
2686,C07837,Zakaria Benali,18-24,m,Tanger,social_media,2026-05-08,9999-12-31,True,Bronze,
2687,C03152,Nawal Bouazza,55-64,m,Tanger,web,2026-05-08,9999-12-31,True,Bronze,
2688,C03332,Laila Berrada,25-34,f,Agadir,referral,2026-05-08,9999-12-31,True,Bronze,
2689,C02023,Asmae Ouahbi,18-24,f,Tanger,mobile,2026-05-08,9999-12-31,True,Bronze,
2690,C02068,Sara Bouzid,35-44,m,Fès,web,2026-05-08,9999-12-31,True,Bronze,
2691,C01287,Houda Chraibi,55-64,m,Fès,web,2026-05-08,9999-12-31,True,Bronze,
2692,C01592,Asmae Tahiri,45-54,m,Tanger,social_media,2026-05-08,9999-12-31,True,Bronze,
2693,C07136,Zineb El Idrissi,35-44,m,Safi,marketplace,2026-05-08,9999-12-31,True,Bronze,
2694,C01203,Nadia Rahmouni,35-44,m,Marrakech,marketplace,2026-05-08,9999-12-31,True,Bronze,
2695,C07864,Said Lahlou,45-54,m,Meknès,mobile,2026-05-08,9999-12-31,True,Bronze,
2696,C04354,Imad Rahmouni,Non renseigné,m,Oujda,referral,2026-05-08,9999-12-31,True,Bronze,
2697,C04187,Nadia Tahiri,35-44,m,Béni Mellal,social_media,2026-05-08,9999-12-31,True,Bronze,
2698,C04023,Nabil Skalli,45-54,m,Tanger,referral,2026-05-08,9999-12-31,True,Bronze,
2699,C02505,Brahim Berrada,35-44,f,Fès,web,2026-05-08,9999-12-31,True,Bronze,
2700,C01562,Rachid Lahlou,18-24,m,Casablanca,social_media,2026-05-08,9999-12-31,True,Bronze,
2701,C04358,Karim Filali,55-64,m,Marrakech,marketplace,2026-05-08,9999-12-31,True,Bronze,
2702,C04535,Rim Amrani,25-34,m,Rabat,marketplace,2026-05-08,9999-12-31,True,Bronze,
2703,C00207,Fatima Rahmouni,45-54,m,Marrakech,referral,2026-05-08,9999-12-31,True,Bronze,
2704,C02346,Hamza Alaoui,18-24,m,Marrakech,marketplace,2026-05-08,9999-12-31,True,Bronze,
2705,C03770,Wafae Rahmouni,45-54,m,El Jadida,mobile,2026-05-08,9999-12-31,True,Bronze,
2706,C07795,Zakaria Ziani,25-34,m,Fès,web,2026-05-08,9999-12-31,True,Bronze,
2707,C05247,Nawal Skalli,Non renseigné,m,Tanger,marketplace,2026-05-08,9999-12-31,True,Bronze,
2708,C04646,Meryem Berrada,55-64,m,Rabat,marketplace,2026-05-08,9999-12-31,True,Bronze,
2709,C01110,Hamza Ouahbi,55-64,m,Béni Mellal,web,2026-05-08,9999-12-31,True,Bronze,
2710,C05624,Hamza Tahiri,55-64,f,Tanger,web,2026-05-08,9999-12-31,True,Bronze,
2711,C02093,Hamza Tazi,18-24,f,Casablanca,web,2026-05-08,9999-12-31,True,Bronze,
2712,C07153,Dounia El Amrani,55-64,m,Béni Mellal,marketplace,2026-05-08,9999-12-31,True,Bronze,
2713,C02231,Karim Benjelloun,65+,m,Mohammedia,marketplace,2026-05-08,9999-12-31,True,Bronze,
2714,C02767,Ilham Berrada,55-64,m,El Jadida,marketplace,2026-05-08,9999-12-31,True,Bronze,
2715,C03173,Omar Benali,65+,m,Marrakech,marketplace,2026-05-08,9999-12-31,True,Bronze,
2716,C07758,Sanae Rahmouni,55-64,m,Marrakech,web,2026-05-08,9999-12-31,True,Bronze,
2717,C07070,Karim Benali,55-64,m,Meknès,referral,2026-05-08,9999-12-31,True,Bronze,
2718,C02386,Nadia El Ouazzani,35-44,m,Safi,marketplace,2026-05-08,9999-12-31,True,Bronze,
2719,C03360,Adil Cherkaoui,35-44,m,Mohammedia,marketplace,2026-05-08,9999-12-31,True,Bronze,
2720,C07941,Zineb Kettani,45-54,f,Tanger,social_media,2026-05-08,9999-12-31,True,Bronze,
2721,C05015,Amine Ziani,35-44,f,Tanger,web,2026-05-08,9999-12-31,True,Bronze,
2722,C02980,Samira El Ouazzani,45-54,f,El Jadida,mobile,2026-05-08,9999-12-31,True,Bronze,
2723,C00688,Imad Sefrioui,35-44,f,Béni Mellal,mobile,2026-05-08,9999-12-31,True,Bronze,
2724,C02739,Hassan Haddad,25-34,f,Fès,referral,2026-05-08,9999-12-31,True,Bronze,
2725,C04247,Soufiane El Idrissi,45-54,m,Marrakech,mobile,2026-05-08,9999-12-31,True,Bronze,
2726,C00820,Khalid Kettani,35-44,m,Mohammedia,social_media,2026-05-08,9999-12-31,True,Bronze,
2727,C03309,Ali Skalli,35-44,m,Meknès,mobile,2026-05-08,9999-12-31,True,Bronze,
2728,C00921,Loubna Chraibi,18-24,m,Casablanca,mobile,2026-05-08,9999-12-31,True,Bronze,
2729,C01342,Omar Ziani,35-44,f,Kénitra,referral,2026-05-08,9999-12-31,True,Bronze,
2730,C06258,Amine Ouahbi,45-54,m,Casablanca,web,2026-05-08,9999-12-31,True,Bronze,
2731,C07762,Adil Tahiri,18-24,f,Tanger,marketplace,2026-05-08,9999-12-31,True,Bronze,
2732,C00875,Khadija Filali,45-54,m,Marrakech,referral,2026-05-08,9999-12-31,True,Bronze,
2733,C05304,Khadija El Idrissi,25-34,f,Béni Mellal,mobile,2026-05-08,9999-12-31,True,Bronze,
2734,C03109,Hassan El Idrissi,25-34,m,Fès,mobile,2026-05-08,9999-12-31,True,Bronze,
2735,C03853,Hassan El Mansouri,45-54,f,Béni Mellal,social_media,2026-05-08,9999-12-31,True,Bronze,
2736,C03991,Zineb Alaoui,25-34,m,Tanger,referral,2026-05-08,9999-12-31,True,Bronze,
2737,C04820,Amine Alaoui,65+,f,Tanger,mobile,2026-05-08,9999-12-31,True,Bronze,
2738,C04771,Karim Bennani,45-54,m,Casablanca,social_media,2026-05-08,9999-12-31,True,Bronze,
2739,C07852,Ali El Ouazzani,35-44,f,Tanger,mobile,2026-05-08,9999-12-31,True,Bronze,
2740,C02188,Khalid Tahiri,35-44,m,Béni Mellal,marketplace,2026-05-08,9999-12-31,True,Bronze,
2741,C04635,Nadia Benjelloun,25-34,f,Mohammedia,social_media,2026-05-08,9999-12-31,True,Bronze,
2742,C07787,Zakaria Skalli,45-54,f,Oujda,marketplace,2026-05-08,9999-12-31,True,Bronze,
2743,C06407,Laila Rahmouni,65+,m,Rabat,marketplace,2026-05-08,9999-12-31,True,Bronze,
2744,C04894,Laila Cherkaoui,35-44,m,Oujda,referral,2026-05-08,9999-12-31,True,Bronze,
2745,C04195,Amine Bouzid,25-34,m,Safi,web,2026-05-08,9999-12-31,True,Bronze,
2746,C07939,Amine Amrani,55-64,m,Tanger,social_media,2026-05-08,9999-12-31,True,Bronze,
2747,C04401,Wafae Skalli,45-54,f,Tanger,marketplace,2026-05-08,9999-12-31,True,Bronze,
2748,C07370,Khalid Sefrioui,55-64,m,Marrakech,referral,2026-05-08,9999-12-31,True,Bronze,
2749,C02424,Hamza Sefrioui,55-64,m,Marrakech,marketplace,2026-05-08,9999-12-31,True,Bronze,
2750,C02427,Meryem Bennani,25-34,m,Meknès,referral,2026-05-08,9999-12-31,True,Bronze,
2751,C01995,Salma Benkirane,45-54,m,Marrakech,web,2026-05-08,9999-12-31,True,Bronze,
2752,C07705,Nadia Filali,45-54,m,Tanger,marketplace,2026-05-08,9999-12-31,True,Bronze,
2753,C00615,Soufiane Sefrioui,25-34,m,Casablanca,social_media,2026-05-08,9999-12-31,True,Bronze,
2754,C02741,Dounia Fassi Fihri,35-44,m,Casablanca,web,2026-05-08,9999-12-31,True,Bronze,
2755,C05698,Amina Benkirane,45-54,m,Fès,mobile,2026-05-08,9999-12-31,True,Bronze,
2756,C02754,Rachid Bouazza,45-54,m,El Jadida,social_media,2026-05-08,9999-12-31,True,Bronze,
2757,C06506,Soufiane Tazi,35-44,m,Meknès,marketplace,2026-05-08,9999-12-31,True,Bronze,
2758,C02206,Reda Chraibi,18-24,m,Rabat,mobile,2026-05-08,9999-12-31,True,Bronze,
2759,C06613,Mohamed El Mansouri,55-64,m,Kénitra,web,2026-05-08,9999-12-31,True,Bronze,
2760,C01372,Hanane Berrada,65+,f,Agadir,marketplace,2026-05-08,9999-12-31,True,Bronze,
2761,C02415,Wafae Fassi Fihri,55-64,f,Tanger,referral,2026-05-08,9999-12-31,True,Bronze,
2762,C06044,Said Ouahbi,25-34,f,Casablanca,web,2026-05-08,9999-12-31,True,Bronze,
2763,C00247,Hamza Ouahbi,55-64,m,Rabat,marketplace,2026-05-08,9999-12-31,True,Bronze,
2764,C07923,Meryem Chraibi,25-34,f,Casablanca,social_media,2026-05-08,9999-12-31,True,Bronze,
2765,C06877,Rachid Benjelloun,45-54,m,Mohammedia,web,2026-05-08,9999-12-31,True,Bronze,
2766,C00169,Sara Sefrioui,35-44,m,Mohammedia,social_media,2026-05-08,9999-12-31,True,Bronze,
2767,C05023,Hanane Haddad,55-64,f,Mohammedia,web,2026-05-08,9999-12-31,True,Bronze,
2768,C03575,Asmae Benali,45-54,m,Meknès,mobile,2026-05-08,9999-12-31,True,Bronze,
2769,C01800,Adil Cherkaoui,55-64,f,Marrakech,marketplace,2026-05-08,9999-12-31,True,Bronze,
2770,C04747,Amine Fassi Fihri,18-24,m,Safi,social_media,2026-05-08,9999-12-31,True,Bronze,
2771,C03346,Mustapha El Idrissi,45-54,m,Rabat,mobile,2026-05-08,9999-12-31,True,Bronze,
2772,C04889,Soufiane Amrani,45-54,m,Mohammedia,marketplace,2026-05-08,9999-12-31,True,Bronze,
2773,C03518,Meryem El Ouazzani,25-34,m,Casablanca,marketplace,2026-05-08,9999-12-31,True,Bronze,
2774,C04398,Khalid Benjelloun,55-64,f,Tanger,referral,2026-05-08,9999-12-31,True,Bronze,
2775,C02628,Driss Filali,45-54,f,Béni Mellal,social_media,2026-05-08,9999-12-31,True,Bronze,
2776,C06031,Nadia Ouahbi,25-34,m,Marrakech,marketplace,2026-05-08,9999-12-31,True,Bronze,
2777,C04939,Laila Berrada,45-54,f,Marrakech,mobile,2026-05-08,9999-12-31,True,Bronze,
2778,C06363,Hamza Benjelloun,55-64,f,Kénitra,mobile,2026-05-08,9999-12-31,True,Bronze,
2779,C04108,Zineb Alaoui,18-24,m,Nador,mobile,2026-05-08,9999-12-31,True,Bronze,
2780,C00134,Hanane Berrada,18-24,f,Tanger,web,2026-05-08,9999-12-31,True,Bronze,
2781,C01041,Zakaria Filali,18-24,m,Marrakech,referral,2026-05-08,9999-12-31,True,Bronze,
2782,C02960,Hind El Mansouri,25-34,m,Marrakech,web,2026-05-08,9999-12-31,True,Bronze,
2783,C02250,Mustapha El Ouazzani,35-44,m,Casablanca,social_media,2026-05-08,9999-12-31,True,Bronze,
2784,C05887,Salma Kettani,25-34,m,Mohammedia,referral,2026-05-08,9999-12-31,True,Bronze,
2785,C06898,Sara El Mansouri,35-44,m,Casablanca,marketplace,2026-05-08,9999-12-31,True,Bronze,
2786,C00461,Khalid Benjelloun,Non renseigné,m,Fès,marketplace,2026-05-08,9999-12-31,True,Bronze,
2787,C03782,Adil Chraibi,55-64,m,Béni Mellal,social_media,2026-05-08,9999-12-31,True,Bronze,
2788,C04679,Youssef Benkirane,45-54,m,Tanger,web,2026-05-08,9999-12-31,True,Bronze,
2789,C05927,Mustapha Ziani,35-44,f,Marrakech,marketplace,2026-05-08,9999-12-31,True,Bronze,
2790,C02979,Said Amrani,18-24,m,Rabat,social_media,2026-05-08,9999-12-31,True,Bronze,
2791,C00790,Houda Alaoui,45-54,f,Oujda,social_media,2026-05-08,9999-12-31,True,Bronze,
2792,C07830,Hassan Benjelloun,45-54,m,Fès,web,2026-05-08,9999-12-31,True,Bronze,
2793,C03384,Salma Berrada,18-24,m,Marrakech,mobile,2026-05-08,9999-12-31,True,Bronze,
2794,C05488,Samira Bouzid,18-24,m,Casablanca,social_media,2026-05-08,9999-12-31,True,Bronze,
2795,C07914,Hassan Lahlou,18-24,f,Tétouan,social_media,2026-05-08,9999-12-31,True,Bronze,
2796,C03803,Mehdi Cherkaoui,35-44,f,Agadir,marketplace,2026-05-08,9999-12-31,True,Bronze,
2797,C02070,Mehdi Ziani,55-64,f,Casablanca,mobile,2026-05-08,9999-12-31,True,Bronze,
2798,C05862,Amina El Mansouri,45-54,f,Meknès,mobile,2026-05-08,9999-12-31,True,Bronze,
2799,C00708,Fatima Berrada,18-24,m,Tanger,social_media,2026-05-08,9999-12-31,True,Bronze,
2800,C05479,Ilham Kettani,55-64,f,Tanger,referral,2026-05-08,9999-12-31,True,Bronze,
2801,C07669,Ahmed Tazi,35-44,f,Kénitra,marketplace,2026-05-08,9999-12-31,True,Bronze,
2802,C04382,Salma Naciri,25-34,m,Oujda,marketplace,2026-05-08,9999-12-31,True,Bronze,
2803,C03561,Imad Fassi Fihri,35-44,m,Safi,web,2026-05-08,9999-12-31,True,Bronze,
2804,C00665,Ahmed Amrani,35-44,m,Casablanca,social_media,2026-05-08,9999-12-31,True,Bronze,
2805,C04403,Mohamed El Amrani,35-44,f,Marrakech,social_media,2026-05-08,9999-12-31,True,Bronze,
2806,C04434,Hanane Sefrioui,65+,f,Tanger,social_media,2026-05-08,9999-12-31,True,Bronze,
2807,C07049,Rim Haddad,25-34,f,Nador,social_media,2026-05-08,9999-12-31,True,Bronze,
2808,C03792,Ali Haddad,18-24,m,Tanger,social_media,2026-05-08,9999-12-31,True,Bronze,
2809,C07320,Hamza Bouazza,35-44,f,Casablanca,referral,2026-05-08,9999-12-31,True,Bronze,
2810,C06887,Mehdi Benkirane,35-44,f,Casablanca,social_media,2026-05-08,9999-12-31,True,Bronze,
2811,C00098,Imad Rahmouni,25-34,m,Casablanca,social_media,2026-05-08,9999-12-31,True,Bronze,
2812,C04161,Rachid Benjelloun,35-44,m,Fès,web,2026-05-08,9999-12-31,True,Bronze,
2813,C03059,Khalid Kettani,18-24,f,Safi,marketplace,2026-05-08,9999-12-31,True,Bronze,
2814,C03579,Amine El Ouazzani,25-34,m,Meknès,referral,2026-05-08,9999-12-31,True,Bronze,
2815,C00601,Wafae Ouahbi,45-54,m,Mohammedia,web,2026-05-08,9999-12-31,True,Bronze,
2816,C07455,Sanae El Idrissi,45-54,m,Fès,referral,2026-05-08,9999-12-31,True,Bronze,
2817,C02252,Hanane Cherkaoui,25-34,f,Fès,marketplace,2026-05-08,9999-12-31,True,Bronze,
2818,C02245,Mohamed Bennani,65+,f,Meknès,marketplace,2026-05-08,9999-12-31,True,Bronze,
2819,C04287,Mehdi Chraibi,45-54,m,Oujda,referral,2026-05-08,9999-12-31,True,Bronze,
2820,C02828,Hanane Rahmouni,55-64,f,Fès,referral,2026-05-08,9999-12-31,True,Bronze,
2821,C03655,Said Bouazza,55-64,m,Marrakech,social_media,2026-05-08,9999-12-31,True,Bronze,
2822,C00235,Hanane El Amrani,45-54,f,Fès,mobile,2026-05-08,9999-12-31,True,Bronze,
2823,C04375,Hanane Tahiri,25-34,m,Rabat,mobile,2026-05-08,9999-12-31,True,Bronze,
2824,C00909,Rim Berrada,45-54,f,Marrakech,marketplace,2026-05-08,9999-12-31,True,Bronze,
2825,C04304,Karim Filali,18-24,m,Marrakech,mobile,2026-05-08,9999-12-31,True,Bronze,
2826,C05581,Mohamed Tahiri,55-64,m,Tanger,web,2026-05-08,9999-12-31,True,Bronze,
2827,C01439,Karim Ouahbi,65+,m,Rabat,mobile,2026-05-08,9999-12-31,True,Bronze,
2828,C01277,Ghita Bennani,25-34,m,Casablanca,referral,2026-05-08,9999-12-31,True,Bronze,
2829,C04167,Hamza Naciri,35-44,m,Rabat,web,2026-05-08,9999-12-31,True,Bronze,
2830,C00365,Amine Tahiri,45-54,f,Tanger,web,2026-05-08,9999-12-31,True,Bronze,
2831,C05229,Laila Fassi Fihri,25-34,m,Nador,referral,2026-05-08,9999-12-31,True,Bronze,
2832,C02224,Driss Filali,35-44,m,Mohammedia,referral,2026-05-08,9999-12-31,True,Bronze,
2833,C03379,Zakaria Fassi Fihri,18-24,f,Marrakech,social_media,2026-05-08,9999-12-31,True,Bronze,
2834,C01025,Zineb Berrada,55-64,f,Marrakech,social_media,2026-05-08,9999-12-31,True,Bronze,
2835,C02042,Mohamed Bouazza,45-54,m,Marrakech,mobile,2026-05-08,9999-12-31,True,Bronze,
2836,C07693,Amina Rahmouni,25-34,m,Tanger,web,2026-05-08,9999-12-31,True,Bronze,
2837,C07234,Zineb Sefrioui,35-44,m,Fès,web,2026-05-08,9999-12-31,True,Bronze,
2838,C04670,Hind Bouzid,45-54,m,Tanger,web,2026-05-08,9999-12-31,True,Bronze,
2839,C02648,Nadia Sefrioui,55-64,m,El Jadida,mobile,2026-05-08,9999-12-31,True,Bronze,
2840,C07419,Zakaria Naciri,35-44,m,Oujda,social_media,2026-05-08,9999-12-31,True,Bronze,
2841,C06680,Mustapha Cherkaoui,Non renseigné,f,Fès,marketplace,2026-05-08,9999-12-31,True,Bronze,
2842,C03055,Zineb El Idrissi,45-54,m,Meknès,referral,2026-05-08,9999-12-31,True,Bronze,
2843,C05296,Houda Kettani,45-54,f,Casablanca,mobile,2026-05-08,9999-12-31,True,Bronze,
2844,C07016,Sanae El Mansouri,55-64,m,Tétouan,web,2026-05-08,9999-12-31,True,Bronze,
2845,C02010,Nawal Amrani,25-34,m,Tanger,referral,2026-05-08,9999-12-31,True,Bronze,
2846,C01207,Amina Cherkaoui,65+,f,Mohammedia,mobile,2026-05-08,9999-12-31,True,Bronze,
2847,C06107,Hanane Filali,45-54,m,Oujda,web,2026-05-08,9999-12-31,True,Bronze,
2848,C01975,Driss Benkirane,55-64,m,Casablanca,referral,2026-05-08,9999-12-31,True,Bronze,
2849,C03497,Nawal Ouahbi,35-44,f,Marrakech,web,2026-05-08,9999-12-31,True,Bronze,
2850,C04251,Brahim Rahmouni,25-34,f,Tanger,social_media,2026-05-08,9999-12-31,True,Bronze,
2851,C02414,Rachid Fassi Fihri,25-34,f,Marrakech,mobile,2026-05-08,9999-12-31,True,Bronze,
2852,C00087,Omar Bennani,25-34,f,Rabat,referral,2026-05-08,9999-12-31,True,Bronze,
2853,C05963,Adil Benjelloun,55-64,f,Mohammedia,referral,2026-05-08,9999-12-31,True,Bronze,
2854,C07562,Soufiane Naciri,35-44,f,Oujda,web,2026-05-08,9999-12-31,True,Bronze,
2855,C00579,Amina Benkirane,35-44,m,El Jadida,mobile,2026-05-08,9999-12-31,True,Bronze,
2856,C06497,Hamza Fassi Fihri,55-64,m,Meknès,social_media,2026-05-08,9999-12-31,True,Bronze,
2857,C00039,Nabil Benjelloun,18-24,m,Marrakech,referral,2026-05-08,9999-12-31,True,Bronze,
2858,C06146,Mehdi Amrani,35-44,f,Fès,marketplace,2026-05-08,9999-12-31,True,Bronze,
2859,C06651,Dounia Tahiri,35-44,m,Safi,mobile,2026-05-08,9999-12-31,True,Bronze,
2860,C07313,Loubna Alaoui,45-54,f,Tanger,mobile,2026-05-08,9999-12-31,True,Bronze,
2861,C06325,Soufiane Sefrioui,35-44,m,Safi,referral,2026-05-08,9999-12-31,True,Bronze,
2862,C07359,Nabil Benjelloun,45-54,m,Marrakech,mobile,2026-05-08,9999-12-31,True,Bronze,
2863,C03408,Imad El Ouazzani,25-34,m,Tanger,referral,2026-05-08,9999-12-31,True,Bronze,
2864,C06051,Mehdi Rahmouni,25-34,f,Marrakech,web,2026-05-08,9999-12-31,True,Bronze,
2865,C01468,Omar Alaoui,18-24,f,Rabat,social_media,2026-05-08,9999-12-31,True,Bronze,
2866,C00378,Sanae El Ouazzani,35-44,m,Agadir,social_media,2026-05-08,9999-12-31,True,Bronze,
2867,C05035,Houda Amrani,55-64,m,Fès,mobile,2026-05-08,9999-12-31,True,Bronze,
2868,C04664,Driss Tahiri,25-34,m,Fès,web,2026-05-08,9999-12-31,True,Bronze,
2869,C04487,Youssef El Idrissi,35-44,f,Tanger,social_media,2026-05-08,9999-12-31,True,Bronze,
2870,C00510,Zakaria Lahlou,65+,f,Meknès,referral,2026-05-08,9999-12-31,True,Bronze,
2871,C03465,Youssef Naciri,25-34,m,Fès,marketplace,2026-05-08,9999-12-31,True,Bronze,
2872,C03004,Fatima Benjelloun,25-34,m,Fès,marketplace,2026-05-08,9999-12-31,True,Bronze,
2873,C05806,Mustapha Benkirane,25-34,f,Casablanca,referral,2026-05-08,9999-12-31,True,Bronze,
2874,C05349,Ilham Sefrioui,45-54,m,Tanger,referral,2026-05-08,9999-12-31,True,Bronze,
2875,C05544,Ghita El Ouazzani,35-44,m,Tanger,social_media,2026-05-08,9999-12-31,True,Bronze,
2876,C03521,Asmae Lahlou,35-44,f,Meknès,social_media,2026-05-08,9999-12-31,True,Bronze,
2877,C02075,Rachid Kettani,Non renseigné,m,Fès,marketplace,2026-05-08,9999-12-31,True,Bronze,
2878,C07544,Houda Bouazza,45-54,m,El Jadida,mobile,2026-05-08,9999-12-31,True,Bronze,
2879,C07891,Rachid Lahlou,18-24,f,Fès,social_media,2026-05-08,9999-12-31,True,Bronze,
2880,C04842,Zakaria Rahmouni,55-64,m,Béni Mellal,marketplace,2026-05-08,9999-12-31,True,Bronze,
2881,C03978,Driss El Mansouri,18-24,m,Fès,marketplace,2026-05-08,9999-12-31,True,Bronze,
2882,C03477,Amina El Ouazzani,35-44,m,Oujda,web,2026-05-08,9999-12-31,True,Bronze,
2883,C03940,Ahmed Alaoui,25-34,m,Casablanca,web,2026-05-08,9999-12-31,True,Bronze,
2884,C00351,Nawal Fassi Fihri,65+,m,Casablanca,mobile,2026-05-08,9999-12-31,True,Bronze,
2885,C02407,Omar Lahlou,55-64,f,Marrakech,marketplace,2026-05-08,9999-12-31,True,Bronze,
2886,C00462,Sanae Rahmouni,35-44,m,Tanger,social_media,2026-05-08,9999-12-31,True,Bronze,
2887,C01163,Brahim Cherkaoui,25-34,f,Marrakech,referral,2026-05-08,9999-12-31,True,Bronze,
2888,C00287,Hanane Fassi Fihri,18-24,f,Marrakech,social_media,2026-05-08,9999-12-31,True,Bronze,
2889,C00243,Ghita Benali,35-44,m,Marrakech,web,2026-05-08,9999-12-31,True,Bronze,
2890,C05515,Zineb Bouazza,45-54,m,Fès,mobile,2026-05-08,9999-12-31,True,Bronze,
2891,C06232,Asmae Filali,25-34,f,Tanger,marketplace,2026-05-08,9999-12-31,True,Bronze,
2892,C03750,Ahmed Berrada,25-34,m,El Jadida,social_media,2026-05-08,9999-12-31,True,Bronze,
2893,C04868,Rachid El Amrani,35-44,m,Meknès,mobile,2026-05-08,9999-12-31,True,Bronze,
2894,C07094,Mustapha Chraibi,25-34,f,Fès,referral,2026-05-08,9999-12-31,True,Bronze,
2895,C03226,Sanae Bennani,45-54,m,Rabat,social_media,2026-05-08,9999-12-31,True,Bronze,
2896,C01179,Mustapha El Mansouri,45-54,m,Fès,referral,2026-05-08,9999-12-31,True,Bronze,
2897,C01965,Said Skalli,25-34,m,Kénitra,social_media,2026-05-08,9999-12-31,True,Bronze,
2898,C07369,Ilham Benkirane,45-54,m,Tétouan,web,2026-05-08,9999-12-31,True,Bronze,
2899,C06739,Sanae Fassi Fihri,45-54,m,Casablanca,marketplace,2026-05-08,9999-12-31,True,Bronze,
2900,C07148,Driss Cherkaoui,18-24,m,Fès,marketplace,2026-05-08,9999-12-31,True,Bronze,
2901,C04977,Imad Bennani,18-24,f,Rabat,web,2026-05-08,9999-12-31,True,Bronze,
2902,C00155,Khalid Tazi,25-34,m,El Jadida,referral,2026-05-08,9999-12-31,True,Bronze,
2903,C05693,Meryem Fassi Fihri,55-64,m,Casablanca,marketplace,2026-05-08,9999-12-31,True,Bronze,
2904,C05346,Mehdi Ouahbi,35-44,m,Marrakech,marketplace,2026-05-08,9999-12-31,True,Bronze,
2905,C00641,Dounia Haddad,55-64,f,Casablanca,referral,2026-05-08,9999-12-31,True,Bronze,
2906,C02465,Mohamed Naciri,45-54,m,El Jadida,social_media,2026-05-08,9999-12-31,True,Bronze,
2907,C05037,Nadia Amrani,35-44,f,Casablanca,social_media,2026-05-08,9999-12-31,True,Bronze,
2908,C00797,Imad Alaoui,45-54,m,Fès,marketplace,2026-05-08,9999-12-31,True,Bronze,
2909,C02619,Hanane Tahiri,45-54,f,Kénitra,marketplace,2026-05-08,9999-12-31,True,Bronze,
2910,C00373,Hamza Benjelloun,25-34,f,Oujda,referral,2026-05-08,9999-12-31,True,Bronze,
2911,C00291,Reda Chraibi,25-34,m,Tanger,social_media,2026-05-08,9999-12-31,True,Bronze,
2912,C05995,Karim Haddad,35-44,m,Tanger,marketplace,2026-05-08,9999-12-31,True,Bronze,
2913,C04665,Dounia Ziani,55-64,f,Agadir,web,2026-05-08,9999-12-31,True,Bronze,
2914,C02749,Amina Haddad,25-34,m,Rabat,referral,2026-05-08,9999-12-31,True,Bronze,
2915,C03362,Khadija Haddad,55-64,m,Rabat,marketplace,2026-05-08,9999-12-31,True,Bronze,
2916,C05895,Mehdi Sefrioui,25-34,f,Nador,web,2026-05-08,9999-12-31,True,Bronze,
2917,C00634,Adil Sefrioui,25-34,m,Fès,social_media,2026-05-08,9999-12-31,True,Bronze,
2918,C03088,Sanae El Ouazzani,25-34,m,Tanger,mobile,2026-05-08,9999-12-31,True,Bronze,
2919,C00965,Nadia Amrani,18-24,f,Fès,marketplace,2026-05-08,9999-12-31,True,Bronze,
2920,C06204,Zakaria Cherkaoui,45-54,m,Marrakech,web,2026-05-08,9999-12-31,True,Bronze,
2921,C04205,Amine Bouazza,25-34,f,Tétouan,mobile,2026-05-08,9999-12-31,True,Bronze,
2922,C06690,Sanae Chraibi,45-54,m,Agadir,web,2026-05-08,9999-12-31,True,Bronze,
2923,C01136,Hamza Lahlou,35-44,m,Tanger,marketplace,2026-05-08,9999-12-31,True,Bronze,
2924,C00129,Youssef Fassi Fihri,45-54,m,El Jadida,referral,2026-05-08,9999-12-31,True,Bronze,
2925,C05699,Driss Skalli,35-44,f,Fès,social_media,2026-05-08,9999-12-31,True,Bronze,
2926,C00210,Karim Alaoui,18-24,m,Marrakech,referral,2026-05-08,9999-12-31,True,Bronze,
2927,C01310,Nabil El Mansouri,55-64,f,Béni Mellal,mobile,2026-05-08,9999-12-31,True,Bronze,
2928,C00040,Loubna Haddad,18-24,m,Agadir,marketplace,2026-05-08,9999-12-31,True,Bronze,
2929,C01073,Driss El Ouazzani,55-64,f,Marrakech,web,2026-05-08,9999-12-31,True,Bronze,
2930,C00386,Hamza Chraibi,35-44,m,Rabat,social_media,2026-05-08,9999-12-31,True,Bronze,
2931,C02291,Ali Rahmouni,55-64,m,Fès,mobile,2026-05-08,9999-12-31,True,Bronze,
2932,C00361,Hamza Fassi Fihri,35-44,m,Marrakech,marketplace,2026-05-08,9999-12-31,True,Bronze,
2933,C01754,Mustapha Bouzid,25-34,m,Kénitra,social_media,2026-05-08,9999-12-31,True,Bronze,
2934,C02475,Mohamed Haddad,55-64,f,Casablanca,marketplace,2026-05-08,9999-12-31,True,Bronze,
2935,C06103,Reda Benjelloun,45-54,m,Marrakech,mobile,2026-05-08,9999-12-31,True,Bronze,
2936,C06436,Nabil Bouzid,35-44,m,Safi,mobile,2026-05-08,9999-12-31,True,Bronze,
2937,C05406,Ghita Haddad,45-54,f,Tanger,marketplace,2026-05-08,9999-12-31,True,Bronze,
2938,C02098,Reda Sefrioui,45-54,f,Tétouan,mobile,2026-05-08,9999-12-31,True,Bronze,
2939,C03460,Amine Tazi,25-34,f,Tétouan,mobile,2026-05-08,9999-12-31,True,Bronze,
2940,C00069,Omar Berrada,35-44,m,Tanger,web,2026-05-08,9999-12-31,True,Bronze,
2941,C06108,Meryem Cherkaoui,35-44,f,Tanger,referral,2026-05-08,9999-12-31,True,Bronze,
2942,C03045,Hassan Benkirane,55-64,m,El Jadida,social_media,2026-05-08,9999-12-31,True,Bronze,
2943,C06616,Youssef Bennani,45-54,m,Nador,referral,2026-05-08,9999-12-31,True,Bronze,
2944,C01527,Khadija El Idrissi,18-24,m,Casablanca,web,2026-05-08,9999-12-31,True,Bronze,
2945,C02124,Soufiane Berrada,18-24,f,Oujda,mobile,2026-05-08,9999-12-31,True,Bronze,
2946,C01663,Hassan Lahlou,25-34,m,Mohammedia,referral,2026-05-08,9999-12-31,True,Bronze,
2947,C06321,Hassan Haddad,Non renseigné,f,Rabat,social_media,2026-05-08,9999-12-31,True,Bronze,
2948,C06393,Khalid Lahlou,Non renseigné,f,Béni Mellal,web,2026-05-08,9999-12-31,True,Bronze,
2949,C00773,Sara Alaoui,55-64,m,El Jadida,mobile,2026-05-08,9999-12-31,True,Bronze,
2950,C01116,Hamza Ouahbi,55-64,m,Tanger,mobile,2026-05-08,9999-12-31,True,Bronze,
2951,C01167,Salma Skalli,65+,f,Casablanca,web,2026-05-08,9999-12-31,True,Bronze,
2952,C04211,Mohamed Fassi Fihri,45-54,f,Casablanca,mobile,2026-05-08,9999-12-31,True,Bronze,
2953,C02151,Ilham Ziani,45-54,f,Tanger,referral,2026-05-08,9999-12-31,True,Bronze,
2954,C06253,Zakaria Cherkaoui,35-44,f,Casablanca,web,2026-05-08,9999-12-31,True,Bronze,
2955,C06214,Hamza Amrani,35-44,f,Rabat,marketplace,2026-05-08,9999-12-31,True,Bronze,
2956,C07999,Soufiane Skalli,Non renseigné,f,Casablanca,social_media,2026-05-08,9999-12-31,True,Bronze,
2957,C07701,Hind Benkirane,18-24,f,Marrakech,referral,2026-05-08,9999-12-31,True,Bronze,
2958,C07959,Loubna Skalli,45-54,f,Fès,social_media,2026-05-08,9999-12-31,True,Bronze,
2959,C00438,Houda Ziani,45-54,m,Safi,referral,2026-05-08,9999-12-31,True,Bronze,
2960,C00640,Mustapha Tazi,18-24,f,Oujda,mobile,2026-05-08,9999-12-31,True,Bronze,
2961,C01547,Mohamed El Ouazzani,35-44,m,Tanger,marketplace,2026-05-08,9999-12-31,True,Bronze,
2962,C04260,Zineb Chraibi,35-44,f,Agadir,marketplace,2026-05-08,9999-12-31,True,Bronze,
2963,C06463,Samira Ziani,25-34,m,Tanger,social_media,2026-05-08,9999-12-31,True,Bronze,
2964,C02713,Mustapha El Mansouri,55-64,f,Nador,web,2026-05-08,9999-12-31,True,Bronze,
2965,C01040,Ilham Rahmouni,45-54,f,Fès,social_media,2026-05-08,9999-12-31,True,Bronze,
2966,C02633,Nawal Benali,55-64,m,Casablanca,mobile,2026-05-08,9999-12-31,True,Bronze,
2967,C03279,Zakaria El Ouazzani,18-24,m,Rabat,web,2026-05-08,9999-12-31,True,Bronze,
2968,C00404,Wafae Amrani,35-44,f,Tanger,social_media,2026-05-08,9999-12-31,True,Bronze,
2969,C07069,Asmae Skalli,25-34,f,Fès,mobile,2026-05-08,9999-12-31,True,Bronze,
2970,C01400,Amine Haddad,45-54,f,Fès,web,2026-05-08,9999-12-31,True,Bronze,
2971,C01853,Houda Kettani,55-64,m,Casablanca,mobile,2026-05-08,9999-12-31,True,Bronze,
2972,C01104,Samira El Amrani,25-34,m,Fès,web,2026-05-08,9999-12-31,True,Bronze,
2973,C03437,Soufiane Sefrioui,45-54,m,Fès,marketplace,2026-05-08,9999-12-31,True,Bronze,
2974,C05712,Said Haddad,55-64,m,Tanger,mobile,2026-05-08,9999-12-31,True,Bronze,
2975,C05905,Nadia Bennani,35-44,m,Fès,referral,2026-05-08,9999-12-31,True,Bronze,
2976,C03840,Mehdi Tahiri,45-54,f,Tanger,web,2026-05-08,9999-12-31,True,Bronze,
2977,C07826,Dounia Benali,45-54,m,Tétouan,referral,2026-05-08,9999-12-31,True,Bronze,
2978,C03640,Nawal Haddad,55-64,m,Mohammedia,web,2026-05-08,9999-12-31,True,Bronze,
2979,C01482,Wafae Kettani,25-34,m,Mohammedia,marketplace,2026-05-08,9999-12-31,True,Bronze,
2980,C06148,Sanae Kettani,35-44,f,Casablanca,mobile,2026-05-08,9999-12-31,True,Bronze,
2981,C04989,Mehdi Benkirane,25-34,f,Nador,web,2026-05-08,9999-12-31,True,Bronze,
2982,C04319,Ali El Idrissi,55-64,f,Tanger,web,2026-05-08,9999-12-31,True,Bronze,
2983,C05928,Reda Skalli,45-54,f,Marrakech,web,2026-05-08,9999-12-31,True,Bronze,
2984,C05501,Khalid Berrada,18-24,f,Tanger,web,2026-05-08,9999-12-31,True,Bronze,
2985,C06748,Nadia Ziani,25-34,m,Marrakech,web,2026-05-08,9999-12-31,True,Bronze,
2986,C04267,Meryem El Amrani,55-64,m,Casablanca,referral,2026-05-08,9999-12-31,True,Bronze,
2987,C04041,Sara Alaoui,55-64,m,Kénitra,marketplace,2026-05-08,9999-12-31,True,Bronze,
2988,C02202,Mohamed Benkirane,25-34,m,Oujda,referral,2026-05-08,9999-12-31,True,Bronze,
2989,C00173,Reda Naciri,25-34,m,Nador,mobile,2026-05-08,9999-12-31,True,Bronze,
2990,C02746,Khalid Fassi Fihri,45-54,m,Casablanca,referral,2026-05-08,9999-12-31,True,Bronze,
2991,C04947,Fatima Ziani,45-54,f,Marrakech,social_media,2026-05-08,9999-12-31,True,Bronze,
2992,C04991,Khadija Bennani,18-24,m,Casablanca,referral,2026-05-08,9999-12-31,True,Bronze,
2993,C05578,Nawal El Mansouri,35-44,f,Marrakech,marketplace,2026-05-08,9999-12-31,True,Bronze,
2994,C06675,Hanane Ziani,25-34,f,Fès,social_media,2026-05-08,9999-12-31,True,Bronze,
2995,C07364,Mustapha Sefrioui,55-64,m,Fès,web,2026-05-08,9999-12-31,True,Bronze,
2996,C07870,Laila Ouahbi,35-44,f,Casablanca,social_media,2026-05-08,9999-12-31,True,Bronze,
2997,C04849,Soufiane El Amrani,35-44,f,Tanger,referral,2026-05-08,9999-12-31,True,Bronze,
2998,C03896,Rachid Chraibi,35-44,m,El Jadida,referral,2026-05-08,9999-12-31,True,Bronze,
2999,C00894,Soufiane El Mansouri,25-34,f,Béni Mellal,marketplace,2026-05-08,9999-12-31,True,Bronze,
3000,C00392,Amina Benali,45-54,f,Rabat,web,2026-05-08,9999-12-31,True,Bronze,
3001,C05078,Youssef Sefrioui,25-34,f,Béni Mellal,social_media,2026-05-08,9999-12-31,True,Bronze,
3002,C00590,Karim Lahlou,65+,f,Béni Mellal,web,2026-05-08,9999-12-31,True,Bronze,
3003,C03618,Houda Lahlou,Non renseigné,m,Marrakech,referral,2026-05-08,9999-12-31,True,Bronze,
3004,C05029,Rachid Ouahbi,55-64,m,Tanger,referral,2026-05-08,9999-12-31,True,Bronze,
3005,C00156,Nawal Bennani,25-34,f,Marrakech,social_media,2026-05-08,9999-12-31,True,Bronze,
3006,C02309,Hamza Lahlou,25-34,m,Meknès,social_media,2026-05-08,9999-12-31,True,Bronze,
3007,C06188,Nawal Cherkaoui,25-34,m,Casablanca,referral,2026-05-08,9999-12-31,True,Bronze,
3008,C06095,Driss Fassi Fihri,25-34,f,Tanger,referral,2026-05-08,9999-12-31,True,Bronze,
3009,C01128,Youssef Rahmouni,45-54,m,Agadir,social_media,2026-05-08,9999-12-31,True,Bronze,
3010,C06240,Karim Bouazza,45-54,m,Tanger,social_media,2026-05-08,9999-12-31,True,Bronze,
3011,C04264,Mehdi Tazi,45-54,m,Tétouan,social_media,2026-05-08,9999-12-31,True,Bronze,
3012,C05193,Said Bennani,55-64,m,El Jadida,social_media,2026-05-08,9999-12-31,True,Bronze,
3013,C03856,Laila Fassi Fihri,45-54,m,Casablanca,referral,2026-05-08,9999-12-31,True,Bronze,
3014,C06657,Mohamed Lahlou,45-54,f,Mohammedia,web,2026-05-08,9999-12-31,True,Bronze,
3015,C00066,Ali El Amrani,25-34,m,Béni Mellal,mobile,2026-05-08,9999-12-31,True,Bronze,
3016,C01779,Asmae Amrani,35-44,m,Rabat,referral,2026-05-08,9999-12-31,True,Bronze,
3017,C03422,Mustapha Kettani,45-54,m,Fès,referral,2026-05-08,9999-12-31,True,Bronze,
3018,C05063,Hind Fassi Fihri,55-64,f,Marrakech,marketplace,2026-05-08,9999-12-31,True,Bronze,
3019,C05164,Sanae Skalli,35-44,m,Rabat,marketplace,2026-05-08,9999-12-31,True,Bronze,
3020,C07371,Hind Haddad,45-54,f,Kénitra,mobile,2026-05-08,9999-12-31,True,Bronze,
3021,C06644,Asmae Skalli,35-44,m,Tétouan,web,2026-05-08,9999-12-31,True,Bronze,
3022,C06397,Laila Amrani,55-64,f,Nador,web,2026-05-08,9999-12-31,True,Bronze,
3023,C03433,Salma Chraibi,55-64,m,Fès,social_media,2026-05-08,9999-12-31,True,Bronze,
3024,C01079,Youssef Benkirane,25-34,m,Casablanca,referral,2026-05-08,9999-12-31,True,Bronze,
3025,C03265,Mohamed Cherkaoui,25-34,m,Tanger,marketplace,2026-05-08,9999-12-31,True,Bronze,
3026,C06720,Hassan Haddad,35-44,f,Safi,social_media,2026-05-08,9999-12-31,True,Bronze,
3027,C02962,Brahim Rahmouni,45-54,m,Meknès,referral,2026-05-08,9999-12-31,True,Bronze,
3028,C02196,Rachid El Ouazzani,55-64,m,Béni Mellal,referral,2026-05-08,9999-12-31,True,Bronze,
3029,C07884,Nabil Kettani,25-34,m,Marrakech,mobile,2026-05-08,9999-12-31,True,Bronze,
3030,C04534,Wafae Lahlou,25-34,f,Tanger,social_media,2026-05-08,9999-12-31,True,Bronze,
3031,C02087,Dounia Haddad,18-24,m,Marrakech,web,2026-05-08,9999-12-31,True,Bronze,
3032,C01886,Reda Bennani,25-34,m,Casablanca,mobile,2026-05-08,9999-12-31,True,Bronze,
3033,C06628,Meryem El Idrissi,45-54,m,Casablanca,mobile,2026-05-08,9999-12-31,True,Bronze,
3034,C04601,Ahmed Benali,25-34,f,Casablanca,mobile,2026-05-08,9999-12-31,True,Bronze,
3035,C02263,Rachid Benjelloun,25-34,f,Rabat,mobile,2026-05-08,9999-12-31,True,Bronze,
3036,C07731,Amine Benkirane,25-34,m,Fès,referral,2026-05-08,9999-12-31,True,Bronze,
3037,C05020,Omar El Amrani,35-44,m,Béni Mellal,marketplace,2026-05-08,9999-12-31,True,Bronze,
3038,C03019,Samira Alaoui,45-54,f,Tanger,referral,2026-05-08,9999-12-31,True,Bronze,
3039,C06374,Wafae Skalli,35-44,f,Kénitra,marketplace,2026-05-08,9999-12-31,True,Bronze,
3040,C03981,Hassan Haddad,55-64,f,Tétouan,marketplace,2026-05-08,9999-12-31,True,Bronze,
3041,C01589,Ilham Rahmouni,25-34,f,Casablanca,referral,2026-05-08,9999-12-31,True,Bronze,
3042,C01676,Houda Bouzid,45-54,f,Agadir,marketplace,2026-05-08,9999-12-31,True,Bronze,
3043,C03076,Khalid Tazi,55-64,m,Rabat,web,2026-05-08,9999-12-31,True,Bronze,
3044,C03786,Ahmed Cherkaoui,25-34,m,Tanger,mobile,2026-05-08,9999-12-31,True,Bronze,
3045,C05279,Rachid Sefrioui,35-44,m,Rabat,referral,2026-05-08,9999-12-31,True,Bronze,
3046,C07210,Rachid Alaoui,25-34,m,Rabat,referral,2026-05-08,9999-12-31,True,Bronze,
3047,C03200,Salma El Idrissi,35-44,f,Marrakech,web,2026-05-08,9999-12-31,True,Bronze,
3048,C02982,Reda El Amrani,25-34,m,Marrakech,referral,2026-05-08,9999-12-31,True,Bronze,
3049,C03884,Fatima Tazi,45-54,f,El Jadida,social_media,2026-05-08,9999-12-31,True,Bronze,
3050,C07856,Hassan Lahlou,55-64,f,Casablanca,web,2026-05-08,9999-12-31,True,Bronze,
3051,C03475,Driss El Ouazzani,55-64,f,Casablanca,referral,2026-05-08,9999-12-31,True,Bronze,
3052,C04974,Omar Lahlou,25-34,m,Casablanca,marketplace,2026-05-08,9999-12-31,True,Bronze,
3053,C07819,Zakaria El Idrissi,45-54,f,Tanger,referral,2026-05-08,9999-12-31,True,Bronze,
3054,C01302,Khadija Lahlou,35-44,f,Casablanca,marketplace,2026-05-08,9999-12-31,True,Bronze,
3055,C02113,Hassan Chraibi,35-44,m,Tanger,social_media,2026-05-08,9999-12-31,True,Bronze,
3056,C03124,Dounia Cherkaoui,35-44,f,Fès,referral,2026-05-08,9999-12-31,True,Bronze,
3057,C02041,Salma Kettani,65+,m,Rabat,web,2026-05-08,9999-12-31,True,Bronze,
3058,C00327,Ahmed El Amrani,45-54,m,Tanger,web,2026-05-08,9999-12-31,True,Bronze,
3059,C07644,Rim Naciri,25-34,m,Mohammedia,web,2026-05-08,9999-12-31,True,Bronze,
3060,C07342,Mohamed Bennani,55-64,f,Marrakech,social_media,2026-05-08,9999-12-31,True,Bronze,
3061,C04834,Nawal Kettani,45-54,m,Casablanca,referral,2026-05-08,9999-12-31,True,Bronze,
3062,C04442,Rim Bouazza,35-44,m,El Jadida,web,2026-05-08,9999-12-31,True,Bronze,
3063,C07536,Zineb Fassi Fihri,55-64,f,Kénitra,web,2026-05-08,9999-12-31,True,Bronze,
3064,C01319,Brahim Chraibi,65+,m,Kénitra,mobile,2026-05-08,9999-12-31,True,Bronze,
3065,C00138,Ghita Chraibi,18-24,f,El Jadida,social_media,2026-05-08,9999-12-31,True,Bronze,
3066,C07084,Mehdi El Idrissi,Non renseigné,m,Rabat,web,2026-05-08,9999-12-31,True,Bronze,
3067,C01487,Mohamed Rahmouni,55-64,m,Casablanca,web,2026-05-08,9999-12-31,True,Bronze,
3068,C07998,Hind Benjelloun,45-54,f,Béni Mellal,social_media,2026-05-08,9999-12-31,True,Bronze,
3069,C06100,Adil Haddad,25-34,m,Fès,social_media,2026-05-08,9999-12-31,True,Bronze,
3070,C03234,Mohamed Tazi,45-54,f,Kénitra,referral,2026-05-08,9999-12-31,True,Bronze,
3071,C07044,Nadia Lahlou,55-64,f,Tanger,referral,2026-05-08,9999-12-31,True,Bronze,
3072,C04301,Salma Bouazza,25-34,m,Rabat,social_media,2026-05-08,9999-12-31,True,Bronze,
3073,C07409,Nabil El Idrissi,25-34,f,Rabat,web,2026-05-08,9999-12-31,True,Bronze,
3074,C00197,Adil Alaoui,65+,f,Tanger,mobile,2026-05-08,9999-12-31,True,Bronze,
3075,C00286,Brahim Berrada,25-34,m,El Jadida,referral,2026-05-08,9999-12-31,True,Bronze,
3076,C01132,Said Bouzid,35-44,m,Fès,web,2026-05-08,9999-12-31,True,Bronze,
3077,C07558,Amine Ouahbi,18-24,m,Tanger,web,2026-05-08,9999-12-31,True,Bronze,
3078,C03026,Hassan El Ouazzani,45-54,m,Tanger,marketplace,2026-05-08,9999-12-31,True,Bronze,
3079,C02516,Driss Haddad,65+,m,Marrakech,web,2026-05-08,9999-12-31,True,Bronze,
3080,C07317,Driss Benkirane,25-34,m,Rabat,social_media,2026-05-08,9999-12-31,True,Bronze,
3081,C03935,Mustapha Bouzid,25-34,m,Tanger,social_media,2026-05-08,9999-12-31,True,Bronze,
3082,C04060,Nabil Amrani,35-44,m,Casablanca,social_media,2026-05-08,9999-12-31,True,Bronze,
3083,C01869,Laila Benkirane,55-64,f,Oujda,mobile,2026-05-08,9999-12-31,True,Bronze,
3084,C05569,Karim Naciri,35-44,f,Tétouan,social_media,2026-05-08,9999-12-31,True,Bronze,
3085,C05490,Houda Chraibi,35-44,f,Casablanca,social_media,2026-05-08,9999-12-31,True,Bronze,
3086,C05661,Mehdi Benali,55-64,m,Tanger,mobile,2026-05-08,9999-12-31,True,Bronze,
3087,C05671,Soufiane Rahmouni,25-34,f,Fès,web,2026-05-08,9999-12-31,True,Bronze,
3088,C03400,Asmae Skalli,55-64,m,Agadir,referral,2026-05-08,9999-12-31,True,Bronze,
3089,C00831,Rachid Filali,45-54,m,Nador,web,2026-05-08,9999-12-31,True,Bronze,
3090,C07623,Laila Bouzid,35-44,m,Tanger,social_media,2026-05-08,9999-12-31,True,Bronze,
3091,C06046,Omar Bouazza,55-64,f,Tanger,referral,2026-05-08,9999-12-31,True,Bronze,
3092,C05123,Ahmed Benkirane,35-44,m,Casablanca,mobile,2026-05-08,9999-12-31,True,Bronze,
3093,C02821,Rim Tahiri,45-54,m,Agadir,marketplace,2026-05-08,9999-12-31,True,Bronze,
3094,C07839,Driss Chraibi,55-64,m,Fès,referral,2026-05-08,9999-12-31,True,Bronze,
3095,C00131,Fatima Tahiri,35-44,f,Casablanca,web,2026-05-08,9999-12-31,True,Bronze,
3096,C04037,Dounia Bennani,25-34,m,Tanger,marketplace,2026-05-08,9999-12-31,True,Bronze,
3097,C00081,Youssef Chraibi,18-24,m,Béni Mellal,marketplace,2026-05-08,9999-12-31,True,Bronze,
3098,C06713,Amine Bouazza,35-44,f,Tanger,marketplace,2026-05-08,9999-12-31,True,Bronze,
3099,C01628,Amina Ziani,45-54,f,Meknès,web,2026-05-08,9999-12-31,True,Bronze,
3100,C01926,Adil Sefrioui,18-24,f,Tétouan,referral,2026-05-08,9999-12-31,True,Bronze,
3101,C07358,Samira Bouazza,18-24,f,Fès,social_media,2026-05-08,9999-12-31,True,Bronze,
3102,C05510,Loubna Benali,45-54,f,Safi,mobile,2026-05-08,9999-12-31,True,Bronze,
3103,C04936,Rim Fassi Fihri,25-34,f,Tanger,web,2026-05-08,9999-12-31,True,Bronze,
3104,C01178,Ghita Amrani,25-34,f,Fès,web,2026-05-08,9999-12-31,True,Bronze,
3105,C01988,Brahim Tazi,25-34,m,Kénitra,referral,2026-05-08,9999-12-31,True,Bronze,
3106,C00623,Mustapha Alaoui,45-54,m,Safi,social_media,2026-05-08,9999-12-31,True,Bronze,
3107,C06641,Khadija Cherkaoui,25-34,f,Tanger,web,2026-05-08,9999-12-31,True,Bronze,
3108,C06412,Fatima Naciri,45-54,m,Fès,mobile,2026-05-08,9999-12-31,True,Bronze,
3109,C03800,Samira Tazi,18-24,m,Tanger,web,2026-05-08,9999-12-31,True,Bronze,
3110,C03664,Mehdi Bouazza,Non renseigné,m,Béni Mellal,mobile,2026-05-08,9999-12-31,True,Bronze,
3111,C07377,Nawal El Mansouri,45-54,m,Mohammedia,web,2026-05-08,9999-12-31,True,Bronze,
3112,C04341,Hassan El Amrani,18-24,m,Rabat,web,2026-05-08,9999-12-31,True,Bronze,
3113,C03399,Soufiane El Mansouri,55-64,f,Rabat,referral,2026-05-08,9999-12-31,True,Bronze,
3114,C00654,Adil El Amrani,45-54,f,Tanger,mobile,2026-05-08,9999-12-31,True,Bronze,
3115,C07296,Ilham Chraibi,55-64,m,Tanger,referral,2026-05-08,9999-12-31,True,Bronze,
3116,C06722,Ilham Benali,25-34,f,Fès,social_media,2026-05-08,9999-12-31,True,Bronze,
3117,C01856,Meryem Benkirane,45-54,m,Tanger,web,2026-05-08,9999-12-31,True,Bronze,
3118,C06967,Said Kettani,55-64,m,Fès,web,2026-05-08,9999-12-31,True,Bronze,
3119,C04378,Khalid Amrani,18-24,m,Meknès,referral,2026-05-08,9999-12-31,True,Bronze,
3120,C07117,Driss Rahmouni,25-34,m,Nador,web,2026-05-08,9999-12-31,True,Bronze,
3121,C00125,Hassan Amrani,25-34,m,Nador,social_media,2026-05-08,9999-12-31,True,Bronze,
3122,C03989,Rim El Amrani,55-64,m,Casablanca,referral,2026-05-08,9999-12-31,True,Bronze,
3123,C04397,Brahim El Idrissi,18-24,f,Tanger,social_media,2026-05-08,9999-12-31,True,Bronze,
3124,C06061,Reda Sefrioui,25-34,f,Tanger,web,2026-05-08,9999-12-31,True,Bronze,
3125,C03143,Laila Naciri,55-64,m,Marrakech,social_media,2026-05-08,9999-12-31,True,Bronze,
3126,C03780,Nadia Fassi Fihri,45-54,m,Tétouan,marketplace,2026-05-08,9999-12-31,True,Bronze,
3127,C04052,Amina Filali,18-24,f,Tanger,referral,2026-05-08,9999-12-31,True,Bronze,
3128,C04414,Driss Sefrioui,35-44,m,Marrakech,marketplace,2026-05-08,9999-12-31,True,Bronze,
3129,C02927,Imad Bouazza,25-34,m,Fès,social_media,2026-05-08,9999-12-31,True,Bronze,
3130,C04178,Nawal El Amrani,25-34,f,Tanger,marketplace,2026-05-08,9999-12-31,True,Bronze,
3131,C03627,Wafae Rahmouni,45-54,m,Rabat,referral,2026-05-08,9999-12-31,True,Bronze,
3132,C03529,Ahmed Amrani,55-64,m,Tétouan,social_media,2026-05-08,9999-12-31,True,Bronze,
3133,C01043,Meryem Berrada,25-34,f,Fès,marketplace,2026-05-08,9999-12-31,True,Bronze,
3134,C03909,Hassan Tahiri,55-64,f,Fès,web,2026-05-08,9999-12-31,True,Bronze,
3135,C03423,Laila Filali,55-64,f,Fès,marketplace,2026-05-08,9999-12-31,True,Bronze,
3136,C06301,Hassan Benkirane,35-44,m,Tanger,social_media,2026-05-08,9999-12-31,True,Bronze,
3137,C01613,Sanae Bouazza,25-34,f,Mohammedia,social_media,2026-05-08,9999-12-31,True,Bronze,
3138,C05435,Mohamed Haddad,35-44,m,Casablanca,social_media,2026-05-08,9999-12-31,True,Bronze,
3139,C03825,Nabil Benali,35-44,f,Kénitra,marketplace,2026-05-08,9999-12-31,True,Bronze,
3140,C04451,Khadija Bouzid,Non renseigné,m,Rabat,social_media,2026-05-08,9999-12-31,True,Bronze,
3141,C00219,Amine Alaoui,35-44,f,Fès,social_media,2026-05-08,9999-12-31,True,Bronze,
3142,C06756,Driss Ziani,25-34,m,Rabat,marketplace,2026-05-08,9999-12-31,True,Bronze,
3143,C02369,Adil Cherkaoui,35-44,f,Marrakech,social_media,2026-05-08,9999-12-31,True,Bronze,
3144,C01891,Driss Lahlou,Non renseigné,m,El Jadida,referral,2026-05-08,9999-12-31,True,Bronze,
3145,C06091,Karim Bennani,45-54,m,Casablanca,social_media,2026-05-08,9999-12-31,True,Bronze,
3146,C05028,Amina Ouahbi,35-44,f,Safi,web,2026-05-08,9999-12-31,True,Bronze,
3147,C06630,Zineb Cherkaoui,55-64,f,Marrakech,web,2026-05-08,9999-12-31,True,Bronze,
3148,C03366,Zineb Alaoui,35-44,f,Marrakech,social_media,2026-05-08,9999-12-31,True,Bronze,
3149,C04578,Hind Benali,18-24,m,El Jadida,marketplace,2026-05-08,9999-12-31,True,Bronze,
3150,C07989,Mustapha Rahmouni,18-24,m,Tanger,marketplace,2026-05-08,9999-12-31,True,Bronze,
3151,C07873,Soufiane Lahlou,55-64,m,Fès,web,2026-05-08,9999-12-31,True,Bronze,
3152,C01506,Driss Benjelloun,35-44,m,Oujda,social_media,2026-05-08,9999-12-31,True,Bronze,
3153,C00880,Laila Lahlou,25-34,f,Tanger,referral,2026-05-08,9999-12-31,True,Bronze,
3154,C01929,Karim Fassi Fihri,25-34,m,Rabat,marketplace,2026-05-08,9999-12-31,True,Bronze,
3155,C05489,Omar El Ouazzani,18-24,f,Tanger,marketplace,2026-05-08,9999-12-31,True,Bronze,
3156,C05420,Hassan Amrani,55-64,f,Tanger,social_media,2026-05-08,9999-12-31,True,Bronze,
3157,C04086,Laila El Amrani,18-24,f,Béni Mellal,marketplace,2026-05-08,9999-12-31,True,Bronze,
3158,C00180,Mustapha Skalli,25-34,m,Rabat,social_media,2026-05-08,9999-12-31,True,Bronze,
3159,C00102,Hassan Sefrioui,55-64,m,Oujda,social_media,2026-05-08,9999-12-31,True,Bronze,
3160,C03058,Karim Bennani,35-44,m,Tanger,marketplace,2026-05-08,9999-12-31,True,Bronze,
3161,C04210,Rachid Kettani,45-54,m,Fès,mobile,2026-05-08,9999-12-31,True,Bronze,
3162,C02977,Rim Lahlou,65+,m,Casablanca,social_media,2026-05-08,9999-12-31,True,Bronze,
3163,C06715,Khalid Alaoui,18-24,m,Tanger,social_media,2026-05-08,9999-12-31,True,Bronze,
3164,C01882,Nabil Benjelloun,55-64,f,El Jadida,web,2026-05-08,9999-12-31,True,Bronze,
3165,C07091,Samira Cherkaoui,65+,f,Tanger,referral,2026-05-08,9999-12-31,True,Bronze,
3166,C01181,Reda Ouahbi,55-64,m,Casablanca,web,2026-05-08,9999-12-31,True,Bronze,
3167,C02752,Ali Skalli,55-64,m,Béni Mellal,marketplace,2026-05-08,9999-12-31,True,Bronze,
3168,C05269,Nadia Berrada,18-24,f,Rabat,mobile,2026-05-08,9999-12-31,True,Bronze,
3169,C01403,Fatima Ziani,45-54,m,Casablanca,marketplace,2026-05-08,9999-12-31,True,Bronze,
3170,C06298,Hind Benkirane,18-24,f,Tanger,marketplace,2026-05-08,9999-12-31,True,Bronze,
3171,C03679,Salma Amrani,45-54,m,Casablanca,mobile,2026-05-08,9999-12-31,True,Bronze,
3172,C06507,Khalid Haddad,35-44,m,Casablanca,mobile,2026-05-08,9999-12-31,True,Bronze,
3173,C05374,Wafae Lahlou,45-54,f,Casablanca,web,2026-05-08,9999-12-31,True,Bronze,
3174,C00448,Hassan El Amrani,55-64,f,Béni Mellal,web,2026-05-08,9999-12-31,True,Bronze,
3175,C00429,Amina Lahlou,35-44,f,Tanger,referral,2026-05-08,9999-12-31,True,Bronze,
3176,C00484,Ahmed Amrani,35-44,f,Casablanca,social_media,2026-05-08,9999-12-31,True,Bronze,
3177,C02416,Brahim El Amrani,45-54,m,Fès,referral,2026-05-08,9999-12-31,True,Bronze,
3178,C00917,Sara Berrada,55-64,m,Fès,social_media,2026-05-08,9999-12-31,True,Bronze,
3179,C00100,Khalid Lahlou,55-64,m,Rabat,referral,2026-05-08,9999-12-31,True,Bronze,
3180,C06310,Nawal Sefrioui,18-24,m,Marrakech,referral,2026-05-08,9999-12-31,True,Bronze,
3181,C01303,Rachid Alaoui,35-44,m,Oujda,web,2026-05-08,9999-12-31,True,Bronze,
3182,C03960,Mohamed Benali,35-44,f,Marrakech,web,2026-05-08,9999-12-31,True,Bronze,
3183,C03600,Imad Tazi,45-54,f,Tanger,marketplace,2026-05-08,9999-12-31,True,Bronze,
3184,C01281,Mustapha Ouahbi,55-64,m,Tanger,marketplace,2026-05-08,9999-12-31,True,Bronze,
3185,C03754,Said El Ouazzani,35-44,m,Safi,mobile,2026-05-08,9999-12-31,True,Bronze,
3186,C07446,Rim Benkirane,Non renseigné,f,Casablanca,referral,2026-05-08,9999-12-31,True,Bronze,
3187,C01038,Hassan El Mansouri,65+,m,Fès,marketplace,2026-05-08,9999-12-31,True,Bronze,
3188,C00761,Hassan Benjelloun,55-64,f,Tétouan,referral,2026-05-08,9999-12-31,True,Bronze,
3189,C00369,Zineb Naciri,45-54,f,Kénitra,web,2026-05-08,9999-12-31,True,Bronze,
3190,C00542,Samira Cherkaoui,25-34,f,Tanger,web,2026-05-08,9999-12-31,True,Bronze,
3191,C04455,Fatima El Mansouri,25-34,m,Kénitra,referral,2026-05-08,9999-12-31,True,Bronze,
3192,C02377,Mohamed Cherkaoui,18-24,m,Tanger,social_media,2026-05-08,9999-12-31,True,Bronze,
3193,C03482,Sanae Ziani,55-64,m,Safi,web,2026-05-08,9999-12-31,True,Bronze,
3194,C04818,Asmae Berrada,18-24,f,Tanger,mobile,2026-05-08,9999-12-31,True,Bronze,
3195,C01336,Hamza Berrada,55-64,f,Mohammedia,social_media,2026-05-08,9999-12-31,True,Bronze,
3196,C03319,Amine Tazi,45-54,f,Tanger,social_media,2026-05-08,9999-12-31,True,Bronze,
3197,C03644,Rim Benkirane,25-34,f,Kénitra,social_media,2026-05-08,9999-12-31,True,Bronze,
3198,C06946,Driss Skalli,25-34,m,Oujda,referral,2026-05-08,9999-12-31,True,Bronze,
3199,C04585,Asmae El Amrani,55-64,f,Meknès,social_media,2026-05-08,9999-12-31,True,Bronze,
3200,C03297,Soufiane Filali,35-44,f,Fès,referral,2026-05-08,9999-12-31,True,Bronze,
3201,C01791,Rim Fassi Fihri,55-64,f,Kénitra,web,2026-05-08,9999-12-31,True,Bronze,
3202,C05682,Nabil Ziani,35-44,m,Tanger,web,2026-05-08,9999-12-31,True,Bronze,
3203,C01014,Zakaria Bennani,18-24,m,Fès,web,2026-05-08,9999-12-31,True,Bronze,
3204,C04320,Zakaria Ziani,35-44,f,Fès,web,2026-05-08,9999-12-31,True,Bronze,
3205,C06041,Hind Tahiri,35-44,m,Tanger,mobile,2026-05-08,9999-12-31,True,Bronze,
3206,C01410,Sanae Kettani,35-44,m,Oujda,web,2026-05-08,9999-12-31,True,Bronze,
3207,C04792,Khalid Tazi,45-54,m,Tanger,referral,2026-05-08,9999-12-31,True,Bronze,
3208,C03952,Rim El Mansouri,35-44,m,Agadir,web,2026-05-08,9999-12-31,True,Bronze,
3209,C03607,Zakaria Rahmouni,45-54,m,Casablanca,social_media,2026-05-08,9999-12-31,True,Bronze,
3210,C02358,Rachid Bouzid,55-64,m,Marrakech,social_media,2026-05-08,9999-12-31,True,Bronze,
3211,C04976,Omar El Ouazzani,25-34,m,Casablanca,referral,2026-05-08,9999-12-31,True,Bronze,
3212,C00186,Ilham El Amrani,35-44,f,Marrakech,web,2026-05-08,9999-12-31,True,Bronze,
3213,C02548,Meryem Tahiri,35-44,m,Meknès,web,2026-05-08,9999-12-31,True,Bronze,
3214,C05153,Hanane Alaoui,25-34,f,Marrakech,social_media,2026-05-08,9999-12-31,True,Bronze,
3215,C04036,Reda Kettani,18-24,m,Casablanca,web,2026-05-08,9999-12-31,True,Bronze,
3216,C03576,Mustapha Chraibi,18-24,m,Casablanca,web,2026-05-08,9999-12-31,True,Bronze,
3217,C05876,Sanae Alaoui,55-64,m,Tétouan,marketplace,2026-05-08,9999-12-31,True,Bronze,
3218,C03568,Wafae Tahiri,45-54,m,Béni Mellal,mobile,2026-05-08,9999-12-31,True,Bronze,
3219,C02911,Driss Naciri,35-44,f,Casablanca,referral,2026-05-08,9999-12-31,True,Bronze,
3220,C00139,Karim Benali,45-54,m,Béni Mellal,web,2026-05-08,9999-12-31,True,Bronze,
3221,C00584,Loubna Benkirane,55-64,m,Rabat,social_media,2026-05-08,9999-12-31,True,Bronze,
3222,C06364,Khalid El Ouazzani,25-34,f,Tanger,web,2026-05-08,9999-12-31,True,Bronze,
3223,C07021,Zineb Naciri,45-54,f,Oujda,social_media,2026-05-08,9999-12-31,True,Bronze,
3224,C01458,Zineb Benali,18-24,m,Casablanca,web,2026-05-08,9999-12-31,True,Bronze,
3225,C03079,Loubna Haddad,45-54,m,Casablanca,social_media,2026-05-08,9999-12-31,True,Bronze,
3226,C06895,Khadija El Ouazzani,65+,m,Fès,marketplace,2026-05-08,9999-12-31,True,Bronze,
3227,C07414,Hamza Sefrioui,55-64,m,Fès,mobile,2026-05-08,9999-12-31,True,Bronze,
3228,C05068,Driss Chraibi,65+,m,Marrakech,marketplace,2026-05-08,9999-12-31,True,Bronze,
3229,C02839,Laila Haddad,45-54,m,Casablanca,mobile,2026-05-08,9999-12-31,True,Bronze,
3230,C07264,Khadija Chraibi,45-54,m,Tanger,marketplace,2026-05-08,9999-12-31,True,Bronze,
3231,C02086,Ghita El Amrani,35-44,f,Fès,social_media,2026-05-08,9999-12-31,True,Bronze,
3232,C00912,Khadija El Amrani,Non renseigné,m,Tanger,mobile,2026-05-08,9999-12-31,True,Bronze,
3233,C07190,Sanae Berrada,55-64,f,Fès,web,2026-05-08,9999-12-31,True,Bronze,
3234,C05915,Meryem Berrada,55-64,m,Kénitra,referral,2026-05-08,9999-12-31,True,Bronze,
3235,C03621,Driss Tahiri,35-44,m,Tanger,referral,2026-05-08,9999-12-31,True,Bronze,
3236,C05669,Youssef Bouazza,35-44,f,Rabat,web,2026-05-08,9999-12-31,True,Bronze,
3237,C02077,Mustapha El Ouazzani,35-44,f,Tanger,web,2026-05-08,9999-12-31,True,Bronze,
3238,C00120,Youssef Bennani,55-64,m,Casablanca,marketplace,2026-05-08,9999-12-31,True,Bronze,
3239,C01582,Loubna Berrada,35-44,m,Nador,social_media,2026-05-08,9999-12-31,True,Bronze,
3240,C05866,Zineb Tazi,35-44,m,Rabat,referral,2026-05-08,9999-12-31,True,Bronze,
3241,C03816,Wafae Berrada,25-34,m,Agadir,web,2026-05-08,9999-12-31,True,Bronze,
3242,C02223,Dounia Tahiri,35-44,m,Marrakech,social_media,2026-05-08,9999-12-31,True,Bronze,
3243,C06741,Mehdi Bouazza,18-24,m,Safi,social_media,2026-05-08,9999-12-31,True,Bronze,
3244,C07240,Youssef Benkirane,35-44,f,Fès,mobile,2026-05-08,9999-12-31,True,Bronze,
3245,C03691,Ali Sefrioui,18-24,f,Safi,mobile,2026-05-08,9999-12-31,True,Bronze,
3246,C07132,Imad Chraibi,18-24,m,Tanger,referral,2026-05-08,9999-12-31,True,Bronze,
3247,C01691,Hind Skalli,55-64,m,Safi,web,2026-05-08,9999-12-31,True,Bronze,
3248,C01861,Nawal Ziani,55-64,f,Rabat,marketplace,2026-05-08,9999-12-31,True,Bronze,
3249,C05018,Mohamed Naciri,25-34,m,Casablanca,referral,2026-05-08,9999-12-31,True,Bronze,
3250,C05292,Karim Fassi Fihri,25-34,f,Casablanca,mobile,2026-05-08,9999-12-31,True,Bronze,
3251,C07241,Salma Haddad,18-24,m,Oujda,social_media,2026-05-08,9999-12-31,True,Bronze,
3252,C03783,Laila Haddad,55-64,m,Tétouan,web,2026-05-08,9999-12-31,True,Bronze,
3253,C02571,Mustapha Chraibi,35-44,m,Béni Mellal,mobile,2026-05-08,9999-12-31,True,Bronze,
3254,C04929,Youssef Sefrioui,45-54,f,Mohammedia,social_media,2026-05-08,9999-12-31,True,Bronze,
3255,C06962,Brahim Haddad,25-34,m,Marrakech,web,2026-05-08,9999-12-31,True,Bronze,
3256,C00656,Houda Bennani,45-54,f,Safi,web,2026-05-08,9999-12-31,True,Bronze,
3257,C04146,Hind Benjelloun,18-24,m,Tanger,mobile,2026-05-08,9999-12-31,True,Bronze,
3258,C01131,Sara Ouahbi,55-64,f,Marrakech,social_media,2026-05-08,9999-12-31,True,Bronze,
3259,C05831,Amine El Mansouri,25-34,f,Tanger,mobile,2026-05-08,9999-12-31,True,Bronze,
3260,C07960,Amine Naciri,45-54,m,Béni Mellal,referral,2026-05-08,9999-12-31,True,Bronze,
3261,C06816,Omar Sefrioui,18-24,f,Casablanca,referral,2026-05-08,9999-12-31,True,Bronze,
3262,C06537,Ilham Benali,35-44,m,Kénitra,mobile,2026-05-08,9999-12-31,True,Bronze,
3263,C03276,Zakaria Benali,18-24,f,Rabat,web,2026-05-08,9999-12-31,True,Bronze,
3264,C06503,Soufiane Tahiri,55-64,f,Rabat,referral,2026-05-08,9999-12-31,True,Bronze,
3265,C05166,Amina Amrani,25-34,f,Tanger,marketplace,2026-05-08,9999-12-31,True,Bronze,
3266,C01636,Asmae Benkirane,35-44,f,Marrakech,marketplace,2026-05-08,9999-12-31,True,Bronze,
3267,C06334,Driss El Mansouri,35-44,m,Marrakech,referral,2026-05-08,9999-12-31,True,Bronze,
3268,C03829,Sara Tazi,35-44,m,Casablanca,marketplace,2026-05-08,9999-12-31,True,Bronze,
3269,C07195,Amina Fassi Fihri,45-54,m,Tanger,marketplace,2026-05-08,9999-12-31,True,Bronze,
3270,C06609,Ilham Fassi Fihri,35-44,f,Tanger,marketplace,2026-05-08,9999-12-31,True,Bronze,
3271,C06169,Houda El Amrani,25-34,m,Rabat,marketplace,2026-05-08,9999-12-31,True,Bronze,
3272,C01376,Reda Tahiri,55-64,f,Nador,mobile,2026-05-08,9999-12-31,True,Bronze,
3273,C05343,Hamza Cherkaoui,55-64,f,Tanger,referral,2026-05-08,9999-12-31,True,Bronze,
3274,C02972,Sara Fassi Fihri,45-54,f,Kénitra,mobile,2026-05-08,9999-12-31,True,Bronze,
3275,C04764,Asmae Naciri,35-44,f,Casablanca,social_media,2026-05-08,9999-12-31,True,Bronze,
3276,C05092,Nabil Filali,18-24,f,Fès,marketplace,2026-05-08,9999-12-31,True,Bronze,
3277,C06481,Asmae Alaoui,45-54,m,Oujda,referral,2026-05-08,9999-12-31,True,Bronze,
3278,C04058,Driss Cherkaoui,55-64,f,Fès,mobile,2026-05-08,9999-12-31,True,Bronze,
3279,C04117,Houda Tazi,55-64,m,Meknès,marketplace,2026-05-08,9999-12-31,True,Bronze,
3280,C00400,Brahim Tahiri,Non renseigné,m,Casablanca,social_media,2026-05-08,9999-12-31,True,Bronze,
3281,C07800,Loubna Filali,25-34,f,Tanger,mobile,2026-05-08,9999-12-31,True,Bronze,
3282,C06776,Houda Ziani,45-54,m,Marrakech,web,2026-05-08,9999-12-31,True,Bronze,
3283,C01646,Reda Bouazza,18-24,m,Oujda,web,2026-05-08,9999-12-31,True,Bronze,
3284,C03505,Nadia Tazi,45-54,f,Fès,social_media,2026-05-08,9999-12-31,True,Bronze,
3285,C03541,Loubna Berrada,25-34,f,Fès,mobile,2026-05-08,9999-12-31,True,Bronze,
3286,C05136,Driss Cherkaoui,45-54,m,Fès,mobile,2026-05-08,9999-12-31,True,Bronze,
3287,C02294,Sanae Amrani,35-44,m,Rabat,marketplace,2026-05-08,9999-12-31,True,Bronze,
3288,C03156,Rim Bouzid,25-34,m,Oujda,social_media,2026-05-08,9999-12-31,True,Bronze,
3289,C03186,Meryem Benkirane,45-54,m,El Jadida,web,2026-05-08,9999-12-31,True,Bronze,
3290,C01662,Omar El Idrissi,35-44,m,Marrakech,mobile,2026-05-08,9999-12-31,True,Bronze,
3291,C07990,Fatima Tahiri,45-54,f,Tanger,web,2026-05-08,9999-12-31,True,Bronze,
3292,C03180,Driss Fassi Fihri,55-64,m,Oujda,mobile,2026-05-08,9999-12-31,True,Bronze,
3293,C02351,Samira Benkirane,55-64,f,Rabat,referral,2026-05-08,9999-12-31,True,Bronze,
3294,C02788,Dounia Bouzid,55-64,m,Fès,web,2026-05-08,9999-12-31,True,Bronze,
3295,C06429,Soufiane Fassi Fihri,55-64,m,Fès,social_media,2026-05-08,9999-12-31,True,Bronze,
3296,C07215,Rachid Filali,18-24,f,Mohammedia,web,2026-05-08,9999-12-31,True,Bronze,
3297,C03073,Adil Haddad,45-54,m,Agadir,web,2026-05-08,9999-12-31,True,Bronze,
3298,C02777,Reda Tazi,35-44,m,Nador,mobile,2026-05-08,9999-12-31,True,Bronze,
3299,C02360,Hanane El Mansouri,55-64,m,Tanger,web,2026-05-08,9999-12-31,True,Bronze,
3300,C04475,Khadija Sefrioui,55-64,f,Tanger,mobile,2026-05-08,9999-12-31,True,Bronze,
3301,C06839,Ghita Rahmouni,55-64,m,Tétouan,marketplace,2026-05-08,9999-12-31,True,Bronze,
3302,C03439,Ahmed El Mansouri,45-54,f,Oujda,social_media,2026-05-08,9999-12-31,True,Bronze,
3303,C03191,Ghita Tazi,45-54,m,Fès,mobile,2026-05-08,9999-12-31,True,Bronze,
3304,C07937,Adil Skalli,65+,m,Casablanca,web,2026-05-08,9999-12-31,True,Bronze,
3305,C02794,Nawal Bouazza,35-44,m,Casablanca,mobile,2026-05-08,9999-12-31,True,Bronze,
3306,C02750,Driss Sefrioui,45-54,f,Casablanca,social_media,2026-05-08,9999-12-31,True,Bronze,
3307,C07846,Amina El Mansouri,35-44,f,Rabat,referral,2026-05-08,9999-12-31,True,Bronze,
3308,C03725,Hassan Ouahbi,55-64,f,Fès,web,2026-05-08,9999-12-31,True,Bronze,
3309,C04511,Dounia Rahmouni,35-44,m,Casablanca,marketplace,2026-05-08,9999-12-31,True,Bronze,
3310,C07265,Laila Chraibi,25-34,f,Kénitra,marketplace,2026-05-08,9999-12-31,True,Bronze,
3311,C00182,Nabil Alaoui,18-24,f,Béni Mellal,web,2026-05-08,9999-12-31,True,Bronze,
3312,C02992,Ahmed Ouahbi,45-54,f,Béni Mellal,mobile,2026-05-08,9999-12-31,True,Bronze,
3313,C03228,Mehdi Bouazza,25-34,m,Tanger,marketplace,2026-05-08,9999-12-31,True,Bronze,
3314,C00364,Omar Haddad,25-34,m,Marrakech,web,2026-05-08,9999-12-31,True,Bronze,
3315,C01708,Omar Bouzid,45-54,m,Tanger,web,2026-05-08,9999-12-31,True,Bronze,
3316,C06731,Driss Ouahbi,55-64,m,Nador,web,2026-05-08,9999-12-31,True,Bronze,
3317,C03938,Wafae Rahmouni,45-54,f,Safi,referral,2026-05-08,9999-12-31,True,Bronze,
3318,C00431,Khalid Haddad,25-34,f,Casablanca,referral,2026-05-08,9999-12-31,True,Bronze,
3319,C01862,Ahmed El Mansouri,45-54,m,Casablanca,web,2026-05-08,9999-12-31,True,Bronze,
3320,C07008,Houda Bouazza,55-64,f,Casablanca,social_media,2026-05-08,9999-12-31,True,Bronze,
3321,C05761,Salma Rahmouni,25-34,f,Marrakech,social_media,2026-05-08,9999-12-31,True,Bronze,
3322,C01328,Amina Filali,55-64,f,Kénitra,mobile,2026-05-08,9999-12-31,True,Bronze,
3323,C07053,Salma Lahlou,55-64,m,Fès,marketplace,2026-05-08,9999-12-31,True,Bronze,
3324,C02467,Imad Sefrioui,45-54,f,Casablanca,web,2026-05-08,9999-12-31,True,Bronze,
3325,C00508,Ghita Bouzid,55-64,f,Rabat,referral,2026-05-08,9999-12-31,True,Bronze,
3326,C07907,Rachid Tazi,45-54,f,Fès,marketplace,2026-05-08,9999-12-31,True,Bronze,
3327,C07325,Ilham Tahiri,45-54,f,Fès,web,2026-05-08,9999-12-31,True,Bronze,
3328,C03006,Meryem Benjelloun,25-34,m,Tanger,marketplace,2026-05-08,9999-12-31,True,Bronze,
3329,C01642,Nadia Berrada,35-44,f,Mohammedia,web,2026-05-08,9999-12-31,True,Bronze,
3330,C05088,Mohamed El Idrissi,25-34,f,Casablanca,marketplace,2026-05-08,9999-12-31,True,Bronze,
3331,C07288,Omar Amrani,65+,m,Marrakech,referral,2026-05-08,9999-12-31,True,Bronze,
3332,C06543,Brahim Benkirane,18-24,m,Meknès,referral,2026-05-08,9999-12-31,True,Bronze,
3333,C05204,Nabil Bennani,18-24,f,Fès,marketplace,2026-05-08,9999-12-31,True,Bronze,
3334,C05970,Hind Berrada,55-64,f,Marrakech,marketplace,2026-05-08,9999-12-31,True,Bronze,
3335,C06948,Rim Rahmouni,45-54,m,Tanger,social_media,2026-05-08,9999-12-31,True,Bronze,
3336,C04577,Soufiane El Amrani,65+,m,Rabat,mobile,2026-05-08,9999-12-31,True,Bronze,
3337,C00541,Ali Alaoui,25-34,m,Tanger,mobile,2026-05-08,9999-12-31,True,Bronze,
3338,C03427,Houda Benkirane,25-34,f,Meknès,referral,2026-05-08,9999-12-31,True,Bronze,
3339,C07850,Salma El Amrani,18-24,f,Marrakech,mobile,2026-05-08,9999-12-31,True,Bronze,
3340,C05900,Driss Filali,35-44,f,Rabat,web,2026-05-08,9999-12-31,True,Bronze,
3341,C01583,Brahim Naciri,18-24,m,Marrakech,mobile,2026-05-08,9999-12-31,True,Bronze,
3342,C03052,Khalid Alaoui,55-64,m,Mohammedia,referral,2026-05-08,9999-12-31,True,Bronze,
3343,C03351,Asmae El Idrissi,35-44,f,Rabat,web,2026-05-08,9999-12-31,True,Bronze,
3344,C01655,Khalid Fassi Fihri,55-64,f,Béni Mellal,referral,2026-05-08,9999-12-31,True,Bronze,
3345,C05972,Driss Filali,25-34,m,Mohammedia,mobile,2026-05-08,9999-12-31,True,Bronze,
3346,C03584,Ahmed Chraibi,55-64,f,El Jadida,marketplace,2026-05-08,9999-12-31,True,Bronze,
3347,C03053,Samira El Ouazzani,45-54,f,Oujda,referral,2026-05-08,9999-12-31,True,Bronze,
3348,C00883,Imad Skalli,35-44,f,Fès,web,2026-05-08,9999-12-31,True,Bronze,
3349,C04193,Mehdi Bennani,25-34,m,Mohammedia,social_media,2026-05-08,9999-12-31,True,Bronze,
3350,C00012,Brahim Amrani,45-54,m,Tanger,mobile,2026-05-08,9999-12-31,True,Bronze,
3351,C02673,Driss Chraibi,55-64,m,Béni Mellal,referral,2026-05-08,9999-12-31,True,Bronze,
3352,C02921,Rachid Alaoui,35-44,m,Agadir,marketplace,2026-05-08,9999-12-31,True,Bronze,
3353,C07676,Brahim Lahlou,55-64,m,Safi,social_media,2026-05-08,9999-12-31,True,Bronze,
3354,C04042,Rim Benkirane,45-54,m,Tétouan,social_media,2026-05-08,9999-12-31,True,Bronze,
3355,C06787,Zakaria Bouazza,45-54,f,Marrakech,mobile,2026-05-08,9999-12-31,True,Bronze,
3356,C00141,Reda Cherkaoui,25-34,m,Rabat,referral,2026-05-08,9999-12-31,True,Bronze,
3357,C00097,Mohamed Tazi,35-44,m,Rabat,web,2026-05-08,9999-12-31,True,Bronze,
3358,C03592,Khadija Benjelloun,45-54,f,Nador,mobile,2026-05-08,9999-12-31,True,Bronze,
3359,C02530,Omar Ouahbi,45-54,m,Marrakech,marketplace,2026-05-08,9999-12-31,True,Bronze,
3360,C05647,Hind El Ouazzani,25-34,m,Marrakech,web,2026-05-08,9999-12-31,True,Bronze,
3361,C01222,Mohamed Sefrioui,25-34,m,El Jadida,web,2026-05-08,9999-12-31,True,Bronze,
3362,C02811,Rachid Ziani,35-44,m,Meknès,referral,2026-05-08,9999-12-31,True,Bronze,
3363,C01280,Hind Naciri,18-24,m,Tanger,social_media,2026-05-08,9999-12-31,True,Bronze,
3364,C02080,Ghita Tazi,45-54,m,Fès,web,2026-05-08,9999-12-31,True,Bronze,
3365,C01486,Khalid Ziani,45-54,m,Oujda,referral,2026-05-08,9999-12-31,True,Bronze,
3366,C04981,Soufiane Bouzid,Non renseigné,f,El Jadida,social_media,2026-05-08,9999-12-31,True,Bronze,
3367,C01363,Nadia Rahmouni,35-44,m,Kénitra,referral,2026-05-08,9999-12-31,True,Bronze,
3368,C05894,Houda Tazi,35-44,m,Casablanca,referral,2026-05-08,9999-12-31,True,Bronze,
3369,C07672,Samira Kettani,18-24,m,Oujda,referral,2026-05-08,9999-12-31,True,Bronze,
3370,C03446,Hanane Benjelloun,55-64,m,Tanger,mobile,2026-05-08,9999-12-31,True,Bronze,
3371,C07478,Youssef Filali,35-44,m,Tanger,referral,2026-05-08,9999-12-31,True,Bronze,
3372,C03342,Hind Bennani,35-44,m,Tanger,web,2026-05-08,9999-12-31,True,Bronze,
3373,C02319,Ali Naciri,45-54,m,Tanger,web,2026-05-08,9999-12-31,True,Bronze,
3374,C04494,Driss El Mansouri,35-44,m,Mohammedia,marketplace,2026-05-08,9999-12-31,True,Bronze,
3375,C03921,Hamza Chraibi,35-44,f,Tanger,referral,2026-05-08,9999-12-31,True,Bronze,
3376,C07738,Hassan Filali,35-44,f,Fès,social_media,2026-05-08,9999-12-31,True,Bronze,
3377,C01692,Asmae El Amrani,25-34,m,Fès,referral,2026-05-08,9999-12-31,True,Bronze,
3378,C05818,Ali El Amrani,25-34,f,Fès,referral,2026-05-08,9999-12-31,True,Bronze,
3379,C01511,Khadija Benjelloun,65+,f,Tétouan,marketplace,2026-05-08,9999-12-31,True,Bronze,
3380,C06819,Ilham Benjelloun,18-24,m,Marrakech,marketplace,2026-05-08,9999-12-31,True,Bronze,
3381,C02988,Nadia Ouahbi,25-34,m,Rabat,mobile,2026-05-08,9999-12-31,True,Bronze,
3382,C07635,Ali El Idrissi,18-24,f,Rabat,mobile,2026-05-08,9999-12-31,True,Bronze,
3383,C05069,Zakaria Ziani,35-44,m,Tanger,referral,2026-05-08,9999-12-31,True,Bronze,
3384,C06246,Nawal Berrada,45-54,f,Tanger,social_media,2026-05-08,9999-12-31,True,Bronze,
3385,C01987,Hind Bouazza,45-54,f,El Jadida,web,2026-05-08,9999-12-31,True,Bronze,
3386,C02339,Wafae Tazi,18-24,f,Meknès,web,2026-05-08,9999-12-31,True,Bronze,
3387,C06355,Fatima Alaoui,45-54,f,El Jadida,web,2026-05-08,9999-12-31,True,Bronze,
3388,C07036,Mohamed Alaoui,35-44,m,Marrakech,marketplace,2026-05-08,9999-12-31,True,Bronze,
3389,C01150,Nadia Tahiri,25-34,m,Nador,mobile,2026-05-08,9999-12-31,True,Bronze,
3390,C07323,Said Rahmouni,18-24,m,Kénitra,referral,2026-05-08,9999-12-31,True,Bronze,
3391,C06797,Samira El Idrissi,45-54,m,Casablanca,web,2026-05-08,9999-12-31,True,Bronze,
3392,C01502,Hassan Bouazza,25-34,m,Rabat,mobile,2026-05-08,9999-12-31,True,Bronze,
3393,C05979,Nadia El Ouazzani,55-64,m,Fès,referral,2026-05-08,9999-12-31,True,Bronze,
3394,C04128,Fatima Tahiri,45-54,m,Tanger,referral,2026-05-08,9999-12-31,True,Bronze,
3395,C05021,Loubna Skalli,25-34,f,Fès,referral,2026-05-08,9999-12-31,True,Bronze,
3396,C01119,Adil Ouahbi,45-54,f,Agadir,web,2026-05-08,9999-12-31,True,Bronze,
3397,C02766,Dounia Fassi Fihri,18-24,f,Oujda,mobile,2026-05-08,9999-12-31,True,Bronze,
3398,C01063,Nadia Lahlou,35-44,f,Tétouan,web,2026-05-08,9999-12-31,True,Bronze,
3399,C01561,Amine El Idrissi,55-64,m,Casablanca,web,2026-05-08,9999-12-31,True,Bronze,
3400,C07947,Salma Haddad,25-34,m,Rabat,marketplace,2026-05-08,9999-12-31,True,Bronze,
3401,C07597,Ahmed Ziani,55-64,m,Fès,social_media,2026-05-08,9999-12-31,True,Bronze,
3402,C00631,Amine El Amrani,25-34,m,Rabat,mobile,2026-05-08,9999-12-31,True,Bronze,
3403,C01216,Nawal Naciri,65+,f,Marrakech,web,2026-05-08,9999-12-31,True,Bronze,
3404,C04270,Hassan Bennani,55-64,m,Tanger,marketplace,2026-05-08,9999-12-31,True,Bronze,
3405,C04125,Brahim Bouzid,35-44,m,Oujda,web,2026-05-08,9999-12-31,True,Bronze,
3406,C07980,Hind Sefrioui,35-44,f,Casablanca,social_media,2026-05-08,9999-12-31,True,Bronze,
3407,C05555,Amine Kettani,18-24,f,Tétouan,mobile,2026-05-08,9999-12-31,True,Bronze,
3408,C04219,Hassan Amrani,65+,m,Safi,referral,2026-05-08,9999-12-31,True,Bronze,
3409,C04955,Sara Tazi,45-54,m,Tanger,social_media,2026-05-08,9999-12-31,True,Bronze,
3410,C06662,Khadija Kettani,25-34,f,Tanger,marketplace,2026-05-08,9999-12-31,True,Bronze,
3411,C02728,Wafae Rahmouni,25-34,m,Tanger,web,2026-05-08,9999-12-31,True,Bronze,
3412,C05131,Fatima Lahlou,25-34,f,Casablanca,referral,2026-05-08,9999-12-31,True,Bronze,
3413,C02652,Samira Amrani,25-34,m,Rabat,referral,2026-05-08,9999-12-31,True,Bronze,
3414,C05880,Omar Ziani,55-64,f,Fès,mobile,2026-05-08,9999-12-31,True,Bronze,
3415,C06711,Ilham El Amrani,25-34,m,El Jadida,web,2026-05-08,9999-12-31,True,Bronze,
3416,C00553,Sara El Idrissi,45-54,f,Oujda,mobile,2026-05-08,9999-12-31,True,Bronze,
3417,C00874,Zakaria Chraibi,18-24,f,Tanger,referral,2026-05-08,9999-12-31,True,Bronze,
3418,C00618,Soufiane Benkirane,Non renseigné,f,Rabat,referral,2026-05-08,9999-12-31,True,Bronze,
3419,C03192,Khadija Haddad,55-64,f,Kénitra,mobile,2026-05-08,9999-12-31,True,Bronze,
3420,C06771,Khadija Alaoui,35-44,m,Rabat,web,2026-05-08,9999-12-31,True,Bronze,
3421,C06837,Rachid Rahmouni,35-44,f,Tanger,mobile,2026-05-08,9999-12-31,True,Bronze,
3422,C00262,Youssef El Amrani,55-64,m,Meknès,web,2026-05-08,9999-12-31,True,Bronze,
3423,C04823,Nabil Bouzid,55-64,f,Mohammedia,marketplace,2026-05-08,9999-12-31,True,Bronze,
3424,C06161,Ahmed Benjelloun,45-54,f,Marrakech,mobile,2026-05-08,9999-12-31,True,Bronze,
3425,C01455,Hassan Benkirane,55-64,m,Tanger,mobile,2026-05-08,9999-12-31,True,Bronze,
3426,C00277,Nabil Skalli,35-44,m,Safi,social_media,2026-05-08,9999-12-31,True,Bronze,
3427,C07835,Hassan Benjelloun,45-54,f,Casablanca,mobile,2026-05-08,9999-12-31,True,Bronze,
3428,C01783,Zineb Bouazza,45-54,m,Oujda,web,2026-05-08,9999-12-31,True,Bronze,
3429,C03352,Soufiane Rahmouni,35-44,f,Tétouan,mobile,2026-05-08,9999-12-31,True,Bronze,
3430,C07299,Nadia Benjelloun,45-54,m,Fès,marketplace,2026-05-08,9999-12-31,True,Bronze,
3431,C03222,Nawal El Idrissi,45-54,m,El Jadida,marketplace,2026-05-08,9999-12-31,True,Bronze,
3432,C05368,Said Chraibi,45-54,f,Tanger,marketplace,2026-05-08,9999-12-31,True,Bronze,
3433,C07531,Imad Bouzid,35-44,m,Tanger,referral,2026-05-08,9999-12-31,True,Bronze,
3434,C05484,Hamza Benjelloun,25-34,f,Tanger,social_media,2026-05-08,9999-12-31,True,Bronze,
3435,C01567,Driss Benjelloun,35-44,f,Marrakech,referral,2026-05-08,9999-12-31,True,Bronze,
3436,C04291,Hind Amrani,55-64,f,Tanger,referral,2026-05-08,9999-12-31,True,Bronze,
3437,C06344,Hassan Ouahbi,25-34,m,Meknès,web,2026-05-08,9999-12-31,True,Bronze,
3438,C01649,Hind Chraibi,45-54,f,Fès,mobile,2026-05-08,9999-12-31,True,Bronze,
3439,C05250,Sara El Ouazzani,25-34,m,El Jadida,web,2026-05-08,9999-12-31,True,Bronze,
3440,C01194,Nawal Benjelloun,55-64,m,Béni Mellal,social_media,2026-05-08,9999-12-31,True,Bronze,
3441,C06965,Karim Naciri,35-44,f,Agadir,referral,2026-05-08,9999-12-31,True,Bronze,
3442,C05842,Amine El Mansouri,18-24,m,Tanger,referral,2026-05-08,9999-12-31,True,Bronze,
3443,C03302,Mohamed Sefrioui,25-34,m,Rabat,mobile,2026-05-08,9999-12-31,True,Bronze,
3444,C05885,Dounia Sefrioui,18-24,m,Nador,referral,2026-05-08,9999-12-31,True,Bronze,
3445,C05012,Nabil Cherkaoui,35-44,f,Tanger,mobile,2026-05-08,9999-12-31,True,Bronze,
3446,C02610,Amine Bouzid,25-34,m,Marrakech,web,2026-05-08,9999-12-31,True,Bronze,
3447,C00930,Samira Lahlou,25-34,m,Safi,web,2026-05-08,9999-12-31,True,Bronze,
3448,C07305,Zineb Bouzid,18-24,f,Oujda,web,2026-05-08,9999-12-31,True,Bronze,
3449,C04833,Mehdi Tazi,35-44,m,Kénitra,social_media,2026-05-08,9999-12-31,True,Bronze,
3450,C06290,Mehdi Skalli,35-44,m,Tétouan,referral,2026-05-08,9999-12-31,True,Bronze,
3451,C03796,Asmae Chraibi,35-44,f,Tanger,web,2026-05-08,9999-12-31,True,Bronze,
3452,C03582,Nawal Chraibi,25-34,f,Casablanca,web,2026-05-08,9999-12-31,True,Bronze,
3453,C03369,Driss Alaoui,45-54,m,Rabat,mobile,2026-05-08,9999-12-31,True,Bronze,
3454,C00612,Driss Amrani,25-34,f,Béni Mellal,marketplace,2026-05-08,9999-12-31,True,Bronze,
3455,C01964,Amina Haddad,35-44,m,Casablanca,referral,2026-05-08,9999-12-31,True,Bronze,
3456,C00398,Laila Filali,35-44,m,Marrakech,web,2026-05-08,9999-12-31,True,Bronze,
3457,C01075,Imad Tahiri,25-34,m,El Jadida,referral,2026-05-08,9999-12-31,True,Bronze,
3458,C03056,Rim Haddad,25-34,m,Oujda,mobile,2026-05-08,9999-12-31,True,Bronze,
3459,C06105,Dounia Fassi Fihri,45-54,m,Marrakech,marketplace,2026-05-08,9999-12-31,True,Bronze,
3460,C07139,Amine Rahmouni,18-24,m,Oujda,marketplace,2026-05-08,9999-12-31,True,Bronze,
3461,C01746,Khalid El Amrani,25-34,m,Tanger,social_media,2026-05-08,9999-12-31,True,Bronze,
3462,C06703,Rachid Sefrioui,18-24,m,Nador,social_media,2026-05-08,9999-12-31,True,Bronze,
3463,C05954,Omar Benali,55-64,f,Oujda,marketplace,2026-05-08,9999-12-31,True,Bronze,
3464,C03648,Sara Cherkaoui,45-54,m,Tétouan,social_media,2026-05-08,9999-12-31,True,Bronze,
3465,C05950,Soufiane Alaoui,55-64,m,Marrakech,social_media,2026-05-08,9999-12-31,True,Bronze,
3466,C03572,Sanae Ziani,55-64,f,Safi,marketplace,2026-05-08,9999-12-31,True,Bronze,
3467,C06989,Meryem Ziani,35-44,f,Tanger,web,2026-05-08,9999-12-31,True,Bronze,
3468,C05639,Said Cherkaoui,45-54,m,Kénitra,web,2026-05-08,9999-12-31,True,Bronze,
3469,C03248,Ghita Filali,18-24,m,Rabat,marketplace,2026-05-08,9999-12-31,True,Bronze,
3470,C01129,Driss Skalli,45-54,f,Tétouan,referral,2026-05-08,9999-12-31,True,Bronze,
3471,C02937,Imad Cherkaoui,55-64,m,El Jadida,referral,2026-05-08,9999-12-31,True,Bronze,
3472,C02054,Brahim El Mansouri,45-54,m,Casablanca,web,2026-05-08,9999-12-31,True,Bronze,
3473,C02177,Dounia El Amrani,Non renseigné,f,Tanger,web,2026-05-08,9999-12-31,True,Bronze,
3474,C05115,Nabil Ziani,55-64,m,Marrakech,marketplace,2026-05-08,9999-12-31,True,Bronze,
3475,C04154,Hind Alaoui,18-24,m,Rabat,social_media,2026-05-08,9999-12-31,True,Bronze,
3476,C03965,Khalid Filali,45-54,f,Tanger,referral,2026-05-08,9999-12-31,True,Bronze,
3477,C04819,Wafae Bennani,55-64,m,Marrakech,mobile,2026-05-08,9999-12-31,True,Bronze,
3478,C06513,Omar Cherkaoui,55-64,f,Marrakech,mobile,2026-05-08,9999-12-31,True,Bronze,
3479,C07927,Mustapha Tazi,25-34,f,Fès,social_media,2026-05-08,9999-12-31,True,Bronze,
3480,C02820,Karim Skalli,35-44,f,Casablanca,marketplace,2026-05-08,9999-12-31,True,Bronze,
3481,C06874,Nadia Tahiri,35-44,m,Nador,social_media,2026-05-08,9999-12-31,True,Bronze,
3482,C04327,Sara Kettani,18-24,m,Tanger,mobile,2026-05-08,9999-12-31,True,Bronze,
3483,C00211,Amina Filali,35-44,f,Rabat,mobile,2026-05-08,9999-12-31,True,Bronze,
3484,C02229,Hassan Naciri,65+,f,Casablanca,referral,2026-05-08,9999-12-31,True,Bronze,
3485,C04460,Hind Kettani,25-34,m,Mohammedia,referral,2026-05-08,9999-12-31,True,Bronze,
3486,C04098,Hamza Ouahbi,35-44,f,Tétouan,referral,2026-05-08,9999-12-31,True,Bronze,
3487,C06789,Said Cherkaoui,18-24,m,Rabat,social_media,2026-05-08,9999-12-31,True,Bronze,
3488,C02726,Fatima El Ouazzani,35-44,m,El Jadida,web,2026-05-08,9999-12-31,True,Bronze,
3489,C00986,Zakaria El Mansouri,55-64,f,Tanger,social_media,2026-05-08,9999-12-31,True,Bronze,
3490,C01923,Driss Bouazza,55-64,f,Marrakech,mobile,2026-05-08,9999-12-31,True,Bronze,
3491,C00731,Wafae Tazi,45-54,m,Casablanca,web,2026-05-08,9999-12-31,True,Bronze,
3492,C06121,Hamza Benali,55-64,f,Fès,mobile,2026-05-08,9999-12-31,True,Bronze,
3493,C02468,Khadija El Amrani,18-24,m,Rabat,referral,2026-05-08,9999-12-31,True,Bronze,
3494,C06376,Asmae El Idrissi,18-24,m,Marrakech,web,2026-05-08,9999-12-31,True,Bronze,
3495,C05109,Brahim Skalli,Non renseigné,m,Tétouan,web,2026-05-08,9999-12-31,True,Bronze,
3496,C02823,Ghita Tazi,55-64,m,El Jadida,marketplace,2026-05-08,9999-12-31,True,Bronze,
3497,C02782,Amine Skalli,18-24,f,Marrakech,mobile,2026-05-08,9999-12-31,True,Bronze,
3498,C04768,Rim Cherkaoui,55-64,m,Casablanca,referral,2026-05-08,9999-12-31,True,Bronze,
3499,C02643,Ilham Berrada,35-44,f,Tanger,referral,2026-05-08,9999-12-31,True,Bronze,
3500,C03119,Omar El Amrani,55-64,m,Tanger,marketplace,2026-05-08,9999-12-31,True,Bronze,
3501,C05703,Nawal Fassi Fihri,25-34,f,Tanger,marketplace,2026-05-08,9999-12-31,True,Bronze,
3502,C00775,Salma Tahiri,25-34,m,Marrakech,web,2026-05-08,9999-12-31,True,Bronze,
3503,C04175,Driss Benali,35-44,m,Tanger,social_media,2026-05-08,9999-12-31,True,Bronze,
3504,C02190,Sanae El Idrissi,35-44,m,Rabat,mobile,2026-05-08,9999-12-31,True,Bronze,
3505,C04885,Dounia Cherkaoui,35-44,f,Tanger,marketplace,2026-05-08,9999-12-31,True,Bronze,
3506,C07453,Soufiane Ziani,25-34,m,Fès,marketplace,2026-05-08,9999-12-31,True,Bronze,
3507,C01001,Nawal Bouzid,35-44,m,Rabat,mobile,2026-05-08,9999-12-31,True,Bronze,
3508,C05289,Imad Rahmouni,35-44,m,Casablanca,referral,2026-05-08,9999-12-31,True,Bronze,
3509,C07810,Driss Alaoui,35-44,f,Fès,social_media,2026-05-08,9999-12-31,True,Bronze,
3510,C03511,Reda Naciri,45-54,m,Béni Mellal,web,2026-05-08,9999-12-31,True,Bronze,
3511,C02315,Driss Cherkaoui,18-24,m,Marrakech,referral,2026-05-08,9999-12-31,True,Bronze,
3512,C04288,Nabil Lahlou,25-34,f,Safi,referral,2026-05-08,9999-12-31,True,Bronze,
3513,C06130,Sara Benkirane,35-44,f,El Jadida,referral,2026-05-08,9999-12-31,True,Bronze,
3514,C03563,Sanae Benali,25-34,m,Agadir,marketplace,2026-05-08,9999-12-31,True,Bronze,
3515,C07253,Mohamed El Idrissi,55-64,m,Marrakech,referral,2026-05-08,9999-12-31,True,Bronze,
3516,C00363,Brahim Tahiri,45-54,m,Marrakech,referral,2026-05-08,9999-12-31,True,Bronze,
3517,C03409,Loubna Tahiri,55-64,f,Casablanca,mobile,2026-05-08,9999-12-31,True,Bronze,
3518,C03194,Karim Bennani,55-64,f,Rabat,marketplace,2026-05-08,9999-12-31,True,Bronze,
3519,C03421,Reda El Mansouri,25-34,m,Marrakech,referral,2026-05-08,9999-12-31,True,Bronze,
3520,C02094,Khadija Berrada,55-64,m,Tanger,referral,2026-05-08,9999-12-31,True,Bronze,
3521,C02970,Soufiane Fassi Fihri,45-54,m,Safi,web,2026-05-08,9999-12-31,True,Bronze,
3522,C00381,Ghita Rahmouni,35-44,m,El Jadida,social_media,2026-05-08,9999-12-31,True,Bronze,
3523,C07871,Nabil Rahmouni,35-44,m,Fès,web,2026-05-08,9999-12-31,True,Bronze,
3524,C05253,Brahim Tazi,25-34,m,Rabat,social_media,2026-05-08,9999-12-31,True,Bronze,
3525,C06305,Laila Filali,55-64,f,Rabat,web,2026-05-08,9999-12-31,True,Bronze,
3526,C06034,Imad Amrani,18-24,f,Fès,social_media,2026-05-08,9999-12-31,True,Bronze,
3527,C01834,Said Alaoui,35-44,f,Tanger,mobile,2026-05-08,9999-12-31,True,Bronze,
3528,C03757,Dounia Haddad,45-54,m,Rabat,referral,2026-05-08,9999-12-31,True,Bronze,
3529,C00713,Ahmed El Mansouri,35-44,f,Casablanca,mobile,2026-05-08,9999-12-31,True,Bronze,
3530,C02671,Zakaria Tahiri,55-64,m,Meknès,mobile,2026-05-08,9999-12-31,True,Bronze,
3531,C02925,Laila Tahiri,25-34,f,Fès,mobile,2026-05-08,9999-12-31,True,Bronze,
3532,C04930,Laila Skalli,18-24,f,Casablanca,marketplace,2026-05-08,9999-12-31,True,Bronze,
3533,C01725,Ghita Bennani,18-24,m,Tanger,web,2026-05-08,9999-12-31,True,Bronze,
3534,C01631,Houda Tazi,55-64,m,Fès,social_media,2026-05-08,9999-12-31,True,Bronze,
3535,C05207,Ali Tazi,25-34,f,Tanger,referral,2026-05-08,9999-12-31,True,Bronze,
3536,C02594,Adil Kettani,45-54,m,Kénitra,referral,2026-05-08,9999-12-31,True,Bronze,
3537,C05579,Zakaria Ziani,25-34,m,Béni Mellal,web,2026-05-08,9999-12-31,True,Bronze,
3538,C03900,Zakaria Tazi,45-54,m,Tanger,marketplace,2026-05-08,9999-12-31,True,Bronze,
3539,C00439,Meryem Sefrioui,45-54,f,Tanger,web,2026-05-08,9999-12-31,True,Bronze,
3540,C01536,Hind Benali,35-44,m,Rabat,social_media,2026-05-08,9999-12-31,True,Bronze,
3541,C05376,Zineb Benali,55-64,m,Marrakech,mobile,2026-05-08,9999-12-31,True,Bronze,
3542,C07387,Khalid Ouahbi,35-44,m,Oujda,web,2026-05-08,9999-12-31,True,Bronze,
3543,C02043,Houda Berrada,25-34,m,Mohammedia,marketplace,2026-05-08,9999-12-31,True,Bronze,
3544,C07646,Asmae El Idrissi,Non renseigné,m,Fès,web,2026-05-08,9999-12-31,True,Bronze,
3545,C07667,Khalid Cherkaoui,45-54,m,Tanger,referral,2026-05-08,9999-12-31,True,Bronze,
3546,C02686,Mehdi Kettani,25-34,f,Tanger,referral,2026-05-08,9999-12-31,True,Bronze,
3547,C05359,Said El Amrani,25-34,m,Marrakech,web,2026-05-08,9999-12-31,True,Bronze,
3548,C06202,Reda El Mansouri,35-44,f,Safi,web,2026-05-08,9999-12-31,True,Bronze,
3549,C07953,Zakaria Bouzid,45-54,m,Casablanca,social_media,2026-05-08,9999-12-31,True,Bronze,
3550,C05511,Asmae Amrani,55-64,f,Marrakech,social_media,2026-05-08,9999-12-31,True,Bronze,
3551,C03913,Dounia Filali,45-54,m,Tanger,social_media,2026-05-08,9999-12-31,True,Bronze,
3552,C04231,Houda Ziani,18-24,m,Casablanca,mobile,2026-05-08,9999-12-31,True,Bronze,
3553,C00788,Nabil Chraibi,35-44,f,Tanger,marketplace,2026-05-08,9999-12-31,True,Bronze,
3554,C05747,Driss Bennani,35-44,m,Marrakech,social_media,2026-05-08,9999-12-31,True,Bronze,
3555,C06472,Ahmed Ziani,35-44,f,Tanger,referral,2026-05-08,9999-12-31,True,Bronze,
3556,C02786,Hanane Ziani,55-64,m,Tanger,social_media,2026-05-08,9999-12-31,True,Bronze,
3557,C04558,Samira Haddad,65+,m,Meknès,referral,2026-05-08,9999-12-31,True,Bronze,
3558,C04571,Ghita Benkirane,25-34,f,El Jadida,mobile,2026-05-08,9999-12-31,True,Bronze,
3559,C05426,Said Rahmouni,55-64,m,Tanger,marketplace,2026-05-08,9999-12-31,True,Bronze,
3560,C04208,Khadija Ziani,18-24,m,Rabat,referral,2026-05-08,9999-12-31,True,Bronze,
3561,C03850,Karim Fassi Fihri,25-34,f,Casablanca,social_media,2026-05-08,9999-12-31,True,Bronze,
3562,C06671,Sara Benkirane,35-44,m,Casablanca,web,2026-05-08,9999-12-31,True,Bronze,
3563,C05007,Samira El Ouazzani,35-44,f,Agadir,social_media,2026-05-08,9999-12-31,True,Bronze,
3564,C01241,Ahmed Haddad,18-24,m,Tanger,marketplace,2026-05-08,9999-12-31,True,Bronze,
3565,C07408,Zineb El Idrissi,45-54,m,Mohammedia,mobile,2026-05-08,9999-12-31,True,Bronze,
3566,C01994,Amina Benjelloun,45-54,m,Kénitra,web,2026-05-08,9999-12-31,True,Bronze,
3567,C07184,Laila Bouzid,25-34,m,Marrakech,referral,2026-05-08,9999-12-31,True,Bronze,
3568,C02881,Ali Amrani,45-54,m,Casablanca,web,2026-05-08,9999-12-31,True,Bronze,
3569,C06124,Loubna Lahlou,Non renseigné,m,Rabat,social_media,2026-05-08,9999-12-31,True,Bronze,
3570,C07673,Loubna Lahlou,45-54,f,Fès,referral,2026-05-08,9999-12-31,True,Bronze,
3571,C01719,Amina Filali,25-34,f,Rabat,social_media,2026-05-08,9999-12-31,True,Bronze,
3572,C06945,Khalid Tazi,65+,m,Tétouan,referral,2026-05-08,9999-12-31,True,Bronze,
3573,C03337,Nawal Amrani,45-54,m,Fès,social_media,2026-05-08,9999-12-31,True,Bronze,
3574,C03772,Mehdi Alaoui,18-24,m,Marrakech,social_media,2026-05-08,9999-12-31,True,Bronze,
3575,C06523,Hind Cherkaoui,45-54,f,Rabat,social_media,2026-05-08,9999-12-31,True,Bronze,
3576,C03598,Said Tazi,35-44,f,Tétouan,referral,2026-05-08,9999-12-31,True,Bronze,
3577,C04182,Karim Tazi,35-44,m,Kénitra,referral,2026-05-08,9999-12-31,True,Bronze,
3578,C05332,Dounia Benkirane,25-34,f,Oujda,marketplace,2026-05-08,9999-12-31,True,Bronze,
3579,C02123,Ahmed Bouzid,35-44,f,Agadir,mobile,2026-05-08,9999-12-31,True,Bronze,
3580,C03368,Ahmed El Mansouri,55-64,f,Agadir,social_media,2026-05-08,9999-12-31,True,Bronze,
3581,C03699,Amine Benali,55-64,f,Meknès,referral,2026-05-08,9999-12-31,True,Bronze,
3582,C03532,Mustapha Bouazza,55-64,m,Fès,referral,2026-05-08,9999-12-31,True,Bronze,
3583,C07430,Mustapha El Idrissi,55-64,f,Fès,referral,2026-05-08,9999-12-31,True,Bronze,
3584,C06462,Rachid El Mansouri,18-24,m,Oujda,marketplace,2026-05-08,9999-12-31,True,Bronze,
3585,C06987,Zakaria Tazi,25-34,f,Tanger,referral,2026-05-08,9999-12-31,True,Bronze,
3586,C05407,Zineb Alaoui,55-64,f,Fès,referral,2026-05-08,9999-12-31,True,Bronze,
3587,C04239,Amine Kettani,18-24,f,Fès,referral,2026-05-08,9999-12-31,True,Bronze,
3588,C00281,Hamza Ziani,35-44,m,Casablanca,mobile,2026-05-08,9999-12-31,True,Bronze,
3589,C05328,Hamza Benali,45-54,m,Oujda,marketplace,2026-05-08,9999-12-31,True,Bronze,
3590,C05616,Hanane El Idrissi,45-54,m,Tanger,marketplace,2026-05-08,9999-12-31,True,Bronze,
3591,C07574,Meryem Cherkaoui,55-64,m,Meknès,mobile,2026-05-08,9999-12-31,True,Bronze,
3592,C04367,Zakaria Bouzid,45-54,m,Marrakech,mobile,2026-05-08,9999-12-31,True,Bronze,
3593,C02549,Ahmed Lahlou,35-44,m,Fès,web,2026-05-08,9999-12-31,True,Bronze,
3594,C00394,Nabil Bouzid,35-44,f,Tanger,web,2026-05-08,9999-12-31,True,Bronze,
3595,C07699,Ghita Ziani,55-64,m,Fès,mobile,2026-05-08,9999-12-31,True,Bronze,
3596,C06383,Nawal Fassi Fihri,18-24,m,Casablanca,social_media,2026-05-08,9999-12-31,True,Bronze,
3597,C02378,Youssef Rahmouni,45-54,m,Casablanca,referral,2026-05-08,9999-12-31,True,Bronze,
3598,C07631,Salma Amrani,45-54,f,Tanger,referral,2026-05-08,9999-12-31,True,Bronze,
3599,C00952,Khadija Tahiri,18-24,m,Marrakech,social_media,2026-05-08,9999-12-31,True,Bronze,
3600,C02035,Houda Kettani,25-34,m,Nador,web,2026-05-08,9999-12-31,True,Bronze,
3601,C06536,Mohamed Cherkaoui,25-34,m,Casablanca,marketplace,2026-05-08,9999-12-31,True,Bronze,
3602,C00076,Ilham Haddad,45-54,m,Tétouan,mobile,2026-05-08,9999-12-31,True,Bronze,
3603,C05371,Asmae Berrada,18-24,f,Tanger,web,2026-05-08,9999-12-31,True,Bronze,
3604,C03701,Loubna Bennani,25-34,m,Casablanca,social_media,2026-05-08,9999-12-31,True,Bronze,
3605,C07942,Soufiane Cherkaoui,45-54,f,Nador,social_media,2026-05-08,9999-12-31,True,Bronze,
3606,C04389,Mehdi Tazi,35-44,m,Rabat,mobile,2026-05-08,9999-12-31,True,Bronze,
3607,C05920,Mehdi Alaoui,45-54,m,Fès,mobile,2026-05-08,9999-12-31,True,Bronze,
3608,C05477,Mehdi Sefrioui,45-54,f,Rabat,social_media,2026-05-08,9999-12-31,True,Bronze,
3609,C01982,Zakaria Tahiri,55-64,m,Marrakech,marketplace,2026-05-08,9999-12-31,True,Bronze,
3610,C04545,Imad Naciri,35-44,m,Tétouan,web,2026-05-08,9999-12-31,True,Bronze,
3611,C04925,Hamza Tahiri,45-54,m,El Jadida,social_media,2026-05-08,9999-12-31,True,Bronze,
3612,C02949,Meryem Tahiri,65+,f,Tanger,marketplace,2026-05-08,9999-12-31,True,Bronze,
3613,C06780,Loubna Benali,18-24,m,Kénitra,social_media,2026-05-08,9999-12-31,True,Bronze,
3614,C00376,Hassan El Amrani,35-44,f,Fès,web,2026-05-08,9999-12-31,True,Bronze,
3615,C00199,Hind Tazi,45-54,m,Kénitra,mobile,2026-05-08,9999-12-31,True,Bronze,
3616,C06947,Brahim Chraibi,18-24,f,Tanger,referral,2026-05-08,9999-12-31,True,Bronze,
3617,C02338,Said Alaoui,18-24,f,Fès,social_media,2026-05-08,9999-12-31,True,Bronze,
3618,C03535,Reda Ouahbi,25-34,m,Safi,marketplace,2026-05-08,9999-12-31,True,Bronze,
3619,C00283,Hind Bouazza,45-54,m,Tanger,referral,2026-05-08,9999-12-31,True,Bronze,
3620,C01597,Said Lahlou,25-34,f,Nador,web,2026-05-08,9999-12-31,True,Bronze,
3621,C01532,Hamza Chraibi,25-34,f,Casablanca,web,2026-05-08,9999-12-31,True,Bronze,
3622,C01365,Nabil Bennani,45-54,m,Tanger,mobile,2026-05-08,9999-12-31,True,Bronze,
3623,C02044,Khalid Fassi Fihri,45-54,f,Rabat,mobile,2026-05-08,9999-12-31,True,Bronze,
3624,C03184,Brahim Lahlou,55-64,m,Tanger,marketplace,2026-05-08,9999-12-31,True,Bronze,
3625,C07209,Khadija Ouahbi,55-64,f,Tanger,referral,2026-05-08,9999-12-31,True,Bronze,
3626,C02639,Nawal Cherkaoui,45-54,f,Mohammedia,social_media,2026-05-08,9999-12-31,True,Bronze,
3627,C02283,Hassan Tahiri,18-24,m,Tanger,referral,2026-05-08,9999-12-31,True,Bronze,
3628,C06060,Zakaria Berrada,25-34,f,Marrakech,social_media,2026-05-08,9999-12-31,True,Bronze,
3629,C05621,Houda Bouazza,55-64,f,Casablanca,referral,2026-05-08,9999-12-31,True,Bronze,
3630,C00133,Khadija El Amrani,45-54,f,Fès,mobile,2026-05-08,9999-12-31,True,Bronze,
3631,C04157,Samira El Amrani,55-64,f,Oujda,web,2026-05-08,9999-12-31,True,Bronze,
3632,C03466,Ilham Tazi,25-34,m,Béni Mellal,marketplace,2026-05-08,9999-12-31,True,Bronze,
3633,C05878,Laila El Ouazzani,35-44,f,Mohammedia,web,2026-05-08,9999-12-31,True,Bronze,
3634,C06863,Reda Lahlou,18-24,m,Fès,marketplace,2026-05-08,9999-12-31,True,Bronze,
3635,C02748,Rachid El Ouazzani,45-54,f,Marrakech,referral,2026-05-08,9999-12-31,True,Bronze,
3636,C04409,Amina Benkirane,35-44,f,Marrakech,web,2026-05-08,9999-12-31,True,Bronze,
3637,C02249,Khalid Ziani,55-64,m,Casablanca,referral,2026-05-08,9999-12-31,True,Bronze,
3638,C05929,Hamza Chraibi,45-54,m,Oujda,marketplace,2026-05-08,9999-12-31,True,Bronze,
3639,C00366,Zakaria Benkirane,65+,f,Rabat,social_media,2026-05-08,9999-12-31,True,Bronze,
3640,C02428,Samira Cherkaoui,55-64,f,Tanger,referral,2026-05-08,9999-12-31,True,Bronze,
3641,C06518,Houda Sefrioui,25-34,m,Tanger,mobile,2026-05-08,9999-12-31,True,Bronze,
3642,C07726,Said Alaoui,25-34,f,Tanger,marketplace,2026-05-08,9999-12-31,True,Bronze,
3643,C00739,Ali Ouahbi,25-34,f,Tanger,referral,2026-05-08,9999-12-31,True,Bronze,
3644,C04421,Nadia Cherkaoui,65+,f,El Jadida,referral,2026-05-08,9999-12-31,True,Bronze,
3645,C04785,Hassan Tazi,25-34,m,Béni Mellal,social_media,2026-05-08,9999-12-31,True,Bronze,
3646,C06888,Nadia Bouazza,Non renseigné,f,Marrakech,web,2026-05-08,9999-12-31,True,Bronze,
3647,C05902,Imad Benjelloun,45-54,m,Casablanca,referral,2026-05-08,9999-12-31,True,Bronze,
3648,C06458,Dounia Ziani,35-44,f,Tanger,referral,2026-05-08,9999-12-31,True,Bronze,
3649,C00845,Zakaria Kettani,45-54,m,Tétouan,marketplace,2026-05-08,9999-12-31,True,Bronze,
3650,C01765,Hanane Benjelloun,45-54,m,Safi,marketplace,2026-05-08,9999-12-31,True,Bronze,
3651,C00771,Imad El Idrissi,35-44,m,Rabat,web,2026-05-08,9999-12-31,True,Bronze,
3652,C02169,Loubna Fassi Fihri,65+,m,Tanger,mobile,2026-05-08,9999-12-31,True,Bronze,
3653,C01083,Amine El Mansouri,25-34,m,Meknès,web,2026-05-08,9999-12-31,True,Bronze,
3654,C05844,Adil Chraibi,35-44,m,Rabat,marketplace,2026-05-08,9999-12-31,True,Bronze,
3655,C04612,Hassan Skalli,35-44,m,Agadir,web,2026-05-08,9999-12-31,True,Bronze,
3656,C01816,Mustapha Haddad,25-34,m,Casablanca,referral,2026-05-08,9999-12-31,True,Bronze,
3657,C07919,Imad Benali,55-64,f,Fès,mobile,2026-05-08,9999-12-31,True,Bronze,
3658,C00869,Mehdi El Ouazzani,35-44,m,Casablanca,referral,2026-05-08,9999-12-31,True,Bronze,
3659,C02184,Soufiane Chraibi,45-54,f,Casablanca,social_media,2026-05-08,9999-12-31,True,Bronze,
3660,C04132,Mehdi El Mansouri,35-44,f,Fès,social_media,2026-05-08,9999-12-31,True,Bronze,
3661,C03102,Ghita Cherkaoui,55-64,f,Nador,mobile,2026-05-08,9999-12-31,True,Bronze,
3662,C03481,Reda Rahmouni,35-44,m,Tanger,social_media,2026-05-08,9999-12-31,True,Bronze,
3663,C06699,Sara Benjelloun,25-34,f,Tanger,referral,2026-05-08,9999-12-31,True,Bronze,
3664,C07775,Reda Filali,45-54,f,Rabat,marketplace,2026-05-08,9999-12-31,True,Bronze,
3665,C00466,Zakaria El Idrissi,45-54,m,Tanger,social_media,2026-05-08,9999-12-31,True,Bronze,
3666,C01011,Youssef Amrani,35-44,m,El Jadida,referral,2026-05-08,9999-12-31,True,Bronze,
3667,C00255,Samira Benkirane,18-24,m,Mohammedia,marketplace,2026-05-08,9999-12-31,True,Bronze,
3668,C00254,Fatima Benali,18-24,f,Tanger,mobile,2026-05-08,9999-12-31,True,Bronze,
3669,C04410,Adil Tahiri,55-64,m,Marrakech,referral,2026-05-08,9999-12-31,True,Bronze,
3670,C07528,Houda Amrani,25-34,f,Casablanca,web,2026-05-08,9999-12-31,True,Bronze,
3671,C00305,Rachid Amrani,35-44,m,Tanger,marketplace,2026-05-08,9999-12-31,True,Bronze,
3672,C07237,Adil Tahiri,45-54,m,Fès,web,2026-05-08,9999-12-31,True,Bronze,
3673,C01966,Ali Rahmouni,35-44,m,Kénitra,referral,2026-05-08,9999-12-31,True,Bronze,
3674,C05752,Mustapha Bennani,35-44,f,Marrakech,social_media,2026-05-08,9999-12-31,True,Bronze,
3675,C04236,Zakaria El Idrissi,45-54,m,Safi,web,2026-05-08,9999-12-31,True,Bronze,
3676,C03138,Ghita El Amrani,18-24,m,Tanger,referral,2026-05-08,9999-12-31,True,Bronze,
3677,C02199,Fatima Fassi Fihri,Non renseigné,m,Tanger,web,2026-05-08,9999-12-31,True,Bronze,
3678,C06847,Adil Chraibi,18-24,m,Casablanca,web,2026-05-08,9999-12-31,True,Bronze,
3679,C01930,Reda Ouahbi,55-64,m,Rabat,marketplace,2026-05-08,9999-12-31,True,Bronze,
3680,C06116,Youssef El Ouazzani,25-34,m,Casablanca,mobile,2026-05-08,9999-12-31,True,Bronze,
3681,C01540,Said Filali,35-44,m,Mohammedia,web,2026-05-08,9999-12-31,True,Bronze,
3682,C02664,Wafae Ziani,18-24,m,Rabat,web,2026-05-08,9999-12-31,True,Bronze,
3683,C03454,Karim Kettani,25-34,f,Fès,web,2026-05-08,9999-12-31,True,Bronze,
3684,C06228,Amine Alaoui,18-24,m,Casablanca,web,2026-05-08,9999-12-31,True,Bronze,
3685,C02194,Zineb Filali,55-64,f,Agadir,referral,2026-05-08,9999-12-31,True,Bronze,
3686,C05128,Houda Amrani,35-44,f,Tétouan,social_media,2026-05-08,9999-12-31,True,Bronze,
3687,C06189,Hassan Filali,18-24,m,El Jadida,referral,2026-05-08,9999-12-31,True,Bronze,
3688,C04903,Reda Tazi,65+,m,Casablanca,web,2026-05-08,9999-12-31,True,Bronze,
3689,C00692,Loubna Bennani,45-54,f,Béni Mellal,marketplace,2026-05-08,9999-12-31,True,Bronze,
3690,C07412,Amine Ouahbi,45-54,f,Marrakech,social_media,2026-05-08,9999-12-31,True,Bronze,
3691,C06750,Dounia Ouahbi,25-34,f,Meknès,mobile,2026-05-08,9999-12-31,True,Bronze,
3692,C01301,Khalid Fassi Fihri,18-24,m,Kénitra,marketplace,2026-05-08,9999-12-31,True,Bronze,
3693,C07415,Adil El Ouazzani,55-64,f,Oujda,marketplace,2026-05-08,9999-12-31,True,Bronze,
3694,C06664,Hassan Benkirane,25-34,f,Fès,web,2026-05-08,9999-12-31,True,Bronze,
3695,C07607,Laila Benali,55-64,m,Agadir,mobile,2026-05-08,9999-12-31,True,Bronze,
3696,C04864,Samira El Idrissi,Non renseigné,m,Nador,web,2026-05-08,9999-12-31,True,Bronze,
3697,C05194,Karim El Mansouri,45-54,f,Oujda,marketplace,2026-05-08,9999-12-31,True,Bronze,
3698,C00057,Asmae El Idrissi,55-64,f,Casablanca,referral,2026-05-08,9999-12-31,True,Bronze,
3699,C07054,Sara Ouahbi,35-44,f,Marrakech,marketplace,2026-05-08,9999-12-31,True,Bronze,
3700,C04802,Mustapha Fassi Fihri,25-34,f,Meknès,referral,2026-05-08,9999-12-31,True,Bronze,
3701,C03680,Driss Benali,55-64,m,Agadir,social_media,2026-05-08,9999-12-31,True,Bronze,
3702,C06471,Mehdi El Mansouri,18-24,m,Rabat,mobile,2026-05-08,9999-12-31,True,Bronze,
3703,C00966,Driss Lahlou,25-34,f,Safi,social_media,2026-05-08,9999-12-31,True,Bronze,
3704,C07151,Ahmed Skalli,18-24,m,Tanger,referral,2026-05-08,9999-12-31,True,Bronze,
3705,C01501,Ghita Chraibi,Non renseigné,m,El Jadida,web,2026-05-08,9999-12-31,True,Bronze,
3706,C02892,Driss Cherkaoui,55-64,m,Fès,web,2026-05-08,9999-12-31,True,Bronze,
3707,C07381,Omar Tazi,55-64,f,Tanger,social_media,2026-05-08,9999-12-31,True,Bronze,
3708,C07378,Mehdi Lahlou,55-64,m,Safi,web,2026-05-08,9999-12-31,True,Bronze,
3709,C07727,Laila Haddad,35-44,m,Fès,social_media,2026-05-08,9999-12-31,True,Bronze,
3710,C03418,Hassan El Ouazzani,18-24,m,Meknès,marketplace,2026-05-08,9999-12-31,True,Bronze,
3711,C01428,Reda Rahmouni,25-34,f,Fès,web,2026-05-08,9999-12-31,True,Bronze,
3712,C03706,Asmae El Mansouri,45-54,m,Tanger,mobile,2026-05-08,9999-12-31,True,Bronze,
3713,C02848,Meryem Naciri,18-24,m,Marrakech,mobile,2026-05-08,9999-12-31,True,Bronze,
3714,C06591,Nabil Benali,25-34,f,Safi,mobile,2026-05-08,9999-12-31,True,Bronze,
3715,C03848,Said Amrani,55-64,m,Tanger,web,2026-05-08,9999-12-31,True,Bronze,
3716,C03375,Dounia Kettani,45-54,m,Mohammedia,web,2026-05-08,9999-12-31,True,Bronze,
3717,C05718,Omar Bouazza,45-54,f,Oujda,social_media,2026-05-08,9999-12-31,True,Bronze,
3718,C04855,Soufiane Filali,45-54,f,Tanger,mobile,2026-05-08,9999-12-31,True,Bronze,
3719,C07957,Omar Ziani,45-54,f,Fès,referral,2026-05-08,9999-12-31,True,Bronze,
3720,C06632,Zineb Bouazza,55-64,m,Marrakech,social_media,2026-05-08,9999-12-31,True,Bronze,
3721,C05814,Mehdi Kettani,25-34,m,Tanger,marketplace,2026-05-08,9999-12-31,True,Bronze,
3722,C02930,Imad Lahlou,45-54,f,Fès,mobile,2026-05-08,9999-12-31,True,Bronze,
3723,C04224,Said Tahiri,Non renseigné,f,Rabat,mobile,2026-05-08,9999-12-31,True,Bronze,
3724,C04862,Imad Alaoui,55-64,f,Kénitra,referral,2026-05-08,9999-12-31,True,Bronze,
3725,C00231,Soufiane Alaoui,45-54,f,Kénitra,social_media,2026-05-08,9999-12-31,True,Bronze,
3726,C01738,Driss Benali,18-24,m,Marrakech,social_media,2026-05-08,9999-12-31,True,Bronze,
3727,C05631,Imad Tahiri,55-64,m,Nador,referral,2026-05-08,9999-12-31,True,Bronze,
3728,C01732,Soufiane Berrada,18-24,f,Tanger,social_media,2026-05-08,9999-12-31,True,Bronze,
3729,C01431,Karim Benjelloun,45-54,m,Tanger,mobile,2026-05-08,9999-12-31,True,Bronze,
3730,C04088,Mustapha Sefrioui,45-54,f,Rabat,social_media,2026-05-08,9999-12-31,True,Bronze,
3731,C07307,Nadia Lahlou,35-44,m,Marrakech,social_media,2026-05-08,9999-12-31,True,Bronze,
3732,C02259,Youssef Rahmouni,35-44,m,Mohammedia,social_media,2026-05-08,9999-12-31,True,Bronze,
3733,C00564,Meryem Naciri,55-64,f,Safi,marketplace,2026-05-08,9999-12-31,True,Bronze,
3734,C05856,Reda Ouahbi,55-64,m,Tanger,mobile,2026-05-08,9999-12-31,True,Bronze,
3735,C03067,Nabil Alaoui,25-34,f,Casablanca,social_media,2026-05-08,9999-12-31,True,Bronze,
3736,C07504,Karim Fassi Fihri,35-44,f,Agadir,social_media,2026-05-08,9999-12-31,True,Bronze,
3737,C05922,Ahmed Rahmouni,18-24,m,Casablanca,web,2026-05-08,9999-12-31,True,Bronze,
3738,C03308,Rachid El Idrissi,25-34,m,Marrakech,marketplace,2026-05-08,9999-12-31,True,Bronze,
3739,C07876,Omar Sefrioui,55-64,f,Rabat,social_media,2026-05-08,9999-12-31,True,Bronze,
3740,C01625,Youssef Ouahbi,35-44,m,Casablanca,marketplace,2026-05-08,9999-12-31,True,Bronze,
3741,C01833,Ilham El Ouazzani,18-24,f,Tanger,social_media,2026-05-08,9999-12-31,True,Bronze,
3742,C06479,Mustapha El Idrissi,45-54,m,Marrakech,marketplace,2026-05-08,9999-12-31,True,Bronze,
3743,C04090,Amina Benjelloun,18-24,f,Casablanca,web,2026-05-08,9999-12-31,True,Bronze,
3744,C04322,Reda Cherkaoui,35-44,m,Tanger,marketplace,2026-05-08,9999-12-31,True,Bronze,
3745,C04996,Rachid Benali,45-54,m,El Jadida,referral,2026-05-08,9999-12-31,True,Bronze,
3746,C03716,Nadia El Idrissi,35-44,m,Nador,marketplace,2026-05-08,9999-12-31,True,Bronze,
3747,C07396,Houda Benjelloun,45-54,m,Casablanca,mobile,2026-05-08,9999-12-31,True,Bronze,
3748,C07480,Said Benkirane,55-64,f,Nador,web,2026-05-08,9999-12-31,True,Bronze,
3749,C06490,Nadia Kettani,18-24,f,Casablanca,mobile,2026-05-08,9999-12-31,True,Bronze,
3750,C02753,Mohamed Ziani,35-44,f,Safi,web,2026-05-08,9999-12-31,True,Bronze,
3751,C03747,Mustapha Berrada,55-64,m,Meknès,web,2026-05-08,9999-12-31,True,Bronze,
3752,C06582,Omar Lahlou,25-34,f,Marrakech,mobile,2026-05-08,9999-12-31,True,Bronze,
3753,C04443,Nabil Haddad,45-54,m,Kénitra,mobile,2026-05-08,9999-12-31,True,Bronze,
3754,C06559,Nabil Berrada,25-34,m,Mohammedia,social_media,2026-05-08,9999-12-31,True,Bronze,
3755,C03403,Hanane El Ouazzani,18-24,m,Fès,referral,2026-05-08,9999-12-31,True,Bronze,
3756,C03037,Wafae Amrani,18-24,m,Agadir,mobile,2026-05-08,9999-12-31,True,Bronze,
3757,C00729,Hamza Chraibi,55-64,m,Casablanca,web,2026-05-08,9999-12-31,True,Bronze,
3758,C07545,Salma Amrani,35-44,m,Agadir,social_media,2026-05-08,9999-12-31,True,Bronze,
3759,C05198,Hamza El Ouazzani,25-34,m,Safi,web,2026-05-08,9999-12-31,True,Bronze,
3760,C03726,Asmae Haddad,35-44,m,Béni Mellal,marketplace,2026-05-08,9999-12-31,True,Bronze,
3761,C02354,Houda Benali,18-24,m,Casablanca,referral,2026-05-08,9999-12-31,True,Bronze,
3762,C04954,Khalid Kettani,65+,m,Marrakech,web,2026-05-08,9999-12-31,True,Bronze,
3763,C03881,Mustapha Filali,45-54,m,Rabat,social_media,2026-05-08,9999-12-31,True,Bronze,
3764,C02672,Hanane Sefrioui,35-44,m,Tanger,mobile,2026-05-08,9999-12-31,True,Bronze,
3765,C05221,Ghita Tazi,25-34,m,El Jadida,mobile,2026-05-08,9999-12-31,True,Bronze,
3766,C00562,Brahim Kettani,35-44,f,Casablanca,social_media,2026-05-08,9999-12-31,True,Bronze,
3767,C06586,Rim El Mansouri,35-44,f,Marrakech,marketplace,2026-05-08,9999-12-31,True,Bronze,
3768,C07691,Nawal Bennani,18-24,m,Fès,marketplace,2026-05-08,9999-12-31,True,Bronze,
3769,C05724,Youssef Chraibi,25-34,m,Fès,referral,2026-05-08,9999-12-31,True,Bronze,
3770,C02916,Mustapha Amrani,35-44,f,Rabat,referral,2026-05-08,9999-12-31,True,Bronze,
3771,C00460,Said Benjelloun,18-24,f,Safi,marketplace,2026-05-08,9999-12-31,True,Bronze,
3772,C01996,Mohamed Benjelloun,25-34,f,Marrakech,mobile,2026-05-08,9999-12-31,True,Bronze,
3773,C03324,Youssef Skalli,35-44,m,Agadir,marketplace,2026-05-08,9999-12-31,True,Bronze,
3774,C00809,Amina Kettani,35-44,f,El Jadida,web,2026-05-08,9999-12-31,True,Bronze,
3775,C06003,Mustapha El Idrissi,18-24,f,El Jadida,web,2026-05-08,9999-12-31,True,Bronze,
3776,C02454,Nawal Bouazza,55-64,f,Rabat,mobile,2026-05-08,9999-12-31,True,Bronze,
3777,C04150,Dounia Benkirane,55-64,f,Béni Mellal,referral,2026-05-08,9999-12-31,True,Bronze,
3778,C01460,Karim Bennani,18-24,m,Rabat,mobile,2026-05-08,9999-12-31,True,Bronze,
3779,C03325,Hind Alaoui,25-34,m,Rabat,mobile,2026-05-08,9999-12-31,True,Bronze,
3780,C01347,Zakaria Kettani,35-44,f,Nador,web,2026-05-08,9999-12-31,True,Bronze,
3781,C01042,Hind Skalli,55-64,f,Tanger,marketplace,2026-05-08,9999-12-31,True,Bronze,
3782,C01019,Omar Benkirane,18-24,f,Fès,social_media,2026-05-08,9999-12-31,True,Bronze,
3783,C03089,Loubna Cherkaoui,25-34,m,Safi,web,2026-05-08,9999-12-31,True,Bronze,
3784,C00593,Reda Amrani,18-24,f,Rabat,mobile,2026-05-08,9999-12-31,True,Bronze,
3785,C04477,Fatima Rahmouni,55-64,f,Casablanca,mobile,2026-05-08,9999-12-31,True,Bronze,
3786,C02836,Amina Skalli,65+,m,Tanger,marketplace,2026-05-08,9999-12-31,True,Bronze,
3787,C01978,Nawal Tazi,18-24,m,Safi,referral,2026-05-08,9999-12-31,True,Bronze,
3788,C07742,Ahmed Bouazza,55-64,f,Casablanca,marketplace,2026-05-08,9999-12-31,True,Bronze,
3789,C05868,Karim Tahiri,25-34,f,El Jadida,web,2026-05-08,9999-12-31,True,Bronze,
3790,C01872,Wafae Sefrioui,35-44,f,Casablanca,mobile,2026-05-08,9999-12-31,True,Bronze,
3791,C07713,Hind Kettani,25-34,f,Casablanca,web,2026-05-08,9999-12-31,True,Bronze,
3792,C05543,Asmae Kettani,55-64,m,Rabat,web,2026-05-08,9999-12-31,True,Bronze,
3793,C04738,Adil El Ouazzani,45-54,f,Tanger,web,2026-05-08,9999-12-31,True,Bronze,
3794,C06734,Soufiane Bennani,35-44,m,Kénitra,web,2026-05-08,9999-12-31,True,Bronze,
3795,C04770,Rim Skalli,65+,f,Agadir,marketplace,2026-05-08,9999-12-31,True,Bronze,
3796,C04740,Driss Tazi,55-64,m,Meknès,mobile,2026-05-08,9999-12-31,True,Bronze,
3797,C03983,Mehdi Sefrioui,45-54,f,Tanger,web,2026-05-08,9999-12-31,True,Bronze,
3798,C05755,Reda El Mansouri,55-64,f,Tanger,web,2026-05-08,9999-12-31,True,Bronze,
3799,C06663,Brahim Cherkaoui,18-24,m,Tanger,social_media,2026-05-08,9999-12-31,True,Bronze,
3800,C05608,Driss Kettani,35-44,f,Tétouan,social_media,2026-05-08,9999-12-31,True,Bronze,
3801,C00355,Imad El Ouazzani,55-64,f,Fès,social_media,2026-05-08,9999-12-31,True,Bronze,
3802,C06370,Loubna Haddad,25-34,f,Oujda,mobile,2026-05-08,9999-12-31,True,Bronze,
3803,C04248,Dounia Bouzid,25-34,m,Fès,web,2026-05-08,9999-12-31,True,Bronze,
3804,C02885,Mohamed El Mansouri,25-34,m,Fès,social_media,2026-05-08,9999-12-31,True,Bronze,
3805,C02406,Ali Benjelloun,25-34,f,Béni Mellal,referral,2026-05-08,9999-12-31,True,Bronze,
3806,C00003,Ghita El Mansouri,25-34,m,Tanger,marketplace,2026-05-08,9999-12-31,True,Bronze,
3807,C07020,Houda Benkirane,45-54,m,Safi,web,2026-05-08,9999-12-31,True,Bronze,
3808,C07905,Dounia Naciri,35-44,f,Tanger,social_media,2026-05-08,9999-12-31,True,Bronze,
3809,C02593,Zakaria Kettani,45-54,f,Casablanca,social_media,2026-05-08,9999-12-31,True,Bronze,
3810,C00626,Ali Sefrioui,35-44,m,Casablanca,mobile,2026-05-08,9999-12-31,True,Bronze,
3811,C07983,Loubna Kettani,45-54,m,Fès,social_media,2026-05-08,9999-12-31,True,Bronze,
3812,C00447,Said El Idrissi,18-24,f,Rabat,marketplace,2026-05-08,9999-12-31,True,Bronze,
3813,C04503,Amine Ouahbi,18-24,m,Tanger,referral,2026-05-08,9999-12-31,True,Bronze,
3814,C06832,Nadia El Ouazzani,25-34,f,Tétouan,mobile,2026-05-08,9999-12-31,True,Bronze,
3815,C07862,Sara Lahlou,55-64,m,Marrakech,social_media,2026-05-08,9999-12-31,True,Bronze,
3816,C04531,Mohamed Benjelloun,35-44,m,Rabat,social_media,2026-05-08,9999-12-31,True,Bronze,
3817,C01979,Hind Kettani,25-34,m,Tanger,mobile,2026-05-08,9999-12-31,True,Bronze,
3818,C06535,Loubna Ouahbi,18-24,f,Tétouan,social_media,2026-05-08,9999-12-31,True,Bronze,
3819,C01029,Ali Tazi,35-44,m,Agadir,social_media,2026-05-08,9999-12-31,True,Bronze,
3820,C07143,Imad Lahlou,35-44,m,Fès,marketplace,2026-05-08,9999-12-31,True,Bronze,
3821,C00494,Amine Benali,25-34,m,Béni Mellal,social_media,2026-05-08,9999-12-31,True,Bronze,
3822,C02935,Houda El Ouazzani,45-54,m,Marrakech,social_media,2026-05-08,9999-12-31,True,Bronze,
3823,C04562,Mustapha Berrada,55-64,m,Tanger,mobile,2026-05-08,9999-12-31,True,Bronze,
3824,C03835,Ali Rahmouni,45-54,m,Nador,referral,2026-05-08,9999-12-31,True,Bronze,
3825,C05680,Adil Berrada,35-44,m,Casablanca,mobile,2026-05-08,9999-12-31,True,Bronze,
3826,C06818,Driss Ziani,55-64,f,El Jadida,social_media,2026-05-08,9999-12-31,True,Bronze,
3827,C07456,Mustapha Bennani,55-64,m,Rabat,web,2026-05-08,9999-12-31,True,Bronze,
3828,C07292,Ilham Tahiri,55-64,m,Tanger,mobile,2026-05-08,9999-12-31,True,Bronze,
3829,C01499,Hamza Ouahbi,25-34,f,Rabat,social_media,2026-05-08,9999-12-31,True,Bronze,
3830,C04917,Sara Cherkaoui,25-34,m,Kénitra,mobile,2026-05-08,9999-12-31,True,Bronze,
3831,C05735,Soufiane Ouahbi,25-34,m,Casablanca,marketplace,2026-05-08,9999-12-31,True,Bronze,
3832,C01798,Ali Bouzid,45-54,f,Marrakech,web,2026-05-08,9999-12-31,True,Bronze,
3833,C03007,Nawal Alaoui,18-24,m,Tanger,social_media,2026-05-08,9999-12-31,True,Bronze,
3834,C01061,Salma Bouzid,35-44,f,Fès,referral,2026-05-08,9999-12-31,True,Bronze,
3835,C01006,Mohamed Sefrioui,25-34,m,Fès,mobile,2026-05-08,9999-12-31,True,Bronze,
3836,C02110,Rachid El Ouazzani,25-34,f,Fès,social_media,2026-05-08,9999-12-31,True,Bronze,
3837,C03585,Fatima El Idrissi,18-24,f,Casablanca,social_media,2026-05-08,9999-12-31,True,Bronze,
3838,C06375,Ali Bouzid,35-44,m,Rabat,web,2026-05-08,9999-12-31,True,Bronze,
3839,C06963,Reda Tahiri,45-54,f,Rabat,mobile,2026-05-08,9999-12-31,True,Bronze,
3840,C02793,Loubna Amrani,25-34,m,Fès,marketplace,2026-05-08,9999-12-31,True,Bronze,
3841,C05302,Fatima Benkirane,25-34,f,Rabat,web,2026-05-08,9999-12-31,True,Bronze,
3842,C02170,Adil Fassi Fihri,45-54,m,Rabat,web,2026-05-08,9999-12-31,True,Bronze,
3843,C02531,Hanane Filali,18-24,f,Fès,marketplace,2026-05-08,9999-12-31,True,Bronze,
3844,C01911,Amine Ziani,45-54,f,Nador,marketplace,2026-05-08,9999-12-31,True,Bronze,
3845,C02999,Imad El Amrani,45-54,m,Kénitra,mobile,2026-05-08,9999-12-31,True,Bronze,
3846,C06312,Wafae Amrani,25-34,f,Casablanca,marketplace,2026-05-08,9999-12-31,True,Bronze,
3847,C07169,Soufiane Tazi,55-64,f,Kénitra,marketplace,2026-05-08,9999-12-31,True,Bronze,
3848,C02670,Sanae Kettani,25-34,m,Fès,referral,2026-05-08,9999-12-31,True,Bronze,
3849,C01421,Reda Chraibi,25-34,m,Casablanca,referral,2026-05-08,9999-12-31,True,Bronze,
3850,C05272,Dounia Ouahbi,55-64,m,Fès,referral,2026-05-08,9999-12-31,True,Bronze,
3851,C07471,Mohamed Ziani,35-44,f,Oujda,mobile,2026-05-08,9999-12-31,True,Bronze,
3852,C07032,Brahim El Ouazzani,45-54,m,Fès,web,2026-05-08,9999-12-31,True,Bronze,
3853,C07029,Ghita Cherkaoui,55-64,m,Meknès,mobile,2026-05-08,9999-12-31,True,Bronze,
3854,C06022,Mehdi Benjelloun,18-24,m,Rabat,referral,2026-05-08,9999-12-31,True,Bronze,
3855,C02688,Salma Tahiri,45-54,m,Casablanca,marketplace,2026-05-08,9999-12-31,True,Bronze,
3856,C07841,Hamza Bouazza,45-54,f,Oujda,marketplace,2026-05-08,9999-12-31,True,Bronze,
3857,C06952,Hind El Mansouri,55-64,m,Rabat,marketplace,2026-05-08,9999-12-31,True,Bronze,
3858,C07637,Said Tazi,25-34,m,Agadir,mobile,2026-05-08,9999-12-31,True,Bronze,
3859,C07314,Imad El Mansouri,18-24,m,Meknès,marketplace,2026-05-08,9999-12-31,True,Bronze,
3860,C05497,Loubna El Mansouri,55-64,m,Nador,referral,2026-05-08,9999-12-31,True,Bronze,
3861,C03049,Driss El Mansouri,55-64,m,Meknès,marketplace,2026-05-08,9999-12-31,True,Bronze,
3862,C02459,Said Naciri,35-44,f,Casablanca,social_media,2026-05-08,9999-12-31,True,Bronze,
3863,C07246,Karim Sefrioui,25-34,m,Tétouan,web,2026-05-08,9999-12-31,True,Bronze,
3864,C04423,Rim Benjelloun,18-24,f,Fès,web,2026-05-08,9999-12-31,True,Bronze,
3865,C06499,Nadia Amrani,55-64,m,El Jadida,mobile,2026-05-08,9999-12-31,True,Bronze,
3866,C05709,Omar Benali,55-64,f,Marrakech,web,2026-05-08,9999-12-31,True,Bronze,
3867,C05522,Nawal Bouazza,25-34,f,Mohammedia,marketplace,2026-05-08,9999-12-31,True,Bronze,
3868,C02226,Samira Bennani,35-44,f,Tanger,social_media,2026-05-08,9999-12-31,True,Bronze,
3869,C02171,Khadija El Ouazzani,55-64,m,Béni Mellal,marketplace,2026-05-08,9999-12-31,True,Bronze,
3870,C01478,Adil Benali,35-44,f,Kénitra,referral,2026-05-08,9999-12-31,True,Bronze,
3871,C07813,Nabil Bouazza,35-44,f,Kénitra,mobile,2026-05-08,9999-12-31,True,Bronze,
3872,C07486,Khalid Kettani,55-64,f,Fès,web,2026-05-08,9999-12-31,True,Bronze,
3873,C02711,Reda Chraibi,45-54,m,El Jadida,referral,2026-05-08,9999-12-31,True,Bronze,
3874,C07045,Wafae Bouzid,45-54,m,Safi,mobile,2026-05-08,9999-12-31,True,Bronze,
3875,C00836,Ahmed Skalli,55-64,f,Marrakech,web,2026-05-08,9999-12-31,True,Bronze,
3876,C00313,Karim Tahiri,18-24,m,Agadir,marketplace,2026-05-08,9999-12-31,True,Bronze,
3877,C02704,Hanane Benali,25-34,m,Marrakech,mobile,2026-05-08,9999-12-31,True,Bronze,
3878,C06145,Ahmed Bennani,35-44,f,Fès,referral,2026-05-08,9999-12-31,True,Bronze,
3879,C00005,Zakaria Ouahbi,18-24,m,Rabat,web,2026-05-08,9999-12-31,True,Bronze,
3880,C02267,Hind Ouahbi,25-34,f,Mohammedia,referral,2026-05-08,9999-12-31,True,Bronze,
3881,C05165,Sara Kettani,25-34,f,Tanger,web,2026-05-08,9999-12-31,True,Bronze,
3882,C04983,Sara Amrani,18-24,f,Rabat,referral,2026-05-08,9999-12-31,True,Bronze,
3883,C07968,Ahmed Skalli,35-44,m,Mohammedia,marketplace,2026-05-08,9999-12-31,True,Bronze,
3884,C01686,Samira Amrani,55-64,m,Marrakech,social_media,2026-05-08,9999-12-31,True,Bronze,
3885,C02907,Sara El Ouazzani,45-54,f,Tanger,web,2026-05-08,9999-12-31,True,Bronze,
3886,C03100,Ali Filali,25-34,m,Rabat,mobile,2026-05-08,9999-12-31,True,Bronze,
3887,C07686,Karim Filali,25-34,f,Fès,marketplace,2026-05-08,9999-12-31,True,Bronze,
3888,C01168,Ali Bouzid,45-54,f,Béni Mellal,marketplace,2026-05-08,9999-12-31,True,Bronze,
3889,C04838,Hind Berrada,35-44,m,Tétouan,mobile,2026-05-08,9999-12-31,True,Bronze,
3890,C04961,Amina Benali,45-54,f,Tanger,social_media,2026-05-08,9999-12-31,True,Bronze,
3891,C02908,Nabil Cherkaoui,35-44,f,Fès,marketplace,2026-05-08,9999-12-31,True,Bronze,
3892,C03730,Asmae Tazi,35-44,m,Marrakech,referral,2026-05-08,9999-12-31,True,Bronze,
3893,C05245,Imad Chraibi,18-24,m,Tanger,social_media,2026-05-08,9999-12-31,True,Bronze,
3894,C00633,Mustapha Filali,45-54,f,Béni Mellal,social_media,2026-05-08,9999-12-31,True,Bronze,
3895,C00662,Hassan Fassi Fihri,35-44,f,Agadir,web,2026-05-08,9999-12-31,True,Bronze,
3896,C06500,Khalid El Amrani,45-54,m,Tanger,social_media,2026-05-08,9999-12-31,True,Bronze,
3897,C05162,Nadia Tazi,45-54,f,Tanger,referral,2026-05-08,9999-12-31,True,Bronze,
3898,C02347,Ahmed Filali,25-34,f,El Jadida,web,2026-05-08,9999-12-31,True,Bronze,
3899,C02205,Houda Chraibi,35-44,m,El Jadida,mobile,2026-05-08,9999-12-31,True,Bronze,
3900,C03920,Hamza Chraibi,25-34,f,El Jadida,social_media,2026-05-08,9999-12-31,True,Bronze,
3901,C07435,Amina Amrani,35-44,f,Rabat,mobile,2026-05-08,9999-12-31,True,Bronze,
3902,C01098,Sanae Tahiri,55-64,m,Safi,referral,2026-05-08,9999-12-31,True,Bronze,
3903,C05580,Wafae Ziani,55-64,m,Casablanca,social_media,2026-05-08,9999-12-31,True,Bronze,
3904,C01907,Youssef Haddad,35-44,f,Casablanca,social_media,2026-05-08,9999-12-31,True,Bronze,
3905,C03221,Fatima Sefrioui,Non renseigné,m,El Jadida,referral,2026-05-08,9999-12-31,True,Bronze,
3906,C03769,Meryem Bennani,45-54,m,Agadir,referral,2026-05-08,9999-12-31,True,Bronze,
3907,C03998,Loubna Rahmouni,55-64,m,Fès,marketplace,2026-05-08,9999-12-31,True,Bronze,
3908,C04865,Nabil Lahlou,45-54,m,Rabat,mobile,2026-05-08,9999-12-31,True,Bronze,
3909,C02715,Asmae Bouzid,25-34,m,Tanger,social_media,2026-05-08,9999-12-31,True,Bronze,
3910,C05640,Salma Cherkaoui,25-34,f,Safi,marketplace,2026-05-08,9999-12-31,True,Bronze,
3911,C06804,Loubna Ziani,25-34,m,Béni Mellal,marketplace,2026-05-08,9999-12-31,True,Bronze,
3912,C00911,Amine El Idrissi,45-54,f,Rabat,social_media,2026-05-08,9999-12-31,True,Bronze,
3913,C05502,Hassan Berrada,18-24,m,Tétouan,web,2026-05-08,9999-12-31,True,Bronze,
3914,C07734,Samira Ouahbi,45-54,f,Casablanca,referral,2026-05-08,9999-12-31,True,Bronze,
3915,C07457,Loubna Benjelloun,25-34,m,Tétouan,social_media,2026-05-08,9999-12-31,True,Bronze,
3916,C04124,Meryem Fassi Fihri,35-44,m,Tanger,web,2026-05-08,9999-12-31,True,Bronze,
3917,C04198,Karim Lahlou,18-24,f,Agadir,social_media,2026-05-08,9999-12-31,True,Bronze,
3918,C02578,Khalid Lahlou,35-44,m,Casablanca,mobile,2026-05-08,9999-12-31,True,Bronze,
3919,C04781,Laila El Ouazzani,45-54,m,Marrakech,web,2026-05-08,9999-12-31,True,Bronze,
3920,C00266,Laila Alaoui,25-34,f,Nador,referral,2026-05-08,9999-12-31,True,Bronze,
3921,C02432,Omar Naciri,18-24,m,Tanger,mobile,2026-05-08,9999-12-31,True,Bronze,
3922,C04748,Loubna El Idrissi,35-44,m,Agadir,social_media,2026-05-08,9999-12-31,True,Bronze,
3923,C04546,Ahmed Naciri,45-54,m,Béni Mellal,mobile,2026-05-08,9999-12-31,True,Bronze,
3924,C06674,Hassan Benali,Non renseigné,m,Marrakech,social_media,2026-05-08,9999-12-31,True,Bronze,
3925,C01874,Omar Berrada,25-34,m,Rabat,marketplace,2026-05-08,9999-12-31,True,Bronze,
3926,C05244,Amina Lahlou,35-44,m,Fès,marketplace,2026-05-08,9999-12-31,True,Bronze,
3927,C00059,Mohamed Rahmouni,45-54,f,Safi,mobile,2026-05-08,9999-12-31,True,Bronze,
3928,C00344,Dounia Lahlou,25-34,f,Kénitra,referral,2026-05-08,9999-12-31,True,Bronze,
3929,C06903,Sanae Rahmouni,55-64,m,Casablanca,social_media,2026-05-08,9999-12-31,True,Bronze,
3930,C02040,Mohamed Bouzid,45-54,f,Tanger,marketplace,2026-05-08,9999-12-31,True,Bronze,
3931,C06391,Hassan Chraibi,45-54,m,Rabat,social_media,2026-05-08,9999-12-31,True,Bronze,
3932,C03571,Rachid Bouazza,25-34,m,Tanger,web,2026-05-08,9999-12-31,True,Bronze,
3933,C04116,Ahmed Ouahbi,18-24,m,Casablanca,marketplace,2026-05-08,9999-12-31,True,Bronze,
3934,C01643,Brahim Skalli,55-64,m,Marrakech,web,2026-05-08,9999-12-31,True,Bronze,
3935,C02700,Khadija Lahlou,18-24,f,Fès,mobile,2026-05-08,9999-12-31,True,Bronze,
3936,C07663,Reda Skalli,25-34,f,Agadir,social_media,2026-05-08,9999-12-31,True,Bronze,
3937,C01161,Nadia Bennani,Non renseigné,m,Tanger,marketplace,2026-05-08,9999-12-31,True,Bronze,
3938,C05083,Hind Benkirane,45-54,m,Fès,social_media,2026-05-08,9999-12-31,True,Bronze,
3939,C07256,Omar Benali,35-44,f,Casablanca,web,2026-05-08,9999-12-31,True,Bronze,
3940,C03955,Nadia Bouazza,35-44,m,Fès,social_media,2026-05-08,9999-12-31,True,Bronze,
3941,C01017,Samira Haddad,35-44,f,Tanger,referral,2026-05-08,9999-12-31,True,Bronze,
3942,C02399,Zineb Benjelloun,45-54,m,Fès,referral,2026-05-08,9999-12-31,True,Bronze,
3943,C01586,Youssef Bouazza,Non renseigné,f,Tétouan,social_media,2026-05-08,9999-12-31,True,Bronze,
3944,C03658,Mohamed Bouazza,18-24,m,Marrakech,web,2026-05-08,9999-12-31,True,Bronze,
3945,C06280,Mehdi Filali,35-44,m,Tanger,social_media,2026-05-08,9999-12-31,True,Bronze,
3946,C02974,Karim Lahlou,18-24,m,Nador,marketplace,2026-05-08,9999-12-31,True,Bronze,
3947,C03256,Nabil Amrani,55-64,m,Fès,web,2026-05-08,9999-12-31,True,Bronze,
3948,C03260,Rim Kettani,18-24,m,Safi,web,2026-05-08,9999-12-31,True,Bronze,
3949,C06118,Sanae Chraibi,25-34,m,Marrakech,referral,2026-05-08,9999-12-31,True,Bronze,
3950,C03370,Karim Filali,25-34,m,Béni Mellal,referral,2026-05-08,9999-12-31,True,Bronze,
3951,C07221,Khalid Ouahbi,45-54,f,Fès,marketplace,2026-05-08,9999-12-31,True,Bronze,
3952,C05600,Mehdi Kettani,25-34,m,Agadir,social_media,2026-05-08,9999-12-31,True,Bronze,
3953,C07911,Asmae Amrani,35-44,m,Casablanca,mobile,2026-05-08,9999-12-31,True,Bronze,
3954,C05939,Mehdi Ouahbi,35-44,f,Mohammedia,mobile,2026-05-08,9999-12-31,True,Bronze,
3955,C01922,Fatima Benkirane,25-34,m,Fès,marketplace,2026-05-08,9999-12-31,True,Bronze,
3956,C07579,Ali Cherkaoui,65+,f,Tanger,web,2026-05-08,9999-12-31,True,Bronze,
3957,C00265,Nadia El Mansouri,35-44,f,Rabat,mobile,2026-05-08,9999-12-31,True,Bronze,
3958,C03710,Adil Alaoui,55-64,f,Rabat,marketplace,2026-05-08,9999-12-31,True,Bronze,
3959,C06740,Rachid Sefrioui,35-44,m,Oujda,referral,2026-05-08,9999-12-31,True,Bronze,
3960,C04526,Rim El Amrani,35-44,m,Tanger,web,2026-05-08,9999-12-31,True,Bronze,
3961,C00021,Reda El Amrani,18-24,f,Nador,social_media,2026-05-08,9999-12-31,True,Bronze,
3962,C02028,Rim Fassi Fihri,45-54,f,El Jadida,referral,2026-05-08,9999-12-31,True,Bronze,
3963,C04518,Sanae Cherkaoui,55-64,f,Fès,referral,2026-05-08,9999-12-31,True,Bronze,
3964,C00372,Youssef El Idrissi,45-54,m,Fès,web,2026-05-08,9999-12-31,True,Bronze,
3965,C02426,Hind El Ouazzani,35-44,m,Casablanca,marketplace,2026-05-08,9999-12-31,True,Bronze,
3966,C01139,Said Ouahbi,55-64,m,Mohammedia,marketplace,2026-05-08,9999-12-31,True,Bronze,
3967,C03278,Mohamed Cherkaoui,25-34,f,Safi,web,2026-05-08,9999-12-31,True,Bronze,
3968,C06341,Said Filali,65+,f,Rabat,referral,2026-05-08,9999-12-31,True,Bronze,
3969,C05553,Said Ziani,25-34,m,Rabat,referral,2026-05-08,9999-12-31,True,Bronze,
3970,C07267,Ghita Tazi,55-64,f,Fès,mobile,2026-05-08,9999-12-31,True,Bronze,
3971,C02238,Nawal Bouazza,18-24,m,Fès,web,2026-05-08,9999-12-31,True,Bronze,
3972,C03170,Soufiane Benali,55-64,m,Casablanca,social_media,2026-05-08,9999-12-31,True,Bronze,
3973,C01197,Driss El Amrani,25-34,m,Tanger,marketplace,2026-05-08,9999-12-31,True,Bronze,
3974,C01640,Hamza Tahiri,45-54,f,Fès,mobile,2026-05-08,9999-12-31,True,Bronze,
3975,C05234,Mustapha El Idrissi,25-34,f,Fès,mobile,2026-05-08,9999-12-31,True,Bronze,
3976,C07002,Nawal Berrada,18-24,f,Fès,social_media,2026-05-08,9999-12-31,True,Bronze,
3977,C07860,Nabil Ziani,45-54,m,Rabat,referral,2026-05-08,9999-12-31,True,Bronze,
3978,C04590,Omar Ziani,45-54,f,Casablanca,mobile,2026-05-08,9999-12-31,True,Bronze,
3979,C06767,Ilham Ouahbi,45-54,f,Fès,social_media,2026-05-08,9999-12-31,True,Bronze,
3980,C05011,Mohamed Lahlou,55-64,m,Casablanca,mobile,2026-05-08,9999-12-31,True,Bronze,
3981,C01409,Sara Benali,25-34,m,Meknès,referral,2026-05-08,9999-12-31,True,Bronze,
3982,C07427,Meryem Chraibi,55-64,f,Safi,marketplace,2026-05-08,9999-12-31,True,Bronze,
3983,C00903,Omar El Ouazzani,55-64,f,El Jadida,social_media,2026-05-08,9999-12-31,True,Bronze,
3984,C01946,Mohamed Berrada,45-54,m,Meknès,mobile,2026-05-08,9999-12-31,True,Bronze,
3985,C07553,Ghita Bouazza,45-54,m,Marrakech,web,2026-05-08,9999-12-31,True,Bronze,
3986,C05339,Hassan Fassi Fihri,45-54,m,Fès,marketplace,2026-05-08,9999-12-31,True,Bronze,
3987,C03573,Amine Benkirane,18-24,m,Marrakech,marketplace,2026-05-08,9999-12-31,True,Bronze,
3988,C06723,Driss Sefrioui,25-34,m,Béni Mellal,web,2026-05-08,9999-12-31,True,Bronze,
3989,C05290,Khadija El Idrissi,18-24,f,Tanger,referral,2026-05-08,9999-12-31,True,Bronze,
3990,C06640,Soufiane Bouzid,25-34,m,Casablanca,social_media,2026-05-08,9999-12-31,True,Bronze,
3991,C05006,Meryem Rahmouni,45-54,m,Marrakech,marketplace,2026-05-08,9999-12-31,True,Bronze,
3992,C06438,Wafae Amrani,45-54,f,Marrakech,social_media,2026-05-08,9999-12-31,True,Bronze,
3993,C04554,Driss Ziani,25-34,m,Rabat,web,2026-05-08,9999-12-31,True,Bronze,
3994,C03035,Rim Bouzid,35-44,m,Tanger,web,2026-05-08,9999-12-31,True,Bronze,
3995,C03135,Imad Benjelloun,45-54,m,Fès,social_media,2026-05-08,9999-12-31,True,Bronze,
3996,C02603,Soufiane Ziani,25-34,m,Safi,web,2026-05-08,9999-12-31,True,Bronze,
3997,C03888,Laila Cherkaoui,18-24,f,Rabat,referral,2026-05-08,9999-12-31,True,Bronze,
3998,C07920,Driss Fassi Fihri,25-34,f,Mohammedia,web,2026-05-08,9999-12-31,True,Bronze,
3999,C04723,Brahim El Amrani,55-64,m,Tanger,marketplace,2026-05-08,9999-12-31,True,Bronze,
4000,C02279,Driss Skalli,65+,m,Casablanca,referral,2026-05-08,9999-12-31,True,Bronze,
4001,C04688,Amine Ouahbi,45-54,f,Marrakech,mobile,2026-05-08,9999-12-31,True,Bronze,
4002,C03123,Karim Cherkaoui,45-54,f,Fès,social_media,2026-05-08,9999-12-31,True,Bronze,
4003,C07227,Mohamed Kettani,18-24,f,Fès,marketplace,2026-05-08,9999-12-31,True,Bronze,
4004,C06006,Zakaria El Ouazzani,35-44,f,Fès,referral,2026-05-08,9999-12-31,True,Bronze,
4005,C00992,Hind Alaoui,25-34,f,Mohammedia,mobile,2026-05-08,9999-12-31,True,Bronze,
4006,C03801,Karim Bouzid,35-44,m,Fès,web,2026-05-08,9999-12-31,True,Bronze,
4007,C07616,Brahim Skalli,25-34,f,Kénitra,mobile,2026-05-08,9999-12-31,True,Bronze,
4008,C04739,Rim Benkirane,35-44,f,Casablanca,referral,2026-05-08,9999-12-31,True,Bronze,
4009,C05776,Mehdi El Idrissi,Non renseigné,m,Tanger,social_media,2026-05-08,9999-12-31,True,Bronze,
4010,C07447,Nawal Bouazza,35-44,m,Mohammedia,web,2026-05-08,9999-12-31,True,Bronze,
4011,C07685,Meryem Filali,25-34,f,Casablanca,social_media,2026-05-08,9999-12-31,True,Bronze,
4012,C07464,Hanane El Amrani,25-34,m,Safi,mobile,2026-05-08,9999-12-31,True,Bronze,
4013,C00748,Rim Ziani,45-54,f,Rabat,referral,2026-05-08,9999-12-31,True,Bronze,
4014,C00051,Mohamed Benkirane,25-34,m,Mohammedia,social_media,2026-05-08,9999-12-31,True,Bronze,
4015,C03001,Amine Benjelloun,25-34,m,Kénitra,social_media,2026-05-08,9999-12-31,True,Bronze,
4016,C07617,Laila Berrada,25-34,f,El Jadida,mobile,2026-05-08,9999-12-31,True,Bronze,
4017,C03358,Zakaria Fassi Fihri,45-54,f,Béni Mellal,referral,2026-05-08,9999-12-31,True,Bronze,
4018,C02240,Rachid Fassi Fihri,35-44,f,Tanger,social_media,2026-05-08,9999-12-31,True,Bronze,
4019,C00329,Karim Haddad,35-44,f,Fès,marketplace,2026-05-08,9999-12-31,True,Bronze,
4020,C01766,Adil Benkirane,45-54,m,Casablanca,marketplace,2026-05-08,9999-12-31,True,Bronze,
4021,C07258,Amine Haddad,45-54,m,Tanger,marketplace,2026-05-08,9999-12-31,True,Bronze,
4022,C01242,Dounia Haddad,18-24,m,Meknès,marketplace,2026-05-08,9999-12-31,True,Bronze,
4023,C00002,Salma El Amrani,65+,m,Béni Mellal,referral,2026-05-08,9999-12-31,True,Bronze,
4024,C04027,Rim Tahiri,65+,m,Kénitra,referral,2026-05-08,9999-12-31,True,Bronze,
4025,C01859,Zakaria Benali,55-64,f,Oujda,web,2026-05-08,9999-12-31,True,Bronze,
4026,C05180,Wafae El Amrani,18-24,m,Tanger,mobile,2026-05-08,9999-12-31,True,Bronze,
4027,C07326,Driss El Amrani,45-54,m,Kénitra,referral,2026-05-08,9999-12-31,True,Bronze,
4028,C02557,Khalid Haddad,25-34,m,Casablanca,referral,2026-05-08,9999-12-31,True,Bronze,
4029,C02692,Adil El Ouazzani,55-64,f,Tétouan,marketplace,2026-05-08,9999-12-31,True,Bronze,
4030,C05956,Asmae Cherkaoui,35-44,f,Casablanca,social_media,2026-05-08,9999-12-31,True,Bronze,
4031,C04179,Houda Amrani,65+,m,Marrakech,mobile,2026-05-08,9999-12-31,True,Bronze,
4032,C04813,Imad Bennani,18-24,f,Casablanca,social_media,2026-05-08,9999-12-31,True,Bronze,
4033,C02487,Youssef Fassi Fihri,55-64,f,Agadir,web,2026-05-08,9999-12-31,True,Bronze,
4034,C03778,Ahmed Fassi Fihri,25-34,f,Tanger,marketplace,2026-05-08,9999-12-31,True,Bronze,
4035,C06673,Houda Benjelloun,25-34,m,Fès,social_media,2026-05-08,9999-12-31,True,Bronze,
4036,C05565,Samira Ziani,25-34,m,Marrakech,mobile,2026-05-08,9999-12-31,True,Bronze,
4037,C04048,Samira Tahiri,25-34,f,Agadir,referral,2026-05-08,9999-12-31,True,Bronze,
4038,C03673,Khadija Skalli,25-34,m,Casablanca,social_media,2026-05-08,9999-12-31,True,Bronze,
4039,C04158,Mustapha Benali,55-64,m,Tanger,mobile,2026-05-08,9999-12-31,True,Bronze,
4040,C05773,Salma Alaoui,55-64,m,Casablanca,marketplace,2026-05-08,9999-12-31,True,Bronze,
4041,C04899,Imad Bouazza,25-34,m,Kénitra,social_media,2026-05-08,9999-12-31,True,Bronze,
4042,C02831,Dounia El Amrani,35-44,m,Agadir,marketplace,2026-05-08,9999-12-31,True,Bronze,
4043,C07357,Soufiane Bouazza,65+,f,Marrakech,referral,2026-05-08,9999-12-31,True,Bronze,
4044,C03195,Imad El Mansouri,65+,m,Rabat,web,2026-05-08,9999-12-31,True,Bronze,
4045,C05731,Loubna Naciri,35-44,f,El Jadida,marketplace,2026-05-08,9999-12-31,True,Bronze,
4046,C01145,Salma Tahiri,25-34,m,Fès,social_media,2026-05-08,9999-12-31,True,Bronze,
4047,C02368,Hamza Fassi Fihri,18-24,f,Fès,marketplace,2026-05-08,9999-12-31,True,Bronze,
4048,C02243,Mustapha Lahlou,45-54,m,Oujda,marketplace,2026-05-08,9999-12-31,True,Bronze,
4049,C03288,Omar Skalli,45-54,f,Tanger,social_media,2026-05-08,9999-12-31,True,Bronze,
4050,C04906,Imad Filali,35-44,m,Tanger,web,2026-05-08,9999-12-31,True,Bronze,
4051,C00071,Imad Alaoui,35-44,m,Tanger,mobile,2026-05-08,9999-12-31,True,Bronze,
4052,C06755,Asmae Kettani,45-54,m,Rabat,marketplace,2026-05-08,9999-12-31,True,Bronze,
4053,C03224,Khadija Fassi Fihri,35-44,m,Meknès,referral,2026-05-08,9999-12-31,True,Bronze,
4054,C02789,Zakaria Benjelloun,55-64,m,Casablanca,marketplace,2026-05-08,9999-12-31,True,Bronze,
4055,C05505,Khalid Tazi,35-44,f,Casablanca,referral,2026-05-08,9999-12-31,True,Bronze,
4056,C03027,Asmae Ouahbi,35-44,m,Casablanca,social_media,2026-05-08,9999-12-31,True,Bronze,
4057,C05877,Laila Sefrioui,45-54,f,El Jadida,referral,2026-05-08,9999-12-31,True,Bronze,
4058,C05533,Ghita Tahiri,25-34,m,Tanger,marketplace,2026-05-08,9999-12-31,True,Bronze,
4059,C01069,Rim Fassi Fihri,35-44,m,Béni Mellal,mobile,2026-05-08,9999-12-31,True,Bronze,
4060,C02384,Mehdi Ziani,35-44,f,Rabat,referral,2026-05-08,9999-12-31,True,Bronze,
4061,C03698,Asmae Skalli,35-44,f,Marrakech,social_media,2026-05-08,9999-12-31,True,Bronze,
4062,C05195,Nabil Benjelloun,25-34,f,Tanger,web,2026-05-08,9999-12-31,True,Bronze,
4063,C07554,Khalid Rahmouni,35-44,f,Tanger,social_media,2026-05-08,9999-12-31,True,Bronze,
4064,C00075,Amine Ziani,25-34,m,Marrakech,referral,2026-05-08,9999-12-31,True,Bronze,
4065,C03555,Mohamed Bennani,35-44,m,Casablanca,mobile,2026-05-08,9999-12-31,True,Bronze,
4066,C00046,Nabil Naciri,55-64,m,Mohammedia,web,2026-05-08,9999-12-31,True,Bronze,
4067,C03651,Mustapha Alaoui,55-64,f,Kénitra,marketplace,2026-05-08,9999-12-31,True,Bronze,
4068,C02241,Zakaria El Idrissi,25-34,f,Safi,web,2026-05-08,9999-12-31,True,Bronze,
4069,C03805,Nawal El Idrissi,45-54,m,Tanger,marketplace,2026-05-08,9999-12-31,True,Bronze,
4070,C05815,Mehdi Kettani,25-34,m,Fès,social_media,2026-05-08,9999-12-31,True,Bronze,
4071,C04975,Meryem Lahlou,18-24,m,Casablanca,referral,2026-05-08,9999-12-31,True,Bronze,
4072,C03533,Zineb Cherkaoui,35-44,m,Casablanca,web,2026-05-08,9999-12-31,True,Bronze,
4073,C01507,Mustapha El Amrani,18-24,m,Marrakech,referral,2026-05-08,9999-12-31,True,Bronze,
4074,C03638,Sanae Lahlou,55-64,f,Marrakech,social_media,2026-05-08,9999-12-31,True,Bronze,
4075,C01124,Khadija Haddad,45-54,f,Rabat,referral,2026-05-08,9999-12-31,True,Bronze,
4076,C01880,Adil Bouazza,45-54,f,Nador,social_media,2026-05-08,9999-12-31,True,Bronze,
4077,C05487,Hind Ziani,45-54,f,Rabat,social_media,2026-05-08,9999-12-31,True,Bronze,
4078,C06029,Brahim Sefrioui,25-34,m,Tanger,mobile,2026-05-08,9999-12-31,True,Bronze,
4079,C02120,Hind Lahlou,45-54,m,Tanger,referral,2026-05-08,9999-12-31,True,Bronze,
4080,C07308,Hanane Haddad,25-34,f,Tanger,referral,2026-05-08,9999-12-31,True,Bronze,
4081,C02504,Samira Naciri,25-34,m,Béni Mellal,web,2026-05-08,9999-12-31,True,Bronze,
4082,C00766,Imad Tazi,55-64,m,Casablanca,referral,2026-05-08,9999-12-31,True,Bronze,
4083,C01313,Asmae El Mansouri,25-34,f,Tanger,marketplace,2026-05-08,9999-12-31,True,Bronze,
4084,C04246,Soufiane Rahmouni,45-54,f,Casablanca,social_media,2026-05-08,9999-12-31,True,Bronze,
4085,C03189,Meryem Berrada,25-34,m,Tanger,social_media,2026-05-08,9999-12-31,True,Bronze,
4086,C06745,Nadia Bouzid,35-44,m,Tanger,web,2026-05-08,9999-12-31,True,Bronze,
4087,C01962,Nadia Skalli,25-34,m,Agadir,social_media,2026-05-08,9999-12-31,True,Bronze,
4088,C00762,Houda Alaoui,Non renseigné,m,Oujda,referral,2026-05-08,9999-12-31,True,Bronze,
4089,C05066,Sanae Alaoui,25-34,m,Kénitra,referral,2026-05-08,9999-12-31,True,Bronze,
4090,C00104,Amine Tazi,35-44,f,Agadir,web,2026-05-08,9999-12-31,True,Bronze,
4091,C03751,Dounia Benali,25-34,m,Fès,marketplace,2026-05-08,9999-12-31,True,Bronze,
4092,C06392,Omar Tazi,45-54,f,Rabat,web,2026-05-08,9999-12-31,True,Bronze,
4093,C03396,Hanane Bouazza,55-64,f,Casablanca,web,2026-05-08,9999-12-31,True,Bronze,
4094,C06606,Rim Ziani,45-54,m,Mohammedia,social_media,2026-05-08,9999-12-31,True,Bronze,
4095,C02714,Omar Filali,25-34,m,Tanger,mobile,2026-05-08,9999-12-31,True,Bronze,
4096,C00124,Dounia Kettani,35-44,m,Tanger,mobile,2026-05-08,9999-12-31,True,Bronze,
4097,C02084,Mustapha Bennani,55-64,f,Tanger,mobile,2026-05-08,9999-12-31,True,Bronze,
4098,C05782,Said Skalli,55-64,f,Rabat,social_media,2026-05-08,9999-12-31,True,Bronze,
4099,C05311,Adil Kettani,35-44,f,Tétouan,web,2026-05-08,9999-12-31,True,Bronze,
4100,C06401,Adil Benkirane,18-24,m,Fès,web,2026-05-08,9999-12-31,True,Bronze,
4101,C00264,Khadija Alaoui,25-34,m,Mohammedia,mobile,2026-05-08,9999-12-31,True,Bronze,
4102,C07170,Nadia Tazi,25-34,m,Tanger,referral,2026-05-08,9999-12-31,True,Bronze,
4103,C04073,Meryem El Ouazzani,35-44,m,Fès,web,2026-05-08,9999-12-31,True,Bronze,
4104,C00177,Ilham Bouazza,25-34,m,Oujda,marketplace,2026-05-08,9999-12-31,True,Bronze,
4105,C04720,Karim Cherkaoui,65+,f,Casablanca,referral,2026-05-08,9999-12-31,True,Bronze,
4106,C05809,Mehdi Benjelloun,55-64,m,Nador,marketplace,2026-05-08,9999-12-31,True,Bronze,
4107,C07057,Hanane Chraibi,25-34,f,Rabat,marketplace,2026-05-08,9999-12-31,True,Bronze,
4108,C04714,Hassan Filali,35-44,f,Fès,mobile,2026-05-08,9999-12-31,True,Bronze,
4109,C05646,Nabil Berrada,55-64,m,El Jadida,referral,2026-05-08,9999-12-31,True,Bronze,
4110,C00887,Driss El Amrani,35-44,m,El Jadida,marketplace,2026-05-08,9999-12-31,True,Bronze,
4111,C03842,Houda El Mansouri,35-44,f,Tétouan,marketplace,2026-05-08,9999-12-31,True,Bronze,
4112,C06813,Amine Naciri,35-44,m,Meknès,social_media,2026-05-08,9999-12-31,True,Bronze,
4113,C04661,Rim Bouazza,35-44,m,Kénitra,referral,2026-05-08,9999-12-31,True,Bronze,
4114,C03958,Mohamed Skalli,55-64,m,Marrakech,web,2026-05-08,9999-12-31,True,Bronze,
4115,C00714,Dounia Skalli,45-54,m,Béni Mellal,referral,2026-05-08,9999-12-31,True,Bronze,
4116,C05189,Fatima Skalli,25-34,m,Oujda,referral,2026-05-08,9999-12-31,True,Bronze,
4117,C01594,Soufiane Benkirane,45-54,m,Rabat,social_media,2026-05-08,9999-12-31,True,Bronze,
4118,C07110,Adil Alaoui,45-54,m,Tanger,referral,2026-05-08,9999-12-31,True,Bronze,
4119,C02212,Omar Naciri,25-34,f,Kénitra,social_media,2026-05-08,9999-12-31,True,Bronze,
4120,C02265,Ilham Fassi Fihri,25-34,f,Marrakech,referral,2026-05-08,9999-12-31,True,Bronze,
4121,C02026,Karim Amrani,35-44,m,Tanger,web,2026-05-08,9999-12-31,True,Bronze,
4122,C01035,Ahmed Rahmouni,18-24,m,Tanger,social_media,2026-05-08,9999-12-31,True,Bronze,
4123,C07965,Mohamed Fassi Fihri,25-34,f,Meknès,social_media,2026-05-08,9999-12-31,True,Bronze,
4124,C04373,Dounia Alaoui,55-64,m,Kénitra,social_media,2026-05-08,9999-12-31,True,Bronze,
4125,C02642,Hamza Fassi Fihri,45-54,m,Meknès,referral,2026-05-08,9999-12-31,True,Bronze,
4126,C02990,Hanane Benjelloun,55-64,f,Fès,marketplace,2026-05-08,9999-12-31,True,Bronze,
4127,C04057,Hamza Benali,18-24,m,Casablanca,marketplace,2026-05-08,9999-12-31,True,Bronze,
4128,C05528,Said Skalli,25-34,m,Marrakech,web,2026-05-08,9999-12-31,True,Bronze,
4129,C02095,Mustapha Rahmouni,45-54,m,Fès,marketplace,2026-05-08,9999-12-31,True,Bronze,
4130,C05456,Meryem Tahiri,45-54,m,Kénitra,referral,2026-05-08,9999-12-31,True,Bronze,
4131,C00851,Nawal Filali,18-24,f,Safi,mobile,2026-05-08,9999-12-31,True,Bronze,
4132,C03771,Karim Berrada,25-34,m,Marrakech,mobile,2026-05-08,9999-12-31,True,Bronze,
4133,C01549,Hamza Tazi,55-64,f,Tanger,referral,2026-05-08,9999-12-31,True,Bronze,
4134,C01892,Ilham Sefrioui,45-54,f,Tanger,marketplace,2026-05-08,9999-12-31,True,Bronze,
4135,C00951,Khalid Benkirane,55-64,m,Casablanca,web,2026-05-08,9999-12-31,True,Bronze,
4136,C06880,Omar Ouahbi,45-54,m,Tanger,social_media,2026-05-08,9999-12-31,True,Bronze,
4137,C07196,Hamza Sefrioui,25-34,m,Meknès,referral,2026-05-08,9999-12-31,True,Bronze,
4138,C01444,Amine Berrada,35-44,f,Casablanca,web,2026-05-08,9999-12-31,True,Bronze,
4139,C01099,Loubna Lahlou,55-64,m,Tanger,social_media,2026-05-08,9999-12-31,True,Bronze,
4140,C02350,Samira Benjelloun,65+,f,Safi,marketplace,2026-05-08,9999-12-31,True,Bronze,
4141,C05190,Amina Haddad,35-44,f,Mohammedia,referral,2026-05-08,9999-12-31,True,Bronze,
4142,C01904,Hanane Benkirane,18-24,m,Casablanca,referral,2026-05-08,9999-12-31,True,Bronze,
4143,C05820,Rachid Bouazza,45-54,m,Fès,mobile,2026-05-08,9999-12-31,True,Bronze,
4144,C01359,Amina Naciri,55-64,m,Tanger,mobile,2026-05-08,9999-12-31,True,Bronze,
4145,C04644,Laila El Ouazzani,35-44,m,Nador,social_media,2026-05-08,9999-12-31,True,Bronze,
4146,C03402,Mehdi Filali,35-44,f,Fès,referral,2026-05-08,9999-12-31,True,Bronze,
4147,C01024,Youssef Ziani,55-64,f,Fès,web,2026-05-08,9999-12-31,True,Bronze,
4148,C02180,Dounia El Amrani,55-64,m,Tanger,marketplace,2026-05-08,9999-12-31,True,Bronze,
4149,C03461,Meryem Ouahbi,35-44,m,Casablanca,web,2026-05-08,9999-12-31,True,Bronze,
4150,C06126,Samira Tazi,55-64,m,Casablanca,web,2026-05-08,9999-12-31,True,Bronze,
4151,C06168,Ali Chraibi,55-64,m,Meknès,mobile,2026-05-08,9999-12-31,True,Bronze,
4152,C07994,Youssef Amrani,25-34,m,Tanger,referral,2026-05-08,9999-12-31,True,Bronze,
4153,C03393,Hind Benali,45-54,m,Marrakech,web,2026-05-08,9999-12-31,True,Bronze,
4154,C02884,Karim Naciri,35-44,f,Fès,social_media,2026-05-08,9999-12-31,True,Bronze,
4155,C01654,Mustapha Benali,35-44,f,Rabat,marketplace,2026-05-08,9999-12-31,True,Bronze,
4156,C00153,Khalid Bouzid,35-44,m,Rabat,referral,2026-05-08,9999-12-31,True,Bronze,
4157,C01430,Driss Benkirane,65+,f,Marrakech,marketplace,2026-05-08,9999-12-31,True,Bronze,
4158,C04911,Nadia Berrada,35-44,f,Casablanca,web,2026-05-08,9999-12-31,True,Bronze,
4159,C05778,Rim Benjelloun,55-64,f,Marrakech,referral,2026-05-08,9999-12-31,True,Bronze,
4160,C04671,Khadija Tazi,35-44,m,Fès,social_media,2026-05-08,9999-12-31,True,Bronze,
4161,C05211,Brahim Naciri,45-54,m,Marrakech,mobile,2026-05-08,9999-12-31,True,Bronze,
4162,C02771,Wafae Fassi Fihri,35-44,m,Fès,marketplace,2026-05-08,9999-12-31,True,Bronze,
4163,C05746,Samira Tazi,35-44,m,Tanger,web,2026-05-08,9999-12-31,True,Bronze,
4164,C02890,Meryem Sefrioui,18-24,m,Fès,marketplace,2026-05-08,9999-12-31,True,Bronze,
4165,C05387,Hind Haddad,25-34,m,Safi,web,2026-05-08,9999-12-31,True,Bronze,
4166,C03078,Amina Benali,45-54,m,Béni Mellal,referral,2026-05-08,9999-12-31,True,Bronze,
4167,C00238,Samira Chraibi,35-44,m,Marrakech,social_media,2026-05-08,9999-12-31,True,Bronze,
4168,C02685,Hassan Filali,35-44,f,Rabat,referral,2026-05-08,9999-12-31,True,Bronze,
4169,C04629,Brahim El Ouazzani,55-64,f,Fès,marketplace,2026-05-08,9999-12-31,True,Bronze,
4170,C00733,Laila Bouazza,55-64,m,Fès,social_media,2026-05-08,9999-12-31,True,Bronze,
4171,C01278,Hind Benjelloun,45-54,f,Fès,referral,2026-05-08,9999-12-31,True,Bronze,
4172,C00128,Omar Alaoui,45-54,m,Tanger,referral,2026-05-08,9999-12-31,True,Bronze,
4173,C01621,Mustapha El Ouazzani,55-64,f,Fès,social_media,2026-05-08,9999-12-31,True,Bronze,
4174,C04325,Houda Rahmouni,45-54,f,Fès,mobile,2026-05-08,9999-12-31,True,Bronze,
4175,C00704,Mohamed El Idrissi,18-24,m,Meknès,mobile,2026-05-08,9999-12-31,True,Bronze,
4176,C05318,Khadija Bouazza,25-34,f,Fès,marketplace,2026-05-08,9999-12-31,True,Bronze,
4177,C04512,Khadija Ziani,55-64,m,Marrakech,web,2026-05-08,9999-12-31,True,Bronze,
4178,C05457,Rachid Skalli,35-44,f,Casablanca,referral,2026-05-08,9999-12-31,True,Bronze,
4179,C00932,Fatima Tahiri,35-44,m,Tanger,web,2026-05-08,9999-12-31,True,Bronze,
4180,C07608,Khalid Lahlou,25-34,f,Casablanca,referral,2026-05-08,9999-12-31,True,Bronze,
4181,C00789,Driss Benali,25-34,f,Fès,social_media,2026-05-08,9999-12-31,True,Bronze,
4182,C06332,Mehdi Tahiri,55-64,f,Fès,marketplace,2026-05-08,9999-12-31,True,Bronze,
4183,C06112,Youssef Chraibi,55-64,f,Béni Mellal,social_media,2026-05-08,9999-12-31,True,Bronze,
4184,C02037,Mohamed El Ouazzani,65+,m,Casablanca,marketplace,2026-05-08,9999-12-31,True,Bronze,
4185,C00178,Zineb El Mansouri,55-64,m,Casablanca,mobile,2026-05-08,9999-12-31,True,Bronze,
4186,C01276,Omar Benjelloun,25-34,f,Nador,referral,2026-05-08,9999-12-31,True,Bronze,
4187,C01438,Adil Chraibi,35-44,f,Marrakech,social_media,2026-05-08,9999-12-31,True,Bronze,
4188,C07483,Ilham El Amrani,18-24,m,Tanger,marketplace,2026-05-08,9999-12-31,True,Bronze,
4189,C01668,Meryem El Idrissi,55-64,m,Tanger,mobile,2026-05-08,9999-12-31,True,Bronze,
4190,C06648,Khalid El Ouazzani,45-54,f,Tanger,mobile,2026-05-08,9999-12-31,True,Bronze,
4191,C06085,Imad Ziani,45-54,m,Casablanca,marketplace,2026-05-08,9999-12-31,True,Bronze,
4192,C07177,Ilham Filali,25-34,m,Tanger,social_media,2026-05-08,9999-12-31,True,Bronze,
4193,C06733,Salma Filali,45-54,f,Tanger,social_media,2026-05-08,9999-12-31,True,Bronze,
4194,C06221,Houda Sefrioui,35-44,f,Tétouan,social_media,2026-05-08,9999-12-31,True,Bronze,
4195,C03818,Fatima Tazi,55-64,m,Fès,marketplace,2026-05-08,9999-12-31,True,Bronze,
4196,C07059,Reda Bouazza,55-64,f,Fès,mobile,2026-05-08,9999-12-31,True,Bronze,
4197,C04591,Omar El Amrani,55-64,m,Fès,mobile,2026-05-08,9999-12-31,True,Bronze,
4198,C06352,Zakaria Benjelloun,55-64,f,Rabat,marketplace,2026-05-08,9999-12-31,True,Bronze,
4199,C04853,Soufiane Amrani,25-34,f,Oujda,referral,2026-05-08,9999-12-31,True,Bronze,
4200,C07470,Salma El Ouazzani,25-34,f,Béni Mellal,web,2026-05-08,9999-12-31,True,Bronze,
4201,C04440,Ahmed Benali,35-44,f,Tanger,referral,2026-05-08,9999-12-31,True,Bronze,
4202,C00744,Brahim Tahiri,45-54,m,Rabat,mobile,2026-05-08,9999-12-31,True,Bronze,
4203,C00310,Ghita Rahmouni,45-54,f,Rabat,referral,2026-05-08,9999-12-31,True,Bronze,
4204,C06783,Omar Benjelloun,25-34,f,Rabat,web,2026-05-08,9999-12-31,True,Bronze,
4205,C07724,Hind Berrada,35-44,m,Casablanca,web,2026-05-08,9999-12-31,True,Bronze,
4206,C02604,Mohamed Bennani,35-44,f,Agadir,web,2026-05-08,9999-12-31,True,Bronze,
4207,C02529,Samira Ouahbi,18-24,f,Fès,referral,2026-05-08,9999-12-31,True,Bronze,
4208,C00942,Ilham El Mansouri,45-54,m,Béni Mellal,social_media,2026-05-08,9999-12-31,True,Bronze,
4209,C07894,Brahim Ziani,35-44,f,Oujda,mobile,2026-05-08,9999-12-31,True,Bronze,
4210,C05214,Ilham Rahmouni,25-34,f,Fès,referral,2026-05-08,9999-12-31,True,Bronze,
4211,C03954,Rachid Bennani,45-54,m,Oujda,mobile,2026-05-08,9999-12-31,True,Bronze,
4212,C07921,Hassan Haddad,18-24,f,Casablanca,social_media,2026-05-08,9999-12-31,True,Bronze,
4213,C05771,Hanane Benkirane,45-54,m,Kénitra,marketplace,2026-05-08,9999-12-31,True,Bronze,
4214,C04145,Ghita El Mansouri,18-24,f,Tanger,web,2026-05-08,9999-12-31,True,Bronze,
4215,C03910,Rachid Haddad,35-44,m,Tanger,referral,2026-05-08,9999-12-31,True,Bronze,
4216,C07058,Nawal Bennani,45-54,m,Meknès,referral,2026-05-08,9999-12-31,True,Bronze,
4217,C00048,Hanane Tazi,35-44,f,Fès,web,2026-05-08,9999-12-31,True,Bronze,
4218,C05471,Sara Naciri,55-64,f,Kénitra,web,2026-05-08,9999-12-31,True,Bronze,
4219,C00525,Mohamed Benali,35-44,f,Casablanca,mobile,2026-05-08,9999-12-31,True,Bronze,
4220,C03162,Ahmed Bennani,45-54,m,Kénitra,mobile,2026-05-08,9999-12-31,True,Bronze,
4221,C06575,Amina El Idrissi,18-24,f,Tétouan,marketplace,2026-05-08,9999-12-31,True,Bronze,
4222,C00610,Laila Berrada,35-44,m,Casablanca,referral,2026-05-08,9999-12-31,True,Bronze,
4223,C02791,Said Bouazza,45-54,m,Casablanca,web,2026-05-08,9999-12-31,True,Bronze,
4224,C03526,Rachid Fassi Fihri,55-64,f,Meknès,referral,2026-05-08,9999-12-31,True,Bronze,
4225,C00331,Zakaria El Amrani,55-64,f,Tanger,social_media,2026-05-08,9999-12-31,True,Bronze,
4226,C06292,Rachid El Idrissi,35-44,f,Oujda,social_media,2026-05-08,9999-12-31,True,Bronze,
4227,C06765,Houda Tazi,55-64,m,Marrakech,social_media,2026-05-08,9999-12-31,True,Bronze,
4228,C02528,Loubna Lahlou,Non renseigné,m,Rabat,web,2026-05-08,9999-12-31,True,Bronze,
4229,C07393,Brahim Cherkaoui,35-44,m,Kénitra,referral,2026-05-08,9999-12-31,True,Bronze,
4230,C01358,Zakaria Naciri,25-34,f,Tanger,web,2026-05-08,9999-12-31,True,Bronze,
4231,C00452,Soufiane Skalli,25-34,m,Casablanca,referral,2026-05-08,9999-12-31,True,Bronze,
4232,C03388,Zineb Filali,25-34,m,Tanger,web,2026-05-08,9999-12-31,True,Bronze,
4233,C03235,Imad Tahiri,25-34,m,Oujda,mobile,2026-05-08,9999-12-31,True,Bronze,
4234,C06066,Nabil Fassi Fihri,35-44,f,Rabat,mobile,2026-05-08,9999-12-31,True,Bronze,
4235,C00879,Sara Ouahbi,18-24,f,Marrakech,social_media,2026-05-08,9999-12-31,True,Bronze,
4236,C01155,Hanane Haddad,18-24,f,Safi,mobile,2026-05-08,9999-12-31,True,Bronze,
4237,C01607,Reda Chraibi,25-34,f,Casablanca,mobile,2026-05-08,9999-12-31,True,Bronze,
4238,C01826,Zineb Berrada,45-54,m,Oujda,referral,2026-05-08,9999-12-31,True,Bronze,
4239,C05212,Brahim Alaoui,45-54,m,Tétouan,mobile,2026-05-08,9999-12-31,True,Bronze,
4240,C06262,Amine Amrani,25-34,m,Rabat,referral,2026-05-08,9999-12-31,True,Bronze,
4241,C00464,Zineb El Ouazzani,55-64,f,Oujda,web,2026-05-08,9999-12-31,True,Bronze,
4242,C04471,Karim El Amrani,18-24,m,Rabat,referral,2026-05-08,9999-12-31,True,Bronze,
4243,C00979,Omar Berrada,18-24,m,Rabat,social_media,2026-05-08,9999-12-31,True,Bronze,
4244,C00580,Fatima Alaoui,35-44,m,El Jadida,social_media,2026-05-08,9999-12-31,True,Bronze,
4245,C05045,Rachid El Amrani,35-44,m,El Jadida,mobile,2026-05-08,9999-12-31,True,Bronze,
4246,C07760,Sanae El Ouazzani,18-24,f,Rabat,web,2026-05-08,9999-12-31,True,Bronze,
4247,C01518,Mustapha Ziani,45-54,m,Tanger,social_media,2026-05-08,9999-12-31,True,Bronze,
4248,C03286,Hassan El Idrissi,55-64,m,Agadir,web,2026-05-08,9999-12-31,True,Bronze,
4249,C01885,Said Ziani,25-34,f,Tanger,social_media,2026-05-08,9999-12-31,True,Bronze,
4250,C03793,Soufiane Chraibi,18-24,f,Casablanca,marketplace,2026-05-08,9999-12-31,True,Bronze,
4251,C04874,Nawal Tahiri,Non renseigné,f,Marrakech,marketplace,2026-05-08,9999-12-31,True,Bronze,
4252,C02015,Nawal Filali,35-44,m,Tanger,marketplace,2026-05-08,9999-12-31,True,Bronze,
4253,C05975,Fatima Benkirane,65+,m,Marrakech,social_media,2026-05-08,9999-12-31,True,Bronze,
4254,C05149,Driss El Amrani,45-54,m,Casablanca,mobile,2026-05-08,9999-12-31,True,Bronze,
4255,C05440,Sanae Naciri,25-34,m,Casablanca,web,2026-05-08,9999-12-31,True,Bronze,
4256,C01722,Zakaria Fassi Fihri,35-44,m,Rabat,referral,2026-05-08,9999-12-31,True,Bronze,
4257,C06836,Rachid Kettani,25-34,m,Fès,mobile,2026-05-08,9999-12-31,True,Bronze,
4258,C02276,Nawal El Ouazzani,55-64,f,Tanger,mobile,2026-05-08,9999-12-31,True,Bronze,
4259,C02290,Khalid Bennani,25-34,m,Casablanca,web,2026-05-08,9999-12-31,True,Bronze,
4260,C05934,Ghita Filali,55-64,m,Casablanca,marketplace,2026-05-08,9999-12-31,True,Bronze,
4261,C02588,Meryem Cherkaoui,25-34,m,Tanger,mobile,2026-05-08,9999-12-31,True,Bronze,
4262,C02615,Ahmed Bouazza,18-24,m,Tanger,social_media,2026-05-08,9999-12-31,True,Bronze,
4263,C04381,Rachid Kettani,35-44,f,Fès,referral,2026-05-08,9999-12-31,True,Bronze,
4264,C02759,Driss Alaoui,45-54,f,Casablanca,referral,2026-05-08,9999-12-31,True,Bronze,
4265,C07263,Ahmed Lahlou,55-64,m,Casablanca,mobile,2026-05-08,9999-12-31,True,Bronze,
4266,C03150,Ghita Bouazza,45-54,m,Marrakech,mobile,2026-05-08,9999-12-31,True,Bronze,
4267,C04970,Amina Naciri,45-54,m,Rabat,mobile,2026-05-08,9999-12-31,True,Bronze,
4268,C00181,Adil Benali,25-34,f,Tanger,web,2026-05-08,9999-12-31,True,Bronze,
4269,C07337,Mohamed Bouzid,35-44,f,Mohammedia,mobile,2026-05-08,9999-12-31,True,Bronze,
4270,C07466,Hamza Bouzid,45-54,f,Marrakech,marketplace,2026-05-08,9999-12-31,True,Bronze,
4271,C05172,Rim El Mansouri,18-24,f,Béni Mellal,social_media,2026-05-08,9999-12-31,True,Bronze,
4272,C02398,Sara Tahiri,55-64,f,Marrakech,referral,2026-05-08,9999-12-31,True,Bronze,
4273,C02301,Loubna Skalli,35-44,f,Nador,social_media,2026-05-08,9999-12-31,True,Bronze,
4274,C00596,Said Bouzid,35-44,m,Fès,referral,2026-05-08,9999-12-31,True,Bronze,
4275,C04769,Asmae Kettani,35-44,m,Kénitra,marketplace,2026-05-08,9999-12-31,True,Bronze,
4276,C03817,Imad El Ouazzani,35-44,m,Fès,mobile,2026-05-08,9999-12-31,True,Bronze,
4277,C06593,Adil Alaoui,55-64,f,Béni Mellal,referral,2026-05-08,9999-12-31,True,Bronze,
4278,C03415,Omar El Idrissi,18-24,m,El Jadida,social_media,2026-05-08,9999-12-31,True,Bronze,
4279,C02255,Ghita Bennani,25-34,m,Tanger,referral,2026-05-08,9999-12-31,True,Bronze,
4280,C05452,Rachid Kettani,18-24,m,Casablanca,mobile,2026-05-08,9999-12-31,True,Bronze,
4281,C06218,Salma El Amrani,45-54,f,Tanger,social_media,2026-05-08,9999-12-31,True,Bronze,
4282,C02349,Hamza Fassi Fihri,25-34,m,Tanger,referral,2026-05-08,9999-12-31,True,Bronze,
4283,C02716,Mehdi Haddad,25-34,f,Meknès,social_media,2026-05-08,9999-12-31,True,Bronze,
4284,C00599,Samira Berrada,25-34,f,Marrakech,web,2026-05-08,9999-12-31,True,Bronze,
4285,C07492,Mustapha Kettani,45-54,f,Rabat,referral,2026-05-08,9999-12-31,True,Bronze,
4286,C01587,Ali Ziani,45-54,m,Kénitra,marketplace,2026-05-08,9999-12-31,True,Bronze,
4287,C07963,Asmae El Amrani,18-24,m,Tanger,social_media,2026-05-08,9999-12-31,True,Bronze,
4288,C04676,Brahim Bouzid,45-54,f,Marrakech,mobile,2026-05-08,9999-12-31,True,Bronze,
4289,C04828,Nabil Benkirane,45-54,m,Casablanca,referral,2026-05-08,9999-12-31,True,Bronze,
4290,C00904,Hassan Filali,25-34,m,Meknès,web,2026-05-08,9999-12-31,True,Bronze,
4291,C04345,Driss Chraibi,35-44,m,Fès,referral,2026-05-08,9999-12-31,True,Bronze,
4292,C00734,Brahim Haddad,25-34,m,Casablanca,web,2026-05-08,9999-12-31,True,Bronze,
4293,C05154,Hassan Skalli,35-44,m,Tanger,web,2026-05-08,9999-12-31,True,Bronze,
4294,C07975,Mustapha Cherkaoui,Non renseigné,m,Kénitra,social_media,2026-05-08,9999-12-31,True,Bronze,
4295,C00536,Meryem Filali,55-64,m,Tanger,web,2026-05-08,9999-12-31,True,Bronze,
4296,C00946,Zakaria Kettani,35-44,f,Tétouan,web,2026-05-08,9999-12-31,True,Bronze,
4297,C04685,Ahmed Naciri,35-44,f,Fès,social_media,2026-05-08,9999-12-31,True,Bronze,
4298,C03527,Hanane Ouahbi,18-24,m,Fès,referral,2026-05-08,9999-12-31,True,Bronze,
4299,C01210,Rachid Lahlou,45-54,m,Meknès,web,2026-05-08,9999-12-31,True,Bronze,
4300,C07424,Hassan Fassi Fihri,45-54,m,Rabat,web,2026-05-08,9999-12-31,True,Bronze,
4301,C06900,Brahim Naciri,25-34,m,Nador,web,2026-05-08,9999-12-31,True,Bronze,
4302,C02134,Mohamed Kettani,18-24,f,Safi,social_media,2026-05-08,9999-12-31,True,Bronze,
4303,C04353,Soufiane El Amrani,55-64,m,Casablanca,mobile,2026-05-08,9999-12-31,True,Bronze,
4304,C03619,Samira El Idrissi,45-54,m,Rabat,social_media,2026-05-08,9999-12-31,True,Bronze,
4305,C07166,Omar El Amrani,35-44,f,Safi,marketplace,2026-05-08,9999-12-31,True,Bronze,
4306,C00497,Ahmed Benjelloun,35-44,m,Safi,marketplace,2026-05-08,9999-12-31,True,Bronze,
4307,C00944,Said Naciri,35-44,f,Marrakech,marketplace,2026-05-08,9999-12-31,True,Bronze,
4308,C04080,Driss Rahmouni,45-54,f,Rabat,social_media,2026-05-08,9999-12-31,True,Bronze,
4309,C06633,Soufiane Haddad,55-64,m,Casablanca,referral,2026-05-08,9999-12-31,True,Bronze,
4310,C02939,Brahim Skalli,35-44,m,Tanger,mobile,2026-05-08,9999-12-31,True,Bronze,
4311,C05249,Mohamed El Idrissi,25-34,m,Rabat,mobile,2026-05-08,9999-12-31,True,Bronze,
4312,C07219,Rim Kettani,35-44,m,Marrakech,referral,2026-05-08,9999-12-31,True,Bronze,
4313,C00282,Ali Bouzid,25-34,f,Nador,referral,2026-05-08,9999-12-31,True,Bronze,
4314,C05156,Loubna El Idrissi,55-64,m,Marrakech,marketplace,2026-05-08,9999-12-31,True,Bronze,
4315,C02323,Nadia Amrani,55-64,f,Meknès,social_media,2026-05-08,9999-12-31,True,Bronze,
4316,C01850,Meryem Benkirane,35-44,f,Marrakech,social_media,2026-05-08,9999-12-31,True,Bronze,
4317,C04567,Asmae El Ouazzani,25-34,f,Safi,referral,2026-05-08,9999-12-31,True,Bronze,
4318,C02868,Samira Lahlou,45-54,f,Tanger,marketplace,2026-05-08,9999-12-31,True,Bronze,
4319,C01433,Driss Filali,25-34,m,Casablanca,social_media,2026-05-08,9999-12-31,True,Bronze,
4320,C00082,Driss El Ouazzani,55-64,f,Tanger,marketplace,2026-05-08,9999-12-31,True,Bronze,
4321,C02253,Mustapha Bennani,35-44,m,Tanger,social_media,2026-05-08,9999-12-31,True,Bronze,
4322,C04638,Said Sefrioui,55-64,m,Fès,mobile,2026-05-08,9999-12-31,True,Bronze,
4323,C04266,Reda Ziani,45-54,f,El Jadida,web,2026-05-08,9999-12-31,True,Bronze,
4324,C03147,Rim Amrani,35-44,f,Tanger,mobile,2026-05-08,9999-12-31,True,Bronze,
4325,C04479,Adil Bouazza,55-64,m,Casablanca,marketplace,2026-05-08,9999-12-31,True,Bronze,
4326,C06185,Hamza Amrani,35-44,m,Tanger,mobile,2026-05-08,9999-12-31,True,Bronze,
4327,C05715,Meryem El Amrani,55-64,m,Marrakech,mobile,2026-05-08,9999-12-31,True,Bronze,
4328,C03077,Ahmed Bouazza,45-54,f,Fès,social_media,2026-05-08,9999-12-31,True,Bronze,
4329,C03731,Mehdi El Mansouri,35-44,m,Tanger,marketplace,2026-05-08,9999-12-31,True,Bronze,
4330,C07628,Sanae Amrani,55-64,f,Fès,marketplace,2026-05-08,9999-12-31,True,Bronze,
4331,C00477,Rachid Amrani,65+,m,Casablanca,social_media,2026-05-08,9999-12-31,True,Bronze,
4332,C04309,Hanane Rahmouni,35-44,m,Fès,social_media,2026-05-08,9999-12-31,True,Bronze,
4333,C03652,Reda Cherkaoui,55-64,m,Tanger,referral,2026-05-08,9999-12-31,True,Bronze,
4334,C00629,Sara Amrani,45-54,f,Casablanca,marketplace,2026-05-08,9999-12-31,True,Bronze,
4335,C04686,Meryem Bouazza,25-34,m,Fès,referral,2026-05-08,9999-12-31,True,Bronze,
4336,C06001,Said Sefrioui,45-54,m,Tanger,marketplace,2026-05-08,9999-12-31,True,Bronze,
4337,C06604,Amina Chraibi,18-24,f,Rabat,web,2026-05-08,9999-12-31,True,Bronze,
4338,C00798,Hassan Fassi Fihri,45-54,m,Oujda,web,2026-05-08,9999-12-31,True,Bronze,
4339,C01466,Said El Mansouri,45-54,f,Meknès,social_media,2026-05-08,9999-12-31,True,Bronze,
4340,C03666,Wafae Cherkaoui,45-54,f,Marrakech,mobile,2026-05-08,9999-12-31,True,Bronze,
4341,C04462,Mustapha Bouzid,45-54,m,El Jadida,marketplace,2026-05-08,9999-12-31,True,Bronze,
4342,C02956,Ahmed Ouahbi,25-34,m,Tanger,referral,2026-05-08,9999-12-31,True,Bronze,
4343,C02951,Driss Alaoui,18-24,m,Fès,web,2026-05-08,9999-12-31,True,Bronze,
4344,C06347,Reda Haddad,25-34,m,Béni Mellal,marketplace,2026-05-08,9999-12-31,True,Bronze,
4345,C01392,Said Berrada,55-64,m,Fès,web,2026-05-08,9999-12-31,True,Bronze,
4346,C02330,Amine Cherkaoui,18-24,f,Tanger,referral,2026-05-08,9999-12-31,True,Bronze,
4347,C05033,Ilham Amrani,55-64,m,Casablanca,social_media,2026-05-08,9999-12-31,True,Bronze,
4348,C03197,Youssef El Ouazzani,65+,m,Marrakech,social_media,2026-05-08,9999-12-31,True,Bronze,
4349,C00834,Hassan Ouahbi,25-34,m,Tanger,social_media,2026-05-08,9999-12-31,True,Bronze,
4350,C01905,Wafae Chraibi,45-54,f,Marrakech,social_media,2026-05-08,9999-12-31,True,Bronze,
4351,C03247,Khadija Benjelloun,35-44,f,Fès,marketplace,2026-05-08,9999-12-31,True,Bronze,
4352,C03233,Sara Ouahbi,55-64,f,Mohammedia,referral,2026-05-08,9999-12-31,True,Bronze,
4353,C06595,Fatima Ziani,18-24,m,Rabat,marketplace,2026-05-08,9999-12-31,True,Bronze,
4354,C04594,Laila Bouzid,18-24,m,Fès,web,2026-05-08,9999-12-31,True,Bronze,
4355,C01494,Omar Lahlou,45-54,m,Kénitra,referral,2026-05-08,9999-12-31,True,Bronze,
4356,C06934,Hassan Cherkaoui,Non renseigné,f,Rabat,web,2026-05-08,9999-12-31,True,Bronze,
4357,C03863,Meryem Benjelloun,35-44,f,Marrakech,marketplace,2026-05-08,9999-12-31,True,Bronze,
4358,C04162,Hanane Benali,25-34,m,Oujda,marketplace,2026-05-08,9999-12-31,True,Bronze,
4359,C01283,Hind El Mansouri,45-54,f,Mohammedia,marketplace,2026-05-08,9999-12-31,True,Bronze,
4360,C05599,Nawal Alaoui,35-44,f,El Jadida,mobile,2026-05-08,9999-12-31,True,Bronze,
4361,C04595,Salma El Ouazzani,35-44,m,Marrakech,social_media,2026-05-08,9999-12-31,True,Bronze,
4362,C01420,Brahim El Amrani,35-44,f,Fès,social_media,2026-05-08,9999-12-31,True,Bronze,
4363,C00420,Nawal Bouazza,55-64,f,Rabat,referral,2026-05-08,9999-12-31,True,Bronze,
4364,C06336,Sara Alaoui,25-34,f,Tétouan,mobile,2026-05-08,9999-12-31,True,Bronze,
4365,C07807,Brahim Skalli,18-24,m,Kénitra,marketplace,2026-05-08,9999-12-31,True,Bronze,
4366,C07788,Samira Amrani,25-34,f,Meknès,social_media,2026-05-08,9999-12-31,True,Bronze,
4367,C05261,Sanae Kettani,55-64,m,Rabat,marketplace,2026-05-08,9999-12-31,True,Bronze,
4368,C02146,Khalid Alaoui,55-64,f,El Jadida,social_media,2026-05-08,9999-12-31,True,Bronze,
4369,C02052,Khadija Rahmouni,35-44,f,Fès,referral,2026-05-08,9999-12-31,True,Bronze,
4370,C05585,Hassan Bennani,25-34,m,Agadir,web,2026-05-08,9999-12-31,True,Bronze,
4371,C01638,Hind Benali,55-64,m,Fès,referral,2026-05-08,9999-12-31,True,Bronze,
4372,C03876,Amine Filali,45-54,m,Marrakech,web,2026-05-08,9999-12-31,True,Bronze,
4373,C05677,Ali El Ouazzani,45-54,m,Tanger,referral,2026-05-08,9999-12-31,True,Bronze,
4374,C03412,Ghita Benali,45-54,f,Oujda,referral,2026-05-08,9999-12-31,True,Bronze,
4375,C04284,Soufiane El Idrissi,55-64,m,Rabat,social_media,2026-05-08,9999-12-31,True,Bronze,
4376,C03488,Zineb Amrani,18-24,m,Rabat,referral,2026-05-08,9999-12-31,True,Bronze,
4377,C00958,Nadia Fassi Fihri,25-34,f,Fès,referral,2026-05-08,9999-12-31,True,Bronze,
4378,C05619,Nadia Skalli,55-64,m,Mohammedia,social_media,2026-05-08,9999-12-31,True,Bronze,
4379,C00311,Laila El Ouazzani,55-64,f,Agadir,mobile,2026-05-08,9999-12-31,True,Bronze,
4380,C06638,Adil Amrani,35-44,m,Marrakech,mobile,2026-05-08,9999-12-31,True,Bronze,
4381,C05790,Zineb Alaoui,25-34,m,Tanger,web,2026-05-08,9999-12-31,True,Bronze,
4382,C01902,Karim El Mansouri,45-54,f,Casablanca,web,2026-05-08,9999-12-31,True,Bronze,
4383,C02154,Said Fassi Fihri,45-54,m,Mohammedia,referral,2026-05-08,9999-12-31,True,Bronze,
4384,C06219,Khalid Lahlou,45-54,f,Kénitra,marketplace,2026-05-08,9999-12-31,True,Bronze,
4385,C03020,Salma El Mansouri,45-54,f,Tanger,social_media,2026-05-08,9999-12-31,True,Bronze,
4386,C06235,Ghita Sefrioui,55-64,m,Casablanca,web,2026-05-08,9999-12-31,True,Bronze,
4387,C06201,Reda Filali,65+,m,Safi,marketplace,2026-05-08,9999-12-31,True,Bronze,
4388,C04641,Fatima Tahiri,45-54,f,Marrakech,social_media,2026-05-08,9999-12-31,True,Bronze,
4389,C00297,Meryem Benjelloun,Non renseigné,m,Tanger,referral,2026-05-08,9999-12-31,True,Bronze,
4390,C06180,Karim Alaoui,25-34,f,Marrakech,referral,2026-05-08,9999-12-31,True,Bronze,
4391,C04501,Driss Benkirane,18-24,m,Oujda,marketplace,2026-05-08,9999-12-31,True,Bronze,
4392,C06373,Sanae Benkirane,25-34,m,Rabat,mobile,2026-05-08,9999-12-31,True,Bronze,
4393,C05325,Said Fassi Fihri,45-54,f,Marrakech,marketplace,2026-05-08,9999-12-31,True,Bronze,
4394,C00774,Amine Benali,55-64,m,Fès,referral,2026-05-08,9999-12-31,True,Bronze,
4395,C02136,Rim Ouahbi,55-64,m,Fès,referral,2026-05-08,9999-12-31,True,Bronze,
4396,C02137,Hind Haddad,45-54,m,Fès,web,2026-05-08,9999-12-31,True,Bronze,
4397,C04447,Hassan Rahmouni,25-34,f,Tanger,social_media,2026-05-08,9999-12-31,True,Bronze,
4398,C02067,Zineb Rahmouni,25-34,f,Oujda,mobile,2026-05-08,9999-12-31,True,Bronze,
4399,C06788,Karim Benali,25-34,m,Casablanca,web,2026-05-08,9999-12-31,True,Bronze,
4400,C04502,Meryem Chraibi,25-34,m,Tanger,social_media,2026-05-08,9999-12-31,True,Bronze,
4401,C05612,Mustapha Bouazza,55-64,f,Tanger,web,2026-05-08,9999-12-31,True,Bronze,
4402,C02534,Soufiane Ouahbi,45-54,m,Kénitra,marketplace,2026-05-08,9999-12-31,True,Bronze,
4403,C02656,Sanae Ziani,35-44,m,Casablanca,mobile,2026-05-08,9999-12-31,True,Bronze,
4404,C04807,Amina Bouazza,18-24,m,Tanger,marketplace,2026-05-08,9999-12-31,True,Bronze,
4405,C01759,Amina Ziani,55-64,f,Mohammedia,marketplace,2026-05-08,9999-12-31,True,Bronze,
4406,C00861,Fatima Benjelloun,55-64,f,Tanger,mobile,2026-05-08,9999-12-31,True,Bronze,
4407,C06800,Zakaria Alaoui,45-54,f,Marrakech,web,2026-05-08,9999-12-31,True,Bronze,
4408,C00116,Hamza Benali,35-44,f,Tanger,referral,2026-05-08,9999-12-31,True,Bronze,
4409,C01814,Ahmed Bouazza,45-54,m,Marrakech,social_media,2026-05-08,9999-12-31,True,Bronze,
4410,C05896,Samira Filali,55-64,m,Fès,mobile,2026-05-08,9999-12-31,True,Bronze,
4411,C00105,Imad Bouzid,25-34,f,Tanger,mobile,2026-05-08,9999-12-31,True,Bronze,
4412,C01534,Reda Benjelloun,35-44,m,Casablanca,mobile,2026-05-08,9999-12-31,True,Bronze,
4413,C00821,Brahim Tazi,45-54,f,Tanger,referral,2026-05-08,9999-12-31,True,Bronze,
4414,C03654,Dounia Ouahbi,55-64,f,Rabat,marketplace,2026-05-08,9999-12-31,True,Bronze,
4415,C02762,Meryem Alaoui,35-44,m,Kénitra,mobile,2026-05-08,9999-12-31,True,Bronze,
4416,C00755,Zineb Skalli,25-34,f,Fès,social_media,2026-05-08,9999-12-31,True,Bronze,
4417,C00810,Adil Fassi Fihri,18-24,m,Marrakech,mobile,2026-05-08,9999-12-31,True,Bronze,
4418,C07122,Omar El Ouazzani,55-64,f,Rabat,mobile,2026-05-08,9999-12-31,True,Bronze,
4419,C02862,Houda Tahiri,18-24,m,El Jadida,marketplace,2026-05-08,9999-12-31,True,Bronze,
4420,C07168,Asmae Benkirane,45-54,m,Rabat,social_media,2026-05-08,9999-12-31,True,Bronze,
4421,C07411,Laila Benjelloun,55-64,m,Oujda,mobile,2026-05-08,9999-12-31,True,Bronze,
4422,C03623,Hassan Rahmouni,55-64,m,Marrakech,referral,2026-05-08,9999-12-31,True,Bronze,
4423,C06761,Khalid Chraibi,35-44,m,Rabat,marketplace,2026-05-08,9999-12-31,True,Bronze,
4424,C01695,Reda Skalli,25-34,f,Tanger,mobile,2026-05-08,9999-12-31,True,Bronze,
4425,C03776,Reda Bouazza,35-44,m,Marrakech,social_media,2026-05-08,9999-12-31,True,Bronze,
4426,C07702,Ghita Cherkaoui,25-34,m,Fès,marketplace,2026-05-08,9999-12-31,True,Bronze,
4427,C06732,Nadia Tazi,45-54,f,Tanger,marketplace,2026-05-08,9999-12-31,True,Bronze,
4428,C00049,Said Benjelloun,18-24,f,Fès,marketplace,2026-05-08,9999-12-31,True,Bronze,
4429,C05448,Mohamed Benjelloun,55-64,f,Béni Mellal,mobile,2026-05-08,9999-12-31,True,Bronze,
4430,C01173,Brahim Chraibi,35-44,m,Mohammedia,referral,2026-05-08,9999-12-31,True,Bronze,
4431,C07540,Driss Berrada,45-54,m,Tanger,social_media,2026-05-08,9999-12-31,True,Bronze,
4432,C02538,Ilham Benali,55-64,f,Rabat,mobile,2026-05-08,9999-12-31,True,Bronze,
4433,C05645,Nawal Lahlou,35-44,f,Rabat,referral,2026-05-08,9999-12-31,True,Bronze,
4434,C05607,Sanae Haddad,35-44,f,Nador,social_media,2026-05-08,9999-12-31,True,Bronze,
4435,C04230,Imad Rahmouni,55-64,f,Oujda,mobile,2026-05-08,9999-12-31,True,Bronze,
4436,C04735,Nadia Bennani,35-44,f,Rabat,referral,2026-05-08,9999-12-31,True,Bronze,
4437,C00269,Amine Bouzid,25-34,m,Fès,mobile,2026-05-08,9999-12-31,True,Bronze,
4438,C03303,Laila Filali,45-54,m,Kénitra,referral,2026-05-08,9999-12-31,True,Bronze,
4439,C04302,Ghita El Mansouri,55-64,f,Kénitra,web,2026-05-08,9999-12-31,True,Bronze,
4440,C06801,Hassan Filali,55-64,f,Tanger,referral,2026-05-08,9999-12-31,True,Bronze,
4441,C04527,Fatima Ouahbi,18-24,m,Marrakech,social_media,2026-05-08,9999-12-31,True,Bronze,
4442,C00975,Reda Tazi,45-54,f,Marrakech,referral,2026-05-08,9999-12-31,True,Bronze,
4443,C05433,Dounia Amrani,Non renseigné,m,Casablanca,referral,2026-05-08,9999-12-31,True,Bronze,
4444,C00783,Nawal Sefrioui,55-64,m,Rabat,mobile,2026-05-08,9999-12-31,True,Bronze,
4445,C03450,Amina Tahiri,25-34,m,Nador,mobile,2026-05-08,9999-12-31,True,Bronze,
4446,C01279,Karim Benjelloun,18-24,f,Rabat,marketplace,2026-05-08,9999-12-31,True,Bronze,
4447,C00621,Wafae Bouzid,35-44,f,Fès,referral,2026-05-08,9999-12-31,True,Bronze,
4448,C03023,Nabil Bouzid,18-24,m,Mohammedia,web,2026-05-08,9999-12-31,True,Bronze,
4449,C01740,Nabil Haddad,25-34,f,Marrakech,social_media,2026-05-08,9999-12-31,True,Bronze,
4450,C02013,Ahmed Amrani,35-44,m,Tanger,referral,2026-05-08,9999-12-31,True,Bronze,
4451,C00029,Khalid Ouahbi,45-54,m,Fès,social_media,2026-05-08,9999-12-31,True,Bronze,
4452,C04845,Omar Bouzid,35-44,m,Tanger,marketplace,2026-05-08,9999-12-31,True,Bronze,
4453,C04537,Amine Kettani,45-54,m,Marrakech,social_media,2026-05-08,9999-12-31,True,Bronze,
4454,C07918,Nabil Benali,18-24,f,Béni Mellal,marketplace,2026-05-08,9999-12-31,True,Bronze,
4455,C06333,Laila Benali,35-44,m,Tétouan,web,2026-05-08,9999-12-31,True,Bronze,
4456,C02646,Youssef Bennani,35-44,m,El Jadida,mobile,2026-05-08,9999-12-31,True,Bronze,
4457,C04262,Ahmed Chraibi,25-34,m,Fès,mobile,2026-05-08,9999-12-31,True,Bronze,
4458,C01679,Houda El Ouazzani,35-44,f,Casablanca,web,2026-05-08,9999-12-31,True,Bronze,
4459,C06796,Mehdi Benjelloun,25-34,m,Marrakech,referral,2026-05-08,9999-12-31,True,Bronze,
4460,C06147,Brahim Bouzid,35-44,m,Rabat,social_media,2026-05-08,9999-12-31,True,Bronze,
4461,C06277,Mustapha Fassi Fihri,45-54,m,Rabat,mobile,2026-05-08,9999-12-31,True,Bronze,
4462,C02526,Said Kettani,45-54,f,Tanger,web,2026-05-08,9999-12-31,True,Bronze,
4463,C06441,Rachid Fassi Fihri,25-34,m,Fès,referral,2026-05-08,9999-12-31,True,Bronze,
4464,C06986,Asmae Skalli,35-44,m,Béni Mellal,web,2026-05-08,9999-12-31,True,Bronze,
4465,C04496,Amine Filali,55-64,m,Fès,marketplace,2026-05-08,9999-12-31,True,Bronze,
4466,C03867,Fatima Kettani,55-64,m,Marrakech,mobile,2026-05-08,9999-12-31,True,Bronze,
4467,C07368,Hassan Ziani,18-24,f,Tanger,marketplace,2026-05-08,9999-12-31,True,Bronze,
4468,C02736,Amine Alaoui,45-54,m,Marrakech,social_media,2026-05-08,9999-12-31,True,Bronze,
4469,C02630,Driss Amrani,55-64,m,Kénitra,referral,2026-05-08,9999-12-31,True,Bronze,
4470,C00261,Nawal Benkirane,25-34,f,Casablanca,web,2026-05-08,9999-12-31,True,Bronze,
4471,C04200,Amine Benkirane,25-34,f,Meknès,social_media,2026-05-08,9999-12-31,True,Bronze,
4472,C04928,Driss Bouazza,45-54,m,Rabat,web,2026-05-08,9999-12-31,True,Bronze,
4473,C06668,Khalid Chraibi,45-54,f,Meknès,social_media,2026-05-08,9999-12-31,True,Bronze,
4474,C02969,Mohamed Berrada,35-44,m,Fès,referral,2026-05-08,9999-12-31,True,Bronze,
4475,C01320,Rim Skalli,25-34,m,Nador,web,2026-05-08,9999-12-31,True,Bronze,
4476,C05423,Rim Naciri,45-54,m,Marrakech,marketplace,2026-05-08,9999-12-31,True,Bronze,
4477,C02743,Salma El Mansouri,35-44,m,Tanger,web,2026-05-08,9999-12-31,True,Bronze,
4478,C07442,Zineb Bouzid,45-54,f,El Jadida,mobile,2026-05-08,9999-12-31,True,Bronze,
4479,C07888,Ahmed Benjelloun,55-64,m,Casablanca,marketplace,2026-05-08,9999-12-31,True,Bronze,
4480,C01018,Rachid Rahmouni,25-34,m,Tétouan,marketplace,2026-05-08,9999-12-31,True,Bronze,
4481,C00899,Salma Ouahbi,45-54,m,Rabat,referral,2026-05-08,9999-12-31,True,Bronze,
4482,C06475,Fatima Haddad,55-64,m,Safi,marketplace,2026-05-08,9999-12-31,True,Bronze,
4483,C07228,Asmae Chraibi,35-44,m,Rabat,social_media,2026-05-08,9999-12-31,True,Bronze,
4484,C07111,Hanane Haddad,55-64,m,Rabat,referral,2026-05-08,9999-12-31,True,Bronze,
4485,C04338,Hamza Sefrioui,18-24,m,Tanger,social_media,2026-05-08,9999-12-31,True,Bronze,
4486,C07327,Mohamed El Ouazzani,55-64,m,Safi,marketplace,2026-05-08,9999-12-31,True,Bronze,
4487,C07984,Ilham Tazi,45-54,f,Kénitra,mobile,2026-05-08,9999-12-31,True,Bronze,
4488,C06526,Ilham Bennani,35-44,m,Béni Mellal,social_media,2026-05-08,9999-12-31,True,Bronze,
4489,C07245,Soufiane Kettani,45-54,m,Casablanca,referral,2026-05-08,9999-12-31,True,Bronze,
4490,C07229,Mehdi El Amrani,45-54,m,Casablanca,social_media,2026-05-08,9999-12-31,True,Bronze,
4491,C06448,Hind Naciri,Non renseigné,m,Casablanca,marketplace,2026-05-08,9999-12-31,True,Bronze,
4492,C07542,Khadija Bennani,35-44,m,Casablanca,marketplace,2026-05-08,9999-12-31,True,Bronze,
4493,C06008,Hamza Benali,25-34,m,Marrakech,social_media,2026-05-08,9999-12-31,True,Bronze,
4494,C01182,Soufiane Naciri,55-64,m,Marrakech,referral,2026-05-08,9999-12-31,True,Bronze,
4495,C04741,Mehdi Benkirane,55-64,f,Casablanca,referral,2026-05-08,9999-12-31,True,Bronze,
4496,C04007,Hamza Haddad,55-64,m,Fès,marketplace,2026-05-08,9999-12-31,True,Bronze,
4497,C02975,Soufiane Benkirane,45-54,m,Tanger,mobile,2026-05-08,9999-12-31,True,Bronze,
4498,C01450,Nadia El Mansouri,35-44,f,Rabat,social_media,2026-05-08,9999-12-31,True,Bronze,
4499,C05861,Ilham Bennani,25-34,f,Fès,web,2026-05-08,9999-12-31,True,Bronze,
4500,C03589,Zineb Sefrioui,25-34,m,Fès,social_media,2026-05-08,9999-12-31,True,Bronze,
4501,C05169,Mehdi Lahlou,Non renseigné,m,Marrakech,social_media,2026-05-08,9999-12-31,True,Bronze,
4502,C05803,Imad Kettani,25-34,m,Casablanca,referral,2026-05-08,9999-12-31,True,Bronze,
4503,C05353,Sara El Idrissi,25-34,m,Meknès,referral,2026-05-08,9999-12-31,True,Bronze,
4504,C01215,Hassan Sefrioui,35-44,f,Tétouan,mobile,2026-05-08,9999-12-31,True,Bronze,
4505,C05990,Ghita El Amrani,18-24,f,Mohammedia,referral,2026-05-08,9999-12-31,True,Bronze,
4506,C02649,Hind Bouazza,35-44,f,Béni Mellal,social_media,2026-05-08,9999-12-31,True,Bronze,
4507,C00984,Ahmed Ziani,45-54,m,Safi,social_media,2026-05-08,9999-12-31,True,Bronze,
4508,C00237,Imad Ziani,35-44,m,Marrakech,mobile,2026-05-08,9999-12-31,True,Bronze,
4509,C00913,Khadija Bouzid,35-44,m,Agadir,web,2026-05-08,9999-12-31,True,Bronze,
4510,C07512,Karim Bennani,25-34,m,Marrakech,social_media,2026-05-08,9999-12-31,True,Bronze,
4511,C05996,Khalid Lahlou,18-24,m,Casablanca,mobile,2026-05-08,9999-12-31,True,Bronze,
4512,C03223,Hind Naciri,18-24,f,Agadir,marketplace,2026-05-08,9999-12-31,True,Bronze,
4513,C00434,Brahim Haddad,55-64,f,Tanger,marketplace,2026-05-08,9999-12-31,True,Bronze,
4514,C07279,Amine Bennani,45-54,f,Meknès,referral,2026-05-08,9999-12-31,True,Bronze,
4515,C06576,Hanane El Ouazzani,18-24,f,Agadir,referral,2026-05-08,9999-12-31,True,Bronze,
4516,C04821,Hanane Skalli,18-24,m,Oujda,web,2026-05-08,9999-12-31,True,Bronze,
4517,C00488,Khalid Kettani,45-54,m,Marrakech,marketplace,2026-05-08,9999-12-31,True,Bronze,
4518,C03574,Ghita Rahmouni,45-54,f,Casablanca,social_media,2026-05-08,9999-12-31,True,Bronze,
4519,C05442,Hamza Ouahbi,25-34,m,Marrakech,social_media,2026-05-08,9999-12-31,True,Bronze,
4520,C07260,Mustapha Rahmouni,35-44,f,Marrakech,mobile,2026-05-08,9999-12-31,True,Bronze,
4521,C00632,Meryem El Idrissi,45-54,m,Fès,referral,2026-05-08,9999-12-31,True,Bronze,
4522,C05994,Laila Naciri,35-44,m,Rabat,social_media,2026-05-08,9999-12-31,True,Bronze,
4523,C01016,Nadia Alaoui,35-44,f,Marrakech,social_media,2026-05-08,9999-12-31,True,Bronze,
4524,C00073,Karim Chraibi,45-54,f,Béni Mellal,web,2026-05-08,9999-12-31,True,Bronze,
4525,C07886,Wafae Tazi,65+,f,Rabat,marketplace,2026-05-08,9999-12-31,True,Bronze,
4526,C03082,Dounia Skalli,18-24,m,El Jadida,marketplace,2026-05-08,9999-12-31,True,Bronze,
4527,C05453,Meryem Skalli,35-44,m,Casablanca,mobile,2026-05-08,9999-12-31,True,Bronze,
4528,C04261,Meryem Naciri,45-54,f,Tanger,marketplace,2026-05-08,9999-12-31,True,Bronze,
4529,C07467,Dounia Berrada,55-64,f,El Jadida,web,2026-05-08,9999-12-31,True,Bronze,
4530,C04858,Brahim Ziani,55-64,f,El Jadida,social_media,2026-05-08,9999-12-31,True,Bronze,
4531,C01590,Dounia Cherkaoui,45-54,m,Fès,mobile,2026-05-08,9999-12-31,True,Bronze,
4532,C04120,Houda El Mansouri,25-34,m,Rabat,mobile,2026-05-08,9999-12-31,True,Bronze,
4533,C06725,Ilham Rahmouni,45-54,m,Marrakech,mobile,2026-05-08,9999-12-31,True,Bronze,
4534,C04824,Nabil Benali,45-54,m,El Jadida,marketplace,2026-05-08,9999-12-31,True,Bronze,
4535,C05365,Nadia Bouzid,55-64,m,Fès,mobile,2026-05-08,9999-12-31,True,Bronze,
4536,C01671,Wafae El Idrissi,18-24,f,Tanger,web,2026-05-08,9999-12-31,True,Bronze,
4537,C00675,Ilham Benkirane,45-54,f,Fès,web,2026-05-08,9999-12-31,True,Bronze,
4538,C02981,Amina Alaoui,55-64,m,Tétouan,web,2026-05-08,9999-12-31,True,Bronze,
4539,C06975,Ahmed Naciri,18-24,m,Marrakech,social_media,2026-05-08,9999-12-31,True,Bronze,
4540,C01114,Ahmed El Ouazzani,25-34,m,Casablanca,mobile,2026-05-08,9999-12-31,True,Bronze,
4541,C00534,Adil Benkirane,55-64,f,Fès,mobile,2026-05-08,9999-12-31,True,Bronze,
4542,C04871,Soufiane Alaoui,55-64,m,Rabat,mobile,2026-05-08,9999-12-31,True,Bronze,
4543,C06538,Ali Haddad,35-44,m,Tanger,mobile,2026-05-08,9999-12-31,True,Bronze,
4544,C07929,Adil El Amrani,25-34,f,Casablanca,web,2026-05-08,9999-12-31,True,Bronze,
4545,C03811,Hassan Ouahbi,35-44,f,Casablanca,referral,2026-05-08,9999-12-31,True,Bronze,
4546,C06956,Karim Cherkaoui,55-64,m,Mohammedia,social_media,2026-05-08,9999-12-31,True,Bronze,
4547,C07600,Youssef Haddad,25-34,m,Safi,social_media,2026-05-08,9999-12-31,True,Bronze,
4548,C04999,Sanae Cherkaoui,45-54,f,Fès,social_media,2026-05-08,9999-12-31,True,Bronze,
4549,C06474,Reda Bouazza,18-24,f,Tanger,mobile,2026-05-08,9999-12-31,True,Bronze,
4550,C06423,Hamza Tazi,55-64,f,Béni Mellal,social_media,2026-05-08,9999-12-31,True,Bronze,
4551,C03990,Wafae Ziani,35-44,m,Marrakech,mobile,2026-05-08,9999-12-31,True,Bronze,
4552,C04221,Ali Skalli,18-24,f,Tanger,social_media,2026-05-08,9999-12-31,True,Bronze,
4553,C02121,Ali Alaoui,18-24,f,El Jadida,marketplace,2026-05-08,9999-12-31,True,Bronze,
4554,C07697,Hassan Amrani,18-24,f,Safi,referral,2026-05-08,9999-12-31,True,Bronze,
4555,C00572,Amine Haddad,25-34,f,Fès,referral,2026-05-08,9999-12-31,True,Bronze,
4556,C03667,Samira Bouzid,35-44,f,Casablanca,web,2026-05-08,9999-12-31,True,Bronze,
4557,C01095,Khadija Sefrioui,55-64,f,Fès,web,2026-05-08,9999-12-31,True,Bronze,
4558,C07641,Hind Rahmouni,18-24,f,Fès,referral,2026-05-08,9999-12-31,True,Bronze,
4559,C01972,Sara Benali,45-54,f,Rabat,marketplace,2026-05-08,9999-12-31,True,Bronze,
4560,C03603,Asmae Ouahbi,55-64,m,Tanger,marketplace,2026-05-08,9999-12-31,True,Bronze,
4561,C02489,Said Benali,45-54,f,Kénitra,marketplace,2026-05-08,9999-12-31,True,Bronze,
4562,C04960,Khalid Cherkaoui,35-44,m,Marrakech,social_media,2026-05-08,9999-12-31,True,Bronze,
4563,C00512,Ali El Ouazzani,55-64,f,Rabat,social_media,2026-05-08,9999-12-31,True,Bronze,
4564,C07650,Meryem Tahiri,25-34,f,Nador,referral,2026-05-08,9999-12-31,True,Bronze,
4565,C01125,Meryem Bouazza,55-64,f,Mohammedia,mobile,2026-05-08,9999-12-31,True,Bronze,
4566,C01887,Sanae Alaoui,25-34,f,Safi,marketplace,2026-05-08,9999-12-31,True,Bronze,
4567,C02440,Amine Cherkaoui,35-44,m,Tétouan,marketplace,2026-05-08,9999-12-31,True,Bronze,
4568,C07978,Hanane Bouazza,25-34,m,Tanger,marketplace,2026-05-08,9999-12-31,True,Bronze,
4569,C00308,Hanane Benali,45-54,f,Tanger,mobile,2026-05-08,9999-12-31,True,Bronze,
4570,C07386,Ahmed Naciri,25-34,m,Oujda,referral,2026-05-08,9999-12-31,True,Bronze,
4571,C07526,Rachid Tazi,55-64,f,Fès,web,2026-05-08,9999-12-31,True,Bronze,
4572,C06444,Hanane El Ouazzani,25-34,m,Tanger,social_media,2026-05-08,9999-12-31,True,Bronze,
4573,C06468,Said El Ouazzani,55-64,m,Meknès,marketplace,2026-05-08,9999-12-31,True,Bronze,
4574,C04715,Nadia Berrada,25-34,f,Marrakech,referral,2026-05-08,9999-12-31,True,Bronze,
4575,C05904,Karim Naciri,45-54,m,Fès,social_media,2026-05-08,9999-12-31,True,Bronze,
4576,C05977,Rim El Mansouri,45-54,f,Tanger,marketplace,2026-05-08,9999-12-31,True,Bronze,
4577,C07589,Youssef Lahlou,65+,m,Rabat,mobile,2026-05-08,9999-12-31,True,Bronze,
4578,C01808,Karim El Idrissi,35-44,m,Safi,marketplace,2026-05-08,9999-12-31,True,Bronze,
4579,C04582,Hamza Haddad,55-64,m,Tanger,web,2026-05-08,9999-12-31,True,Bronze,
4580,C06304,Fatima Rahmouni,45-54,f,Marrakech,marketplace,2026-05-08,9999-12-31,True,Bronze,
4581,C06930,Sara Cherkaoui,35-44,m,Mohammedia,marketplace,2026-05-08,9999-12-31,True,Bronze,
4582,C07586,Asmae Filali,25-34,m,Marrakech,referral,2026-05-08,9999-12-31,True,Bronze,
4583,C02164,Mohamed Berrada,25-34,m,Tanger,social_media,2026-05-08,9999-12-31,True,Bronze,
4584,C07130,Laila Lahlou,55-64,m,Rabat,social_media,2026-05-08,9999-12-31,True,Bronze,
4585,C00972,Mehdi Benkirane,55-64,f,Fès,social_media,2026-05-08,9999-12-31,True,Bronze,
4586,C04448,Brahim Chraibi,45-54,f,Marrakech,marketplace,2026-05-08,9999-12-31,True,Bronze,
4587,C07926,Omar Alaoui,55-64,m,Meknès,referral,2026-05-08,9999-12-31,True,Bronze,
4588,C05593,Soufiane Benali,55-64,m,Marrakech,referral,2026-05-08,9999-12-31,True,Bronze,
4589,C01074,Fatima Ouahbi,55-64,m,Casablanca,marketplace,2026-05-08,9999-12-31,True,Bronze,
4590,C03901,Hanane Fassi Fihri,35-44,f,Agadir,web,2026-05-08,9999-12-31,True,Bronze,
4591,C05545,Amina Haddad,45-54,f,Béni Mellal,social_media,2026-05-08,9999-12-31,True,Bronze,
4592,C07459,Nawal Sefrioui,55-64,m,Casablanca,marketplace,2026-05-08,9999-12-31,True,Bronze,
4593,C03675,Nadia Bouzid,35-44,m,Béni Mellal,marketplace,2026-05-08,9999-12-31,True,Bronze,
4594,C04937,Mustapha Fassi Fihri,45-54,f,Casablanca,mobile,2026-05-08,9999-12-31,True,Bronze,
4595,C07078,Youssef Tahiri,35-44,f,Casablanca,web,2026-05-08,9999-12-31,True,Bronze,
4596,C01724,Meryem Ziani,Non renseigné,f,Fès,referral,2026-05-08,9999-12-31,True,Bronze,
4597,C07916,Khalid Bouzid,35-44,m,Tanger,referral,2026-05-08,9999-12-31,True,Bronze,
4598,C04815,Ali Filali,25-34,f,Fès,social_media,2026-05-08,9999-12-31,True,Bronze,
4599,C05461,Sanae Alaoui,65+,f,Safi,web,2026-05-08,9999-12-31,True,Bronze,
4600,C02201,Ali Skalli,25-34,f,Tanger,social_media,2026-05-08,9999-12-31,True,Bronze,
4601,C04183,Zakaria Rahmouni,45-54,f,Agadir,referral,2026-05-08,9999-12-31,True,Bronze,
4602,C04069,Ghita Berrada,18-24,m,Tanger,marketplace,2026-05-08,9999-12-31,True,Bronze,
4603,C06964,Imad El Idrissi,45-54,m,Marrakech,mobile,2026-05-08,9999-12-31,True,Bronze,
4604,C07664,Karim Benkirane,25-34,f,Marrakech,social_media,2026-05-08,9999-12-31,True,Bronze,
4605,C04913,Dounia Kettani,18-24,m,El Jadida,mobile,2026-05-08,9999-12-31,True,Bronze,
4606,C01707,Dounia El Ouazzani,55-64,m,Oujda,referral,2026-05-08,9999-12-31,True,Bronze,
4607,C04543,Karim El Idrissi,55-64,m,Safi,social_media,2026-05-08,9999-12-31,True,Bronze,
4608,C06496,Mustapha Amrani,55-64,f,Mohammedia,marketplace,2026-05-08,9999-12-31,True,Bronze,
4609,C03586,Zakaria Benjelloun,65+,m,Tanger,social_media,2026-05-08,9999-12-31,True,Bronze,
4610,C07647,Sara Skalli,35-44,m,Fès,mobile,2026-05-08,9999-12-31,True,Bronze,
4611,C02710,Mohamed Skalli,45-54,m,Tanger,social_media,2026-05-08,9999-12-31,True,Bronze,
4612,C02176,Imad Filali,45-54,f,Casablanca,marketplace,2026-05-08,9999-12-31,True,Bronze,
4613,C04658,Meryem Cherkaoui,25-34,m,Marrakech,referral,2026-05-08,9999-12-31,True,Bronze,
4614,C07026,Said Sefrioui,35-44,f,Tanger,marketplace,2026-05-08,9999-12-31,True,Bronze,
4615,C05317,Youssef Chraibi,35-44,f,Fès,social_media,2026-05-08,9999-12-31,True,Bronze,
4616,C05888,Fatima Filali,25-34,m,Tanger,referral,2026-05-08,9999-12-31,True,Bronze,
4617,C04308,Karim Bouazza,65+,f,Fès,marketplace,2026-05-08,9999-12-31,True,Bronze,
4618,C01126,Hind El Ouazzani,25-34,m,Agadir,social_media,2026-05-08,9999-12-31,True,Bronze,
4619,C00500,Youssef Alaoui,55-64,f,Fès,web,2026-05-08,9999-12-31,True,Bronze,
4620,C01148,Loubna Benali,25-34,f,Marrakech,mobile,2026-05-08,9999-12-31,True,Bronze,
4621,C07472,Wafae El Idrissi,25-34,m,Marrakech,mobile,2026-05-08,9999-12-31,True,Bronze,
4622,C07696,Ahmed Benjelloun,18-24,m,Béni Mellal,mobile,2026-05-08,9999-12-31,True,Bronze,
4623,C03334,Hassan Alaoui,25-34,f,Casablanca,web,2026-05-08,9999-12-31,True,Bronze,
4624,C04082,Sanae El Idrissi,45-54,m,Rabat,mobile,2026-05-08,9999-12-31,True,Bronze,
4625,C05923,Adil El Mansouri,35-44,m,Agadir,web,2026-05-08,9999-12-31,True,Bronze,
4626,C06883,Omar Bennani,18-24,m,Casablanca,mobile,2026-05-08,9999-12-31,True,Bronze,
4627,C02458,Wafae Haddad,25-34,f,Rabat,mobile,2026-05-08,9999-12-31,True,Bronze,
4628,C03401,Mehdi El Ouazzani,35-44,f,Fès,referral,2026-05-08,9999-12-31,True,Bronze,
4629,C06603,Hind Naciri,35-44,f,Fès,web,2026-05-08,9999-12-31,True,Bronze,
4630,C07555,Zakaria Amrani,35-44,f,Tétouan,social_media,2026-05-08,9999-12-31,True,Bronze,
4631,C07454,Reda Haddad,55-64,m,Fès,marketplace,2026-05-08,9999-12-31,True,Bronze,
4632,C01973,Amine Bouzid,35-44,m,Fès,mobile,2026-05-08,9999-12-31,True,Bronze,
4633,C07977,Mehdi Berrada,35-44,m,Kénitra,referral,2026-05-08,9999-12-31,True,Bronze,
4634,C05576,Wafae Naciri,35-44,f,Tanger,web,2026-05-08,9999-12-31,True,Bronze,
4635,C03046,Youssef Berrada,25-34,f,Marrakech,mobile,2026-05-08,9999-12-31,True,Bronze,
4636,C06432,Meryem Bennani,45-54,m,Casablanca,marketplace,2026-05-08,9999-12-31,True,Bronze,
4637,C07416,Ilham Tahiri,35-44,m,Oujda,marketplace,2026-05-08,9999-12-31,True,Bronze,
4638,C02501,Nawal Alaoui,18-24,m,Casablanca,social_media,2026-05-08,9999-12-31,True,Bronze,
4639,C00840,Amine El Ouazzani,25-34,f,Casablanca,mobile,2026-05-08,9999-12-31,True,Bronze,
4640,C06919,Ghita Berrada,35-44,f,Agadir,social_media,2026-05-08,9999-12-31,True,Bronze,
4641,C04441,Ilham Alaoui,25-34,f,Marrakech,marketplace,2026-05-08,9999-12-31,True,Bronze,
4642,C02063,Rachid Tazi,45-54,f,Marrakech,web,2026-05-08,9999-12-31,True,Bronze,
4643,C07089,Mehdi Bennani,Non renseigné,f,Casablanca,social_media,2026-05-08,9999-12-31,True,Bronze,
4644,C04032,Khadija El Idrissi,65+,m,Kénitra,social_media,2026-05-08,9999-12-31,True,Bronze,
4645,C02230,Ilham Bouzid,25-34,m,Oujda,marketplace,2026-05-08,9999-12-31,True,Bronze,
4646,C01022,Driss Skalli,55-64,m,Marrakech,mobile,2026-05-08,9999-12-31,True,Bronze,
4647,C05666,Mehdi Cherkaoui,55-64,m,Tétouan,mobile,2026-05-08,9999-12-31,True,Bronze,
4648,C06893,Dounia Amrani,35-44,m,Nador,web,2026-05-08,9999-12-31,True,Bronze,
4649,C03472,Imad Berrada,25-34,m,Marrakech,web,2026-05-08,9999-12-31,True,Bronze,
4650,C07213,Houda Haddad,45-54,m,Nador,mobile,2026-05-08,9999-12-31,True,Bronze,
4651,C00041,Amina Bouazza,55-64,f,Nador,social_media,2026-05-08,9999-12-31,True,Bronze,
4652,C04968,Wafae El Mansouri,35-44,m,Casablanca,referral,2026-05-08,9999-12-31,True,Bronze,
4653,C02683,Khalid Ziani,55-64,f,Casablanca,social_media,2026-05-08,9999-12-31,True,Bronze,
4654,C06424,Driss Bouzid,25-34,f,Tanger,mobile,2026-05-08,9999-12-31,True,Bronze,
4655,C07682,Hamza Amrani,45-54,f,Tanger,referral,2026-05-08,9999-12-31,True,Bronze,
4656,C04347,Samira Berrada,35-44,m,Casablanca,social_media,2026-05-08,9999-12-31,True,Bronze,
4657,C06450,Hamza Tahiri,45-54,f,Fès,referral,2026-05-08,9999-12-31,True,Bronze,
4658,C07993,Amina Alaoui,35-44,m,Mohammedia,referral,2026-05-08,9999-12-31,True,Bronze,
4659,C00722,Hassan El Mansouri,55-64,f,El Jadida,social_media,2026-05-08,9999-12-31,True,Bronze,
4660,C01224,Adil Ouahbi,55-64,m,Tanger,marketplace,2026-05-08,9999-12-31,True,Bronze,
4661,C06019,Nabil Benali,25-34,m,Marrakech,mobile,2026-05-08,9999-12-31,True,Bronze,
4662,C00030,Rim Berrada,18-24,m,Casablanca,social_media,2026-05-08,9999-12-31,True,Bronze,
4663,C03883,Ilham Lahlou,35-44,m,Nador,social_media,2026-05-08,9999-12-31,True,Bronze,
4664,C07390,Sara Naciri,Non renseigné,m,Fès,social_media,2026-05-08,9999-12-31,True,Bronze,
4665,C02995,Laila Bouzid,35-44,m,El Jadida,marketplace,2026-05-08,9999-12-31,True,Bronze,
4666,C03663,Sara Filali,45-54,m,Mohammedia,referral,2026-05-08,9999-12-31,True,Bronze,
4667,C05352,Zakaria Skalli,25-34,f,Marrakech,social_media,2026-05-08,9999-12-31,True,Bronze,
4668,C04166,Mohamed Naciri,55-64,m,Tanger,mobile,2026-05-08,9999-12-31,True,Bronze,
4669,C07297,Karim Kettani,45-54,m,Béni Mellal,social_media,2026-05-08,9999-12-31,True,Bronze,
4670,C02096,Khalid Alaoui,25-34,m,Marrakech,social_media,2026-05-08,9999-12-31,True,Bronze,
4671,C03665,Driss Alaoui,35-44,f,Fès,marketplace,2026-05-08,9999-12-31,True,Bronze,
4672,C00625,Hanane El Amrani,45-54,m,Casablanca,web,2026-05-08,9999-12-31,True,Bronze,
4673,C02228,Samira Cherkaoui,35-44,f,Casablanca,web,2026-05-08,9999-12-31,True,Bronze,
4674,C02453,Ilham Filali,65+,m,Fès,web,2026-05-08,9999-12-31,True,Bronze,
4675,C07592,Khalid El Amrani,45-54,m,Casablanca,web,2026-05-08,9999-12-31,True,Bronze,
4676,C04888,Driss Amrani,55-64,m,Oujda,social_media,2026-05-08,9999-12-31,True,Bronze,
4677,C06469,Hamza Bouazza,25-34,m,Fès,social_media,2026-05-08,9999-12-31,True,Bronze,
4678,C05586,Sanae Bennani,45-54,m,Tanger,referral,2026-05-08,9999-12-31,True,Bronze,
4679,C05310,Mohamed Haddad,25-34,m,Fès,social_media,2026-05-08,9999-12-31,True,Bronze,
4680,C06795,Rachid Ouahbi,35-44,m,Agadir,social_media,2026-05-08,9999-12-31,True,Bronze,
4681,C01272,Loubna Cherkaoui,55-64,f,Tanger,web,2026-05-08,9999-12-31,True,Bronze,
4682,C07700,Karim El Mansouri,25-34,m,Marrakech,marketplace,2026-05-08,9999-12-31,True,Bronze,
4683,C03336,Omar Fassi Fihri,18-24,f,Kénitra,web,2026-05-08,9999-12-31,True,Bronze,
4684,C07783,Hamza Sefrioui,25-34,m,Tanger,social_media,2026-05-08,9999-12-31,True,Bronze,
4685,C02474,Ahmed El Mansouri,25-34,m,Fès,referral,2026-05-08,9999-12-31,True,Bronze,
4686,C01897,Karim Filali,45-54,m,Fès,marketplace,2026-05-08,9999-12-31,True,Bronze,
4687,C05086,Mustapha Benkirane,35-44,m,Marrakech,mobile,2026-05-08,9999-12-31,True,Bronze,
4688,C04336,Laila Ziani,Non renseigné,m,Marrakech,web,2026-05-08,9999-12-31,True,Bronze,
4689,C02480,Hassan Naciri,18-24,m,Tanger,marketplace,2026-05-08,9999-12-31,True,Bronze,
4690,C04529,Mohamed Benjelloun,18-24,f,Marrakech,referral,2026-05-08,9999-12-31,True,Bronze,
4691,C06528,Ali Bennani,45-54,f,Marrakech,mobile,2026-05-08,9999-12-31,True,Bronze,
4692,C06910,Ilham Rahmouni,35-44,m,Tanger,social_media,2026-05-08,9999-12-31,True,Bronze,
4693,C06326,Zakaria Lahlou,45-54,m,El Jadida,mobile,2026-05-08,9999-12-31,True,Bronze,
4694,C03873,Nadia Rahmouni,55-64,f,Agadir,marketplace,2026-05-08,9999-12-31,True,Bronze,
4695,C05370,Ghita Tahiri,25-34,f,Fès,social_media,2026-05-08,9999-12-31,True,Bronze,
4696,C05486,Reda Kettani,Non renseigné,m,Tanger,referral,2026-05-08,9999-12-31,True,Bronze,
4697,C01608,Zakaria Filali,45-54,m,El Jadida,mobile,2026-05-08,9999-12-31,True,Bronze,
4698,C05184,Khadija Tazi,55-64,m,Casablanca,social_media,2026-05-08,9999-12-31,True,Bronze,
4699,C03882,Amine Haddad,55-64,m,Fès,web,2026-05-08,9999-12-31,True,Bronze,
4700,C01044,Reda Benali,55-64,m,Meknès,social_media,2026-05-08,9999-12-31,True,Bronze,
4701,C02727,Hassan El Amrani,25-34,f,Mohammedia,marketplace,2026-05-08,9999-12-31,True,Bronze,
4702,C03431,Sanae Ziani,25-34,m,Marrakech,referral,2026-05-08,9999-12-31,True,Bronze,
4703,C01763,Youssef Alaoui,35-44,f,Marrakech,social_media,2026-05-08,9999-12-31,True,Bronze,
4704,C06289,Nabil El Mansouri,25-34,m,Fès,web,2026-05-08,9999-12-31,True,Bronze,
4705,C02361,Mehdi Naciri,25-34,m,Fès,mobile,2026-05-08,9999-12-31,True,Bronze,
4706,C02966,Laila El Amrani,18-24,m,Casablanca,web,2026-05-08,9999-12-31,True,Bronze,
4707,C01571,Nawal Berrada,45-54,f,Béni Mellal,social_media,2026-05-08,9999-12-31,True,Bronze,
4708,C03069,Karim Rahmouni,Non renseigné,f,Kénitra,referral,2026-05-08,9999-12-31,True,Bronze,
4709,C03758,Zineb Ouahbi,35-44,f,Tanger,referral,2026-05-08,9999-12-31,True,Bronze,
4710,C02518,Fatima Tahiri,35-44,m,Fès,web,2026-05-08,9999-12-31,True,Bronze,
4711,C03376,Ilham Bouazza,45-54,f,Agadir,mobile,2026-05-08,9999-12-31,True,Bronze,
4712,C06064,Laila El Idrissi,25-34,f,Casablanca,marketplace,2026-05-08,9999-12-31,True,Bronze,
4713,C07062,Nadia Filali,35-44,m,Marrakech,social_media,2026-05-08,9999-12-31,True,Bronze,
4714,C02618,Brahim Ouahbi,Non renseigné,f,Tanger,marketplace,2026-05-08,9999-12-31,True,Bronze,
4715,C05649,Karim Benjelloun,25-34,f,Marrakech,social_media,2026-05-08,9999-12-31,True,Bronze,
4716,C04788,Dounia Fassi Fihri,18-24,m,Nador,referral,2026-05-08,9999-12-31,True,Bronze,
4717,C02213,Driss Benjelloun,35-44,f,Meknès,referral,2026-05-08,9999-12-31,True,Bronze,
4718,C03892,Laila Benjelloun,45-54,m,Casablanca,social_media,2026-05-08,9999-12-31,True,Bronze,
4719,C03436,Khalid Amrani,35-44,m,Tanger,web,2026-05-08,9999-12-31,True,Bronze,
4720,C03112,Amine Haddad,18-24,m,Fès,social_media,2026-05-08,9999-12-31,True,Bronze,
4721,C07328,Amine Filali,55-64,m,Meknès,web,2026-05-08,9999-12-31,True,Bronze,
4722,C01954,Rim El Mansouri,25-34,f,Mohammedia,web,2026-05-08,9999-12-31,True,Bronze,
4723,C07432,Hamza Benali,45-54,m,El Jadida,mobile,2026-05-08,9999-12-31,True,Bronze,
4724,C04156,Khalid Tazi,18-24,m,Fès,social_media,2026-05-08,9999-12-31,True,Bronze,
4725,C04599,Khadija El Mansouri,25-34,m,Rabat,social_media,2026-05-08,9999-12-31,True,Bronze,
4726,C01615,Brahim Tazi,25-34,f,Safi,mobile,2026-05-08,9999-12-31,True,Bronze,
4727,C00008,Nabil Ouahbi,45-54,m,Fès,marketplace,2026-05-08,9999-12-31,True,Bronze,
4728,C01369,Zineb Chraibi,25-34,f,Rabat,web,2026-05-08,9999-12-31,True,Bronze,
4729,C07755,Youssef Benjelloun,25-34,m,Oujda,social_media,2026-05-08,9999-12-31,True,Bronze,
4730,C06129,Meryem Skalli,55-64,f,Rabat,referral,2026-05-08,9999-12-31,True,Bronze,
4731,C05850,Meryem Sefrioui,35-44,f,Fès,mobile,2026-05-08,9999-12-31,True,Bronze,
4732,C01020,Zineb Tazi,55-64,f,Rabat,web,2026-05-08,9999-12-31,True,Bronze,
4733,C07798,Ilham Benjelloun,35-44,f,Marrakech,web,2026-05-08,9999-12-31,True,Bronze,
4734,C00205,Khadija Haddad,55-64,m,Fès,referral,2026-05-08,9999-12-31,True,Bronze,
4735,C07286,Meryem El Ouazzani,18-24,m,Fès,referral,2026-05-08,9999-12-31,True,Bronze,
4736,C00505,Rim Ouahbi,55-64,m,Tanger,social_media,2026-05-08,9999-12-31,True,Bronze,
4737,C01398,Salma El Idrissi,25-34,m,Casablanca,mobile,2026-05-08,9999-12-31,True,Bronze,
4738,C04519,Reda Lahlou,35-44,f,Mohammedia,web,2026-05-08,9999-12-31,True,Bronze,
4739,C00639,Khalid Bouazza,25-34,m,Nador,social_media,2026-05-08,9999-12-31,True,Bronze,
4740,C05120,Hassan Benkirane,45-54,f,Rabat,marketplace,2026-05-08,9999-12-31,True,Bronze,
4741,C05064,Loubna El Ouazzani,55-64,m,Meknès,social_media,2026-05-08,9999-12-31,True,Bronze,
4742,C06759,Sanae Tazi,18-24,f,Casablanca,web,2026-05-08,9999-12-31,True,Bronze,
4743,C06553,Rim Bouazza,35-44,f,Marrakech,web,2026-05-08,9999-12-31,True,Bronze,
4744,C03893,Amine Sefrioui,65+,m,Agadir,mobile,2026-05-08,9999-12-31,True,Bronze,
4745,C04907,Hassan Tahiri,Non renseigné,f,Kénitra,referral,2026-05-08,9999-12-31,True,Bronze,
4746,C02841,Fatima Naciri,Non renseigné,f,Marrakech,mobile,2026-05-08,9999-12-31,True,Bronze,
4747,C02119,Mehdi Cherkaoui,25-34,f,Mohammedia,web,2026-05-08,9999-12-31,True,Bronze,
4748,C02887,Samira El Mansouri,35-44,f,Tanger,referral,2026-05-08,9999-12-31,True,Bronze,
4749,C02537,Khalid Rahmouni,25-34,f,Tanger,social_media,2026-05-08,9999-12-31,True,Bronze,
4750,C01389,Rim Alaoui,45-54,f,Nador,referral,2026-05-08,9999-12-31,True,Bronze,
4751,C00350,Driss Haddad,35-44,m,Kénitra,social_media,2026-05-08,9999-12-31,True,Bronze,
4752,C02722,Ali Rahmouni,25-34,f,Fès,web,2026-05-08,9999-12-31,True,Bronze,
4753,C03560,Amina Tazi,25-34,m,Marrakech,mobile,2026-05-08,9999-12-31,True,Bronze,
4754,C02973,Rachid Naciri,25-34,m,Rabat,social_media,2026-05-08,9999-12-31,True,Bronze,
4755,C00924,Hamza El Mansouri,55-64,m,Fès,social_media,2026-05-08,9999-12-31,True,Bronze,
4756,C00608,Reda Fassi Fihri,45-54,m,Tanger,marketplace,2026-05-08,9999-12-31,True,Bronze,
4757,C05076,Driss Sefrioui,45-54,m,Fès,referral,2026-05-08,9999-12-31,True,Bronze,
4758,C02647,Wafae Naciri,Non renseigné,f,Nador,web,2026-05-08,9999-12-31,True,Bronze,
4759,C02914,Dounia Filali,18-24,m,Fès,social_media,2026-05-08,9999-12-31,True,Bronze,
4760,C04250,Amine El Mansouri,18-24,f,Tanger,mobile,2026-05-08,9999-12-31,True,Bronze,
4761,C04620,Rachid Benjelloun,25-34,m,Casablanca,social_media,2026-05-08,9999-12-31,True,Bronze,
4762,C00597,Wafae Amrani,45-54,f,Fès,mobile,2026-05-08,9999-12-31,True,Bronze,
4763,C00089,Soufiane Haddad,18-24,m,Safi,marketplace,2026-05-08,9999-12-31,True,Bronze,
4764,C04649,Meryem Filali,25-34,m,Rabat,marketplace,2026-05-08,9999-12-31,True,Bronze,
4765,C00701,Said Bennani,45-54,f,Rabat,referral,2026-05-08,9999-12-31,True,Bronze,
4766,C07061,Loubna Berrada,45-54,m,Marrakech,mobile,2026-05-08,9999-12-31,True,Bronze,
4767,C04077,Omar Amrani,45-54,f,Marrakech,web,2026-05-08,9999-12-31,True,Bronze,
4768,C03759,Wafae Bouzid,25-34,f,Rabat,social_media,2026-05-08,9999-12-31,True,Bronze,
4769,C01842,Meryem Kettani,35-44,m,Mohammedia,mobile,2026-05-08,9999-12-31,True,Bronze,
4770,C00876,Ali Tazi,18-24,f,Rabat,marketplace,2026-05-08,9999-12-31,True,Bronze,
4771,C05730,Imad Skalli,35-44,m,Rabat,referral,2026-05-08,9999-12-31,True,Bronze,
4772,C05674,Brahim El Amrani,25-34,m,Tanger,marketplace,2026-05-08,9999-12-31,True,Bronze,
4773,C04087,Nadia Benali,35-44,m,Casablanca,mobile,2026-05-08,9999-12-31,True,Bronze,
4774,C03451,Karim Bouzid,45-54,f,Meknès,marketplace,2026-05-08,9999-12-31,True,Bronze,
4775,C00432,Dounia El Amrani,55-64,f,Casablanca,marketplace,2026-05-08,9999-12-31,True,Bronze,
4776,C04695,Fatima Ziani,Non renseigné,f,El Jadida,web,2026-05-08,9999-12-31,True,Bronze,
4777,C03634,Amine Ouahbi,35-44,m,El Jadida,mobile,2026-05-08,9999-12-31,True,Bronze,
4778,C05802,Nadia El Ouazzani,45-54,f,Casablanca,web,2026-05-08,9999-12-31,True,Bronze,
4779,C04263,Fatima Ziani,35-44,m,Rabat,mobile,2026-05-08,9999-12-31,True,Bronze,
4780,C05103,Ilham Berrada,45-54,m,Casablanca,mobile,2026-05-08,9999-12-31,True,Bronze,
4781,C02976,Nawal Ouahbi,55-64,m,Safi,web,2026-05-08,9999-12-31,True,Bronze,
4782,C03113,Ahmed Lahlou,25-34,m,Kénitra,web,2026-05-08,9999-12-31,True,Bronze,
4783,C02967,Mehdi Tazi,25-34,f,Rabat,marketplace,2026-05-08,9999-12-31,True,Bronze,
4784,C01008,Imad Sefrioui,35-44,f,Marrakech,mobile,2026-05-08,9999-12-31,True,Bronze,
4785,C07099,Hamza Naciri,35-44,f,Marrakech,referral,2026-05-08,9999-12-31,True,Bronze,
4786,C07490,Nadia Benjelloun,45-54,f,Béni Mellal,mobile,2026-05-08,9999-12-31,True,Bronze,
4787,C01542,Omar Bouzid,18-24,m,Casablanca,web,2026-05-08,9999-12-31,True,Bronze,
4788,C00251,Sara El Amrani,45-54,f,Béni Mellal,referral,2026-05-08,9999-12-31,True,Bronze,
4789,C05414,Reda Tazi,65+,m,Tanger,social_media,2026-05-08,9999-12-31,True,Bronze,
4790,C07399,Driss Tazi,45-54,m,Casablanca,social_media,2026-05-08,9999-12-31,True,Bronze,
4791,C00122,Laila Bouazza,18-24,m,Agadir,web,2026-05-08,9999-12-31,True,Bronze,
4792,C02587,Sara Filali,35-44,m,Béni Mellal,referral,2026-05-08,9999-12-31,True,Bronze,
4793,C00720,Loubna El Idrissi,55-64,f,Mohammedia,referral,2026-05-08,9999-12-31,True,Bronze,
4794,C03645,Asmae Skalli,45-54,f,El Jadida,social_media,2026-05-08,9999-12-31,True,Bronze,
4795,C01570,Salma Naciri,45-54,m,Oujda,referral,2026-05-08,9999-12-31,True,Bronze,
4796,C00419,Hassan Amrani,25-34,f,Mohammedia,mobile,2026-05-08,9999-12-31,True,Bronze,
4797,C03718,Hamza Kettani,Non renseigné,f,Rabat,referral,2026-05-08,9999-12-31,True,Bronze,
4798,C07815,Driss El Mansouri,45-54,m,Tanger,mobile,2026-05-08,9999-12-31,True,Bronze,
4799,C00824,Dounia Bouazza,35-44,f,El Jadida,social_media,2026-05-08,9999-12-31,True,Bronze,
4800,C00229,Nadia Benjelloun,35-44,f,Casablanca,referral,2026-05-08,9999-12-31,True,Bronze,
4801,C04420,Zineb Bouzid,35-44,m,Fès,marketplace,2026-05-08,9999-12-31,True,Bronze,
4802,C04134,Asmae Alaoui,55-64,f,Casablanca,marketplace,2026-05-08,9999-12-31,True,Bronze,
4803,C01491,Soufiane Ouahbi,25-34,m,Fès,referral,2026-05-08,9999-12-31,True,Bronze,
4804,C07910,Ghita Bouzid,18-24,f,Tétouan,web,2026-05-08,9999-12-31,True,Bronze,
4805,C04289,Khalid Tazi,65+,m,Tanger,web,2026-05-08,9999-12-31,True,Bronze,
4806,C01236,Laila Alaoui,55-64,m,Fès,social_media,2026-05-08,9999-12-31,True,Bronze,
4807,C00696,Asmae Bouazza,45-54,f,Casablanca,marketplace,2026-05-08,9999-12-31,True,Bronze,
4808,C03251,Adil El Idrissi,45-54,m,Tanger,web,2026-05-08,9999-12-31,True,Bronze,
4809,C05589,Sara Fassi Fihri,25-34,f,Casablanca,social_media,2026-05-08,9999-12-31,True,Bronze,
4810,C06143,Imad Tazi,55-64,m,Fès,mobile,2026-05-08,9999-12-31,True,Bronze,
4811,C07875,Dounia Benjelloun,18-24,f,Mohammedia,referral,2026-05-08,9999-12-31,True,Bronze,
4812,C06307,Fatima Alaoui,45-54,m,Tanger,marketplace,2026-05-08,9999-12-31,True,Bronze,
4813,C06728,Rachid Alaoui,25-34,f,Rabat,social_media,2026-05-08,9999-12-31,True,Bronze,
4814,C03537,Adil Bouzid,45-54,m,Tanger,referral,2026-05-08,9999-12-31,True,Bronze,
4815,C04892,Rim Chraibi,25-34,m,Casablanca,referral,2026-05-08,9999-12-31,True,Bronze,
4816,C03993,Salma Ouahbi,25-34,m,Tanger,marketplace,2026-05-08,9999-12-31,True,Bronze,
4817,C03650,Soufiane Chraibi,55-64,m,Marrakech,referral,2026-05-08,9999-12-31,True,Bronze,
4818,C00910,Hassan Ouahbi,55-64,m,Fès,web,2026-05-08,9999-12-31,True,Bronze,
4819,C01413,Ali Cherkaoui,65+,m,Tanger,referral,2026-05-08,9999-12-31,True,Bronze,
4820,C05315,Nabil Benali,18-24,f,Oujda,referral,2026-05-08,9999-12-31,True,Bronze,
4821,C00700,Nabil Fassi Fihri,25-34,m,Tétouan,referral,2026-05-08,9999-12-31,True,Bronze,
4822,C04122,Reda El Idrissi,55-64,m,Tanger,referral,2026-05-08,9999-12-31,True,Bronze,
4823,C03703,Laila Haddad,25-34,m,Tanger,social_media,2026-05-08,9999-12-31,True,Bronze,
4824,C02273,Mohamed Amrani,55-64,m,Safi,web,2026-05-08,9999-12-31,True,Bronze,
4825,C02258,Laila Rahmouni,55-64,m,Marrakech,web,2026-05-08,9999-12-31,True,Bronze,
4826,C06244,Wafae Rahmouni,25-34,f,Fès,marketplace,2026-05-08,9999-12-31,True,Bronze,
4827,C01288,Asmae Rahmouni,35-44,f,Fès,web,2026-05-08,9999-12-31,True,Bronze,
4828,C06194,Nawal Chraibi,25-34,f,Kénitra,marketplace,2026-05-08,9999-12-31,True,Bronze,
4829,C00126,Hind Benali,35-44,f,Rabat,marketplace,2026-05-08,9999-12-31,True,Bronze,
4830,C04474,Ghita Cherkaoui,45-54,m,Fès,social_media,2026-05-08,9999-12-31,True,Bronze,
4831,C05047,Zakaria Benali,25-34,m,Tétouan,web,2026-05-08,9999-12-31,True,Bronze,
4832,C00999,Khalid Benali,18-24,f,Casablanca,marketplace,2026-05-08,9999-12-31,True,Bronze,
4833,C03405,Hind Ziani,45-54,f,Tétouan,marketplace,2026-05-08,9999-12-31,True,Bronze,
4834,C07730,Amina Bouazza,18-24,m,Nador,social_media,2026-05-08,9999-12-31,True,Bronze,
4835,C07952,Reda Berrada,18-24,m,Tanger,mobile,2026-05-08,9999-12-31,True,Bronze,
4836,C03424,Mustapha Bennani,25-34,m,Casablanca,mobile,2026-05-08,9999-12-31,True,Bronze,
4837,C00885,Karim Skalli,25-34,m,Nador,marketplace,2026-05-08,9999-12-31,True,Bronze,
4838,C04348,Imad Skalli,18-24,m,Nador,web,2026-05-08,9999-12-31,True,Bronze,
4839,C01840,Mustapha El Ouazzani,55-64,f,El Jadida,marketplace,2026-05-08,9999-12-31,True,Bronze,
4840,C06670,Fatima Ziani,55-64,f,Kénitra,marketplace,2026-05-08,9999-12-31,True,Bronze,
4841,C05432,Khalid Amrani,35-44,f,Tanger,web,2026-05-08,9999-12-31,True,Bronze,
4842,C02551,Imad Skalli,35-44,m,Casablanca,web,2026-05-08,9999-12-31,True,Bronze,
4843,C06807,Khalid Benkirane,18-24,f,Casablanca,mobile,2026-05-08,9999-12-31,True,Bronze,
4844,C07485,Laila Tazi,55-64,m,El Jadida,web,2026-05-08,9999-12-31,True,Bronze,
4845,C02577,Brahim Haddad,65+,m,Mohammedia,referral,2026-05-08,9999-12-31,True,Bronze,
4846,C03692,Reda El Amrani,45-54,m,El Jadida,web,2026-05-08,9999-12-31,True,Bronze,
4847,C01838,Meryem Bouazza,25-34,m,Marrakech,marketplace,2026-05-08,9999-12-31,True,Bronze,
4848,C00194,Fatima Bennani,55-64,m,Fès,social_media,2026-05-08,9999-12-31,True,Bronze,
4849,C01480,Sara Berrada,25-34,f,Rabat,web,2026-05-08,9999-12-31,True,Bronze,
4850,C05741,Asmae Alaoui,45-54,m,Tanger,marketplace,2026-05-08,9999-12-31,True,Bronze,
4851,C04982,Ilham Fassi Fihri,55-64,m,Rabat,mobile,2026-05-08,9999-12-31,True,Bronze,
4852,C02331,Youssef Bennani,25-34,f,Fès,web,2026-05-08,9999-12-31,True,Bronze,
4853,C04986,Imad Tazi,45-54,m,Tanger,marketplace,2026-05-08,9999-12-31,True,Bronze,
4854,C06317,Zineb Ziani,18-24,m,Fès,web,2026-05-08,9999-12-31,True,Bronze,
4855,C01034,Hassan Bouazza,Non renseigné,m,Tétouan,social_media,2026-05-08,9999-12-31,True,Bronze,
4856,C05584,Loubna Bouazza,55-64,f,Tétouan,marketplace,2026-05-08,9999-12-31,True,Bronze,
4857,C04779,Said Chraibi,45-54,f,Fès,social_media,2026-05-08,9999-12-31,True,Bronze,
4858,C02900,Nabil Kettani,65+,m,El Jadida,referral,2026-05-08,9999-12-31,True,Bronze,
4859,C05464,Said Benali,45-54,m,Marrakech,mobile,2026-05-08,9999-12-31,True,Bronze,
4860,C02699,Youssef Ziani,45-54,f,Fès,web,2026-05-08,9999-12-31,True,Bronze,
4861,C06366,Nawal Haddad,55-64,m,Casablanca,mobile,2026-05-08,9999-12-31,True,Bronze,
4862,C03879,Amina Tahiri,65+,m,Marrakech,social_media,2026-05-08,9999-12-31,True,Bronze,
4863,C06532,Imad Amrani,55-64,f,Tanger,web,2026-05-08,9999-12-31,True,Bronze,
4864,C03918,Amina Benali,45-54,m,Casablanca,mobile,2026-05-08,9999-12-31,True,Bronze,
4865,C02898,Youssef Rahmouni,25-34,f,Nador,web,2026-05-08,9999-12-31,True,Bronze,
4866,C03558,Khadija Kettani,55-64,m,Casablanca,web,2026-05-08,9999-12-31,True,Bronze,
4867,C02723,Fatima Sefrioui,25-34,f,Tanger,mobile,2026-05-08,9999-12-31,True,Bronze,
4868,C05293,Samira Sefrioui,18-24,m,Meknès,web,2026-05-08,9999-12-31,True,Bronze,
4869,C02860,Mehdi Tazi,Non renseigné,f,Kénitra,mobile,2026-05-08,9999-12-31,True,Bronze,
4870,C05627,Karim Tazi,45-54,m,Casablanca,web,2026-05-08,9999-12-31,True,Bronze,
4871,C03777,Zineb Bouazza,55-64,f,Fès,mobile,2026-05-08,9999-12-31,True,Bronze,
4872,C04254,Brahim Naciri,55-64,m,Rabat,referral,2026-05-08,9999-12-31,True,Bronze,
4873,C06198,Nabil Amrani,25-34,f,Tanger,social_media,2026-05-08,9999-12-31,True,Bronze,
4874,C04943,Nabil Bennani,35-44,f,Oujda,web,2026-05-08,9999-12-31,True,Bronze,
4875,C03250,Hind Cherkaoui,35-44,m,Mohammedia,web,2026-05-08,9999-12-31,True,Bronze,
4876,C00697,Nawal Benkirane,18-24,f,Casablanca,marketplace,2026-05-08,9999-12-31,True,Bronze,
4877,C05739,Adil Benkirane,35-44,m,Safi,referral,2026-05-08,9999-12-31,True,Bronze,
4878,C02143,Ali Sefrioui,18-24,m,Béni Mellal,mobile,2026-05-08,9999-12-31,True,Bronze,
4879,C03201,Asmae Skalli,55-64,m,Nador,mobile,2026-05-08,9999-12-31,True,Bronze,
4880,C07995,Omar El Ouazzani,25-34,f,Tanger,social_media,2026-05-08,9999-12-31,True,Bronze,
4881,C07487,Loubna Bouazza,25-34,f,Nador,marketplace,2026-05-08,9999-12-31,True,Bronze,
4882,C00446,Salma Cherkaoui,45-54,m,Casablanca,social_media,2026-05-08,9999-12-31,True,Bronze,
4883,C01165,Mohamed Benjelloun,35-44,f,Casablanca,marketplace,2026-05-08,9999-12-31,True,Bronze,
4884,C01039,Reda El Ouazzani,55-64,m,Rabat,web,2026-05-08,9999-12-31,True,Bronze,
4885,C06584,Driss Berrada,55-64,m,Oujda,web,2026-05-08,9999-12-31,True,Bronze,
4886,C03914,Amina Amrani,Non renseigné,m,Tanger,social_media,2026-05-08,9999-12-31,True,Bronze,
4887,C06608,Nadia Naciri,25-34,m,Casablanca,referral,2026-05-08,9999-12-31,True,Bronze,
4888,C03032,Imad Sefrioui,45-54,f,Meknès,referral,2026-05-08,9999-12-31,True,Bronze,
4889,C03643,Brahim Benkirane,25-34,m,Kénitra,social_media,2026-05-08,9999-12-31,True,Bronze,
4890,C01057,Rachid Benali,45-54,f,Fès,mobile,2026-05-08,9999-12-31,True,Bronze,
4891,C05567,Sanae El Ouazzani,35-44,m,Casablanca,social_media,2026-05-08,9999-12-31,True,Bronze,
4892,C00970,Dounia Naciri,35-44,f,Safi,social_media,2026-05-08,9999-12-31,True,Bronze,
4893,C00770,Nabil Chraibi,55-64,m,Kénitra,referral,2026-05-08,9999-12-31,True,Bronze,
4894,C07754,Reda Benali,55-64,f,Casablanca,mobile,2026-05-08,9999-12-31,True,Bronze,
4895,C00573,Rim Bouzid,55-64,m,Kénitra,web,2026-05-08,9999-12-31,True,Bronze,
4896,C00677,Mohamed Berrada,35-44,f,Agadir,social_media,2026-05-08,9999-12-31,True,Bronze,
4897,C06941,Said El Mansouri,35-44,m,Fès,web,2026-05-08,9999-12-31,True,Bronze,
4898,C05297,Hamza Lahlou,35-44,f,Rabat,referral,2026-05-08,9999-12-31,True,Bronze,
4899,C02006,Imad Amrani,65+,m,Mohammedia,marketplace,2026-05-08,9999-12-31,True,Bronze,
4900,C02178,Soufiane Naciri,45-54,m,Meknès,social_media,2026-05-08,9999-12-31,True,Bronze,
4901,C06158,Laila Bouzid,35-44,m,Meknès,referral,2026-05-08,9999-12-31,True,Bronze,
4902,C03717,Amine Rahmouni,18-24,m,Casablanca,social_media,2026-05-08,9999-12-31,True,Bronze,
4903,C06775,Rim Berrada,25-34,m,Tanger,referral,2026-05-08,9999-12-31,True,Bronze,
4904,C02449,Sanae Cherkaoui,35-44,m,Nador,referral,2026-05-08,9999-12-31,True,Bronze,
4905,C05039,Meryem Sefrioui,25-34,m,Tanger,web,2026-05-08,9999-12-31,True,Bronze,
4906,C02234,Hamza Fassi Fihri,35-44,m,Casablanca,marketplace,2026-05-08,9999-12-31,True,Bronze,
4907,C02932,Imad El Mansouri,45-54,f,Casablanca,mobile,2026-05-08,9999-12-31,True,Bronze,
4908,C02033,Nabil Amrani,55-64,m,Tanger,marketplace,2026-05-08,9999-12-31,True,Bronze,
4909,C04180,Houda Benjelloun,18-24,m,Rabat,web,2026-05-08,9999-12-31,True,Bronze,
4910,C00978,Karim Alaoui,18-24,m,Kénitra,web,2026-05-08,9999-12-31,True,Bronze,
4911,C02563,Khadija Cherkaoui,35-44,m,Tanger,mobile,2026-05-08,9999-12-31,True,Bronze,
4912,C02293,Imad Tazi,35-44,m,Mohammedia,mobile,2026-05-08,9999-12-31,True,Bronze,
4913,C00196,Reda El Ouazzani,35-44,m,Rabat,mobile,2026-05-08,9999-12-31,True,Bronze,
4914,C00413,Youssef Benkirane,25-34,m,Kénitra,mobile,2026-05-08,9999-12-31,True,Bronze,
4915,C02815,Meryem Naciri,55-64,m,Nador,mobile,2026-05-08,9999-12-31,True,Bronze,
4916,C02733,Reda Bouzid,35-44,m,Tanger,marketplace,2026-05-08,9999-12-31,True,Bronze,
4917,C01815,Driss Benjelloun,45-54,f,Tanger,referral,2026-05-08,9999-12-31,True,Bronze,
4918,C05217,Adil Skalli,35-44,m,Fès,marketplace,2026-05-08,9999-12-31,True,Bronze,
4919,C03964,Rachid Rahmouni,18-24,f,Rabat,web,2026-05-08,9999-12-31,True,Bronze,
4920,C04197,Khalid Lahlou,18-24,m,Casablanca,marketplace,2026-05-08,9999-12-31,True,Bronze,
4921,C01064,Ilham Benkirane,18-24,f,Casablanca,marketplace,2026-05-08,9999-12-31,True,Bronze,
4922,C00964,Adil Benali,45-54,f,Casablanca,web,2026-05-08,9999-12-31,True,Bronze,
4923,C03570,Reda Amrani,65+,f,Tanger,mobile,2026-05-08,9999-12-31,True,Bronze,
4924,C07030,Houda Benjelloun,Non renseigné,m,El Jadida,marketplace,2026-05-08,9999-12-31,True,Bronze,
4925,C01578,Houda Alaoui,18-24,m,Fès,mobile,2026-05-08,9999-12-31,True,Bronze,
4926,C06774,Ilham Kettani,35-44,f,Casablanca,mobile,2026-05-08,9999-12-31,True,Bronze,
4927,C06378,Reda Benjelloun,18-24,m,Mohammedia,referral,2026-05-08,9999-12-31,True,Bronze,
4928,C07341,Laila Naciri,25-34,m,Tanger,mobile,2026-05-08,9999-12-31,True,Bronze,
4929,C06973,Dounia Sefrioui,18-24,m,Fès,mobile,2026-05-08,9999-12-31,True,Bronze,
4930,C00901,Sanae Benali,55-64,m,Nador,web,2026-05-08,9999-12-31,True,Bronze,
4931,C05301,Dounia El Amrani,55-64,f,Casablanca,mobile,2026-05-08,9999-12-31,True,Bronze,
4932,C05236,Adil Bennani,45-54,f,Rabat,referral,2026-05-08,9999-12-31,True,Bronze,
4933,C05989,Amina Lahlou,35-44,m,Tétouan,social_media,2026-05-08,9999-12-31,True,Bronze,
4934,C00723,Khalid Alaoui,35-44,m,Casablanca,marketplace,2026-05-08,9999-12-31,True,Bronze,
4935,C02395,Mustapha Bennani,55-64,m,Tétouan,mobile,2026-05-08,9999-12-31,True,Bronze,
4936,C06768,Ali Bouzid,45-54,m,Casablanca,social_media,2026-05-08,9999-12-31,True,Bronze,
4937,C00457,Wafae Tazi,35-44,f,Casablanca,referral,2026-05-08,9999-12-31,True,Bronze,
4938,C01968,Imad Benali,55-64,f,Marrakech,referral,2026-05-08,9999-12-31,True,Bronze,
4939,C07214,Hamza Skalli,35-44,m,Tanger,web,2026-05-08,9999-12-31,True,Bronze,
4940,C03196,Mehdi Naciri,45-54,f,Meknès,web,2026-05-08,9999-12-31,True,Bronze,
4941,C03157,Khadija Bouazza,Non renseigné,m,Béni Mellal,referral,2026-05-08,9999-12-31,True,Bronze,
4942,C00015,Hassan Haddad,55-64,f,Tanger,marketplace,2026-05-08,9999-12-31,True,Bronze,
4943,C07915,Driss Benkirane,25-34,f,Mohammedia,mobile,2026-05-08,9999-12-31,True,Bronze,
4944,C03176,Khalid El Idrissi,35-44,f,Rabat,referral,2026-05-08,9999-12-31,True,Bronze,
4945,C04654,Dounia Tahiri,Non renseigné,m,Béni Mellal,mobile,2026-05-08,9999-12-31,True,Bronze,
4946,C07529,Reda Cherkaoui,45-54,f,Casablanca,referral,2026-05-08,9999-12-31,True,Bronze,
4947,C03096,Meryem Tahiri,25-34,m,Rabat,social_media,2026-05-08,9999-12-31,True,Bronze,
4948,C00221,Brahim Amrani,35-44,m,Tanger,web,2026-05-08,9999-12-31,True,Bronze,
4949,C03042,Nadia Haddad,35-44,f,Fès,referral,2026-05-08,9999-12-31,True,Bronze,
4950,C00493,Mustapha El Ouazzani,18-24,m,Casablanca,mobile,2026-05-08,9999-12-31,True,Bronze,
4951,C05397,Driss Lahlou,45-54,m,Rabat,marketplace,2026-05-08,9999-12-31,True,Bronze,
4952,C01883,Ilham Kettani,55-64,m,Safi,social_media,2026-05-08,9999-12-31,True,Bronze,
4953,C05756,Loubna Ziani,45-54,f,Casablanca,referral,2026-05-08,9999-12-31,True,Bronze,
4954,C05992,Reda Sefrioui,45-54,f,Fès,web,2026-05-08,9999-12-31,True,Bronze,
4955,C04669,Hanane Bouzid,55-64,m,Meknès,web,2026-05-08,9999-12-31,True,Bronze,
4956,C03859,Amine Skalli,35-44,m,Fès,marketplace,2026-05-08,9999-12-31,True,Bronze,
4957,C02260,Khalid Ouahbi,45-54,m,Fès,referral,2026-05-08,9999-12-31,True,Bronze,
4958,C05917,Rim Tahiri,55-64,m,Fès,referral,2026-05-08,9999-12-31,True,Bronze,
4959,C00691,Amine El Ouazzani,18-24,m,Tanger,web,2026-05-08,9999-12-31,True,Bronze,
4960,C00749,Amine Tazi,18-24,m,Nador,marketplace,2026-05-08,9999-12-31,True,Bronze,
4961,C07849,Rachid Benjelloun,45-54,f,Fès,mobile,2026-05-08,9999-12-31,True,Bronze,
4962,C02559,Laila Naciri,25-34,f,Agadir,web,2026-05-08,9999-12-31,True,Bronze,
4963,C00393,Nabil Bouzid,18-24,f,Tanger,social_media,2026-05-08,9999-12-31,True,Bronze,
4964,C06510,Rim Fassi Fihri,55-64,m,Rabat,mobile,2026-05-08,9999-12-31,True,Bronze,
4965,C02629,Mustapha Sefrioui,45-54,f,Tanger,referral,2026-05-08,9999-12-31,True,Bronze,
4966,C00433,Mohamed El Mansouri,35-44,f,Rabat,social_media,2026-05-08,9999-12-31,True,Bronze,
4967,C04626,Nabil Naciri,45-54,m,Tanger,mobile,2026-05-08,9999-12-31,True,Bronze,
4968,C00206,Reda Rahmouni,25-34,m,Marrakech,marketplace,2026-05-08,9999-12-31,True,Bronze,
4969,C05626,Imad Kettani,45-54,m,Fès,mobile,2026-05-08,9999-12-31,True,Bronze,
4970,C06372,Ahmed Haddad,25-34,f,Marrakech,marketplace,2026-05-08,9999-12-31,True,Bronze,
4971,C01322,Mehdi El Mansouri,45-54,m,Rabat,social_media,2026-05-08,9999-12-31,True,Bronze,
4972,C07422,Karim El Mansouri,45-54,f,Marrakech,referral,2026-05-08,9999-12-31,True,Bronze,
4973,C07723,Wafae Kettani,35-44,m,Tanger,web,2026-05-08,9999-12-31,True,Bronze,
4974,C07398,Hassan El Ouazzani,45-54,m,Safi,referral,2026-05-08,9999-12-31,True,Bronze,
4975,C06944,Amine El Mansouri,25-34,f,Meknès,web,2026-05-08,9999-12-31,True,Bronze,
4976,C03219,Hind Kettani,45-54,f,Fès,mobile,2026-05-08,9999-12-31,True,Bronze,
4977,C03860,Nabil Benjelloun,18-24,m,Fès,web,2026-05-08,9999-12-31,True,Bronze,
4978,C03289,Wafae Sefrioui,35-44,f,Tanger,marketplace,2026-05-08,9999-12-31,True,Bronze,
4979,C01688,Sara El Ouazzani,25-34,m,Kénitra,referral,2026-05-08,9999-12-31,True,Bronze,
4980,C02269,Zakaria Bennani,45-54,m,Fès,social_media,2026-05-08,9999-12-31,True,Bronze,
4981,C06131,Khadija El Idrissi,55-64,f,Fès,referral,2026-05-08,9999-12-31,True,Bronze,
4982,C02248,Hind El Ouazzani,45-54,m,Marrakech,web,2026-05-08,9999-12-31,True,Bronze,
4983,C06247,Nawal Lahlou,25-34,m,Casablanca,mobile,2026-05-08,9999-12-31,True,Bronze,
4984,C04712,Asmae Benkirane,25-34,f,Safi,web,2026-05-08,9999-12-31,True,Bronze,
4985,C03070,Mohamed Haddad,55-64,m,Tanger,marketplace,2026-05-08,9999-12-31,True,Bronze,
4986,C06094,Amine El Mansouri,25-34,f,Meknès,referral,2026-05-08,9999-12-31,True,Bronze,
4987,C07444,Karim El Idrissi,55-64,f,Safi,web,2026-05-08,9999-12-31,True,Bronze,
4988,C02389,Mustapha Benkirane,35-44,m,Tanger,social_media,2026-05-08,9999-12-31,True,Bronze,
4989,C00667,Youssef Haddad,45-54,m,Tanger,mobile,2026-05-08,9999-12-31,True,Bronze,
4990,C00620,Hamza Lahlou,55-64,f,Fès,web,2026-05-08,9999-12-31,True,Bronze,
4991,C07056,Ali Ziani,55-64,m,Casablanca,mobile,2026-05-08,9999-12-31,True,Bronze,
4992,C00480,Zakaria Chraibi,45-54,m,Tanger,marketplace,2026-05-08,9999-12-31,True,Bronze,
4993,C01944,Ahmed Benjelloun,35-44,m,Tanger,social_media,2026-05-08,9999-12-31,True,Bronze,
4994,C03193,Ali Fassi Fihri,35-44,m,Mohammedia,referral,2026-05-08,9999-12-31,True,Bronze,
4995,C06251,Hassan El Ouazzani,18-24,f,Tanger,web,2026-05-08,9999-12-31,True,Bronze,
4996,C00709,Laila Bouazza,35-44,m,Casablanca,web,2026-05-08,9999-12-31,True,Bronze,
4997,C06328,Hassan Haddad,18-24,f,Fès,web,2026-05-08,9999-12-31,True,Bronze,
4998,C07582,Asmae Bouazza,18-24,f,Tanger,mobile,2026-05-08,9999-12-31,True,Bronze,
4999,C06763,Imad Benkirane,55-64,f,Casablanca,referral,2026-05-08,9999-12-31,True,Bronze,
5000,C00412,Amine Rahmouni,35-44,m,Casablanca,social_media,2026-05-08,9999-12-31,True,Bronze,
5001,C07382,Imad Benjelloun,25-34,m,Marrakech,web,2026-05-08,9999-12-31,True,Bronze,
5002,C05155,Dounia El Idrissi,18-24,m,Meknès,web,2026-05-08,9999-12-31,True,Bronze,
5003,C04706,Reda Sefrioui,Non renseigné,m,Kénitra,social_media,2026-05-08,9999-12-31,True,Bronze,
5004,C00055,Samira Ouahbi,25-34,f,Rabat,social_media,2026-05-08,9999-12-31,True,Bronze,
5005,C07339,Hanane Bouzid,55-64,f,Casablanca,web,2026-05-08,9999-12-31,True,Bronze,
5006,C02552,Salma Chraibi,18-24,f,Tanger,marketplace,2026-05-08,9999-12-31,True,Bronze,
5007,C03225,Hind Benkirane,45-54,m,Tanger,referral,2026-05-08,9999-12-31,True,Bronze,
5008,C07651,Laila Bennani,35-44,f,Rabat,marketplace,2026-05-08,9999-12-31,True,Bronze,
5009,C07501,Nadia Rahmouni,18-24,m,Béni Mellal,marketplace,2026-05-08,9999-12-31,True,Bronze,
5010,C01456,Houda Fassi Fihri,35-44,f,Casablanca,social_media,2026-05-08,9999-12-31,True,Bronze,
5011,C07797,Youssef Benjelloun,45-54,m,Agadir,web,2026-05-08,9999-12-31,True,Bronze,
5012,C02555,Meryem Ouahbi,35-44,m,Casablanca,web,2026-05-08,9999-12-31,True,Bronze,
5013,C02910,Hassan Benali,55-64,m,Tétouan,mobile,2026-05-08,9999-12-31,True,Bronze,
5014,C01727,Nabil Skalli,35-44,f,Tanger,social_media,2026-05-08,9999-12-31,True,Bronze,
5015,C01915,Youssef El Idrissi,Non renseigné,f,El Jadida,web,2026-05-08,9999-12-31,True,Bronze,
5016,C03693,Hanane Sefrioui,35-44,m,Meknès,mobile,2026-05-08,9999-12-31,True,Bronze,
5017,C00896,Khalid Ziani,45-54,m,Nador,mobile,2026-05-08,9999-12-31,True,Bronze,
5018,C00859,Mehdi El Idrissi,55-64,f,Oujda,social_media,2026-05-08,9999-12-31,True,Bronze,
5019,C07549,Driss El Mansouri,35-44,f,Marrakech,referral,2026-05-08,9999-12-31,True,Bronze,
5020,C05219,Omar Bouazza,55-64,m,Casablanca,web,2026-05-08,9999-12-31,True,Bronze,
5021,C00192,Ali Sefrioui,55-64,m,Fès,marketplace,2026-05-08,9999-12-31,True,Bronze,
5022,C01713,Sara Rahmouni,35-44,f,Nador,referral,2026-05-08,9999-12-31,True,Bronze,
5023,C07633,Reda Cherkaoui,35-44,m,Tanger,marketplace,2026-05-08,9999-12-31,True,Bronze,
5024,C03218,Ilham Skalli,55-64,m,Oujda,social_media,2026-05-08,9999-12-31,True,Bronze,
5025,C00785,Nawal Bouazza,45-54,m,Béni Mellal,mobile,2026-05-08,9999-12-31,True,Bronze,
5026,C04174,Samira Tazi,65+,m,Marrakech,mobile,2026-05-08,9999-12-31,True,Bronze,
5027,C02756,Driss Skalli,25-34,m,Meknès,referral,2026-05-08,9999-12-31,True,Bronze,
5028,C02233,Omar El Idrissi,45-54,f,Oujda,mobile,2026-05-08,9999-12-31,True,Bronze,
5029,C03139,Ahmed Benkirane,45-54,m,Nador,web,2026-05-08,9999-12-31,True,Bronze,
5030,C01756,Meryem Bouzid,25-34,f,Casablanca,mobile,2026-05-08,9999-12-31,True,Bronze,
5031,C04786,Loubna El Amrani,35-44,f,Fès,mobile,2026-05-08,9999-12-31,True,Bronze,
5032,C02790,Asmae Bouzid,45-54,f,Béni Mellal,web,2026-05-08,9999-12-31,True,Bronze,
5033,C01981,Wafae Lahlou,55-64,f,Oujda,social_media,2026-05-08,9999-12-31,True,Bronze,
5034,C00689,Salma Alaoui,45-54,f,Marrakech,referral,2026-05-08,9999-12-31,True,Bronze,
5035,C05112,Fatima Tazi,55-64,m,Tanger,marketplace,2026-05-08,9999-12-31,True,Bronze,
5036,C02612,Adil Tahiri,55-64,m,Meknès,marketplace,2026-05-08,9999-12-31,True,Bronze,
5037,C02608,Reda El Mansouri,65+,m,Fès,referral,2026-05-08,9999-12-31,True,Bronze,
5038,C05986,Hamza Amrani,18-24,m,Kénitra,social_media,2026-05-08,9999-12-31,True,Bronze,
5039,C05654,Rim Filali,45-54,m,Fès,marketplace,2026-05-08,9999-12-31,True,Bronze,
5040,C01576,Hind Ziani,45-54,f,Kénitra,social_media,2026-05-08,9999-12-31,True,Bronze,
5041,C01051,Zineb Lahlou,25-34,m,Meknès,social_media,2026-05-08,9999-12-31,True,Bronze,
5042,C05686,Hind Lahlou,35-44,f,Nador,referral,2026-05-08,9999-12-31,True,Bronze,
5043,C00402,Nawal Skalli,45-54,m,Rabat,mobile,2026-05-08,9999-12-31,True,Bronze,
5044,C07827,Adil El Mansouri,55-64,m,Fès,mobile,2026-05-08,9999-12-31,True,Bronze,
5045,C03836,Omar Bouzid,25-34,m,Rabat,web,2026-05-08,9999-12-31,True,Bronze,
5046,C01330,Fatima Tazi,35-44,f,Meknès,social_media,2026-05-08,9999-12-31,True,Bronze,
5047,C05243,Ghita Lahlou,55-64,m,Fès,marketplace,2026-05-08,9999-12-31,True,Bronze,
5048,C01568,Houda Bouzid,35-44,m,Fès,marketplace,2026-05-08,9999-12-31,True,Bronze,
5049,C06454,Khalid Rahmouni,25-34,m,Fès,mobile,2026-05-08,9999-12-31,True,Bronze,
5050,C01187,Amine Benjelloun,25-34,f,Tanger,referral,2026-05-08,9999-12-31,True,Bronze,
5051,C02943,Hanane Benali,18-24,m,Casablanca,mobile,2026-05-08,9999-12-31,True,Bronze,
5052,C04879,Zineb Rahmouni,45-54,m,Kénitra,marketplace,2026-05-08,9999-12-31,True,Bronze,
5053,C03343,Nadia El Amrani,55-64,m,Fès,mobile,2026-05-08,9999-12-31,True,Bronze,
5054,C05559,Adil Tahiri,45-54,f,Fès,referral,2026-05-08,9999-12-31,True,Bronze,
5055,C05795,Adil El Ouazzani,45-54,f,Casablanca,marketplace,2026-05-08,9999-12-31,True,Bronze,
5056,C05648,Hamza Berrada,25-34,m,Marrakech,social_media,2026-05-08,9999-12-31,True,Bronze,
5057,C01574,Omar Fassi Fihri,45-54,m,Meknès,mobile,2026-05-08,9999-12-31,True,Bronze,
5058,C05199,Mehdi El Mansouri,25-34,m,Casablanca,mobile,2026-05-08,9999-12-31,True,Bronze,
5059,C01090,Samira Filali,35-44,m,Tanger,referral,2026-05-08,9999-12-31,True,Bronze,
5060,C06166,Mohamed Bouazza,35-44,m,Tanger,mobile,2026-05-08,9999-12-31,True,Bronze,
5061,C02257,Mehdi Cherkaoui,45-54,m,Rabat,web,2026-05-08,9999-12-31,True,Bronze,
5062,C05789,Zakaria Bennani,25-34,m,Rabat,web,2026-05-08,9999-12-31,True,Bronze,
5063,C01461,Ilham Ouahbi,Non renseigné,f,Nador,social_media,2026-05-08,9999-12-31,True,Bronze,
5064,C04076,Wafae Kettani,Non renseigné,f,Agadir,mobile,2026-05-08,9999-12-31,True,Bronze,
5065,C07799,Ghita Cherkaoui,25-34,f,Marrakech,web,2026-05-08,9999-12-31,True,Bronze,
5066,C01843,Khalid El Ouazzani,25-34,m,Tanger,marketplace,2026-05-08,9999-12-31,True,Bronze,
5067,C01844,Dounia El Mansouri,45-54,f,Tanger,mobile,2026-05-08,9999-12-31,True,Bronze,
5068,C02246,Hamza Filali,35-44,f,Fès,referral,2026-05-08,9999-12-31,True,Bronze,
5069,C03153,Ilham El Ouazzani,35-44,f,Rabat,social_media,2026-05-08,9999-12-31,True,Bronze,
5070,C06433,Imad Sefrioui,35-44,m,Fès,referral,2026-05-08,9999-12-31,True,Bronze,
5071,C00325,Laila Bennani,25-34,f,Oujda,referral,2026-05-08,9999-12-31,True,Bronze,
5072,C07124,Zakaria Bennani,35-44,m,Tanger,marketplace,2026-05-08,9999-12-31,True,Bronze,
5073,C05284,Rim Bouazza,55-64,f,Casablanca,mobile,2026-05-08,9999-12-31,True,Bronze,
5074,C02324,Imad El Mansouri,55-64,f,Fès,marketplace,2026-05-08,9999-12-31,True,Bronze,
5075,C03072,Rachid Sefrioui,55-64,m,Tanger,marketplace,2026-05-08,9999-12-31,True,Bronze,
5076,C04517,Hanane Haddad,18-24,m,Oujda,web,2026-05-08,9999-12-31,True,Bronze,
5077,C03536,Brahim Berrada,55-64,m,Marrakech,web,2026-05-08,9999-12-31,True,Bronze,
5078,C06075,Hanane El Mansouri,55-64,f,Fès,mobile,2026-05-08,9999-12-31,True,Bronze,
5079,C06566,Ali Ouahbi,55-64,m,Tanger,referral,2026-05-08,9999-12-31,True,Bronze,
5080,C04856,Meryem Skalli,45-54,f,Fès,web,2026-05-08,9999-12-31,True,Bronze,
5081,C01269,Hanane Lahlou,55-64,m,Fès,marketplace,2026-05-08,9999-12-31,True,Bronze,
5082,C05836,Mehdi Benkirane,18-24,m,Casablanca,web,2026-05-08,9999-12-31,True,Bronze,
5083,C03120,Amina El Mansouri,25-34,m,Marrakech,web,2026-05-08,9999-12-31,True,Bronze,
5084,C07749,Ali Ouahbi,35-44,m,Meknès,mobile,2026-05-08,9999-12-31,True,Bronze,
5085,C05267,Driss Fassi Fihri,55-64,m,Rabat,marketplace,2026-05-08,9999-12-31,True,Bronze,
5086,C06708,Reda Alaoui,35-44,m,Fès,social_media,2026-05-08,9999-12-31,True,Bronze,
5087,C03768,Ali Tahiri,25-34,f,Oujda,mobile,2026-05-08,9999-12-31,True,Bronze,
5088,C03350,Loubna Tazi,45-54,m,Oujda,mobile,2026-05-08,9999-12-31,True,Bronze,
5089,C07950,Khalid Lahlou,35-44,m,Kénitra,social_media,2026-05-08,9999-12-31,True,Bronze,
5090,C02569,Khadija Benali,55-64,f,Casablanca,referral,2026-05-08,9999-12-31,True,Bronze,
5091,C05949,Khalid Rahmouni,45-54,f,Tanger,web,2026-05-08,9999-12-31,True,Bronze,
5092,C06026,Fatima Tahiri,45-54,m,Tanger,marketplace,2026-05-08,9999-12-31,True,Bronze,
5093,C07996,Khalid Cherkaoui,18-24,m,Fès,web,2026-05-08,9999-12-31,True,Bronze,
5094,C07047,Amina Lahlou,18-24,f,Fès,referral,2026-05-08,9999-12-31,True,Bronze,
5095,C00077,Wafae El Amrani,45-54,m,Rabat,marketplace,2026-05-08,9999-12-31,True,Bronze,
5096,C06220,Hanane Bouzid,18-24,m,Tanger,referral,2026-05-08,9999-12-31,True,Bronze,
5097,C00036,Karim Benali,35-44,f,Tanger,mobile,2026-05-08,9999-12-31,True,Bronze,
5098,C02826,Mehdi Sefrioui,18-24,m,Tanger,marketplace,2026-05-08,9999-12-31,True,Bronze,
5099,C06353,Ghita El Ouazzani,65+,m,Tanger,social_media,2026-05-08,9999-12-31,True,Bronze,
5100,C04569,Rim Bouazza,55-64,f,Casablanca,mobile,2026-05-08,9999-12-31,True,Bronze,
5101,C01010,Brahim Rahmouni,25-34,m,Fès,mobile,2026-05-08,9999-12-31,True,Bronze,
5102,C04643,Nabil Tazi,25-34,m,Safi,social_media,2026-05-08,9999-12-31,True,Bronze,
5103,C00868,Nadia Fassi Fihri,65+,m,Agadir,referral,2026-05-08,9999-12-31,True,Bronze,
5104,C02303,Rachid Haddad,35-44,m,Mohammedia,marketplace,2026-05-08,9999-12-31,True,Bronze,
5105,C01847,Nawal Bouzid,25-34,f,Tétouan,mobile,2026-05-08,9999-12-31,True,Bronze,
5106,C02335,Ahmed Amrani,25-34,m,El Jadida,marketplace,2026-05-08,9999-12-31,True,Bronze,
5107,C03232,Hind Haddad,55-64,m,Tanger,referral,2026-05-08,9999-12-31,True,Bronze,
5108,C02659,Hamza El Idrissi,45-54,f,Casablanca,mobile,2026-05-08,9999-12-31,True,Bronze,
5109,C06942,Zineb Filali,25-34,f,Tanger,web,2026-05-08,9999-12-31,True,Bronze,
5110,C05978,Laila Kettani,25-34,f,Marrakech,marketplace,2026-05-08,9999-12-31,True,Bronze,
5111,C05899,Reda Tahiri,45-54,f,Rabat,mobile,2026-05-08,9999-12-31,True,Bronze,
5112,C00245,Mehdi Filali,25-34,m,Meknès,web,2026-05-08,9999-12-31,True,Bronze,
5113,C05557,Adil Lahlou,35-44,m,Meknès,marketplace,2026-05-08,9999-12-31,True,Bronze,
5114,C03190,Mehdi Chraibi,18-24,m,Marrakech,mobile,2026-05-08,9999-12-31,True,Bronze,
5115,C04078,Mohamed Fassi Fihri,45-54,f,Marrakech,mobile,2026-05-08,9999-12-31,True,Bronze,
5116,C01307,Karim Benali,55-64,f,Oujda,web,2026-05-08,9999-12-31,True,Bronze,
5117,C04458,Adil Rahmouni,25-34,m,Tanger,referral,2026-05-08,9999-12-31,True,Bronze,
5118,C06568,Asmae Skalli,25-34,f,Béni Mellal,marketplace,2026-05-08,9999-12-31,True,Bronze,
5119,C00441,Loubna Ouahbi,55-64,m,Mohammedia,mobile,2026-05-08,9999-12-31,True,Bronze,
5120,C01056,Amine El Mansouri,25-34,m,Tanger,mobile,2026-05-08,9999-12-31,True,Bronze,
5121,C02020,Nadia Tazi,35-44,m,Casablanca,web,2026-05-08,9999-12-31,True,Bronze,
5122,C05673,Ilham El Mansouri,55-64,m,Tétouan,marketplace,2026-05-08,9999-12-31,True,Bronze,
5123,C02422,Rachid El Idrissi,35-44,f,Béni Mellal,marketplace,2026-05-08,9999-12-31,True,Bronze,
5124,C02447,Meryem El Idrissi,45-54,f,Tétouan,marketplace,2026-05-08,9999-12-31,True,Bronze,
5125,C03763,Hind El Idrissi,45-54,f,Tanger,marketplace,2026-05-08,9999-12-31,True,Bronze,
5126,C02923,Adil Alaoui,25-34,m,Oujda,referral,2026-05-08,9999-12-31,True,Bronze,
5127,C06009,Rachid Lahlou,25-34,m,Tanger,mobile,2026-05-08,9999-12-31,True,Bronze,
5128,C06489,Hind Bouazza,45-54,m,Marrakech,mobile,2026-05-08,9999-12-31,True,Bronze,
5129,C04491,Mehdi Sefrioui,35-44,f,Meknès,mobile,2026-05-08,9999-12-31,True,Bronze,
5130,C03499,Dounia Lahlou,35-44,m,Rabat,mobile,2026-05-08,9999-12-31,True,Bronze,
5131,C07930,Mehdi Lahlou,25-34,m,Casablanca,web,2026-05-08,9999-12-31,True,Bronze,
5132,C02698,Imad Rahmouni,35-44,m,Marrakech,marketplace,2026-05-08,9999-12-31,True,Bronze,
5133,C03086,Dounia Lahlou,25-34,f,Fès,social_media,2026-05-08,9999-12-31,True,Bronze,
5134,C02158,Soufiane Benkirane,45-54,f,Tanger,social_media,2026-05-08,9999-12-31,True,Bronze,
5135,C02718,Mustapha Kettani,45-54,f,Fès,referral,2026-05-08,9999-12-31,True,Bronze,
5136,C06295,Nawal Ziani,25-34,m,Tanger,referral,2026-05-08,9999-12-31,True,Bronze,
5137,C04563,Sara El Mansouri,55-64,f,Casablanca,social_media,2026-05-08,9999-12-31,True,Bronze,
5138,C03741,Loubna Filali,18-24,f,Tanger,mobile,2026-05-08,9999-12-31,True,Bronze,
5139,C01637,Salma Benjelloun,35-44,m,Fès,mobile,2026-05-08,9999-12-31,True,Bronze,
5140,C04967,Ilham Skalli,18-24,m,Fès,social_media,2026-05-08,9999-12-31,True,Bronze,
5141,C06466,Soufiane Rahmouni,45-54,f,Agadir,social_media,2026-05-08,9999-12-31,True,Bronze,
5142,C05665,Hind Ouahbi,45-54,f,Tanger,mobile,2026-05-08,9999-12-31,True,Bronze,
5143,C02634,Hind Benkirane,55-64,m,Tanger,marketplace,2026-05-08,9999-12-31,True,Bronze,
5144,C03729,Hamza Bouazza,55-64,m,Marrakech,social_media,2026-05-08,9999-12-31,True,Bronze,
5145,C05043,Ahmed Naciri,55-64,f,Rabat,mobile,2026-05-08,9999-12-31,True,Bronze,
5146,C03508,Said Alaoui,35-44,f,Meknès,marketplace,2026-05-08,9999-12-31,True,Bronze,
5147,C07732,Adil El Mansouri,65+,m,Fès,social_media,2026-05-08,9999-12-31,True,Bronze,
5148,C02470,Dounia Chraibi,45-54,m,Meknès,marketplace,2026-05-08,9999-12-31,True,Bronze,
5149,C05546,Nabil Bouazza,18-24,m,Fès,marketplace,2026-05-08,9999-12-31,True,Bronze,
5150,C03810,Khalid El Ouazzani,35-44,m,Fès,mobile,2026-05-08,9999-12-31,True,Bronze,
5151,C04071,Asmae Tazi,35-44,m,Tanger,marketplace,2026-05-08,9999-12-31,True,Bronze,
5152,C06928,Reda Fassi Fihri,35-44,m,Casablanca,marketplace,2026-05-08,9999-12-31,True,Bronze,
5153,C07233,Ilham Bouazza,35-44,f,Rabat,social_media,2026-05-08,9999-12-31,True,Bronze,
5154,C02597,Sanae Cherkaoui,55-64,m,Béni Mellal,web,2026-05-08,9999-12-31,True,Bronze,
5155,C02074,Loubna Benali,45-54,m,Casablanca,marketplace,2026-05-08,9999-12-31,True,Bronze,
5156,C07189,Khalid Benkirane,45-54,f,Marrakech,referral,2026-05-08,9999-12-31,True,Bronze,
5157,C06784,Amina Benali,45-54,m,Casablanca,mobile,2026-05-08,9999-12-31,True,Bronze,
5158,C03230,Khalid Chraibi,55-64,f,Agadir,referral,2026-05-08,9999-12-31,True,Bronze,
5159,C05176,Ahmed Cherkaoui,35-44,m,Tétouan,referral,2026-05-08,9999-12-31,True,Bronze,
5160,C04151,Khalid Rahmouni,55-64,f,Casablanca,mobile,2026-05-08,9999-12-31,True,Bronze,
5161,C03128,Reda Haddad,25-34,m,Tétouan,web,2026-05-08,9999-12-31,True,Bronze,
5162,C06073,Driss Benjelloun,45-54,f,Rabat,mobile,2026-05-08,9999-12-31,True,Bronze,
5163,C01908,Ahmed Naciri,45-54,m,Mohammedia,social_media,2026-05-08,9999-12-31,True,Bronze,
5164,C02055,Brahim Benali,45-54,m,Nador,social_media,2026-05-08,9999-12-31,True,Bronze,
5165,C07181,Adil Bennani,35-44,m,Casablanca,referral,2026-05-08,9999-12-31,True,Bronze,
5166,C05255,Wafae Skalli,55-64,f,Béni Mellal,social_media,2026-05-08,9999-12-31,True,Bronze,
5167,C05485,Amina Bouazza,45-54,m,Meknès,marketplace,2026-05-08,9999-12-31,True,Bronze,
5168,C07355,Mehdi El Amrani,35-44,m,Agadir,referral,2026-05-08,9999-12-31,True,Bronze,
5169,C02101,Ahmed Lahlou,55-64,m,Rabat,referral,2026-05-08,9999-12-31,True,Bronze,
5170,C04673,Hanane Benkirane,18-24,m,Fès,marketplace,2026-05-08,9999-12-31,True,Bronze,
5171,C07868,Hind Amrani,25-34,f,Marrakech,web,2026-05-08,9999-12-31,True,Bronze,
5172,C07541,Zakaria Sefrioui,25-34,f,Casablanca,marketplace,2026-05-08,9999-12-31,True,Bronze,
5173,C03217,Said Lahlou,55-64,m,Casablanca,mobile,2026-05-08,9999-12-31,True,Bronze,
5174,C04811,Ahmed Ziani,35-44,f,Tanger,social_media,2026-05-08,9999-12-31,True,Bronze,
5175,C00655,Hind Haddad,55-64,m,Tanger,social_media,2026-05-08,9999-12-31,True,Bronze,
5176,C06719,Zineb Sefrioui,25-34,f,Casablanca,web,2026-05-08,9999-12-31,True,Bronze,
5177,C01760,Fatima Naciri,35-44,m,Agadir,web,2026-05-08,9999-12-31,True,Bronze,
5178,C03739,Rachid Ziani,35-44,m,Marrakech,referral,2026-05-08,9999-12-31,True,Bronze,
5179,C03797,Loubna Filali,25-34,m,Rabat,marketplace,2026-05-08,9999-12-31,True,Bronze,
5180,C06933,Salma Lahlou,55-64,f,Casablanca,marketplace,2026-05-08,9999-12-31,True,Bronze,
5181,C01805,Zakaria Cherkaoui,35-44,m,Marrakech,referral,2026-05-08,9999-12-31,True,Bronze,
5182,C03141,Fatima Lahlou,18-24,f,Fès,referral,2026-05-08,9999-12-31,True,Bronze,
5183,C03106,Loubna Naciri,18-24,m,Tanger,social_media,2026-05-08,9999-12-31,True,Bronze,
5184,C06042,Houda El Mansouri,55-64,f,Tanger,mobile,2026-05-08,9999-12-31,True,Bronze,
5185,C02168,Youssef Ouahbi,55-64,f,El Jadida,web,2026-05-08,9999-12-31,True,Bronze,
5186,C01208,Asmae Tazi,35-44,m,Tétouan,social_media,2026-05-08,9999-12-31,True,Bronze,
5187,C05288,Hassan Benkirane,35-44,f,Marrakech,social_media,2026-05-08,9999-12-31,True,Bronze,
5188,C00185,Hassan Berrada,25-34,m,Tanger,mobile,2026-05-08,9999-12-31,True,Bronze,
5189,C07834,Houda Cherkaoui,45-54,m,Safi,social_media,2026-05-08,9999-12-31,True,Bronze,
5190,C03696,Hassan Bouzid,55-64,m,Marrakech,marketplace,2026-05-08,9999-12-31,True,Bronze,
5191,C03799,Amine Benali,45-54,f,Agadir,referral,2026-05-08,9999-12-31,True,Bronze,
5192,C03445,Zakaria Naciri,45-54,f,Béni Mellal,social_media,2026-05-08,9999-12-31,True,Bronze,
5193,C03471,Zineb Rahmouni,55-64,f,Marrakech,marketplace,2026-05-08,9999-12-31,True,Bronze,
5194,C07763,Loubna El Idrissi,35-44,f,Casablanca,referral,2026-05-08,9999-12-31,True,Bronze,
5195,C01535,Omar Ouahbi,55-64,m,Béni Mellal,web,2026-05-08,9999-12-31,True,Bronze,
5196,C07384,Salma El Idrissi,Non renseigné,f,Casablanca,referral,2026-05-08,9999-12-31,True,Bronze,
5197,C03398,Ghita Ouahbi,18-24,f,Tétouan,mobile,2026-05-08,9999-12-31,True,Bronze,
5198,C05813,Houda Cherkaoui,25-34,m,Casablanca,web,2026-05-08,9999-12-31,True,Bronze,
5199,C03947,Mehdi El Ouazzani,35-44,f,Rabat,mobile,2026-05-08,9999-12-31,True,Bronze,
5200,C00052,Hanane Amrani,55-64,f,Tanger,marketplace,2026-05-08,9999-12-31,True,Bronze,
5201,C01248,Nawal Amrani,18-24,f,Tanger,marketplace,2026-05-08,9999-12-31,True,Bronze,
5202,C04481,Ghita Bouzid,55-64,m,Fès,web,2026-05-08,9999-12-31,True,Bronze,
5203,C03504,Omar El Mansouri,55-64,m,Kénitra,social_media,2026-05-08,9999-12-31,True,Bronze,
5204,C02404,Mohamed Bouzid,55-64,m,Meknès,mobile,2026-05-08,9999-12-31,True,Bronze,
5205,C05313,Nadia El Amrani,18-24,m,Tanger,web,2026-05-08,9999-12-31,True,Bronze,
5206,C02866,Hassan Bouzid,35-44,m,Rabat,web,2026-05-08,9999-12-31,True,Bronze,
5207,C03080,Reda El Amrani,25-34,m,Fès,mobile,2026-05-08,9999-12-31,True,Bronze,
5208,C05139,Youssef El Idrissi,45-54,m,Tanger,referral,2026-05-08,9999-12-31,True,Bronze,
5209,C03212,Asmae Amrani,35-44,f,Safi,marketplace,2026-05-08,9999-12-31,True,Bronze,
5210,C00333,Asmae Benali,45-54,f,Marrakech,marketplace,2026-05-08,9999-12-31,True,Bronze,
5211,C02842,Brahim Skalli,55-64,m,Tanger,social_media,2026-05-08,9999-12-31,True,Bronze,
5212,C04428,Ilham Tahiri,45-54,m,Fès,marketplace,2026-05-08,9999-12-31,True,Bronze,
5213,C00239,Hamza Ziani,35-44,m,Casablanca,referral,2026-05-08,9999-12-31,True,Bronze,
5214,C04561,Mustapha Benjelloun,55-64,f,Casablanca,mobile,2026-05-08,9999-12-31,True,Bronze,
5215,C06385,Said El Ouazzani,25-34,m,Fès,referral,2026-05-08,9999-12-31,True,Bronze,
5216,C05348,Mohamed Alaoui,45-54,m,Fès,social_media,2026-05-08,9999-12-31,True,Bronze,
5217,C04606,Said Benali,55-64,m,Casablanca,web,2026-05-08,9999-12-31,True,Bronze,
5218,C03311,Nabil Fassi Fihri,18-24,m,Fès,social_media,2026-05-08,9999-12-31,True,Bronze,
5219,C07051,Hamza El Idrissi,35-44,m,Fès,marketplace,2026-05-08,9999-12-31,True,Bronze,
5220,C01294,Ali Ouahbi,25-34,f,Béni Mellal,referral,2026-05-08,9999-12-31,True,Bronze,
5221,C07272,Reda Naciri,18-24,m,Fès,social_media,2026-05-08,9999-12-31,True,Bronze,
5222,C04746,Mohamed Ouahbi,Non renseigné,m,Marrakech,social_media,2026-05-08,9999-12-31,True,Bronze,
5223,C05875,Sanae Naciri,45-54,f,Fès,referral,2026-05-08,9999-12-31,True,Bronze,
5224,C03957,Loubna El Idrissi,45-54,m,Tanger,web,2026-05-08,9999-12-31,True,Bronze,
5225,C02460,Ali Kettani,55-64,f,Meknès,mobile,2026-05-08,9999-12-31,True,Bronze,
5226,C07465,Imad Chraibi,55-64,f,Kénitra,referral,2026-05-08,9999-12-31,True,Bronze,
5227,C07482,Rim Alaoui,35-44,f,Fès,mobile,2026-05-08,9999-12-31,True,Bronze,
5228,C05416,Reda El Amrani,65+,m,Fès,mobile,2026-05-08,9999-12-31,True,Bronze,
5229,C02436,Zineb Cherkaoui,35-44,m,Fès,marketplace,2026-05-08,9999-12-31,True,Bronze,
5230,C04429,Hind El Mansouri,45-54,m,Oujda,social_media,2026-05-08,9999-12-31,True,Bronze,
5231,C05983,Hind Benjelloun,45-54,m,Tanger,web,2026-05-08,9999-12-31,True,Bronze,
5232,C00557,Brahim Alaoui,25-34,m,Nador,web,2026-05-08,9999-12-31,True,Bronze,
5233,C06654,Ghita Rahmouni,45-54,m,Fès,web,2026-05-08,9999-12-31,True,Bronze,
5234,C03764,Hamza Amrani,25-34,f,Marrakech,mobile,2026-05-08,9999-12-31,True,Bronze,
5235,C06002,Adil Benali,25-34,f,Agadir,marketplace,2026-05-08,9999-12-31,True,Bronze,
5236,C00517,Loubna Bouazza,25-34,f,Nador,marketplace,2026-05-08,9999-12-31,True,Bronze,
5237,C01402,Rim El Idrissi,25-34,m,Tanger,referral,2026-05-08,9999-12-31,True,Bronze,
5238,C07147,Hassan Filali,35-44,f,El Jadida,social_media,2026-05-08,9999-12-31,True,Bronze,
5239,C02079,Asmae Bennani,55-64,f,Tanger,referral,2026-05-08,9999-12-31,True,Bronze,
5240,C01757,Wafae Benkirane,45-54,f,Mohammedia,referral,2026-05-08,9999-12-31,True,Bronze,
5241,C06920,Mustapha Alaoui,45-54,m,Marrakech,web,2026-05-08,9999-12-31,True,Bronze,
5242,C01084,Karim Tahiri,55-64,f,Fès,marketplace,2026-05-08,9999-12-31,True,Bronze,
5243,C06969,Brahim Ouahbi,18-24,m,Marrakech,web,2026-05-08,9999-12-31,True,Bronze,
5244,C03468,Nadia Bouazza,45-54,m,Fès,referral,2026-05-08,9999-12-31,True,Bronze,
5245,C01551,Hanane Chraibi,45-54,m,Fès,referral,2026-05-08,9999-12-31,True,Bronze,
5246,C03723,Nabil Benali,25-34,f,Fès,social_media,2026-05-08,9999-12-31,True,Bronze,
5247,C02690,Mustapha Fassi Fihri,18-24,m,Fès,mobile,2026-05-08,9999-12-31,True,Bronze,
5248,C01744,Ghita Bouzid,25-34,m,Rabat,referral,2026-05-08,9999-12-31,True,Bronze,
5249,C06195,Nawal Kettani,35-44,f,Tanger,marketplace,2026-05-08,9999-12-31,True,Bronze,
5250,C06751,Adil Chraibi,45-54,f,El Jadida,web,2026-05-08,9999-12-31,True,Bronze,
5251,C07397,Hanane Tahiri,25-34,f,Marrakech,referral,2026-05-08,9999-12-31,True,Bronze,
5252,C00929,Samira Benkirane,45-54,m,Rabat,marketplace,2026-05-08,9999-12-31,True,Bronze,
5253,C06175,Said Kettani,18-24,m,Safi,social_media,2026-05-08,9999-12-31,True,Bronze,
5254,C02651,Driss Ouahbi,18-24,f,Marrakech,marketplace,2026-05-08,9999-12-31,True,Bronze,
5255,C06707,Loubna Filali,45-54,f,Fès,mobile,2026-05-08,9999-12-31,True,Bronze,
5256,C02625,Soufiane Sefrioui,45-54,m,Marrakech,social_media,2026-05-08,9999-12-31,True,Bronze,
5257,C04118,Adil Tazi,35-44,m,Fès,marketplace,2026-05-08,9999-12-31,True,Bronze,
5258,C07193,Omar Ziani,45-54,f,Tanger,social_media,2026-05-08,9999-12-31,True,Bronze,
5259,C05892,Wafae El Idrissi,35-44,f,Fès,marketplace,2026-05-08,9999-12-31,True,Bronze,
5260,C00715,Adil El Idrissi,35-44,m,Casablanca,web,2026-05-08,9999-12-31,True,Bronze,
5261,C03498,Ali El Ouazzani,45-54,m,Casablanca,social_media,2026-05-08,9999-12-31,True,Bronze,
5262,C03866,Hamza El Amrani,45-54,m,Fès,mobile,2026-05-08,9999-12-31,True,Bronze,
5263,C03107,Amine Berrada,55-64,f,Tanger,marketplace,2026-05-08,9999-12-31,True,Bronze,
5264,C07309,Driss Amrani,45-54,m,Marrakech,mobile,2026-05-08,9999-12-31,True,Bronze,
5265,C04109,Rachid Skalli,25-34,f,Rabat,marketplace,2026-05-08,9999-12-31,True,Bronze,
5266,C07969,Driss Kettani,Non renseigné,f,Kénitra,referral,2026-05-08,9999-12-31,True,Bronze,
5267,C07134,Mustapha Amrani,55-64,m,Marrakech,marketplace,2026-05-08,9999-12-31,True,Bronze,
5268,C07027,Ghita Fassi Fihri,35-44,f,Tanger,mobile,2026-05-08,9999-12-31,True,Bronze,
5269,C02242,Hanane Ziani,25-34,f,Rabat,referral,2026-05-08,9999-12-31,True,Bronze,
5270,C04680,Sara Benali,45-54,m,Rabat,marketplace,2026-05-08,9999-12-31,True,Bronze,
5271,C06038,Dounia Cherkaoui,18-24,m,Safi,web,2026-05-08,9999-12-31,True,Bronze,
5272,C05770,Hamza Cherkaoui,45-54,f,Rabat,mobile,2026-05-08,9999-12-31,True,Bronze,
5273,C06820,Zakaria Bennani,25-34,f,El Jadida,web,2026-05-08,9999-12-31,True,Bronze,
5274,C04216,Sanae Haddad,65+,m,Marrakech,referral,2026-05-08,9999-12-31,True,Bronze,
5275,C01146,Meryem Sefrioui,55-64,f,Tanger,social_media,2026-05-08,9999-12-31,True,Bronze,
5276,C04149,Hassan Berrada,35-44,m,Agadir,web,2026-05-08,9999-12-31,True,Bronze,
5277,C01454,Dounia Haddad,45-54,m,Tanger,web,2026-05-08,9999-12-31,True,Bronze,
5278,C07338,Mohamed Cherkaoui,25-34,m,El Jadida,marketplace,2026-05-08,9999-12-31,True,Bronze,
5279,C06851,Wafae Benali,25-34,m,Meknès,marketplace,2026-05-08,9999-12-31,True,Bronze,
5280,C04486,Ahmed Berrada,55-64,m,Rabat,mobile,2026-05-08,9999-12-31,True,Bronze,
5281,C06359,Nabil Bouazza,18-24,f,Kénitra,web,2026-05-08,9999-12-31,True,Bronze,
5282,C01733,Nadia Alaoui,35-44,f,Agadir,mobile,2026-05-08,9999-12-31,True,Bronze,
5283,C02783,Soufiane Cherkaoui,55-64,f,Fès,marketplace,2026-05-08,9999-12-31,True,Bronze,
5284,C06529,Zakaria Berrada,25-34,m,Nador,marketplace,2026-05-08,9999-12-31,True,Bronze,
5285,C01579,Hind El Mansouri,55-64,m,Nador,mobile,2026-05-08,9999-12-31,True,Bronze,
5286,C06453,Youssef Filali,45-54,m,Tanger,mobile,2026-05-08,9999-12-31,True,Bronze,
5287,C02423,Fatima Ziani,35-44,f,Meknès,social_media,2026-05-08,9999-12-31,True,Bronze,
5288,C03609,Nabil Amrani,35-44,m,Nador,social_media,2026-05-08,9999-12-31,True,Bronze,
5289,C05886,Houda Tazi,18-24,f,Meknès,mobile,2026-05-08,9999-12-31,True,Bronze,
5290,C07494,Hanane Lahlou,18-24,m,Béni Mellal,referral,2026-05-08,9999-12-31,True,Bronze,
5291,C03132,Youssef Ouahbi,45-54,m,Agadir,mobile,2026-05-08,9999-12-31,True,Bronze,
5292,C03506,Nawal Skalli,25-34,m,Rabat,web,2026-05-08,9999-12-31,True,Bronze,
5293,C06833,Amine El Ouazzani,45-54,f,Meknès,web,2026-05-08,9999-12-31,True,Bronze,
5294,C01916,Fatima Chraibi,25-34,f,Mohammedia,web,2026-05-08,9999-12-31,True,Bronze,
5295,C02167,Loubna Amrani,18-24,m,Rabat,referral,2026-05-08,9999-12-31,True,Bronze,
5296,C05808,Nadia El Ouazzani,45-54,f,Casablanca,referral,2026-05-08,9999-12-31,True,Bronze,
5297,C00556,Reda Alaoui,Non renseigné,f,Rabat,referral,2026-05-08,9999-12-31,True,Bronze,
5298,C03094,Hamza Haddad,55-64,f,Fès,marketplace,2026-05-08,9999-12-31,True,Bronze,
5299,C05937,Imad El Ouazzani,45-54,m,Agadir,web,2026-05-08,9999-12-31,True,Bronze,
5300,C00948,Ilham Haddad,45-54,f,Tanger,marketplace,2026-05-08,9999-12-31,True,Bronze,
5301,C04553,Youssef Benkirane,25-34,m,Kénitra,marketplace,2026-05-08,9999-12-31,True,Bronze,
5302,C07722,Fatima Alaoui,55-64,m,Rabat,web,2026-05-08,9999-12-31,True,Bronze,
5303,C05333,Omar Benjelloun,25-34,m,Oujda,mobile,2026-05-08,9999-12-31,True,Bronze,
5304,C06685,Houda Bouazza,25-34,m,Tétouan,social_media,2026-05-08,9999-12-31,True,Bronze,
5305,C02016,Mohamed Ouahbi,55-64,f,Tanger,mobile,2026-05-08,9999-12-31,True,Bronze,
5306,C02948,Omar Alaoui,35-44,f,Rabat,social_media,2026-05-08,9999-12-31,True,Bronze,
5307,C00159,Asmae El Idrissi,35-44,m,Marrakech,referral,2026-05-08,9999-12-31,True,Bronze,
5308,C03227,Hind Filali,35-44,m,Mohammedia,web,2026-05-08,9999-12-31,True,Bronze,
5309,C06226,Wafae Benali,45-54,m,Marrakech,marketplace,2026-05-08,9999-12-31,True,Bronze,
5310,C03246,Nawal Sefrioui,25-34,f,Tanger,mobile,2026-05-08,9999-12-31,True,Bronze,
5311,C01096,Nadia Benjelloun,55-64,f,Agadir,mobile,2026-05-08,9999-12-31,True,Bronze,
5312,C03925,Ahmed Tahiri,35-44,f,Rabat,referral,2026-05-08,9999-12-31,True,Bronze,
5313,C06024,Adil Tahiri,18-24,m,Casablanca,web,2026-05-08,9999-12-31,True,Bronze,
5314,C01786,Amina Fassi Fihri,35-44,f,Rabat,web,2026-05-08,9999-12-31,True,Bronze,
5315,C03907,Brahim Tazi,25-34,m,Meknès,social_media,2026-05-08,9999-12-31,True,Bronze,
5316,C03057,Mehdi Benjelloun,35-44,f,Tanger,social_media,2026-05-08,9999-12-31,True,Bronze,
5317,C02833,Loubna Kettani,25-34,m,Tanger,referral,2026-05-08,9999-12-31,True,Bronze,
5318,C00830,Rim Kettani,35-44,m,Marrakech,web,2026-05-08,9999-12-31,True,Bronze,
5319,C04586,Karim Fassi Fihri,18-24,f,Rabat,mobile,2026-05-08,9999-12-31,True,Bronze,
5320,C00498,Zakaria Amrani,45-54,m,Casablanca,marketplace,2026-05-08,9999-12-31,True,Bronze,
5321,C03356,Karim Benkirane,35-44,m,Fès,web,2026-05-08,9999-12-31,True,Bronze,
5322,C02411,Laila Alaoui,35-44,m,Casablanca,web,2026-05-08,9999-12-31,True,Bronze,
5323,C04331,Laila Ziani,35-44,f,Casablanca,referral,2026-05-08,9999-12-31,True,Bronze,
5324,C06855,Said Berrada,45-54,f,Kénitra,web,2026-05-08,9999-12-31,True,Bronze,
5325,C00578,Ali Bouzid,55-64,m,Rabat,marketplace,2026-05-08,9999-12-31,True,Bronze,
5326,C05930,Ilham Kettani,45-54,m,Béni Mellal,mobile,2026-05-08,9999-12-31,True,Bronze,
5327,C00336,Houda Kettani,55-64,m,El Jadida,mobile,2026-05-08,9999-12-31,True,Bronze,
5328,C04803,Reda El Mansouri,45-54,f,Kénitra,mobile,2026-05-08,9999-12-31,True,Bronze,
5329,C03689,Nadia Benali,35-44,m,Safi,marketplace,2026-05-08,9999-12-31,True,Bronze,
5330,C04377,Zakaria Naciri,Non renseigné,m,Fès,mobile,2026-05-08,9999-12-31,True,Bronze,
5331,C01554,Rim Benjelloun,35-44,m,Casablanca,marketplace,2026-05-08,9999-12-31,True,Bronze,
5332,C07832,Mohamed Tahiri,25-34,m,Marrakech,mobile,2026-05-08,9999-12-31,True,Bronze,
5333,C05239,Youssef Filali,35-44,m,Tanger,social_media,2026-05-08,9999-12-31,True,Bronze,
5334,C01877,Ali Tazi,55-64,m,Nador,marketplace,2026-05-08,9999-12-31,True,Bronze,
5335,C04902,Ghita Ziani,25-34,f,Agadir,mobile,2026-05-08,9999-12-31,True,Bronze,
5336,C04243,Ahmed Skalli,55-64,f,Béni Mellal,referral,2026-05-08,9999-12-31,True,Bronze,
5337,C03039,Soufiane Benali,18-24,m,Tanger,marketplace,2026-05-08,9999-12-31,True,Bronze,
5338,C01471,Ahmed Skalli,18-24,m,Nador,referral,2026-05-08,9999-12-31,True,Bronze,
5339,C06936,Adil Rahmouni,35-44,f,Casablanca,web,2026-05-08,9999-12-31,True,Bronze,
5340,C05650,Meryem Ouahbi,35-44,f,Tanger,web,2026-05-08,9999-12-31,True,Bronze,
5341,C05056,Khadija Bouazza,25-34,f,Fès,social_media,2026-05-08,9999-12-31,True,Bronze,
5342,C04757,Zineb Benkirane,45-54,f,Tanger,marketplace,2026-05-08,9999-12-31,True,Bronze,
5343,C03895,Khalid Bouzid,35-44,f,Safi,referral,2026-05-08,9999-12-31,True,Bronze,
5344,C00482,Hamza Naciri,18-24,f,Casablanca,web,2026-05-08,9999-12-31,True,Bronze,
5345,C04144,Adil Ziani,25-34,m,Tanger,social_media,2026-05-08,9999-12-31,True,Bronze,
5346,C07178,Asmae El Mansouri,25-34,f,Fès,web,2026-05-08,9999-12-31,True,Bronze,
5347,C02636,Nabil Fassi Fihri,35-44,f,Casablanca,social_media,2026-05-08,9999-12-31,True,Bronze,
5348,C06531,Rim Tazi,55-64,f,Casablanca,social_media,2026-05-08,9999-12-31,True,Bronze,
5349,C02445,Houda Haddad,45-54,m,Béni Mellal,social_media,2026-05-08,9999-12-31,True,Bronze,
5350,C07235,Soufiane Benali,25-34,f,Mohammedia,mobile,2026-05-08,9999-12-31,True,Bronze,
5351,C06842,Driss Naciri,45-54,f,Fès,social_media,2026-05-08,9999-12-31,True,Bronze,
5352,C00925,Laila Naciri,55-64,f,Marrakech,referral,2026-05-08,9999-12-31,True,Bronze,
5353,C03447,Samira Bouzid,18-24,m,Tanger,mobile,2026-05-08,9999-12-31,True,Bronze,
5354,C00148,Karim Bouzid,25-34,m,Nador,mobile,2026-05-08,9999-12-31,True,Bronze,
5355,C01375,Karim Bouzid,45-54,m,Rabat,marketplace,2026-05-08,9999-12-31,True,Bronze,
5356,C07735,Mohamed Benjelloun,45-54,f,Safi,web,2026-05-08,9999-12-31,True,Bronze,
5357,C00009,Ahmed El Ouazzani,45-54,m,Tanger,web,2026-05-08,9999-12-31,True,Bronze,
5358,C04464,Youssef Fassi Fihri,25-34,f,Kénitra,web,2026-05-08,9999-12-31,True,Bronze,
5359,C02462,Asmae Fassi Fihri,25-34,f,Casablanca,referral,2026-05-08,9999-12-31,True,Bronze,
5360,C03546,Soufiane Chraibi,45-54,m,Kénitra,marketplace,2026-05-08,9999-12-31,True,Bronze,
5361,C06869,Said Chraibi,55-64,m,Safi,web,2026-05-08,9999-12-31,True,Bronze,
5362,C03711,Sara Tazi,45-54,m,Casablanca,marketplace,2026-05-08,9999-12-31,True,Bronze,
5363,C01770,Hamza Tahiri,45-54,m,Marrakech,mobile,2026-05-08,9999-12-31,True,Bronze,
5364,C03017,Ali Fassi Fihri,45-54,m,Casablanca,referral,2026-05-08,9999-12-31,True,Bronze,
5365,C06306,Loubna Naciri,25-34,m,Fès,social_media,2026-05-08,9999-12-31,True,Bronze,
5366,C08000,Wafae Filali,45-54,m,Mohammedia,marketplace,2026-05-08,9999-12-31,True,Bronze,
5367,C00026,Ilham Skalli,35-44,f,Fès,marketplace,2026-05-08,9999-12-31,True,Bronze,
5368,C05394,Houda Bouzid,45-54,m,Marrakech,referral,2026-05-08,9999-12-31,True,Bronze,
5369,C00549,Ghita Filali,18-24,m,Rabat,social_media,2026-05-08,9999-12-31,True,Bronze,
5370,C02779,Khadija Bouzid,45-54,m,Tanger,marketplace,2026-05-08,9999-12-31,True,Bronze,
5371,C07188,Rachid Lahlou,18-24,m,Kénitra,marketplace,2026-05-08,9999-12-31,True,Bronze,
5372,C05801,Reda Tazi,55-64,f,Casablanca,web,2026-05-08,9999-12-31,True,Bronze,
5373,C07443,Brahim Bouazza,35-44,f,Casablanca,marketplace,2026-05-08,9999-12-31,True,Bronze,
5374,C01324,Amina Ziani,55-64,m,Fès,social_media,2026-05-08,9999-12-31,True,Bronze,
5375,C06637,Fatima Bennani,55-64,f,Agadir,social_media,2026-05-08,9999-12-31,True,Bronze,
5376,C05670,Meryem Chraibi,35-44,f,Rabat,web,2026-05-08,9999-12-31,True,Bronze,
5377,C04927,Rim Haddad,55-64,m,Rabat,marketplace,2026-05-08,9999-12-31,True,Bronze,
5378,C06812,Amina Ouahbi,35-44,m,Fès,mobile,2026-05-08,9999-12-31,True,Bronze,
5379,C06123,Driss Benkirane,45-54,m,Tétouan,referral,2026-05-08,9999-12-31,True,Bronze,
5380,C03690,Hamza Benjelloun,25-34,f,Tanger,marketplace,2026-05-08,9999-12-31,True,Bronze,
5381,C01327,Nadia Cherkaoui,18-24,m,Mohammedia,social_media,2026-05-08,9999-12-31,True,Bronze,
5382,C05678,Khalid Rahmouni,45-54,m,Tanger,web,2026-05-08,9999-12-31,True,Bronze,
5383,C02058,Mehdi El Mansouri,55-64,m,Mohammedia,mobile,2026-05-08,9999-12-31,True,Bronze,
5384,C01309,Wafae Bouazza,45-54,f,Tanger,referral,2026-05-08,9999-12-31,True,Bronze,
5385,C04272,Ilham Naciri,35-44,f,El Jadida,social_media,2026-05-08,9999-12-31,True,Bronze,
5386,C00918,Sanae Ouahbi,35-44,f,El Jadida,marketplace,2026-05-08,9999-12-31,True,Bronze,
5387,C00551,Amina Filali,25-34,f,Casablanca,marketplace,2026-05-08,9999-12-31,True,Bronze,
5388,C05408,Omar Tahiri,45-54,f,Béni Mellal,social_media,2026-05-08,9999-12-31,True,Bronze,
5389,C04696,Amine Lahlou,55-64,f,Tanger,referral,2026-05-08,9999-12-31,True,Bronze,
5390,C01753,Amina El Amrani,55-64,m,Fès,web,2026-05-08,9999-12-31,True,Bronze,
5391,C07944,Mustapha Benjelloun,25-34,m,Marrakech,mobile,2026-05-08,9999-12-31,True,Bronze,
5392,C03984,Reda Berrada,55-64,m,Meknès,social_media,2026-05-08,9999-12-31,True,Bronze,
5393,C02540,Meryem Amrani,45-54,f,Rabat,social_media,2026-05-08,9999-12-31,True,Bronze,
5394,C00453,Said Rahmouni,35-44,m,Fès,web,2026-05-08,9999-12-31,True,Bronze,
5395,C04667,Imad Bouazza,55-64,f,Fès,web,2026-05-08,9999-12-31,True,Bronze,
5396,C01927,Ghita Bouazza,25-34,m,Tanger,social_media,2026-05-08,9999-12-31,True,Bronze,
5397,C06530,Khalid Haddad,45-54,f,Nador,social_media,2026-05-08,9999-12-31,True,Bronze,
5398,C05285,Mohamed Tahiri,25-34,m,Casablanca,web,2026-05-08,9999-12-31,True,Bronze,
5399,C01735,Brahim Kettani,55-64,m,Tanger,web,2026-05-08,9999-12-31,True,Bronze,
5400,C03953,Ilham Benkirane,45-54,f,Rabat,mobile,2026-05-08,9999-12-31,True,Bronze,
5401,C04102,Mehdi Bennani,45-54,m,Agadir,marketplace,2026-05-08,9999-12-31,True,Bronze,
5402,C02066,Nawal Lahlou,35-44,f,Béni Mellal,referral,2026-05-08,9999-12-31,True,Bronze,
5403,C06482,Meryem Berrada,55-64,f,Tanger,social_media,2026-05-08,9999-12-31,True,Bronze,
5404,C07838,Mohamed Rahmouni,35-44,m,Tanger,web,2026-05-08,9999-12-31,True,Bronze,
5405,C04831,Amine Tazi,35-44,m,Tanger,web,2026-05-08,9999-12-31,True,Bronze,
5406,C06191,Ilham Cherkaoui,35-44,m,Oujda,referral,2026-05-08,9999-12-31,True,Bronze,
5407,C03678,Khadija Skalli,18-24,m,Rabat,marketplace,2026-05-08,9999-12-31,True,Bronze,
5408,C06622,Nawal Amrani,18-24,m,Fès,marketplace,2026-05-08,9999-12-31,True,Bronze,
5409,C00037,Rachid Skalli,55-64,m,Tanger,social_media,2026-05-08,9999-12-31,True,Bronze,
5410,C03890,Loubna Amrani,55-64,m,Casablanca,mobile,2026-05-08,9999-12-31,True,Bronze,
5411,C03453,Rim Tazi,55-64,f,Tanger,referral,2026-05-08,9999-12-31,True,Bronze,
5412,C05906,Zineb Tahiri,45-54,m,Casablanca,referral,2026-05-08,9999-12-31,True,Bronze,
5413,C05839,Youssef Lahlou,25-34,m,Tétouan,marketplace,2026-05-08,9999-12-31,True,Bronze,
5414,C02216,Mohamed Filali,25-34,f,El Jadida,web,2026-05-08,9999-12-31,True,Bronze,
5415,C07588,Driss Tazi,45-54,m,Tanger,marketplace,2026-05-08,9999-12-31,True,Bronze,
5416,C07100,Ahmed Kettani,45-54,m,Tanger,mobile,2026-05-08,9999-12-31,True,Bronze,
5417,C06267,Hind Benjelloun,35-44,m,Casablanca,marketplace,2026-05-08,9999-12-31,True,Bronze,
5418,C07385,Khalid Tahiri,35-44,m,Rabat,social_media,2026-05-08,9999-12-31,True,Bronze,
5419,C01143,Hassan Ouahbi,25-34,m,Rabat,marketplace,2026-05-08,9999-12-31,True,Bronze,
5420,C04808,Adil Ouahbi,35-44,f,Fès,social_media,2026-05-08,9999-12-31,True,Bronze,
5421,C01664,Soufiane Tazi,35-44,f,Rabat,social_media,2026-05-08,9999-12-31,True,Bronze,
5422,C02355,Hind Bouzid,25-34,f,Fès,referral,2026-05-08,9999-12-31,True,Bronze,
5423,C05469,Said Berrada,35-44,m,Fès,web,2026-05-08,9999-12-31,True,Bronze,
5424,C05634,Ahmed El Ouazzani,35-44,m,Safi,referral,2026-05-08,9999-12-31,True,Bronze,
5425,C02553,Hanane Lahlou,55-64,m,Fès,marketplace,2026-05-08,9999-12-31,True,Bronze,
5426,C07885,Imad Skalli,55-64,m,Marrakech,web,2026-05-08,9999-12-31,True,Bronze,
5427,C00728,Fatima Fassi Fihri,45-54,f,Casablanca,mobile,2026-05-08,9999-12-31,True,Bronze,
5428,C03544,Amina Chraibi,35-44,m,El Jadida,referral,2026-05-08,9999-12-31,True,Bronze,
5429,C07719,Adil El Idrissi,55-64,m,Casablanca,referral,2026-05-08,9999-12-31,True,Bronze,
5430,C04359,Imad Amrani,45-54,f,Tanger,web,2026-05-08,9999-12-31,True,Bronze,
5431,C01629,Imad Tahiri,45-54,m,Tanger,social_media,2026-05-08,9999-12-31,True,Bronze,
5432,C04335,Sanae El Amrani,35-44,f,Mohammedia,mobile,2026-05-08,9999-12-31,True,Bronze,
5433,C07040,Nawal Sefrioui,25-34,m,Tanger,marketplace,2026-05-08,9999-12-31,True,Bronze,
5434,C00539,Amine Alaoui,25-34,m,Tanger,social_media,2026-05-08,9999-12-31,True,Bronze,
5435,C04602,Reda El Idrissi,25-34,m,Meknès,marketplace,2026-05-08,9999-12-31,True,Bronze,
5436,C02380,Meryem Naciri,25-34,m,Tanger,marketplace,2026-05-08,9999-12-31,True,Bronze,
5437,C07438,Karim Lahlou,45-54,m,Rabat,referral,2026-05-08,9999-12-31,True,Bronze,
5438,C02072,Mustapha Tazi,55-64,m,Fès,mobile,2026-05-08,9999-12-31,True,Bronze,
5439,C03551,Karim Benali,55-64,m,Casablanca,referral,2026-05-08,9999-12-31,True,Bronze,
5440,C02390,Hassan El Mansouri,65+,f,Tanger,mobile,2026-05-08,9999-12-31,True,Bronze,
5441,C07857,Hamza Skalli,18-24,f,Béni Mellal,mobile,2026-05-08,9999-12-31,True,Bronze,
5442,C00093,Rim Amrani,35-44,m,Fès,social_media,2026-05-08,9999-12-31,True,Bronze,
5443,C05312,Wafae Bouazza,55-64,m,Fès,mobile,2026-05-08,9999-12-31,True,Bronze,
5444,C07765,Ilham Tazi,45-54,m,Nador,referral,2026-05-08,9999-12-31,True,Bronze,
5445,C07372,Hamza Skalli,45-54,f,Béni Mellal,mobile,2026-05-08,9999-12-31,True,Bronze,
5446,C06561,Omar El Ouazzani,55-64,f,Nador,mobile,2026-05-08,9999-12-31,True,Bronze,
5447,C05151,Ahmed El Amrani,45-54,m,El Jadida,social_media,2026-05-08,9999-12-31,True,Bronze,
5448,C07902,Ali Ouahbi,18-24,m,Marrakech,referral,2026-05-08,9999-12-31,True,Bronze,
5449,C02568,Mehdi El Amrani,35-44,f,Fès,referral,2026-05-08,9999-12-31,True,Bronze,
5450,C07123,Nawal El Amrani,35-44,f,Casablanca,social_media,2026-05-08,9999-12-31,True,Bronze,
5451,C07331,Ilham El Amrani,45-54,f,Marrakech,marketplace,2026-05-08,9999-12-31,True,Bronze,
5452,C05412,Meryem Alaoui,55-64,m,Tanger,mobile,2026-05-08,9999-12-31,True,Bronze,
5453,C06672,Sanae Filali,35-44,f,Tanger,referral,2026-05-08,9999-12-31,True,Bronze,
5454,C00516,Mustapha Alaoui,35-44,f,Tanger,mobile,2026-05-08,9999-12-31,True,Bronze,
5455,C07191,Soufiane El Mansouri,25-34,f,Rabat,web,2026-05-08,9999-12-31,True,Bronze,
5456,C02986,Mohamed El Ouazzani,65+,f,Oujda,marketplace,2026-05-08,9999-12-31,True,Bronze,
5457,C02500,Amina Alaoui,35-44,f,Oujda,referral,2026-05-08,9999-12-31,True,Bronze,
5458,C00315,Ahmed El Ouazzani,55-64,m,Tanger,social_media,2026-05-08,9999-12-31,True,Bronze,
5459,C02770,Zineb Kettani,35-44,f,El Jadida,social_media,2026-05-08,9999-12-31,True,Bronze,
5460,C04237,Rim Filali,35-44,f,Tétouan,referral,2026-05-08,9999-12-31,True,Bronze,
5461,C07924,Khalid Bouazza,18-24,f,Fès,mobile,2026-05-08,9999-12-31,True,Bronze,
5462,C06354,Soufiane Sefrioui,25-34,f,Fès,social_media,2026-05-08,9999-12-31,True,Bronze,
5463,C07043,Nabil El Ouazzani,45-54,m,El Jadida,referral,2026-05-08,9999-12-31,True,Bronze,
5464,C07519,Ilham Chraibi,45-54,m,Marrakech,social_media,2026-05-08,9999-12-31,True,Bronze,
5465,C02601,Hamza Cherkaoui,35-44,f,Tétouan,mobile,2026-05-08,9999-12-31,True,Bronze,
5466,C02732,Wafae Bennani,25-34,m,Tétouan,social_media,2026-05-08,9999-12-31,True,Bronze,
5467,C01792,Soufiane Benkirane,18-24,m,Rabat,social_media,2026-05-08,9999-12-31,True,Bronze,
5468,C06843,Hanane Berrada,65+,f,Fès,referral,2026-05-08,9999-12-31,True,Bronze,
5469,C01851,Ahmed Sefrioui,35-44,m,Mohammedia,web,2026-05-08,9999-12-31,True,Bronze,
5470,C00949,Omar El Mansouri,55-64,m,Safi,social_media,2026-05-08,9999-12-31,True,Bronze,
5471,C04020,Loubna Tahiri,55-64,m,Casablanca,web,2026-05-08,9999-12-31,True,Bronze,
5472,C05447,Asmae El Amrani,25-34,m,Tanger,web,2026-05-08,9999-12-31,True,Bronze,
5473,C02022,Ghita Naciri,35-44,f,Marrakech,referral,2026-05-08,9999-12-31,True,Bronze,
5474,C00362,Khalid Benali,45-54,f,Fès,referral,2026-05-08,9999-12-31,True,Bronze,
5475,C04508,Adil Skalli,25-34,m,Tanger,mobile,2026-05-08,9999-12-31,True,Bronze,
5476,C05518,Soufiane Rahmouni,25-34,m,Marrakech,web,2026-05-08,9999-12-31,True,Bronze,
5477,C04013,Loubna Naciri,18-24,f,Marrakech,web,2026-05-08,9999-12-31,True,Bronze,
5478,C06318,Mehdi Benjelloun,45-54,m,Casablanca,web,2026-05-08,9999-12-31,True,Bronze,
5479,C07973,Imad Kettani,45-54,f,Tanger,web,2026-05-08,9999-12-31,True,Bronze,
5480,C00001,Ahmed Filali,35-44,m,Béni Mellal,web,2026-05-08,9999-12-31,True,Bronze,
5481,C04916,Nabil Benali,55-64,m,Tanger,social_media,2026-05-08,9999-12-31,True,Bronze,
5482,C07379,Imad Lahlou,35-44,f,Fès,referral,2026-05-08,9999-12-31,True,Bronze,
5483,C06509,Mustapha Bouzid,18-24,m,Marrakech,social_media,2026-05-08,9999-12-31,True,Bronze,
5484,C07149,Soufiane Bouzid,18-24,f,Tanger,mobile,2026-05-08,9999-12-31,True,Bronze,
5485,C07254,Rachid Bouazza,35-44,m,Marrakech,mobile,2026-05-08,9999-12-31,True,Bronze,
5486,C04783,Mohamed Sefrioui,45-54,m,Béni Mellal,referral,2026-05-08,9999-12-31,True,Bronze,
5487,C06083,Amina Benjelloun,35-44,m,Marrakech,mobile,2026-05-08,9999-12-31,True,Bronze,
5488,C02192,Brahim Sefrioui,55-64,m,Fès,mobile,2026-05-08,9999-12-31,True,Bronze,
5489,C05052,Reda Ouahbi,45-54,f,Fès,referral,2026-05-08,9999-12-31,True,Bronze,
5490,C01451,Amina Filali,18-24,f,Tétouan,web,2026-05-08,9999-12-31,True,Bronze,
5491,C04829,Said Tazi,35-44,m,Tanger,mobile,2026-05-08,9999-12-31,True,Bronze,
5492,C02983,Omar Haddad,45-54,m,Rabat,web,2026-05-08,9999-12-31,True,Bronze,
5493,C00090,Ghita Rahmouni,55-64,f,Casablanca,marketplace,2026-05-08,9999-12-31,True,Bronze,
5494,C05060,Rachid Tazi,25-34,f,Fès,social_media,2026-05-08,9999-12-31,True,Bronze,
5495,C00063,Laila Benali,55-64,f,Mohammedia,social_media,2026-05-08,9999-12-31,True,Bronze,
5496,C01673,Rim Ouahbi,25-34,m,Rabat,social_media,2026-05-08,9999-12-31,True,Bronze,
5497,C07388,Dounia Kettani,25-34,m,Tanger,web,2026-05-08,9999-12-31,True,Bronze,
5498,C01345,Houda Rahmouni,35-44,f,Fès,social_media,2026-05-08,9999-12-31,True,Bronze,
5499,C02128,Zakaria Naciri,18-24,f,Casablanca,mobile,2026-05-08,9999-12-31,True,Bronze,
5500,C06878,Nabil El Idrissi,25-34,m,Fès,marketplace,2026-05-08,9999-12-31,True,Bronze,
5501,C00289,Ilham Bennani,25-34,m,Fès,web,2026-05-08,9999-12-31,True,Bronze,
5502,C06176,Wafae Tazi,55-64,f,Kénitra,web,2026-05-08,9999-12-31,True,Bronze,
5503,C05757,Zineb El Ouazzani,25-34,m,Tanger,referral,2026-05-08,9999-12-31,True,Bronze,
5504,C01644,Sanae Kettani,45-54,f,Rabat,web,2026-05-08,9999-12-31,True,Bronze,
5505,C00118,Rachid Tahiri,25-34,f,Tanger,marketplace,2026-05-08,9999-12-31,True,Bronze,
5506,C02012,Sanae Benali,55-64,f,Kénitra,web,2026-05-08,9999-12-31,True,Bronze,
5507,C00864,Loubna Fassi Fihri,55-64,m,Béni Mellal,referral,2026-05-08,9999-12-31,True,Bronze,
5508,C06683,Sanae Bouzid,35-44,f,Casablanca,social_media,2026-05-08,9999-12-31,True,Bronze,
5509,C03861,Salma El Idrissi,55-64,m,Fès,social_media,2026-05-08,9999-12-31,True,Bronze,
5510,C04226,Rim El Ouazzani,25-34,m,Fès,marketplace,2026-05-08,9999-12-31,True,Bronze,
5511,C04604,Hanane Bennani,45-54,m,Marrakech,web,2026-05-08,9999-12-31,True,Bronze,
5512,C04844,Salma Tahiri,25-34,m,Tanger,referral,2026-05-08,9999-12-31,True,Bronze,
5513,C04473,Ilham Fassi Fihri,45-54,m,Béni Mellal,marketplace,2026-05-08,9999-12-31,True,Bronze,
5514,C05263,Mustapha Filali,35-44,m,Kénitra,marketplace,2026-05-08,9999-12-31,True,Bronze,
5515,C01007,Sara Fassi Fihri,25-34,m,Meknès,referral,2026-05-08,9999-12-31,True,Bronze,
5516,C02613,Imad Haddad,55-64,f,Tétouan,marketplace,2026-05-08,9999-12-31,True,Bronze,
5517,C07282,Rim Rahmouni,45-54,f,Rabat,mobile,2026-05-08,9999-12-31,True,Bronze,
5518,C06342,Laila Bouzid,55-64,m,Tanger,mobile,2026-05-08,9999-12-31,True,Bronze,
5519,C03098,Laila Benjelloun,25-34,f,Casablanca,mobile,2026-05-08,9999-12-31,True,Bronze,
5520,C05685,Khadija Filali,55-64,m,Fès,web,2026-05-08,9999-12-31,True,Bronze,
5521,C03566,Nawal Alaoui,35-44,f,Casablanca,social_media,2026-05-08,9999-12-31,True,Bronze,
5522,C04185,Laila Kettani,45-54,m,Tétouan,marketplace,2026-05-08,9999-12-31,True,Bronze,
5523,C02637,Mustapha Naciri,55-64,m,Fès,referral,2026-05-08,9999-12-31,True,Bronze,
5524,C04337,Amine Berrada,45-54,f,Fès,social_media,2026-05-08,9999-12-31,True,Bronze,
5525,C06470,Karim Skalli,55-64,m,Nador,social_media,2026-05-08,9999-12-31,True,Bronze,
5526,C03108,Said Berrada,Non renseigné,m,Rabat,marketplace,2026-05-08,9999-12-31,True,Bronze,
5527,C01223,Karim Benkirane,55-64,m,Tanger,mobile,2026-05-08,9999-12-31,True,Bronze,
5528,C05921,Laila Fassi Fihri,18-24,f,Tanger,social_media,2026-05-08,9999-12-31,True,Bronze,
5529,C04678,Driss Haddad,18-24,m,Tétouan,marketplace,2026-05-08,9999-12-31,True,Bronze,
5530,C05672,Omar Benkirane,35-44,m,Nador,mobile,2026-05-08,9999-12-31,True,Bronze,
5531,C03293,Amine El Idrissi,45-54,f,Agadir,marketplace,2026-05-08,9999-12-31,True,Bronze,
5532,C06997,Youssef Rahmouni,35-44,m,El Jadida,marketplace,2026-05-08,9999-12-31,True,Bronze,
5533,C07630,Nabil Chraibi,45-54,m,Casablanca,web,2026-05-08,9999-12-31,True,Bronze,
5534,C03869,Driss Sefrioui,35-44,m,Mohammedia,referral,2026-05-08,9999-12-31,True,Bronze,
5535,C03387,Brahim El Mansouri,35-44,m,Oujda,marketplace,2026-05-08,9999-12-31,True,Bronze,
5536,C05597,Youssef Bennani,18-24,f,Safi,social_media,2026-05-08,9999-12-31,True,Bronze,
5537,C01452,Meryem Cherkaoui,55-64,f,Marrakech,social_media,2026-05-08,9999-12-31,True,Bronze,
5538,C01879,Sanae Alaoui,25-34,f,Casablanca,social_media,2026-05-08,9999-12-31,True,Bronze,
5539,C03661,Soufiane Tazi,55-64,f,Tanger,social_media,2026-05-08,9999-12-31,True,Bronze,
5540,C07917,Zakaria Ziani,45-54,m,Tanger,web,2026-05-08,9999-12-31,True,Bronze,
5541,C06467,Sanae Sefrioui,45-54,m,El Jadida,marketplace,2026-05-08,9999-12-31,True,Bronze,
5542,C00435,Reda El Ouazzani,45-54,m,Tanger,mobile,2026-05-08,9999-12-31,True,Bronze,
5543,C01142,Amina Bouazza,55-64,f,Nador,web,2026-05-08,9999-12-31,True,Bronze,
5544,C06040,Amine Kettani,18-24,m,Rabat,referral,2026-05-08,9999-12-31,True,Bronze,
5545,C00778,Imad Tazi,55-64,f,Tanger,mobile,2026-05-08,9999-12-31,True,Bronze,
5546,C04797,Omar Alaoui,35-44,m,Oujda,mobile,2026-05-08,9999-12-31,True,Bronze,
5547,C01120,Brahim Benkirane,35-44,m,Tanger,web,2026-05-08,9999-12-31,True,Bronze,
5548,C04944,Said Bennani,55-64,f,Fès,marketplace,2026-05-08,9999-12-31,True,Bronze,
5549,C06659,Houda Berrada,55-64,f,Casablanca,web,2026-05-08,9999-12-31,True,Bronze,
5550,C06273,Hind Skalli,45-54,m,Fès,social_media,2026-05-08,9999-12-31,True,Bronze,
5551,C05692,Hind El Amrani,25-34,f,Nador,mobile,2026-05-08,9999-12-31,True,Bronze,
5552,C02191,Reda Bennani,55-64,f,El Jadida,social_media,2026-05-08,9999-12-31,True,Bronze,
5553,C02824,Mohamed Bennani,45-54,m,Tétouan,marketplace,2026-05-08,9999-12-31,True,Bronze,
5554,C04497,Driss Kettani,25-34,m,Fès,social_media,2026-05-08,9999-12-31,True,Bronze,
5555,C02819,Rim Haddad,55-64,f,Fès,referral,2026-05-08,9999-12-31,True,Bronze,
5556,C03013,Amine Berrada,35-44,m,Fès,social_media,2026-05-08,9999-12-31,True,Bronze,
5557,C05556,Asmae El Amrani,45-54,m,Béni Mellal,referral,2026-05-08,9999-12-31,True,Bronze,
5558,C07055,Brahim Ouahbi,65+,m,Casablanca,web,2026-05-08,9999-12-31,True,Bronze,
5559,C07488,Khalid Ouahbi,25-34,f,El Jadida,mobile,2026-05-08,9999-12-31,True,Bronze,
5560,C06237,Amine Fassi Fihri,25-34,m,Mohammedia,social_media,2026-05-08,9999-12-31,True,Bronze,
5561,C05061,Said Sefrioui,45-54,f,Tanger,mobile,2026-05-08,9999-12-31,True,Bronze,
5562,C00022,Hassan Benkirane,25-34,m,Rabat,marketplace,2026-05-08,9999-12-31,True,Bronze,
5563,C03809,Imad Tahiri,55-64,m,Marrakech,marketplace,2026-05-08,9999-12-31,True,Bronze,
5564,C03903,Nadia El Ouazzani,45-54,m,Rabat,referral,2026-05-08,9999-12-31,True,Bronze,
5565,C05246,Ghita Ziani,55-64,f,Nador,marketplace,2026-05-08,9999-12-31,True,Bronze,
5566,C01742,Mohamed Sefrioui,35-44,m,Oujda,mobile,2026-05-08,9999-12-31,True,Bronze,
5567,C05147,Karim Ouahbi,65+,f,Kénitra,marketplace,2026-05-08,9999-12-31,True,Bronze,
5568,C03994,Ahmed Alaoui,25-34,m,Casablanca,marketplace,2026-05-08,9999-12-31,True,Bronze,
5569,C01271,Ahmed El Amrani,55-64,m,Fès,referral,2026-05-08,9999-12-31,True,Bronze,
5570,C00079,Zakaria El Idrissi,45-54,f,Tanger,mobile,2026-05-08,9999-12-31,True,Bronze,
5571,C03697,Omar Tazi,25-34,m,Fès,social_media,2026-05-08,9999-12-31,True,Bronze,
5572,C05959,Mohamed Ouahbi,35-44,m,Fès,social_media,2026-05-08,9999-12-31,True,Bronze,
5573,C07060,Khalid Bouzid,55-64,f,Tanger,referral,2026-05-08,9999-12-31,True,Bronze,
5574,C01228,Mohamed Sefrioui,35-44,f,Casablanca,web,2026-05-08,9999-12-31,True,Bronze,
5575,C01383,Mustapha Cherkaoui,35-44,m,Tanger,mobile,2026-05-08,9999-12-31,True,Bronze,
5576,C05278,Imad Bouazza,25-34,f,Rabat,social_media,2026-05-08,9999-12-31,True,Bronze,
5577,C04061,Hamza Alaoui,35-44,m,Mohammedia,mobile,2026-05-08,9999-12-31,True,Bronze,
5578,C01282,Mohamed Benkirane,45-54,m,Meknès,marketplace,2026-05-08,9999-12-31,True,Bronze,
5579,C03502,Amina Kettani,55-64,f,Kénitra,social_media,2026-05-08,9999-12-31,True,Bronze,
5580,C05093,Omar Cherkaoui,45-54,m,Fès,web,2026-05-08,9999-12-31,True,Bronze,
5581,C00375,Wafae Bouazza,25-34,f,Rabat,social_media,2026-05-08,9999-12-31,True,Bronze,
5582,C06907,Hamza Ouahbi,45-54,m,Fès,mobile,2026-05-08,9999-12-31,True,Bronze,
5583,C05788,Soufiane Lahlou,55-64,f,Rabat,web,2026-05-08,9999-12-31,True,Bronze,
5584,C01397,Asmae Tazi,35-44,f,Nador,marketplace,2026-05-08,9999-12-31,True,Bronze,
5585,C00171,Amine Benjelloun,55-64,f,Casablanca,referral,2026-05-08,9999-12-31,True,Bronze,
5586,C00389,Hassan El Mansouri,45-54,m,Rabat,web,2026-05-08,9999-12-31,True,Bronze,
5587,C07811,Mohamed Benkirane,55-64,m,Tanger,social_media,2026-05-08,9999-12-31,True,Bronze,
5588,C02172,Said Naciri,35-44,m,Tanger,mobile,2026-05-08,9999-12-31,True,Bronze,
5589,C03970,Dounia Alaoui,55-64,m,Béni Mellal,marketplace,2026-05-08,9999-12-31,True,Bronze,
5590,C05825,Adil Tazi,35-44,m,Mohammedia,web,2026-05-08,9999-12-31,True,Bronze,
5591,C00335,Nabil Lahlou,45-54,m,Kénitra,marketplace,2026-05-08,9999-12-31,True,Bronze,
5592,C03539,Said Sefrioui,25-34,m,Tanger,mobile,2026-05-08,9999-12-31,True,Bronze,
5593,C05381,Meryem Sefrioui,55-64,m,Casablanca,social_media,2026-05-08,9999-12-31,True,Bronze,
5594,C05573,Ghita Chraibi,35-44,m,Tanger,mobile,2026-05-08,9999-12-31,True,Bronze,
5595,C00121,Loubna Benali,Non renseigné,m,Fès,web,2026-05-08,9999-12-31,True,Bronze,
5596,C04576,Loubna Ouahbi,55-64,f,Mohammedia,social_media,2026-05-08,9999-12-31,True,Bronze,
5597,C06501,Houda Filali,25-34,m,Marrakech,marketplace,2026-05-08,9999-12-31,True,Bronze,
5598,C05079,Khalid Benjelloun,45-54,m,Tanger,social_media,2026-05-08,9999-12-31,True,Bronze,
5599,C04115,Khalid El Amrani,55-64,m,Tétouan,referral,2026-05-08,9999-12-31,True,Bronze,
5600,C06904,Ilham Ouahbi,35-44,m,Fès,mobile,2026-05-08,9999-12-31,True,Bronze,
5601,C06556,Hanane Benkirane,55-64,m,Rabat,social_media,2026-05-08,9999-12-31,True,Bronze,
5602,C07539,Zineb Lahlou,55-64,m,Tétouan,social_media,2026-05-08,9999-12-31,True,Bronze,
5603,C06860,Zakaria Bouazza,35-44,m,Agadir,referral,2026-05-08,9999-12-31,True,Bronze,
5604,C00807,Salma Bouzid,18-24,m,Nador,web,2026-05-08,9999-12-31,True,Bronze,
5605,C06562,Nadia Sefrioui,45-54,m,Tanger,referral,2026-05-08,9999-12-31,True,Bronze,
5606,C05935,Ahmed El Ouazzani,35-44,m,El Jadida,social_media,2026-05-08,9999-12-31,True,Bronze,
5607,C06875,Nawal Benkirane,35-44,f,Agadir,web,2026-05-08,9999-12-31,True,Bronze,
5608,C06047,Imad Lahlou,45-54,m,Marrakech,social_media,2026-05-08,9999-12-31,True,Bronze,
5609,C03210,Omar Ziani,18-24,f,Fès,web,2026-05-08,9999-12-31,True,Bronze,
5610,C03306,Mustapha Skalli,25-34,m,Casablanca,web,2026-05-08,9999-12-31,True,Bronze,
5611,C07814,Khalid Bennani,35-44,m,Agadir,mobile,2026-05-08,9999-12-31,True,Bronze,
5612,C02600,Amina El Ouazzani,18-24,f,El Jadida,social_media,2026-05-08,9999-12-31,True,Bronze,
5613,C01357,Youssef Chraibi,55-64,f,Fès,web,2026-05-08,9999-12-31,True,Bronze,
5614,C05657,Amine El Idrissi,55-64,f,Tanger,mobile,2026-05-08,9999-12-31,True,Bronze,
5615,C02321,Ghita Benali,25-34,m,Tanger,web,2026-05-08,9999-12-31,True,Bronze,
5616,C01980,Ali Chraibi,25-34,m,Rabat,referral,2026-05-08,9999-12-31,True,Bronze,
5617,C00078,Wafae Haddad,35-44,f,Casablanca,marketplace,2026-05-08,9999-12-31,True,Bronze,
5618,C05226,Khadija El Amrani,35-44,m,Casablanca,referral,2026-05-08,9999-12-31,True,Bronze,
5619,C07257,Laila Cherkaoui,45-54,m,Meknès,mobile,2026-05-08,9999-12-31,True,Bronze,
5620,C06099,Mehdi Fassi Fihri,45-54,f,Fès,mobile,2026-05-08,9999-12-31,True,Bronze,
5621,C04872,Rim Sefrioui,45-54,m,Rabat,marketplace,2026-05-08,9999-12-31,True,Bronze,
5622,C02097,Hamza Kettani,45-54,f,Fès,referral,2026-05-08,9999-12-31,True,Bronze,
5623,C05454,Khalid Bouazza,18-24,m,Mohammedia,web,2026-05-08,9999-12-31,True,Bronze,
5624,C04692,Mohamed Cherkaoui,55-64,f,Fès,web,2026-05-08,9999-12-31,True,Bronze,
5625,C03149,Karim Bennani,45-54,m,Casablanca,mobile,2026-05-08,9999-12-31,True,Bronze,
5626,C03802,Zineb Haddad,35-44,m,Casablanca,referral,2026-05-08,9999-12-31,True,Bronze,
5627,C06716,Imad Ziani,55-64,m,Béni Mellal,web,2026-05-08,9999-12-31,True,Bronze,
5628,C04744,Meryem Benali,55-64,m,Rabat,web,2026-05-08,9999-12-31,True,Bronze,
5629,C06872,Hanane Ouahbi,45-54,m,Kénitra,mobile,2026-05-08,9999-12-31,True,Bronze,
5630,C02895,Nawal Bennani,25-34,m,El Jadida,social_media,2026-05-08,9999-12-31,True,Bronze,
5631,C02635,Khadija Kettani,35-44,m,Tanger,social_media,2026-05-08,9999-12-31,True,Bronze,
5632,C02247,Imad Rahmouni,18-24,m,Tanger,social_media,2026-05-08,9999-12-31,True,Bronze,
5633,C04465,Omar Ouahbi,55-64,f,Nador,marketplace,2026-05-08,9999-12-31,True,Bronze,
5634,C05853,Omar Amrani,25-34,m,Casablanca,web,2026-05-08,9999-12-31,True,Bronze,
5635,C02586,Ali Haddad,45-54,m,Meknès,web,2026-05-08,9999-12-31,True,Bronze,
5636,C00042,Brahim Bouazza,55-64,m,Rabat,mobile,2026-05-08,9999-12-31,True,Bronze,
5637,C04988,Dounia Lahlou,35-44,f,Tanger,referral,2026-05-08,9999-12-31,True,Bronze,
5638,C00853,Said Bouazza,25-34,f,Marrakech,web,2026-05-08,9999-12-31,True,Bronze,
5639,C02193,Khalid Fassi Fihri,18-24,f,Tanger,marketplace,2026-05-08,9999-12-31,True,Bronze,
5640,C07679,Soufiane Alaoui,18-24,m,Mohammedia,social_media,2026-05-08,9999-12-31,True,Bronze,
5641,C07629,Rachid Rahmouni,25-34,m,Marrakech,referral,2026-05-08,9999-12-31,True,Bronze,
5642,C06953,Rachid Alaoui,25-34,m,Agadir,mobile,2026-05-08,9999-12-31,True,Bronze,
5643,C03294,Driss Berrada,45-54,m,Fès,referral,2026-05-08,9999-12-31,True,Bronze,
5644,C00190,Sanae Haddad,55-64,m,Oujda,web,2026-05-08,9999-12-31,True,Bronze,
5645,C03253,Ghita Tahiri,55-64,m,Rabat,mobile,2026-05-08,9999-12-31,True,Bronze,
5646,C06521,Omar Cherkaoui,45-54,m,Tanger,marketplace,2026-05-08,9999-12-31,True,Bronze,
5647,C06419,Mehdi Ouahbi,65+,m,Rabat,web,2026-05-08,9999-12-31,True,Bronze,
5648,C01670,Said El Mansouri,35-44,m,Nador,social_media,2026-05-08,9999-12-31,True,Bronze,
5649,C03349,Ghita Ziani,55-64,m,Meknès,referral,2026-05-08,9999-12-31,True,Bronze,
5650,C04385,Laila Tahiri,18-24,m,Rabat,referral,2026-05-08,9999-12-31,True,Bronze,
5651,C06256,Brahim Tazi,35-44,m,Casablanca,marketplace,2026-05-08,9999-12-31,True,Bronze,
5652,C01747,Hind Bouazza,35-44,f,Kénitra,web,2026-05-08,9999-12-31,True,Bronze,
5653,C03714,Amine Benjelloun,35-44,f,Tanger,mobile,2026-05-08,9999-12-31,True,Bronze,
5654,C07285,Mehdi Filali,55-64,m,Casablanca,social_media,2026-05-08,9999-12-31,True,Bronze,
5655,C03252,Nadia Tazi,55-64,m,Rabat,referral,2026-05-08,9999-12-31,True,Bronze,
5656,C03268,Amine El Idrissi,55-64,f,Casablanca,referral,2026-05-08,9999-12-31,True,Bronze,
5657,C00471,Adil Benali,25-34,f,Agadir,marketplace,2026-05-08,9999-12-31,True,Bronze,
5658,C03985,Rachid Ziani,25-34,m,Marrakech,referral,2026-05-08,9999-12-31,True,Bronze,
5659,C03756,Nawal Skalli,25-34,f,Tanger,web,2026-05-08,9999-12-31,True,Bronze,
5660,C00342,Amine El Mansouri,25-34,f,Oujda,web,2026-05-08,9999-12-31,True,Bronze,
5661,C03636,Houda Bouzid,45-54,m,Rabat,referral,2026-05-08,9999-12-31,True,Bronze,
5662,C06966,Khalid El Ouazzani,18-24,m,Tétouan,social_media,2026-05-08,9999-12-31,True,Bronze,
5663,C05524,Rim Benjelloun,18-24,f,Tanger,marketplace,2026-05-08,9999-12-31,True,Bronze,
5664,C03154,Rachid Benkirane,45-54,m,Fès,social_media,2026-05-08,9999-12-31,True,Bronze,
5665,C00561,Zineb Ziani,35-44,f,Tanger,referral,2026-05-08,9999-12-31,True,Bronze,
5666,C02295,Mohamed Benjelloun,35-44,f,Marrakech,marketplace,2026-05-08,9999-12-31,True,Bronze,
5667,C03559,Loubna Ouahbi,45-54,f,Marrakech,mobile,2026-05-08,9999-12-31,True,Bronze,
5668,C01459,Sara Ziani,45-54,m,Kénitra,web,2026-05-08,9999-12-31,True,Bronze,
5669,C05743,Said Naciri,55-64,m,Tanger,social_media,2026-05-08,9999-12-31,True,Bronze,
5670,C00162,Imad Haddad,35-44,m,Tanger,marketplace,2026-05-08,9999-12-31,True,Bronze,
5671,C06028,Loubna El Mansouri,18-24,m,Marrakech,marketplace,2026-05-08,9999-12-31,True,Bronze,
5672,C05707,Soufiane Benali,35-44,m,Fès,marketplace,2026-05-08,9999-12-31,True,Bronze,
5673,C01867,Imad Bouzid,45-54,m,Fès,web,2026-05-08,9999-12-31,True,Bronze,
5674,C05409,Soufiane Benjelloun,35-44,m,Meknès,referral,2026-05-08,9999-12-31,True,Bronze,
5675,C04417,Houda Benali,35-44,m,Casablanca,mobile,2026-05-08,9999-12-31,True,Bronze,
5676,C07613,Youssef Fassi Fihri,25-34,f,Agadir,referral,2026-05-08,9999-12-31,True,Bronze,
5677,C03943,Zineb Rahmouni,45-54,f,Rabat,social_media,2026-05-08,9999-12-31,True,Bronze,
5678,C07931,Driss Bouzid,25-34,m,Fès,marketplace,2026-05-08,9999-12-31,True,Bronze,
5679,C00299,Laila Benkirane,35-44,m,Tanger,social_media,2026-05-08,9999-12-31,True,Bronze,
5680,C03062,Rachid El Idrissi,25-34,f,Tanger,referral,2026-05-08,9999-12-31,True,Bronze,
5681,C06268,Zineb Bouazza,55-64,f,Tanger,marketplace,2026-05-08,9999-12-31,True,Bronze,
5682,C07404,Amine Amrani,25-34,m,Safi,social_media,2026-05-08,9999-12-31,True,Bronze,
5683,C04190,Zineb Tazi,45-54,m,Safi,mobile,2026-05-08,9999-12-31,True,Bronze,
5684,C06264,Salma Rahmouni,18-24,m,Fès,social_media,2026-05-08,9999-12-31,True,Bronze,
5685,C06495,Omar Ziani,65+,m,Rabat,social_media,2026-05-08,9999-12-31,True,Bronze,
5686,C00882,Ilham Chraibi,25-34,m,Mohammedia,referral,2026-05-08,9999-12-31,True,Bronze,
5687,C06846,Imad Tahiri,55-64,m,El Jadida,mobile,2026-05-08,9999-12-31,True,Bronze,
5688,C05084,Omar Skalli,45-54,f,Marrakech,social_media,2026-05-08,9999-12-31,True,Bronze,
5689,C03513,Amina Haddad,18-24,m,Marrakech,referral,2026-05-08,9999-12-31,True,Bronze,
5690,C04394,Said Rahmouni,55-64,m,Tanger,mobile,2026-05-08,9999-12-31,True,Bronze,
5691,C01028,Hanane Chraibi,45-54,m,Tanger,mobile,2026-05-08,9999-12-31,True,Bronze,
5692,C02846,Khalid Haddad,55-64,f,Tanger,referral,2026-05-08,9999-12-31,True,Bronze,
5693,C06339,Mustapha Skalli,55-64,m,Casablanca,marketplace,2026-05-08,9999-12-31,True,Bronze,
5694,C00826,Driss Sefrioui,55-64,f,Nador,web,2026-05-08,9999-12-31,True,Bronze,
5695,C00751,Loubna Naciri,18-24,m,Fès,mobile,2026-05-08,9999-12-31,True,Bronze,
5696,C02296,Soufiane Naciri,45-54,m,Casablanca,marketplace,2026-05-08,9999-12-31,True,Bronze,
5697,C01602,Sanae Amrani,25-34,m,Oujda,social_media,2026-05-08,9999-12-31,True,Bronze,
5698,C05355,Zakaria Lahlou,65+,f,Marrakech,marketplace,2026-05-08,9999-12-31,True,Bronze,
5699,C02763,Zineb Ouahbi,25-34,f,Nador,marketplace,2026-05-08,9999-12-31,True,Bronze,
5700,C02797,Hind Bouzid,55-64,m,Casablanca,referral,2026-05-08,9999-12-31,True,Bronze,
5701,C04992,Driss Cherkaoui,25-34,m,Tétouan,referral,2026-05-08,9999-12-31,True,Bronze,
5702,C05668,Rim El Mansouri,25-34,m,Agadir,social_media,2026-05-08,9999-12-31,True,Bronze,
5703,C06636,Hassan Benjelloun,25-34,m,Casablanca,referral,2026-05-08,9999-12-31,True,Bronze,
5704,C05161,Sanae Kettani,25-34,m,Fès,marketplace,2026-05-08,9999-12-31,True,Bronze,
5705,C00710,Samira Benali,45-54,m,Marrakech,mobile,2026-05-08,9999-12-31,True,Bronze,
5706,C01111,Rim El Ouazzani,18-24,m,Mohammedia,mobile,2026-05-08,9999-12-31,True,Bronze,
5707,C06343,Salma Fassi Fihri,45-54,f,Tétouan,marketplace,2026-05-08,9999-12-31,True,Bronze,
5708,C03209,Salma Lahlou,35-44,f,Kénitra,web,2026-05-08,9999-12-31,True,Bronze,
5709,C04609,Ilham Tazi,18-24,m,Tanger,marketplace,2026-05-08,9999-12-31,True,Bronze,
5710,C02363,Samira Naciri,25-34,m,Agadir,mobile,2026-05-08,9999-12-31,True,Bronze,
5711,C06747,Said Cherkaoui,55-64,f,Agadir,referral,2026-05-08,9999-12-31,True,Bronze,
5712,C07951,Ilham Benjelloun,18-24,m,Casablanca,social_media,2026-05-08,9999-12-31,True,Bronze,
5713,C00577,Ahmed Chraibi,45-54,f,Agadir,social_media,2026-05-08,9999-12-31,True,Bronze,
5714,C02364,Rim Benkirane,25-34,m,Casablanca,referral,2026-05-08,9999-12-31,True,Bronze,
5715,C00676,Nabil Chraibi,18-24,m,Meknès,social_media,2026-05-08,9999-12-31,True,Bronze,
5716,C05779,Meryem Alaoui,55-64,f,Rabat,social_media,2026-05-08,9999-12-31,True,Bronze,
5717,C05437,Ahmed El Mansouri,18-24,m,Rabat,referral,2026-05-08,9999-12-31,True,Bronze,
5718,C06598,Zineb Benkirane,18-24,f,Tétouan,web,2026-05-08,9999-12-31,True,Bronze,
5719,C04188,Asmae Tahiri,45-54,m,Marrakech,social_media,2026-05-08,9999-12-31,True,Bronze,
5720,C06996,Ali Lahlou,55-64,m,Casablanca,referral,2026-05-08,9999-12-31,True,Bronze,
5721,C02694,Wafae Haddad,35-44,m,Fès,mobile,2026-05-08,9999-12-31,True,Bronze,
5722,C04822,Mohamed Chraibi,45-54,f,Tanger,web,2026-05-08,9999-12-31,True,Bronze,
5723,C03635,Hind Benjelloun,35-44,f,Casablanca,social_media,2026-05-08,9999-12-31,True,Bronze,
5724,C00833,Mohamed Amrani,25-34,f,Rabat,mobile,2026-05-08,9999-12-31,True,Bronze,
5725,C07707,Khadija Lahlou,25-34,m,Rabat,marketplace,2026-05-08,9999-12-31,True,Bronze,
5726,C03462,Houda El Mansouri,55-64,m,Kénitra,referral,2026-05-08,9999-12-31,True,Bronze,
5727,C02418,Ilham Kettani,55-64,f,Nador,web,2026-05-08,9999-12-31,True,Bronze,
5728,C05080,Mohamed Berrada,55-64,m,El Jadida,marketplace,2026-05-08,9999-12-31,True,Bronze,
5729,C06149,Loubna Chraibi,45-54,f,Casablanca,mobile,2026-05-08,9999-12-31,True,Bronze,
5730,C06015,Zineb Tahiri,25-34,m,Tanger,mobile,2026-05-08,9999-12-31,True,Bronze,
5731,C03565,Nawal Alaoui,45-54,f,Marrakech,social_media,2026-05-08,9999-12-31,True,Bronze,
5732,C02509,Zineb Filali,25-34,m,Mohammedia,mobile,2026-05-08,9999-12-31,True,Bronze,
5733,C02705,Meryem Sefrioui,35-44,m,Rabat,referral,2026-05-08,9999-12-31,True,Bronze,
5734,C01865,Youssef Chraibi,55-64,m,Marrakech,web,2026-05-08,9999-12-31,True,Bronze,
5735,C00806,Karim Berrada,35-44,m,Tanger,mobile,2026-05-08,9999-12-31,True,Bronze,
5736,C02508,Samira Naciri,45-54,f,Fès,referral,2026-05-08,9999-12-31,True,Bronze,
5737,C02391,Said El Ouazzani,55-64,m,Tanger,referral,2026-05-08,9999-12-31,True,Bronze,
5738,C07248,Imad Amrani,45-54,m,Marrakech,marketplace,2026-05-08,9999-12-31,True,Bronze,
5739,C05200,Ali Ziani,25-34,m,Tanger,referral,2026-05-08,9999-12-31,True,Bronze,
5740,C03923,Hanane Cherkaoui,45-54,m,Marrakech,social_media,2026-05-08,9999-12-31,True,Bronze,
5741,C05595,Loubna El Ouazzani,45-54,m,Rabat,mobile,2026-05-08,9999-12-31,True,Bronze,
5742,C04006,Mehdi Kettani,25-34,m,Mohammedia,referral,2026-05-08,9999-12-31,True,Bronze,
5743,C07658,Ali Cherkaoui,55-64,m,Oujda,referral,2026-05-08,9999-12-31,True,Bronze,
5744,C03885,Zineb Benjelloun,55-64,m,Marrakech,referral,2026-05-08,9999-12-31,True,Bronze,
5745,C07912,Mehdi Bennani,45-54,f,Safi,mobile,2026-05-08,9999-12-31,True,Bronze,
5746,C06351,Hanane El Idrissi,45-54,m,Fès,mobile,2026-05-08,9999-12-31,True,Bronze,
5747,C05525,Said Rahmouni,35-44,f,Tanger,social_media,2026-05-08,9999-12-31,True,Bronze,
5748,C05635,Nadia Fassi Fihri,55-64,f,Oujda,social_media,2026-05-08,9999-12-31,True,Bronze,
5749,C00554,Sanae Benjelloun,25-34,m,El Jadida,social_media,2026-05-08,9999-12-31,True,Bronze,
5750,C05137,Meryem Sefrioui,18-24,f,El Jadida,social_media,2026-05-08,9999-12-31,True,Bronze,
5751,C04597,Laila Naciri,45-54,m,Mohammedia,web,2026-05-08,9999-12-31,True,Bronze,
5752,C04018,Ahmed Benkirane,55-64,f,Tanger,mobile,2026-05-08,9999-12-31,True,Bronze,
5753,C00454,Soufiane Ouahbi,55-64,m,El Jadida,referral,2026-05-08,9999-12-31,True,Bronze,
5754,C04528,Mohamed Rahmouni,25-34,m,Tanger,web,2026-05-08,9999-12-31,True,Bronze,
5755,C05798,Driss Skalli,35-44,m,Tanger,web,2026-05-08,9999-12-31,True,Bronze,
5756,C04969,Hanane Naciri,35-44,m,Rabat,marketplace,2026-05-08,9999-12-31,True,Bronze,
5757,C06764,Youssef Naciri,25-34,f,Tanger,marketplace,2026-05-08,9999-12-31,True,Bronze,
5758,C00754,Zakaria Tazi,55-64,f,Kénitra,mobile,2026-05-08,9999-12-31,True,Bronze,
5759,C05805,Rachid El Amrani,25-34,m,Fès,mobile,2026-05-08,9999-12-31,True,Bronze,
5760,C02306,Houda Naciri,45-54,m,Béni Mellal,marketplace,2026-05-08,9999-12-31,True,Bronze,
5761,C05386,Wafae Benali,18-24,m,Fès,referral,2026-05-08,9999-12-31,True,Bronze,
5762,C03257,Wafae Skalli,35-44,f,Mohammedia,web,2026-05-08,9999-12-31,True,Bronze,
5763,C00450,Adil Tahiri,18-24,f,Tétouan,social_media,2026-05-08,9999-12-31,True,Bronze,
5764,C01764,Mustapha Rahmouni,18-24,m,Marrakech,social_media,2026-05-08,9999-12-31,True,Bronze,
5765,C07042,Sara Ouahbi,18-24,f,Rabat,social_media,2026-05-08,9999-12-31,True,Bronze,
5766,C05082,Nabil Skalli,45-54,m,Safi,mobile,2026-05-08,9999-12-31,True,Bronze,
5767,C05974,Hassan Filali,45-54,m,Casablanca,web,2026-05-08,9999-12-31,True,Bronze,
5768,C06949,Asmae Tazi,35-44,f,Kénitra,marketplace,2026-05-08,9999-12-31,True,Bronze,
5769,C01360,Mehdi El Mansouri,25-34,m,Nador,social_media,2026-05-08,9999-12-31,True,Bronze,
5770,C02737,Salma Tazi,55-64,f,Kénitra,web,2026-05-08,9999-12-31,True,Bronze,
5771,C04172,Karim Benali,55-64,m,Fès,marketplace,2026-05-08,9999-12-31,True,Bronze,
5772,C00411,Reda Amrani,25-34,f,Fès,marketplace,2026-05-08,9999-12-31,True,Bronze,
5773,C05758,Khalid Haddad,45-54,m,Marrakech,mobile,2026-05-08,9999-12-31,True,Bronze,
5774,C01947,Meryem Bennani,55-64,m,Casablanca,social_media,2026-05-08,9999-12-31,True,Bronze,
5775,C07946,Rim Tahiri,55-64,f,Marrakech,social_media,2026-05-08,9999-12-31,True,Bronze,
5776,C04030,Reda Skalli,25-34,m,Tanger,mobile,2026-05-08,9999-12-31,True,Bronze,
5777,C05843,Soufiane Benali,45-54,f,Marrakech,mobile,2026-05-08,9999-12-31,True,Bronze,
5778,C02564,Sara Rahmouni,45-54,f,Marrakech,marketplace,2026-05-08,9999-12-31,True,Bronze,
5779,C00581,Salma Bouzid,18-24,m,Marrakech,web,2026-05-08,9999-12-31,True,Bronze,
5780,C00506,Dounia Bouazza,25-34,m,Marrakech,marketplace,2026-05-08,9999-12-31,True,Bronze,
5781,C07898,Mustapha Benkirane,55-64,m,Tanger,marketplace,2026-05-08,9999-12-31,True,Bronze,
5782,C03155,Driss Cherkaoui,25-34,m,Tanger,referral,2026-05-08,9999-12-31,True,Bronze,
5783,C05754,Dounia Benkirane,35-44,f,Tétouan,web,2026-05-08,9999-12-31,True,Bronze,
5784,C02464,Ahmed El Mansouri,55-64,m,Casablanca,referral,2026-05-08,9999-12-31,True,Bronze,
5785,C06430,Mustapha Chraibi,55-64,f,Casablanca,web,2026-05-08,9999-12-31,True,Bronze,
5786,C01296,Amine Lahlou,18-24,m,Casablanca,social_media,2026-05-08,9999-12-31,True,Bronze,
5787,C06357,Karim Tahiri,35-44,f,Rabat,referral,2026-05-08,9999-12-31,True,Bronze,
5788,C02298,Ghita Bouzid,25-34,m,El Jadida,web,2026-05-08,9999-12-31,True,Bronze,
5789,C01666,Brahim Bennani,18-24,f,Oujda,marketplace,2026-05-08,9999-12-31,True,Bronze,
5790,C07353,Ghita Chraibi,45-54,f,Tanger,mobile,2026-05-08,9999-12-31,True,Bronze,
5791,C03834,Amine Benkirane,25-34,m,Casablanca,referral,2026-05-08,9999-12-31,True,Bronze,
5792,C05404,Nawal Tazi,25-34,m,Marrakech,web,2026-05-08,9999-12-31,True,Bronze,
5793,C04113,Houda Amrani,25-34,m,Tanger,mobile,2026-05-08,9999-12-31,True,Bronze,
5794,C02441,Nabil Bouazza,25-34,m,Tanger,marketplace,2026-05-08,9999-12-31,True,Bronze,
5795,C04965,Khadija Filali,25-34,m,Tanger,marketplace,2026-05-08,9999-12-31,True,Bronze,
5796,C01060,Fatima Kettani,45-54,f,Béni Mellal,referral,2026-05-08,9999-12-31,True,Bronze,
5797,C02954,Khalid Haddad,45-54,m,Nador,social_media,2026-05-08,9999-12-31,True,Bronze,
5798,C03503,Amine Ouahbi,Non renseigné,m,Rabat,mobile,2026-05-08,9999-12-31,True,Bronze,
5799,C07144,Ilham Amrani,25-34,m,Meknès,web,2026-05-08,9999-12-31,True,Bronze,
5800,C04832,Hind Filali,55-64,m,Mohammedia,social_media,2026-05-08,9999-12-31,True,Bronze,
5801,C05623,Fatima Cherkaoui,25-34,f,Oujda,web,2026-05-08,9999-12-31,True,Bronze,
5802,C07997,Soufiane El Mansouri,45-54,f,Meknès,referral,2026-05-08,9999-12-31,True,Bronze,
5803,C07974,Wafae Cherkaoui,25-34,f,Marrakech,mobile,2026-05-08,9999-12-31,True,Bronze,
5804,C02922,Asmae Skalli,45-54,m,Fès,web,2026-05-08,9999-12-31,True,Bronze,
5805,C02589,Amine Sefrioui,25-34,f,Casablanca,social_media,2026-05-08,9999-12-31,True,Bronze,
5806,C05568,Hind Chraibi,18-24,m,Casablanca,referral,2026-05-08,9999-12-31,True,Bronze,
5807,C06077,Mehdi Filali,55-64,m,Casablanca,marketplace,2026-05-08,9999-12-31,True,Bronze,
5808,C05041,Sanae Tazi,25-34,m,Rabat,referral,2026-05-08,9999-12-31,True,Bronze,
5809,C05574,Nawal Bennani,35-44,m,Tétouan,marketplace,2026-05-08,9999-12-31,True,Bronze,
5810,C05540,Rachid Bouzid,55-64,f,Nador,marketplace,2026-05-08,9999-12-31,True,Bronze,
5811,C03237,Said Skalli,25-34,m,Nador,mobile,2026-05-08,9999-12-31,True,Bronze,
5812,C00074,Ali Rahmouni,35-44,m,Nador,referral,2026-05-08,9999-12-31,True,Bronze,
5813,C07881,Wafae Skalli,55-64,m,Tanger,web,2026-05-08,9999-12-31,True,Bronze,
5814,C00780,Sanae Kettani,18-24,f,Tanger,mobile,2026-05-08,9999-12-31,True,Bronze,
5815,C02684,Zineb Chraibi,35-44,f,Marrakech,referral,2026-05-08,9999-12-31,True,Bronze,
5816,C02155,Said El Amrani,18-24,f,Agadir,web,2026-05-08,9999-12-31,True,Bronze,
5817,C02872,Ahmed Benjelloun,18-24,f,Kénitra,marketplace,2026-05-08,9999-12-31,True,Bronze,
5818,C00895,Meryem Haddad,55-64,f,Kénitra,web,2026-05-08,9999-12-31,True,Bronze,
5819,C03700,Mustapha Benkirane,55-64,f,Kénitra,mobile,2026-05-08,9999-12-31,True,Bronze,
5820,C06403,Karim Berrada,45-54,f,Kénitra,mobile,2026-05-08,9999-12-31,True,Bronze,
5821,C05158,Amine El Amrani,35-44,f,Casablanca,mobile,2026-05-08,9999-12-31,True,Bronze,
5822,C01082,Zineb Tahiri,55-64,m,Meknès,referral,2026-05-08,9999-12-31,True,Bronze,
5823,C07843,Ahmed Benjelloun,45-54,f,Nador,marketplace,2026-05-08,9999-12-31,True,Bronze,
5824,C03915,Khalid Filali,55-64,f,Tanger,referral,2026-05-08,9999-12-31,True,Bronze,
5825,C03967,Mohamed Skalli,55-64,m,Marrakech,referral,2026-05-08,9999-12-31,True,Bronze,
5826,C06990,Driss Cherkaoui,35-44,m,Béni Mellal,mobile,2026-05-08,9999-12-31,True,Bronze,
5827,C07756,Adil Tazi,55-64,m,Rabat,referral,2026-05-08,9999-12-31,True,Bronze,
5828,C07759,Wafae El Idrissi,18-24,f,Tanger,referral,2026-05-08,9999-12-31,True,Bronze,
5829,C04789,Rim Ouahbi,55-64,m,Marrakech,social_media,2026-05-08,9999-12-31,True,Bronze,
5830,C03168,Mehdi Haddad,35-44,m,Tanger,referral,2026-05-08,9999-12-31,True,Bronze,
5831,C01614,Said Cherkaoui,18-24,m,Tanger,referral,2026-05-08,9999-12-31,True,Bronze,
5832,C07135,Youssef Tazi,25-34,m,Rabat,web,2026-05-08,9999-12-31,True,Bronze,
5833,C02511,Amine Chraibi,55-64,m,Tétouan,marketplace,2026-05-08,9999-12-31,True,Bronze,
5834,C03485,Soufiane Bouazza,45-54,m,Nador,social_media,2026-05-08,9999-12-31,True,Bronze,
5835,C02880,Khalid Filali,35-44,f,El Jadida,web,2026-05-08,9999-12-31,True,Bronze,
5836,C03238,Nabil Cherkaoui,35-44,f,Tanger,referral,2026-05-08,9999-12-31,True,Bronze,
5837,C01665,Sanae Amrani,25-34,f,Marrakech,referral,2026-05-08,9999-12-31,True,Bronze,
5838,C06013,Khalid Chraibi,55-64,f,Fès,referral,2026-05-08,9999-12-31,True,Bronze,
5839,C07596,Wafae Filali,35-44,f,Rabat,social_media,2026-05-08,9999-12-31,True,Bronze,
5840,C00399,Mehdi Haddad,25-34,m,Marrakech,web,2026-05-08,9999-12-31,True,Bronze,
5841,C04418,Rachid Haddad,25-34,f,Meknès,social_media,2026-05-08,9999-12-31,True,Bronze,
5842,C02918,Sara Bennani,18-24,m,Fès,mobile,2026-05-08,9999-12-31,True,Bronze,
5843,C04596,Adil Ziani,55-64,m,Casablanca,referral,2026-05-08,9999-12-31,True,Bronze,
5844,C05824,Amina Benjelloun,25-34,f,Oujda,web,2026-05-08,9999-12-31,True,Bronze,
5845,C06766,Laila Tazi,35-44,f,Tanger,referral,2026-05-08,9999-12-31,True,Bronze,
5846,C05233,Mustapha El Idrissi,18-24,m,Rabat,social_media,2026-05-08,9999-12-31,True,Bronze,
5847,C03283,Adil El Idrissi,18-24,f,Kénitra,social_media,2026-05-08,9999-12-31,True,Bronze,
5848,C07330,Nabil Skalli,18-24,f,Rabat,referral,2026-05-08,9999-12-31,True,Bronze,
5849,C07360,Dounia Chraibi,25-34,f,Béni Mellal,referral,2026-05-08,9999-12-31,True,Bronze,
5850,C07992,Rachid Tazi,25-34,m,Tétouan,referral,2026-05-08,9999-12-31,True,Bronze,
5851,C00624,Ali Tahiri,55-64,m,Marrakech,mobile,2026-05-08,9999-12-31,True,Bronze,
5852,C00352,Nabil Ouahbi,55-64,m,Kénitra,referral,2026-05-08,9999-12-31,True,Bronze,
5853,C04847,Hind Bouazza,25-34,m,Rabat,web,2026-05-08,9999-12-31,True,Bronze,
5854,C06868,Meryem Haddad,35-44,f,Fès,marketplace,2026-05-08,9999-12-31,True,Bronze,
5855,C02792,Fatima Kettani,18-24,m,Tanger,web,2026-05-08,9999-12-31,True,Bronze,
5856,C05964,Brahim Filali,35-44,m,Tanger,mobile,2026-05-08,9999-12-31,True,Bronze,
5857,C07223,Hind Filali,45-54,m,Tanger,referral,2026-05-08,9999-12-31,True,Bronze,
5858,C04431,Hanane El Amrani,35-44,f,Safi,marketplace,2026-05-08,9999-12-31,True,Bronze,
5859,C05478,Mehdi El Ouazzani,18-24,m,Mohammedia,marketplace,2026-05-08,9999-12-31,True,Bronze,
5860,C05388,Hassan Skalli,45-54,f,Rabat,web,2026-05-08,9999-12-31,True,Bronze,
5861,C07943,Mehdi Cherkaoui,55-64,m,Tétouan,mobile,2026-05-08,9999-12-31,True,Bronze,
5862,C02755,Amine Tahiri,35-44,f,Kénitra,marketplace,2026-05-08,9999-12-31,True,Bronze,
5863,C00753,Brahim El Mansouri,55-64,f,Kénitra,web,2026-05-08,9999-12-31,True,Bronze,
5864,C06545,Youssef Amrani,55-64,f,Tanger,social_media,2026-05-08,9999-12-31,True,Bronze,
5865,C07362,Karim Tazi,25-34,f,Marrakech,social_media,2026-05-08,9999-12-31,True,Bronze,
5866,C07232,Youssef Bennani,35-44,m,El Jadida,marketplace,2026-05-08,9999-12-31,True,Bronze,
5867,C07872,Houda Bouzid,35-44,m,Kénitra,social_media,2026-05-08,9999-12-31,True,Bronze,
5868,C05751,Mohamed El Mansouri,25-34,f,Marrakech,social_media,2026-05-08,9999-12-31,True,Bronze,
5869,C03068,Zineb Filali,35-44,m,Tanger,social_media,2026-05-08,9999-12-31,True,Bronze,
5870,C01990,Said Bouazza,45-54,m,Fès,web,2026-05-08,9999-12-31,True,Bronze,
5871,C05838,Adil Amrani,55-64,m,Tanger,referral,2026-05-08,9999-12-31,True,Bronze,
5872,C05383,Imad Tazi,35-44,m,Tanger,marketplace,2026-05-08,9999-12-31,True,Bronze,
5873,C06897,Samira Lahlou,25-34,m,Agadir,mobile,2026-05-08,9999-12-31,True,Bronze,
5874,C06058,Brahim Ziani,55-64,m,Fès,marketplace,2026-05-08,9999-12-31,True,Bronze,
5875,C02108,Houda Cherkaoui,45-54,m,Tanger,social_media,2026-05-08,9999-12-31,True,Bronze,
5876,C06163,Amina Sefrioui,45-54,m,Fès,referral,2026-05-08,9999-12-31,True,Bronze,
5877,C07936,Imad Cherkaoui,25-34,f,Marrakech,marketplace,2026-05-08,9999-12-31,True,Bronze,
5878,C07987,Asmae Bennani,35-44,m,Casablanca,mobile,2026-05-08,9999-12-31,True,Bronze,
5879,C07949,Salma El Ouazzani,25-34,m,Oujda,social_media,2026-05-08,9999-12-31,True,Bronze,
5880,C02409,Wafae Chraibi,18-24,m,Rabat,mobile,2026-05-08,9999-12-31,True,Bronze,
5881,C04002,Ghita Lahlou,35-44,f,Rabat,mobile,2026-05-08,9999-12-31,True,Bronze,
5882,C02808,Mohamed Sefrioui,55-64,f,Tanger,mobile,2026-05-08,9999-12-31,True,Bronze,
5883,C02781,Amine Skalli,25-34,m,Fès,web,2026-05-08,9999-12-31,True,Bronze,
5884,C03553,Nabil Filali,25-34,f,Marrakech,referral,2026-05-08,9999-12-31,True,Bronze,
5885,C02091,Rachid Skalli,45-54,m,Agadir,web,2026-05-08,9999-12-31,True,Bronze,
5886,C02342,Rachid Amrani,45-54,m,Rabat,marketplace,2026-05-08,9999-12-31,True,Bronze,
5887,C07365,Amina Chraibi,45-54,m,Fès,referral,2026-05-08,9999-12-31,True,Bronze,
5888,C03891,Sara Benkirane,35-44,f,Tétouan,social_media,2026-05-08,9999-12-31,True,Bronze,
5889,C05134,Asmae El Idrissi,18-24,f,Oujda,social_media,2026-05-08,9999-12-31,True,Bronze,
5890,C01557,Sanae Benkirane,35-44,m,Nador,mobile,2026-05-08,9999-12-31,True,Bronze,
5891,C03365,Karim Bennani,65+,f,Rabat,web,2026-05-08,9999-12-31,True,Bronze,
5892,C07158,Samira Sefrioui,18-24,m,Fès,referral,2026-05-08,9999-12-31,True,Bronze,
5893,C03807,Omar Filali,25-34,m,Tanger,mobile,2026-05-08,9999-12-31,True,Bronze,
5894,C00436,Mohamed Berrada,45-54,m,Marrakech,web,2026-05-08,9999-12-31,True,Bronze,
5895,C07106,Khadija Benjelloun,55-64,m,Oujda,web,2026-05-08,9999-12-31,True,Bronze,
5896,C07842,Ahmed Tazi,35-44,f,Rabat,mobile,2026-05-08,9999-12-31,True,Bronze,
5897,C00560,Amine Berrada,55-64,m,Fès,mobile,2026-05-08,9999-12-31,True,Bronze,
5898,C01737,Youssef Benali,18-24,m,Tanger,social_media,2026-05-08,9999-12-31,True,Bronze,
5899,C00743,Laila Rahmouni,55-64,m,Marrakech,referral,2026-05-08,9999-12-31,True,Bronze,
5900,C05424,Amine Bennani,45-54,m,Marrakech,web,2026-05-08,9999-12-31,True,Bronze,
5901,C00226,Said Naciri,45-54,f,Safi,mobile,2026-05-08,9999-12-31,True,Bronze,
5902,C01118,Wafae Benkirane,25-34,m,Béni Mellal,social_media,2026-05-08,9999-12-31,True,Bronze,
5903,C06127,Khalid El Ouazzani,25-34,f,Marrakech,web,2026-05-08,9999-12-31,True,Bronze,
5904,C06841,Mustapha Kettani,25-34,f,Oujda,social_media,2026-05-08,9999-12-31,True,Bronze,
5905,C02987,Dounia Sefrioui,55-64,m,Fès,social_media,2026-05-08,9999-12-31,True,Bronze,
5906,C02153,Ilham Lahlou,55-64,m,Nador,social_media,2026-05-08,9999-12-31,True,Bronze,
5907,C01854,Sanae Bouzid,25-34,m,Kénitra,marketplace,2026-05-08,9999-12-31,True,Bronze,
5908,C05909,Samira Cherkaoui,Non renseigné,f,Nador,mobile,2026-05-08,9999-12-31,True,Bronze,
5909,C02011,Nabil Amrani,55-64,f,Marrakech,mobile,2026-05-08,9999-12-31,True,Bronze,
5910,C06916,Laila Alaoui,25-34,f,Casablanca,referral,2026-05-08,9999-12-31,True,Bronze,
5911,C02905,Nabil Tahiri,18-24,m,Casablanca,marketplace,2026-05-08,9999-12-31,True,Bronze,
5912,C01443,Brahim Kettani,55-64,m,Marrakech,referral,2026-05-08,9999-12-31,True,Bronze,
5913,C05320,Nabil El Amrani,25-34,f,El Jadida,marketplace,2026-05-08,9999-12-31,True,Bronze,
5914,C05656,Amine Filali,55-64,m,Casablanca,social_media,2026-05-08,9999-12-31,True,Bronze,
5915,C01955,Reda Amrani,18-24,f,Marrakech,social_media,2026-05-08,9999-12-31,True,Bronze,
5916,C06293,Nabil Sefrioui,45-54,m,Fès,mobile,2026-05-08,9999-12-31,True,Bronze,
5917,C02014,Hanane Ouahbi,55-64,f,Rabat,referral,2026-05-08,9999-12-31,True,Bronze,
5918,C02780,Nawal Kettani,25-34,f,Tanger,mobile,2026-05-08,9999-12-31,True,Bronze,
5919,C07678,Mohamed Fassi Fihri,45-54,m,Meknès,marketplace,2026-05-08,9999-12-31,True,Bronze,
5920,C00603,Amina Bouazza,45-54,m,Meknès,web,2026-05-08,9999-12-31,True,Bronze,
5921,C06405,Dounia Lahlou,35-44,m,Mohammedia,social_media,2026-05-08,9999-12-31,True,Bronze,
5922,C00401,Loubna Naciri,25-34,f,Marrakech,web,2026-05-08,9999-12-31,True,Bronze,
5923,C07023,Rachid Kettani,55-64,m,Marrakech,web,2026-05-08,9999-12-31,True,Bronze,
5924,C00096,Nawal Amrani,55-64,m,Nador,social_media,2026-05-08,9999-12-31,True,Bronze,
5925,C06541,Houda Ziani,55-64,m,Agadir,mobile,2026-05-08,9999-12-31,True,Bronze,
5926,C05274,Zakaria Berrada,45-54,f,Rabat,web,2026-05-08,9999-12-31,True,Bronze,
5927,C00724,Zakaria Cherkaoui,18-24,f,Fès,marketplace,2026-05-08,9999-12-31,True,Bronze,
5928,C05327,Ilham Ziani,25-34,m,Tanger,mobile,2026-05-08,9999-12-31,True,Bronze,
5929,C06867,Adil Berrada,35-44,f,Safi,mobile,2026-05-08,9999-12-31,True,Bronze,
5930,C06139,Ahmed Bouzid,25-34,m,Meknès,web,2026-05-08,9999-12-31,True,Bronze,
5931,C00248,Nabil Haddad,35-44,m,El Jadida,social_media,2026-05-08,9999-12-31,True,Bronze,
5932,C02667,Brahim Berrada,35-44,m,Rabat,social_media,2026-05-08,9999-12-31,True,Bronze,
5933,C03298,Sara Bouazza,35-44,m,Kénitra,social_media,2026-05-08,9999-12-31,True,Bronze,
5934,C02873,Nabil Rahmouni,55-64,f,Safi,social_media,2026-05-08,9999-12-31,True,Bronze,
5935,C05907,Adil El Mansouri,35-44,m,Tétouan,referral,2026-05-08,9999-12-31,True,Bronze,
5936,C01736,Loubna El Mansouri,45-54,m,Tanger,web,2026-05-08,9999-12-31,True,Bronze,
5937,C01323,Amine Alaoui,18-24,m,Tanger,marketplace,2026-05-08,9999-12-31,True,Bronze,
5938,C01612,Salma El Ouazzani,35-44,m,Fès,marketplace,2026-05-08,9999-12-31,True,Bronze,
5939,C06889,Said Cherkaoui,55-64,m,Marrakech,social_media,2026-05-08,9999-12-31,True,Bronze,
5940,C04521,Meryem Skalli,35-44,m,Casablanca,marketplace,2026-05-08,9999-12-31,True,Bronze,
5941,C07823,Youssef Benali,55-64,m,Tanger,web,2026-05-08,9999-12-31,True,Bronze,
5942,C00934,Mehdi Naciri,55-64,f,Casablanca,mobile,2026-05-08,9999-12-31,True,Bronze,
5943,C02867,Houda Kettani,35-44,f,Fès,social_media,2026-05-08,9999-12-31,True,Bronze,
5944,C06709,Khalid Alaoui,25-34,m,Rabat,social_media,2026-05-08,9999-12-31,True,Bronze,
5945,C05375,Said Kettani,45-54,f,Oujda,social_media,2026-05-08,9999-12-31,True,Bronze,
5946,C06557,Mehdi Fassi Fihri,25-34,f,Tanger,marketplace,2026-05-08,9999-12-31,True,Bronze,
5947,C06564,Laila Bennani,35-44,f,Fès,referral,2026-05-08,9999-12-31,True,Bronze,
5948,C00750,Nawal Skalli,55-64,m,Tanger,mobile,2026-05-08,9999-12-31,True,Bronze,
5949,C05135,Ilham Ouahbi,25-34,m,Tanger,social_media,2026-05-08,9999-12-31,True,Bronze,
5950,C02503,Soufiane Haddad,18-24,m,Kénitra,marketplace,2026-05-08,9999-12-31,True,Bronze,
5951,C06844,Wafae Lahlou,35-44,f,El Jadida,referral,2026-05-08,9999-12-31,True,Bronze,
5952,C05932,Karim Chraibi,55-64,m,Tanger,social_media,2026-05-08,9999-12-31,True,Bronze,
5953,C07508,Ghita Bouazza,35-44,m,Casablanca,marketplace,2026-05-08,9999-12-31,True,Bronze,
5954,C02856,Driss Rahmouni,45-54,m,Rabat,marketplace,2026-05-08,9999-12-31,True,Bronze,
5955,C06931,Khalid Ouahbi,45-54,m,El Jadida,mobile,2026-05-08,9999-12-31,True,Bronze,
5956,C06059,Samira Filali,35-44,f,Fès,social_media,2026-05-08,9999-12-31,True,Bronze,
5957,C05602,Hassan Lahlou,25-34,f,Fès,social_media,2026-05-08,9999-12-31,True,Bronze,
5958,C01387,Reda Lahlou,25-34,f,Tanger,web,2026-05-08,9999-12-31,True,Bronze,
5959,C05150,Samira Ouahbi,45-54,m,Fès,marketplace,2026-05-08,9999-12-31,True,Bronze,
5960,C07274,Nabil Benkirane,35-44,m,Meknès,social_media,2026-05-08,9999-12-31,True,Bronze,
5961,C06313,Laila Bouazza,45-54,m,Marrakech,marketplace,2026-05-08,9999-12-31,True,Bronze,
5962,C01870,Khadija Skalli,35-44,m,Tanger,marketplace,2026-05-08,9999-12-31,True,Bronze,
5963,C06460,Zakaria Skalli,35-44,m,Casablanca,mobile,2026-05-08,9999-12-31,True,Bronze,
5964,C04101,Khadija Ziani,25-34,f,Fès,social_media,2026-05-08,9999-12-31,True,Bronze,
5965,C01123,Ilham Bennani,25-34,m,Béni Mellal,web,2026-05-08,9999-12-31,True,Bronze,
5966,C06691,Meryem Skalli,25-34,m,Tanger,marketplace,2026-05-08,9999-12-31,True,Bronze,
5967,C04083,Laila Chraibi,35-44,m,Tanger,web,2026-05-08,9999-12-31,True,Bronze,
5968,C06727,Zineb Tahiri,65+,m,Kénitra,social_media,2026-05-08,9999-12-31,True,Bronze,
5969,C03371,Ahmed Cherkaoui,18-24,m,Marrakech,referral,2026-05-08,9999-12-31,True,Bronze,
5970,C03628,Hassan Benkirane,45-54,m,Rabat,marketplace,2026-05-08,9999-12-31,True,Bronze,
5971,C02195,Mohamed Sefrioui,35-44,m,Casablanca,social_media,2026-05-08,9999-12-31,True,Bronze,
5972,C06178,Adil El Mansouri,35-44,m,Tanger,social_media,2026-05-08,9999-12-31,True,Bronze,
5973,C05367,Nadia Alaoui,18-24,m,Tanger,social_media,2026-05-08,9999-12-31,True,Bronze,
5974,C04593,Hamza El Idrissi,25-34,m,Fès,social_media,2026-05-08,9999-12-31,True,Bronze,
5975,C07770,Mohamed Berrada,18-24,m,Béni Mellal,referral,2026-05-08,9999-12-31,True,Bronze,
5976,C07496,Said Tazi,35-44,m,Béni Mellal,referral,2026-05-08,9999-12-31,True,Bronze,
5977,C00981,Dounia Cherkaoui,25-34,f,Marrakech,mobile,2026-05-08,9999-12-31,True,Bronze,
5978,C03331,Ali Alaoui,65+,m,Tétouan,social_media,2026-05-08,9999-12-31,True,Bronze,
5979,C01811,Amine Rahmouni,55-64,f,Tétouan,mobile,2026-05-08,9999-12-31,True,Bronze,
5980,C07481,Youssef El Idrissi,25-34,m,Tanger,mobile,2026-05-08,9999-12-31,True,Bronze,
5981,C01871,Ali Ouahbi,45-54,m,Rabat,referral,2026-05-08,9999-12-31,True,Bronze,
5982,C00132,Omar Kettani,35-44,f,Marrakech,marketplace,2026-05-08,9999-12-31,True,Bronze,
5983,C01940,Reda Skalli,25-34,m,Marrakech,marketplace,2026-05-08,9999-12-31,True,Bronze,
5984,C00415,Khalid Lahlou,55-64,m,Tétouan,web,2026-05-08,9999-12-31,True,Bronze,
5985,C05859,Ahmed Tazi,25-34,m,Tanger,referral,2026-05-08,9999-12-31,True,Bronze,
5986,C01603,Wafae Kettani,35-44,m,Marrakech,web,2026-05-08,9999-12-31,True,Bronze,
5987,C01435,Sanae Naciri,25-34,f,Rabat,social_media,2026-05-08,9999-12-31,True,Bronze,
5988,C07737,Samira Cherkaoui,45-54,m,Marrakech,marketplace,2026-05-08,9999-12-31,True,Bronze,
5989,C01076,Ilham El Amrani,45-54,m,Marrakech,social_media,2026-05-08,9999-12-31,True,Bronze,
5990,C00391,Ilham Fassi Fihri,45-54,m,Tétouan,mobile,2026-05-08,9999-12-31,True,Bronze,
5991,C04778,Reda Fassi Fihri,55-64,m,Tanger,marketplace,2026-05-08,9999-12-31,True,Bronze,
5992,C07609,Nadia El Mansouri,45-54,f,Mohammedia,marketplace,2026-05-08,9999-12-31,True,Bronze,
5993,C01991,Ahmed El Amrani,25-34,f,Marrakech,social_media,2026-05-08,9999-12-31,True,Bronze,
5994,C02818,Mustapha Amrani,45-54,m,Marrakech,social_media,2026-05-08,9999-12-31,True,Bronze,
5995,C06036,Hassan Amrani,45-54,m,Agadir,mobile,2026-05-08,9999-12-31,True,Bronze,
5996,C02327,Brahim Alaoui,35-44,m,Fès,referral,2026-05-08,9999-12-31,True,Bronze,
5997,C04021,Omar Rahmouni,35-44,m,Béni Mellal,referral,2026-05-08,9999-12-31,True,Bronze,
5998,C00031,Nabil Skalli,35-44,f,Tétouan,web,2026-05-08,9999-12-31,True,Bronze,
5999,C06159,Karim Benjelloun,55-64,f,Tanger,web,2026-05-08,9999-12-31,True,Bronze,
6000,C03114,Reda Tahiri,45-54,m,El Jadida,referral,2026-05-08,9999-12-31,True,Bronze,
6001,C06908,Ilham Tazi,25-34,m,Casablanca,mobile,2026-05-08,9999-12-31,True,Bronze,
6002,C03136,Amina Sefrioui,35-44,f,Fès,referral,2026-05-08,9999-12-31,True,Bronze,
6003,C03177,Rim Ziani,18-24,f,Tanger,mobile,2026-05-08,9999-12-31,True,Bronze,
6004,C04430,Driss Bouazza,35-44,m,Nador,social_media,2026-05-08,9999-12-31,True,Bronze,
6005,C02312,Houda Chraibi,35-44,m,Oujda,marketplace,2026-05-08,9999-12-31,True,Bronze,
6006,C04081,Karim Rahmouni,35-44,m,Tanger,referral,2026-05-08,9999-12-31,True,Bronze,
6007,C04610,Said El Ouazzani,55-64,m,Casablanca,web,2026-05-08,9999-12-31,True,Bronze,
6008,C01530,Zakaria El Amrani,55-64,m,Mohammedia,web,2026-05-08,9999-12-31,True,Bronze,
6009,C03871,Asmae Alaoui,Non renseigné,m,Casablanca,social_media,2026-05-08,9999-12-31,True,Bronze,
6010,C07622,Sanae Haddad,18-24,m,Casablanca,marketplace,2026-05-08,9999-12-31,True,Bronze,
6011,C06409,Hamza El Idrissi,55-64,m,Safi,marketplace,2026-05-08,9999-12-31,True,Bronze,
6012,C01793,Mohamed Amrani,45-54,m,Rabat,referral,2026-05-08,9999-12-31,True,Bronze,
6013,C03982,Hanane Bouzid,18-24,f,Casablanca,mobile,2026-05-08,9999-12-31,True,Bronze,
6014,C05264,Brahim El Mansouri,35-44,m,Fès,social_media,2026-05-08,9999-12-31,True,Bronze,
6015,C02165,Dounia Sefrioui,35-44,m,Oujda,mobile,2026-05-08,9999-12-31,True,Bronze,
6016,C05704,Omar Naciri,45-54,f,Marrakech,web,2026-05-08,9999-12-31,True,Bronze,
6017,C06260,Fatima El Amrani,25-34,f,Tanger,social_media,2026-05-08,9999-12-31,True,Bronze,
6018,C00443,Asmae Naciri,55-64,f,Casablanca,marketplace,2026-05-08,9999-12-31,True,Bronze,
6019,C01971,Hind El Mansouri,55-64,f,Safi,web,2026-05-08,9999-12-31,True,Bronze,
6020,C04805,Karim Rahmouni,55-64,m,Rabat,marketplace,2026-05-08,9999-12-31,True,Bronze,
6021,C06335,Khalid Naciri,45-54,m,Meknès,referral,2026-05-08,9999-12-31,True,Bronze,
6022,C04681,Mustapha Rahmouni,55-64,f,Kénitra,mobile,2026-05-08,9999-12-31,True,Bronze,
6023,C06650,Imad Fassi Fihri,55-64,f,Kénitra,marketplace,2026-05-08,9999-12-31,True,Bronze,
6024,C00483,Mehdi Ouahbi,18-24,m,Tétouan,mobile,2026-05-08,9999-12-31,True,Bronze,
6025,C07533,Amina El Mansouri,55-64,m,Casablanca,mobile,2026-05-08,9999-12-31,True,Bronze,
6026,C04438,Mohamed Bouzid,65+,f,Béni Mellal,web,2026-05-08,9999-12-31,True,Bronze,
6027,C01170,Mehdi Alaoui,35-44,m,Marrakech,referral,2026-05-08,9999-12-31,True,Bronze,
6028,C02662,Driss Amrani,25-34,m,Tanger,marketplace,2026-05-08,9999-12-31,True,Bronze,
6029,C00136,Mehdi Naciri,25-34,m,Casablanca,marketplace,2026-05-08,9999-12-31,True,Bronze,
6030,C05171,Amina Benkirane,25-34,f,Meknès,marketplace,2026-05-08,9999-12-31,True,Bronze,
6031,C06308,Salma Filali,18-24,f,Béni Mellal,marketplace,2026-05-08,9999-12-31,True,Bronze,
6032,C05834,Salma Sefrioui,45-54,f,Rabat,marketplace,2026-05-08,9999-12-31,True,Bronze,
6033,C01992,Youssef Naciri,45-54,m,Tanger,social_media,2026-05-08,9999-12-31,True,Bronze,
6034,C07725,Mustapha Benkirane,55-64,m,Tanger,web,2026-05-08,9999-12-31,True,Bronze,
6035,C02579,Hanane Kettani,35-44,m,Casablanca,marketplace,2026-05-08,9999-12-31,True,Bronze,
6036,C07009,Brahim Haddad,45-54,f,Tanger,social_media,2026-05-08,9999-12-31,True,Bronze,
6037,C03784,Adil Benkirane,18-24,m,Tanger,referral,2026-05-08,9999-12-31,True,Bronze,
6038,C00914,Ilham Sefrioui,55-64,m,Casablanca,marketplace,2026-05-08,9999-12-31,True,Bronze,
6039,C06992,Asmae Amrani,18-24,f,Casablanca,referral,2026-05-08,9999-12-31,True,Bronze,
6040,C02053,Zakaria Bouazza,18-24,f,Tanger,social_media,2026-05-08,9999-12-31,True,Bronze,
6041,C06570,Said Chraibi,18-24,m,Marrakech,web,2026-05-08,9999-12-31,True,Bronze,
6042,C00395,Brahim Bouzid,18-24,f,Tanger,web,2026-05-08,9999-12-31,True,Bronze,
6043,C04280,Said Rahmouni,65+,f,Marrakech,mobile,2026-05-08,9999-12-31,True,Bronze,
6044,C01334,Youssef El Idrissi,25-34,m,Safi,social_media,2026-05-08,9999-12-31,True,Bronze,
6045,C00201,Meryem Fassi Fihri,45-54,m,Fès,marketplace,2026-05-08,9999-12-31,True,Bronze,
6046,C07476,Hassan Bennani,65+,m,Safi,marketplace,2026-05-08,9999-12-31,True,Bronze,
6047,C02244,Reda Alaoui,45-54,m,Tanger,social_media,2026-05-08,9999-12-31,True,Bronze,
6048,C00354,Imad Bennani,55-64,f,Fès,mobile,2026-05-08,9999-12-31,True,Bronze,
6049,C02869,Laila Tahiri,25-34,m,Rabat,web,2026-05-08,9999-12-31,True,Bronze,
6050,C00418,Loubna Bennani,35-44,m,Fès,mobile,2026-05-08,9999-12-31,True,Bronze,
6051,C01220,Amine Bouazza,45-54,m,Fès,referral,2026-05-08,9999-12-31,True,Bronze,
6052,C04009,Adil Ziani,45-54,m,Marrakech,mobile,2026-05-08,9999-12-31,True,Bronze,
6053,C00533,Adil Bouazza,35-44,m,Marrakech,web,2026-05-08,9999-12-31,True,Bronze,
6054,C04600,Nadia Bennani,55-64,m,Tétouan,web,2026-05-08,9999-12-31,True,Bronze,
6055,C06838,Wafae Tazi,35-44,m,Rabat,social_media,2026-05-08,9999-12-31,True,Bronze,
6056,C03942,Samira El Mansouri,55-64,m,Rabat,marketplace,2026-05-08,9999-12-31,True,Bronze,
6057,C04920,Soufiane El Amrani,45-54,m,Kénitra,mobile,2026-05-08,9999-12-31,True,Bronze,
6058,C04860,Khalid Benkirane,25-34,m,Fès,referral,2026-05-08,9999-12-31,True,Bronze,
6059,C03029,Amine Bouzid,45-54,f,Fès,marketplace,2026-05-08,9999-12-31,True,Bronze,
6060,C01175,Omar Naciri,45-54,f,Béni Mellal,web,2026-05-08,9999-12-31,True,Bronze,
6061,C00832,Mustapha Filali,45-54,f,Marrakech,mobile,2026-05-08,9999-12-31,True,Bronze,
6062,C06762,Laila Benali,18-24,f,Kénitra,mobile,2026-05-08,9999-12-31,True,Bronze,
6063,C01169,Hamza Amrani,65+,m,Tétouan,referral,2026-05-08,9999-12-31,True,Bronze,
6064,C00295,Rachid Amrani,25-34,f,El Jadida,social_media,2026-05-08,9999-12-31,True,Bronze,
6065,C05944,Ilham Haddad,35-44,f,Fès,referral,2026-05-08,9999-12-31,True,Bronze,
6066,C06569,Karim El Mansouri,18-24,m,Tétouan,social_media,2026-05-08,9999-12-31,True,Bronze,
6067,C07865,Brahim Bennani,18-24,m,Tanger,web,2026-05-08,9999-12-31,True,Bronze,
6068,C05241,Salma Haddad,18-24,m,Tanger,mobile,2026-05-08,9999-12-31,True,Bronze,
6069,C05884,Ghita Ziani,55-64,f,Marrakech,mobile,2026-05-08,9999-12-31,True,Bronze,
6070,C00642,Khalid Alaoui,55-64,f,Fès,web,2026-05-08,9999-12-31,True,Bronze,
6071,C05053,Ahmed Kettani,18-24,f,Fès,web,2026-05-08,9999-12-31,True,Bronze,
6072,C06010,Adil Chraibi,25-34,m,Safi,referral,2026-05-08,9999-12-31,True,Bronze,
6073,C00468,Mustapha El Amrani,45-54,f,Tanger,web,2026-05-08,9999-12-31,True,Bronze,
6074,C06314,Mohamed Fassi Fihri,55-64,m,Casablanca,referral,2026-05-08,9999-12-31,True,Bronze,
6075,C00117,Karim Cherkaoui,18-24,m,Fès,social_media,2026-05-08,9999-12-31,True,Bronze,
6076,C07093,Loubna Kettani,55-64,f,Casablanca,marketplace,2026-05-08,9999-12-31,True,Bronze,
6077,C01618,Ghita Rahmouni,65+,f,Casablanca,web,2026-05-08,9999-12-31,True,Bronze,
6078,C00275,Ali Cherkaoui,55-64,m,Fès,social_media,2026-05-08,9999-12-31,True,Bronze,
6079,C06233,Mustapha El Ouazzani,45-54,m,Casablanca,social_media,2026-05-08,9999-12-31,True,Bronze,
6080,C00915,Omar El Idrissi,25-34,f,Marrakech,social_media,2026-05-08,9999-12-31,True,Bronze,
6081,C02288,Soufiane Kettani,65+,m,Casablanca,social_media,2026-05-08,9999-12-31,True,Bronze,
6082,C06615,Reda Haddad,55-64,f,Fès,marketplace,2026-05-08,9999-12-31,True,Bronze,
6083,C01393,Rim Tahiri,55-64,m,Rabat,referral,2026-05-08,9999-12-31,True,Bronze,
6084,C00960,Rim Bouzid,18-24,m,Meknès,referral,2026-05-08,9999-12-31,True,Bronze,
6085,C02580,Sanae Bouazza,25-34,m,Casablanca,marketplace,2026-05-08,9999-12-31,True,Bronze,
6086,C01023,Fatima Kettani,18-24,m,Casablanca,marketplace,2026-05-08,9999-12-31,True,Bronze,
6087,C04539,Laila El Amrani,18-24,m,Tanger,social_media,2026-05-08,9999-12-31,True,Bronze,
6088,C00711,Hassan Haddad,Non renseigné,m,Meknès,marketplace,2026-05-08,9999-12-31,True,Bronze,
6089,C07680,Dounia Filali,45-54,m,Marrakech,social_media,2026-05-08,9999-12-31,True,Bronze,
6090,C07866,Khalid Bouazza,45-54,m,Tanger,referral,2026-05-08,9999-12-31,True,Bronze,
6091,C05225,Rim Kettani,45-54,m,Marrakech,social_media,2026-05-08,9999-12-31,True,Bronze,
6092,C03206,Adil Benjelloun,35-44,m,Casablanca,marketplace,2026-05-08,9999-12-31,True,Bronze,
6093,C05835,Wafae Tazi,25-34,m,Casablanca,social_media,2026-05-08,9999-12-31,True,Bronze,
6094,C00878,Khadija Bouzid,35-44,m,Fès,referral,2026-05-08,9999-12-31,True,Bronze,
6095,C06239,Amine Benkirane,25-34,m,Tétouan,social_media,2026-05-08,9999-12-31,True,Bronze,
6096,C00472,Mohamed Filali,25-34,m,Tanger,mobile,2026-05-08,9999-12-31,True,Bronze,
6097,C02047,Nawal Haddad,35-44,m,Béni Mellal,social_media,2026-05-08,9999-12-31,True,Bronze,
6098,C06476,Nabil Kettani,35-44,m,Agadir,web,2026-05-08,9999-12-31,True,Bronze,
6099,C01569,Ghita Ziani,45-54,m,Casablanca,web,2026-05-08,9999-12-31,True,Bronze,
6100,C07818,Loubna Rahmouni,45-54,m,Agadir,web,2026-05-08,9999-12-31,True,Bronze,
6101,C01537,Mehdi Berrada,25-34,f,Casablanca,referral,2026-05-08,9999-12-31,True,Bronze,
6102,C02371,Hanane Benali,18-24,m,Fès,web,2026-05-08,9999-12-31,True,Bronze,
6103,C02220,Driss Benali,18-24,m,Fès,marketplace,2026-05-08,9999-12-31,True,Bronze,
6104,C06588,Ghita El Amrani,45-54,f,Oujda,referral,2026-05-08,9999-12-31,True,Bronze,
6105,C06540,Khadija Bouzid,45-54,m,Fès,marketplace,2026-05-08,9999-12-31,True,Bronze,
6106,C06927,Brahim Filali,25-34,f,Casablanca,web,2026-05-08,9999-12-31,True,Bronze,
6107,C00548,Imad Rahmouni,55-64,m,Tanger,social_media,2026-05-08,9999-12-31,True,Bronze,
6108,C05419,Loubna Benali,45-54,m,Rabat,web,2026-05-08,9999-12-31,True,Bronze,
6109,C04293,Hind Alaoui,55-64,m,Meknès,marketplace,2026-05-08,9999-12-31,True,Bronze,
6110,C02200,Meryem Lahlou,25-34,m,Rabat,marketplace,2026-05-08,9999-12-31,True,Bronze,
6111,C04488,Loubna El Idrissi,45-54,f,Rabat,referral,2026-05-08,9999-12-31,True,Bronze,
6112,C07904,Ahmed Bouzid,55-64,f,Marrakech,referral,2026-05-08,9999-12-31,True,Bronze,
6113,C06782,Ghita Ouahbi,55-64,m,Casablanca,web,2026-05-08,9999-12-31,True,Bronze,
6114,C03733,Hanane Bennani,55-64,m,Casablanca,marketplace,2026-05-08,9999-12-31,True,Bronze,
6115,C07954,Karim Benali,55-64,f,Agadir,web,2026-05-08,9999-12-31,True,Bronze,
6116,C07095,Khalid Benjelloun,18-24,m,El Jadida,web,2026-05-08,9999-12-31,True,Bronze,
6117,C02129,Hassan Benali,18-24,m,Casablanca,web,2026-05-08,9999-12-31,True,Bronze,
6118,C01683,Ali Haddad,25-34,m,Casablanca,web,2026-05-08,9999-12-31,True,Bronze,
6119,C03065,Said Benjelloun,55-64,f,Mohammedia,web,2026-05-08,9999-12-31,True,Bronze,
6120,C03832,Asmae Lahlou,25-34,f,Tanger,mobile,2026-05-08,9999-12-31,True,Bronze,
6121,C06626,Rachid Bouazza,25-34,f,Tanger,social_media,2026-05-08,9999-12-31,True,Bronze,
6122,C01401,Reda Benkirane,35-44,m,Tanger,marketplace,2026-05-08,9999-12-31,True,Bronze,
6123,C00991,Imad Rahmouni,45-54,f,Tanger,social_media,2026-05-08,9999-12-31,True,Bronze,
6124,C06096,Zineb Berrada,25-34,m,Tanger,web,2026-05-08,9999-12-31,True,Bronze,
6125,C04919,Ilham El Mansouri,35-44,m,Rabat,web,2026-05-08,9999-12-31,True,Bronze,
6126,C03748,Imad Benkirane,35-44,f,Marrakech,social_media,2026-05-08,9999-12-31,True,Bronze,
6127,C00094,Adil Fassi Fihri,25-34,f,Tanger,mobile,2026-05-08,9999-12-31,True,Bronze,
6128,C05855,Imad El Ouazzani,25-34,m,Béni Mellal,mobile,2026-05-08,9999-12-31,True,Bronze,
6129,C07652,Loubna Tahiri,55-64,m,Casablanca,social_media,2026-05-08,9999-12-31,True,Bronze,
6130,C04366,Khadija Tazi,35-44,m,Fès,social_media,2026-05-08,9999-12-31,True,Bronze,
6131,C06858,Mehdi Bouzid,25-34,m,Oujda,marketplace,2026-05-08,9999-12-31,True,Bronze,
6132,C02879,Houda Naciri,35-44,m,Fès,social_media,2026-05-08,9999-12-31,True,Bronze,
6133,C02617,Reda Naciri,45-54,m,Tanger,mobile,2026-05-08,9999-12-31,True,Bronze,
6134,C03904,Ahmed Fassi Fihri,45-54,m,Fès,social_media,2026-05-08,9999-12-31,True,Bronze,
6135,C01514,Nabil Benali,35-44,f,Fès,marketplace,2026-05-08,9999-12-31,True,Bronze,
6136,C07198,Loubna El Mansouri,45-54,m,Béni Mellal,marketplace,2026-05-08,9999-12-31,True,Bronze,
6137,C06052,Ahmed Sefrioui,25-34,f,Marrakech,mobile,2026-05-08,9999-12-31,True,Bronze,
6138,C01193,Salma Amrani,45-54,f,Kénitra,web,2026-05-08,9999-12-31,True,Bronze,
6139,C03930,Ahmed El Ouazzani,18-24,m,Marrakech,social_media,2026-05-08,9999-12-31,True,Bronze,
6140,C01918,Soufiane Fassi Fihri,45-54,m,Casablanca,marketplace,2026-05-08,9999-12-31,True,Bronze,
6141,C02057,Wafae Chraibi,25-34,f,Kénitra,referral,2026-05-08,9999-12-31,True,Bronze,
6142,C03743,Rim Sefrioui,55-64,f,Casablanca,social_media,2026-05-08,9999-12-31,True,Bronze,
6143,C07035,Laila Bouzid,45-54,m,Béni Mellal,web,2026-05-08,9999-12-31,True,Bronze,
6144,C07239,Fatima Cherkaoui,35-44,m,Casablanca,social_media,2026-05-08,9999-12-31,True,Bronze,
6145,C01958,Amina El Mansouri,25-34,f,Tanger,social_media,2026-05-08,9999-12-31,True,Bronze,
6146,C06067,Soufiane Bouzid,Non renseigné,f,Tanger,marketplace,2026-05-08,9999-12-31,True,Bronze,
6147,C06388,Reda Naciri,35-44,m,Marrakech,referral,2026-05-08,9999-12-31,True,Bronze,
6148,C05564,Dounia Kettani,35-44,m,Fès,marketplace,2026-05-08,9999-12-31,True,Bronze,
6149,C00803,Hanane Benali,55-64,f,Casablanca,marketplace,2026-05-08,9999-12-31,True,Bronze,
6150,C05676,Sanae Sefrioui,18-24,f,Marrakech,social_media,2026-05-08,9999-12-31,True,Bronze,
6151,C01977,Amine Benkirane,35-44,m,El Jadida,social_media,2026-05-08,9999-12-31,True,Bronze,
6152,C07714,Soufiane Naciri,35-44,m,Casablanca,marketplace,2026-05-08,9999-12-31,True,Bronze,
6153,C07336,Imad Kettani,25-34,f,Tanger,referral,2026-05-08,9999-12-31,True,Bronze,
6154,C04500,Ali Bennani,45-54,m,Casablanca,marketplace,2026-05-08,9999-12-31,True,Bronze,
6155,C03531,Nabil El Ouazzani,18-24,f,Tanger,social_media,2026-05-08,9999-12-31,True,Bronze,
6156,C02009,Soufiane El Amrani,35-44,m,Rabat,mobile,2026-05-08,9999-12-31,True,Bronze,
6157,C00213,Mohamed Naciri,45-54,m,Casablanca,marketplace,2026-05-08,9999-12-31,True,Bronze,
6158,C02374,Khadija Benali,65+,m,Casablanca,mobile,2026-05-08,9999-12-31,True,Bronze,
6159,C05625,Amina Alaoui,35-44,f,Rabat,social_media,2026-05-08,9999-12-31,True,Bronze,
6160,C06549,Loubna El Idrissi,35-44,m,Agadir,marketplace,2026-05-08,9999-12-31,True,Bronze,
6161,C01070,Khalid Filali,55-64,m,Marrakech,social_media,2026-05-08,9999-12-31,True,Bronze,
6162,C02560,Amina Kettani,45-54,m,Marrakech,social_media,2026-05-08,9999-12-31,True,Bronze,
6163,C07896,Hamza Bouazza,45-54,m,Tétouan,marketplace,2026-05-08,9999-12-31,True,Bronze,
6164,C06109,Ali El Amrani,55-64,m,Marrakech,web,2026-05-08,9999-12-31,True,Bronze,
6165,C03501,Samira Ziani,25-34,m,Tanger,referral,2026-05-08,9999-12-31,True,Bronze,
6166,C04121,Amine Fassi Fihri,25-34,m,Mohammedia,web,2026-05-08,9999-12-31,True,Bronze,
6167,C06005,Driss Kettani,25-34,m,Tanger,referral,2026-05-08,9999-12-31,True,Bronze,
6168,C07704,Khalid Bouazza,18-24,f,Tanger,web,2026-05-08,9999-12-31,True,Bronze,
6169,C07645,Samira Alaoui,55-64,m,Casablanca,web,2026-05-08,9999-12-31,True,Bronze,
6170,C01545,Ghita Berrada,25-34,m,Tanger,referral,2026-05-08,9999-12-31,True,Bronze,
6171,C03341,Loubna Skalli,35-44,f,Casablanca,social_media,2026-05-08,9999-12-31,True,Bronze,
6172,C04295,Karim El Amrani,18-24,m,Béni Mellal,referral,2026-05-08,9999-12-31,True,Bronze,
6173,C04489,Adil Amrani,55-64,f,Rabat,social_media,2026-05-08,9999-12-31,True,Bronze,
6174,C01270,Mohamed El Amrani,35-44,m,Fès,mobile,2026-05-08,9999-12-31,True,Bronze,
6175,C04619,Omar Benali,55-64,m,Tanger,referral,2026-05-08,9999-12-31,True,Bronze,
6176,C00594,Dounia Kettani,45-54,f,Rabat,social_media,2026-05-08,9999-12-31,True,Bronze,
6177,C06272,Nadia Cherkaoui,35-44,m,Casablanca,mobile,2026-05-08,9999-12-31,True,Bronze,
6178,C00777,Hind Lahlou,35-44,m,El Jadida,marketplace,2026-05-08,9999-12-31,True,Bronze,
6179,C03473,Dounia El Ouazzani,35-44,f,Marrakech,mobile,2026-05-08,9999-12-31,True,Bronze,
6180,C06926,Hind Berrada,45-54,f,Marrakech,marketplace,2026-05-08,9999-12-31,True,Bronze,
6181,C02305,Zakaria Lahlou,25-34,m,Kénitra,mobile,2026-05-08,9999-12-31,True,Bronze,
6182,C05926,Zineb Amrani,45-54,m,Tanger,web,2026-05-08,9999-12-31,True,Bronze,
6183,C00410,Imad Benjelloun,45-54,m,Rabat,marketplace,2026-05-08,9999-12-31,True,Bronze,
6184,C04140,Brahim El Ouazzani,45-54,m,Tanger,marketplace,2026-05-08,9999-12-31,True,Bronze,
6185,C03707,Dounia Benjelloun,25-34,m,Tanger,mobile,2026-05-08,9999-12-31,True,Bronze,
6186,C07831,Said Tahiri,55-64,f,Tanger,marketplace,2026-05-08,9999-12-31,True,Bronze,
6187,C01137,Amina Naciri,35-44,f,Marrakech,referral,2026-05-08,9999-12-31,True,Bronze,
6188,C00829,Ahmed Alaoui,35-44,m,El Jadida,referral,2026-05-08,9999-12-31,True,Bronze,
6189,C00672,Nadia Lahlou,55-64,f,Safi,social_media,2026-05-08,9999-12-31,True,Bronze,
6190,C03683,Adil El Idrissi,25-34,f,Marrakech,referral,2026-05-08,9999-12-31,True,Bronze,
6191,C06991,Sanae El Amrani,45-54,f,Nador,marketplace,2026-05-08,9999-12-31,True,Bronze,
6192,C05002,Wafae Alaoui,18-24,m,Tanger,marketplace,2026-05-08,9999-12-31,True,Bronze,
6193,C03595,Mohamed Naciri,55-64,f,Fès,social_media,2026-05-08,9999-12-31,True,Bronze,
6194,C02435,Mustapha Benjelloun,55-64,m,Fès,social_media,2026-05-08,9999-12-31,True,Bronze,
6195,C03215,Ali Alaoui,55-64,m,Casablanca,referral,2026-05-08,9999-12-31,True,Bronze,
6196,C00509,Said Filali,45-54,m,Tétouan,marketplace,2026-05-08,9999-12-31,True,Bronze,
6197,C05688,Khadija Benkirane,55-64,m,Tanger,social_media,2026-05-08,9999-12-31,True,Bronze,
6198,C02322,Amine Kettani,18-24,f,Casablanca,referral,2026-05-08,9999-12-31,True,Bronze,
6199,C01112,Reda Rahmouni,55-64,f,El Jadida,web,2026-05-08,9999-12-31,True,Bronze,
6200,C05357,Youssef Cherkaoui,35-44,m,Fès,referral,2026-05-08,9999-12-31,True,Bronze,
6201,C03419,Laila Benali,35-44,m,Meknès,marketplace,2026-05-08,9999-12-31,True,Bronze,
6202,C04176,Zakaria Filali,55-64,m,Kénitra,web,2026-05-08,9999-12-31,True,Bronze,
6203,C03569,Amine Tazi,25-34,m,Casablanca,mobile,2026-05-08,9999-12-31,True,Bronze,
6204,C00837,Loubna Amrani,45-54,f,Nador,social_media,2026-05-08,9999-12-31,True,Bronze,
6205,C06164,Houda Filali,25-34,m,Fès,marketplace,2026-05-08,9999-12-31,True,Bronze,
6206,C02854,Reda Naciri,25-34,f,Fès,referral,2026-05-08,9999-12-31,True,Bronze,
6207,C07985,Wafae Haddad,25-34,f,Marrakech,social_media,2026-05-08,9999-12-31,True,Bronze,
6208,C02232,Driss Kettani,18-24,f,Béni Mellal,referral,2026-05-08,9999-12-31,True,Bronze,
6209,C00406,Ilham Bennani,35-44,f,Fès,web,2026-05-08,9999-12-31,True,Bronze,
6210,C07180,Brahim Bennani,65+,m,Marrakech,referral,2026-05-08,9999-12-31,True,Bronze,
6211,C06906,Zineb Benkirane,35-44,f,Tanger,marketplace,2026-05-08,9999-12-31,True,Bronze,
6212,C04253,Rachid Lahlou,55-64,m,Rabat,web,2026-05-08,9999-12-31,True,Bronze,
6213,C01109,Samira Benali,55-64,m,Casablanca,web,2026-05-08,9999-12-31,True,Bronze,
6214,C07115,Nawal Tahiri,45-54,f,El Jadida,web,2026-05-08,9999-12-31,True,Bronze,
6215,C02038,Nabil Skalli,25-34,f,Fès,social_media,2026-05-08,9999-12-31,True,Bronze,
6216,C02666,Khadija El Ouazzani,18-24,m,Tétouan,social_media,2026-05-08,9999-12-31,True,Bronze,
6217,C07656,Sanae Skalli,45-54,f,Casablanca,referral,2026-05-08,9999-12-31,True,Bronze,
6218,C03016,Amina Alaoui,35-44,f,Tanger,referral,2026-05-08,9999-12-31,True,Bronze,
6219,C03171,Amina Fassi Fihri,45-54,f,Tanger,social_media,2026-05-08,9999-12-31,True,Bronze,
6220,C01340,Driss Tahiri,55-64,f,Tanger,web,2026-05-08,9999-12-31,True,Bronze,
6221,C03269,Driss Rahmouni,35-44,m,Rabat,referral,2026-05-08,9999-12-31,True,Bronze,
6222,C01261,Hamza Rahmouni,35-44,m,Rabat,web,2026-05-08,9999-12-31,True,Bronze,
6223,C01959,Adil Berrada,55-64,m,Rabat,social_media,2026-05-08,9999-12-31,True,Bronze,
6224,C01066,Hamza Amrani,18-24,m,Meknès,mobile,2026-05-08,9999-12-31,True,Bronze,
6225,C07140,Mohamed Rahmouni,45-54,f,Tanger,marketplace,2026-05-08,9999-12-31,True,Bronze,
6226,C00312,Amine El Idrissi,55-64,f,Tanger,social_media,2026-05-08,9999-12-31,True,Bronze,
6227,C07605,Adil Cherkaoui,35-44,m,Marrakech,mobile,2026-05-08,9999-12-31,True,Bronze,
6228,C07293,Loubna Benkirane,25-34,f,Tanger,mobile,2026-05-08,9999-12-31,True,Bronze,
6229,C02875,Ilham Tahiri,45-54,m,Fès,mobile,2026-05-08,9999-12-31,True,Bronze,
6230,C01355,Adil Benkirane,55-64,m,Casablanca,referral,2026-05-08,9999-12-31,True,Bronze,
6231,C07820,Mohamed Ouahbi,45-54,f,Tanger,web,2026-05-08,9999-12-31,True,Bronze,
6232,C02236,Mohamed El Amrani,55-64,f,Tanger,mobile,2026-05-08,9999-12-31,True,Bronze,
6233,C02071,Dounia Benali,25-34,f,Rabat,marketplace,2026-05-08,9999-12-31,True,Bronze,
6234,C01866,Zakaria Bouazza,55-64,m,Marrakech,social_media,2026-05-08,9999-12-31,True,Bronze,
6235,C00285,Hanane El Amrani,55-64,f,Béni Mellal,referral,2026-05-08,9999-12-31,True,Bronze,
6236,C01432,Salma Bennani,25-34,m,Marrakech,mobile,2026-05-08,9999-12-31,True,Bronze,
6237,C04011,Nawal Chraibi,Non renseigné,f,Rabat,web,2026-05-08,9999-12-31,True,Bronze,
6238,C07598,Dounia El Idrissi,55-64,f,Béni Mellal,social_media,2026-05-08,9999-12-31,True,Bronze,
6239,C07559,Zineb Ouahbi,45-54,m,Marrakech,marketplace,2026-05-08,9999-12-31,True,Bronze,
6240,C05298,Ghita Haddad,25-34,m,Fès,referral,2026-05-08,9999-12-31,True,Bronze,
6241,C04729,Wafae Ziani,45-54,m,Casablanca,referral,2026-05-08,9999-12-31,True,Bronze,
6242,C01475,Hind Ziani,25-34,m,Fès,mobile,2026-05-08,9999-12-31,True,Bronze,
6243,C01555,Karim Benali,45-54,m,Tétouan,referral,2026-05-08,9999-12-31,True,Bronze,
6244,C05017,Youssef Tazi,18-24,f,Meknès,mobile,2026-05-08,9999-12-31,True,Bronze,
6245,C01238,Salma Benali,45-54,f,Casablanca,web,2026-05-08,9999-12-31,True,Bronze,
6246,C06852,Mehdi Naciri,18-24,f,Béni Mellal,social_media,2026-05-08,9999-12-31,True,Bronze,
6247,C00485,Dounia Kettani,35-44,f,Casablanca,marketplace,2026-05-08,9999-12-31,True,Bronze,
6248,C07269,Asmae Alaoui,25-34,m,Casablanca,referral,2026-05-08,9999-12-31,True,Bronze,
6249,C04772,Nawal Haddad,25-34,f,Meknès,referral,2026-05-08,9999-12-31,True,Bronze,
6250,C05185,Driss Ouahbi,25-34,m,Nador,marketplace,2026-05-08,9999-12-31,True,Bronze,
6251,C01702,Dounia Benjelloun,18-24,f,Casablanca,marketplace,2026-05-08,9999-12-31,True,Bronze,
6252,C07174,Youssef Lahlou,55-64,m,Casablanca,mobile,2026-05-08,9999-12-31,True,Bronze,
6253,C07988,Rachid Amrani,18-24,f,Casablanca,referral,2026-05-08,9999-12-31,True,Bronze,
6254,C05622,Driss Benkirane,55-64,m,Fès,marketplace,2026-05-08,9999-12-31,True,Bronze,
6255,C02517,Sara Ouahbi,35-44,m,Fès,mobile,2026-05-08,9999-12-31,True,Bronze,
6256,C05541,Soufiane Ouahbi,18-24,m,Mohammedia,web,2026-05-08,9999-12-31,True,Bronze,
6257,C03008,Laila Berrada,25-34,f,Rabat,web,2026-05-08,9999-12-31,True,Bronze,
6258,C03992,Karim Lahlou,45-54,f,Marrakech,web,2026-05-08,9999-12-31,True,Bronze,
6259,C01860,Youssef Tahiri,45-54,m,Fès,web,2026-05-08,9999-12-31,True,Bronze,
6260,C01140,Said Tahiri,25-34,m,Marrakech,web,2026-05-08,9999-12-31,True,Bronze,
6261,C05744,Ghita Kettani,35-44,f,Tanger,referral,2026-05-08,9999-12-31,True,Bronze,
6262,C07909,Nadia El Idrissi,45-54,m,Fès,social_media,2026-05-08,9999-12-31,True,Bronze,
6263,C01122,Said Benkirane,25-34,f,Rabat,social_media,2026-05-08,9999-12-31,True,Bronze,
6264,C07348,Khalid Naciri,18-24,m,Rabat,marketplace,2026-05-08,9999-12-31,True,Bronze,
6265,C06395,Adil Bouzid,35-44,m,Tétouan,social_media,2026-05-08,9999-12-31,True,Bronze,
6266,C04652,Nadia El Amrani,45-54,f,Rabat,social_media,2026-05-08,9999-12-31,True,Bronze,
6267,C04870,Wafae Filali,55-64,m,Tanger,marketplace,2026-05-08,9999-12-31,True,Bronze,
6268,C00872,Ali Sefrioui,25-34,m,Marrakech,web,2026-05-08,9999-12-31,True,Bronze,
6269,C04053,Houda Filali,25-34,f,Béni Mellal,social_media,2026-05-08,9999-12-31,True,Bronze,
6270,C03213,Imad Alaoui,55-64,m,Casablanca,referral,2026-05-08,9999-12-31,True,Bronze,
6271,C06020,Rim Sefrioui,55-64,m,Marrakech,mobile,2026-05-08,9999-12-31,True,Bronze,
6272,C03003,Driss Alaoui,35-44,m,Marrakech,social_media,2026-05-08,9999-12-31,True,Bronze,
6273,C04914,Loubna Sefrioui,18-24,f,Casablanca,referral,2026-05-08,9999-12-31,True,Bronze,
6274,C00212,Asmae Rahmouni,35-44,f,Fès,marketplace,2026-05-08,9999-12-31,True,Bronze,
6275,C03870,Salma El Amrani,45-54,m,Nador,web,2026-05-08,9999-12-31,True,Bronze,
6276,C03085,Said El Amrani,25-34,f,Tétouan,web,2026-05-08,9999-12-31,True,Bronze,
6277,C01661,Youssef Kettani,25-34,m,Béni Mellal,referral,2026-05-08,9999-12-31,True,Bronze,
6278,C04702,Hassan Cherkaoui,35-44,f,El Jadida,mobile,2026-05-08,9999-12-31,True,Bronze,
6279,C06473,Imad Ouahbi,55-64,m,Casablanca,marketplace,2026-05-08,9999-12-31,True,Bronze,
6280,C04659,Asmae Rahmouni,45-54,m,El Jadida,marketplace,2026-05-08,9999-12-31,True,Bronze,
6281,C01380,Karim Cherkaoui,45-54,f,Rabat,referral,2026-05-08,9999-12-31,True,Bronze,
6282,C03025,Ahmed Sefrioui,55-64,m,Casablanca,web,2026-05-08,9999-12-31,True,Bronze,
6283,C04579,Dounia Benali,35-44,m,Oujda,web,2026-05-08,9999-12-31,True,Bronze,
6284,C04759,Asmae Alaoui,45-54,m,Agadir,web,2026-05-08,9999-12-31,True,Bronze,
6285,C03742,Hassan Haddad,25-34,f,Meknès,social_media,2026-05-08,9999-12-31,True,Bronze,
6286,C02051,Mustapha Benjelloun,25-34,m,Fès,marketplace,2026-05-08,9999-12-31,True,Bronze,
6287,C01503,Hassan Benali,Non renseigné,f,Fès,web,2026-05-08,9999-12-31,True,Bronze,
6288,C05548,Hanane Benjelloun,55-64,m,Kénitra,marketplace,2026-05-08,9999-12-31,True,Bronze,
6289,C02311,Nadia Benali,45-54,f,Fès,mobile,2026-05-08,9999-12-31,True,Bronze,
6290,C02362,Hamza Chraibi,25-34,f,Casablanca,mobile,2026-05-08,9999-12-31,True,Bronze,
6291,C04926,Karim Ziani,25-34,m,Tanger,marketplace,2026-05-08,9999-12-31,True,Bronze,
6292,C05467,Asmae Benali,35-44,m,Fès,marketplace,2026-05-08,9999-12-31,True,Bronze,
6293,C01976,Brahim Bennani,55-64,f,Béni Mellal,referral,2026-05-08,9999-12-31,True,Bronze,
6294,C01470,Sara Fassi Fihri,55-64,m,Tanger,referral,2026-05-08,9999-12-31,True,Bronze,
6295,C07137,Reda Berrada,55-64,f,El Jadida,referral,2026-05-08,9999-12-31,True,Bronze,
6296,C05601,Driss Bouzid,35-44,m,Mohammedia,marketplace,2026-05-08,9999-12-31,True,Bronze,
6297,C05483,Imad Alaoui,55-64,m,El Jadida,social_media,2026-05-08,9999-12-31,True,Bronze,
6298,C04184,Amina El Ouazzani,35-44,f,Meknès,web,2026-05-08,9999-12-31,True,Bronze,
6299,C00653,Zineb Kettani,55-64,m,Meknès,web,2026-05-08,9999-12-31,True,Bronze,
6300,C06088,Hamza Naciri,35-44,m,Rabat,referral,2026-05-08,9999-12-31,True,Bronze,
6301,C07155,Meryem Filali,18-24,f,Marrakech,web,2026-05-08,9999-12-31,True,Bronze,
6302,C07615,Nabil Ouahbi,55-64,m,Rabat,referral,2026-05-08,9999-12-31,True,Bronze,
6303,C04392,Zakaria El Amrani,45-54,m,Mohammedia,marketplace,2026-05-08,9999-12-31,True,Bronze,
6304,C02959,Omar Tahiri,55-64,f,Rabat,marketplace,2026-05-08,9999-12-31,True,Bronze,
6305,C02320,Amina El Idrissi,45-54,f,Casablanca,mobile,2026-05-08,9999-12-31,True,Bronze,
6306,C01235,Khalid Amrani,45-54,f,Oujda,marketplace,2026-05-08,9999-12-31,True,Bronze,
6307,C00673,Ali Lahlou,35-44,m,Agadir,social_media,2026-05-08,9999-12-31,True,Bronze,
6308,C03737,Zakaria Chraibi,55-64,m,El Jadida,mobile,2026-05-08,9999-12-31,True,Bronze,
6309,C05256,Youssef El Ouazzani,55-64,m,Marrakech,mobile,2026-05-08,9999-12-31,True,Bronze,
6310,C04476,Brahim El Idrissi,45-54,m,Tanger,web,2026-05-08,9999-12-31,True,Bronze,
6311,C04065,Hassan El Mansouri,18-24,m,Meknès,social_media,2026-05-08,9999-12-31,True,Bronze,
6312,C06785,Zineb Filali,35-44,m,Casablanca,mobile,2026-05-08,9999-12-31,True,Bronze,
6313,C04547,Karim Tazi,18-24,m,Kénitra,social_media,2026-05-08,9999-12-31,True,Bronze,
6314,C00900,Salma Rahmouni,55-64,m,Tanger,social_media,2026-05-08,9999-12-31,True,Bronze,
6315,C01500,Rachid Fassi Fihri,55-64,m,Kénitra,web,2026-05-08,9999-12-31,True,Bronze,
6316,C03386,Brahim Naciri,35-44,f,El Jadida,referral,2026-05-08,9999-12-31,True,Bronze,
6317,C00109,Loubna Amrani,25-34,f,Tanger,web,2026-05-08,9999-12-31,True,Bronze,
6318,C05460,Ali Sefrioui,35-44,m,Fès,web,2026-05-08,9999-12-31,True,Bronze,
6319,C05957,Adil Filali,18-24,m,Meknès,marketplace,2026-05-08,9999-12-31,True,Bronze,
6320,C06700,Hind Bennani,55-64,f,Mohammedia,mobile,2026-05-08,9999-12-31,True,Bronze,
6321,C07098,Amine Naciri,45-54,m,Casablanca,marketplace,2026-05-08,9999-12-31,True,Bronze,
6322,C06873,Brahim El Idrissi,55-64,m,Casablanca,referral,2026-05-08,9999-12-31,True,Bronze,
6323,C06547,Mehdi Lahlou,18-24,f,Tétouan,referral,2026-05-08,9999-12-31,True,Bronze,
6324,C02032,Mohamed Rahmouni,25-34,m,Casablanca,referral,2026-05-08,9999-12-31,True,Bronze,
6325,C04396,Nawal Skalli,65+,f,Marrakech,marketplace,2026-05-08,9999-12-31,True,Bronze,
6326,C01067,Hassan Benali,55-64,m,Tanger,web,2026-05-08,9999-12-31,True,Bronze,
6327,C03081,Laila Filali,55-64,m,Fès,web,2026-05-08,9999-12-31,True,Bronze,
6328,C07019,Ilham Ouahbi,35-44,f,Fès,social_media,2026-05-08,9999-12-31,True,Bronze,
6329,C02274,Imad Haddad,55-64,f,Tanger,social_media,2026-05-08,9999-12-31,True,Bronze,
6330,C03713,Dounia El Amrani,25-34,f,Tanger,web,2026-05-08,9999-12-31,True,Bronze,
6331,C07225,Adil Kettani,35-44,m,Fès,referral,2026-05-08,9999-12-31,True,Bronze,
6332,C05767,Hanane El Mansouri,45-54,f,Fès,social_media,2026-05-08,9999-12-31,True,Bronze,
6333,C01245,Nabil Benjelloun,35-44,m,Rabat,referral,2026-05-08,9999-12-31,True,Bronze,
6334,C06548,Samira Cherkaoui,35-44,m,Fès,mobile,2026-05-08,9999-12-31,True,Bronze,
6335,C04379,Amina El Ouazzani,55-64,f,Marrakech,referral,2026-05-08,9999-12-31,True,Bronze,
6336,C07662,Ilham Fassi Fihri,55-64,m,Fès,social_media,2026-05-08,9999-12-31,True,Bronze,
6337,C07039,Laila Ouahbi,25-34,f,Fès,marketplace,2026-05-08,9999-12-31,True,Bronze,
6338,C06829,Houda Tahiri,55-64,f,Rabat,marketplace,2026-05-08,9999-12-31,True,Bronze,
6339,C02591,Said El Ouazzani,18-24,f,Fès,mobile,2026-05-08,9999-12-31,True,Bronze,
6340,C01217,Nabil Sefrioui,35-44,m,Casablanca,web,2026-05-08,9999-12-31,True,Bronze,
6341,C07014,Hamza Chraibi,55-64,m,Tanger,web,2026-05-08,9999-12-31,True,Bronze,
6342,C07000,Hanane Naciri,25-34,f,Casablanca,web,2026-05-08,9999-12-31,True,Bronze,
6343,C06136,Laila Cherkaoui,25-34,m,Béni Mellal,mobile,2026-05-08,9999-12-31,True,Bronze,
6344,C06565,Rim Cherkaoui,55-64,m,Tanger,marketplace,2026-05-08,9999-12-31,True,Bronze,
6345,C06172,Soufiane Ziani,55-64,m,Safi,referral,2026-05-08,9999-12-31,True,Bronze,
6346,C07515,Rachid Lahlou,55-64,m,Rabat,referral,2026-05-08,9999-12-31,True,Bronze,
6347,C07097,Ghita Ziani,45-54,m,Marrakech,mobile,2026-05-08,9999-12-31,True,Bronze,
6348,C04966,Ahmed Fassi Fihri,25-34,m,Casablanca,social_media,2026-05-08,9999-12-31,True,Bronze,
6349,C00989,Nawal El Mansouri,18-24,f,Casablanca,mobile,2026-05-08,9999-12-31,True,Bronze,
6350,C05946,Loubna Bennani,45-54,m,Marrakech,marketplace,2026-05-08,9999-12-31,True,Bronze,
6351,C04281,Nadia Benkirane,25-34,f,Fès,social_media,2026-05-08,9999-12-31,True,Bronze,
6352,C06387,Youssef Haddad,65+,m,Tanger,mobile,2026-05-08,9999-12-31,True,Bronze,
6353,C01684,Sara Lahlou,55-64,m,Mohammedia,social_media,2026-05-08,9999-12-31,True,Bronze,
6354,C07751,Hamza Haddad,35-44,m,Fès,mobile,2026-05-08,9999-12-31,True,Bronze,
6355,C00550,Wafae Bouazza,45-54,m,Kénitra,marketplace,2026-05-08,9999-12-31,True,Bronze,
6356,C06917,Hind El Idrissi,45-54,f,Rabat,social_media,2026-05-08,9999-12-31,True,Bronze,
6357,C07300,Youssef Naciri,45-54,f,Nador,referral,2026-05-08,9999-12-31,True,Bronze,
6358,C06171,Laila Filali,45-54,m,Tanger,web,2026-05-08,9999-12-31,True,Bronze,
6359,C07112,Laila Benjelloun,55-64,m,Safi,social_media,2026-05-08,9999-12-31,True,Bronze,
6360,C06687,Mustapha Rahmouni,55-64,f,Fès,referral,2026-05-08,9999-12-31,True,Bronze,
6361,C02883,Khadija Bennani,45-54,m,Meknès,marketplace,2026-05-08,9999-12-31,True,Bronze,
6362,C06346,Nawal Alaoui,45-54,m,Tanger,mobile,2026-05-08,9999-12-31,True,Bronze,
6363,C06848,Nawal El Idrissi,18-24,m,Tanger,referral,2026-05-08,9999-12-31,True,Bronze,
6364,C05523,Adil Fassi Fihri,45-54,f,Casablanca,marketplace,2026-05-08,9999-12-31,True,Bronze,
6365,C07349,Brahim El Idrissi,55-64,f,Rabat,referral,2026-05-08,9999-12-31,True,Bronze,
6366,C02316,Meryem Ouahbi,55-64,m,Tanger,marketplace,2026-05-08,9999-12-31,True,Bronze,
6367,C06597,Ahmed Lahlou,35-44,m,Mohammedia,web,2026-05-08,9999-12-31,True,Bronze,
6368,C01667,Amine El Mansouri,55-64,m,Rabat,marketplace,2026-05-08,9999-12-31,True,Bronze,
6369,C06111,Sanae Kettani,35-44,m,Casablanca,referral,2026-05-08,9999-12-31,True,Bronze,
6370,C07064,Said Haddad,25-34,f,Safi,referral,2026-05-08,9999-12-31,True,Bronze,
6371,C04177,Dounia El Idrissi,45-54,m,Fès,referral,2026-05-08,9999-12-31,True,Bronze,
6372,C00416,Rim Chraibi,25-34,m,Marrakech,referral,2026-05-08,9999-12-31,True,Bronze,
6373,C07074,Amine Skalli,45-54,f,Marrakech,social_media,2026-05-08,9999-12-31,True,Bronze,
6374,C03095,Mohamed Kettani,18-24,m,Safi,web,2026-05-08,9999-12-31,True,Bronze,
6375,C00740,Ali Chraibi,45-54,m,Fès,mobile,2026-05-08,9999-12-31,True,Bronze,
6376,C06068,Zineb Tazi,18-24,m,Rabat,social_media,2026-05-08,9999-12-31,True,Bronze,
6377,C05708,Brahim El Idrissi,35-44,m,Rabat,referral,2026-05-08,9999-12-31,True,Bronze,
6378,C00871,Zineb Berrada,25-34,f,Rabat,web,2026-05-08,9999-12-31,True,Bronze,
6379,C06384,Fatima Lahlou,25-34,m,Fès,web,2026-05-08,9999-12-31,True,Bronze,
6380,C06113,Dounia Fassi Fihri,18-24,f,Safi,marketplace,2026-05-08,9999-12-31,True,Bronze,
6381,C01408,Mohamed Benjelloun,18-24,m,Rabat,marketplace,2026-05-08,9999-12-31,True,Bronze,
6382,C06791,Reda El Mansouri,55-64,f,Casablanca,marketplace,2026-05-08,9999-12-31,True,Bronze,
6383,C06446,Reda Berrada,45-54,m,Mohammedia,social_media,2026-05-08,9999-12-31,True,Bronze,
6384,C00256,Ali Naciri,35-44,f,Rabat,social_media,2026-05-08,9999-12-31,True,Bronze,
6385,C04839,Ahmed Filali,35-44,m,Tanger,social_media,2026-05-08,9999-12-31,True,Bronze,
6386,C01914,Amine Benkirane,55-64,m,Fès,marketplace,2026-05-08,9999-12-31,True,Bronze,
6387,C01948,Hamza Benali,35-44,m,Tanger,referral,2026-05-08,9999-12-31,True,Bronze,
6388,C07346,Rachid Kettani,25-34,m,Safi,web,2026-05-08,9999-12-31,True,Bronze,
6389,C05561,Meryem Ouahbi,35-44,f,Marrakech,referral,2026-05-08,9999-12-31,True,Bronze,
6390,C00339,Adil Filali,25-34,m,Casablanca,marketplace,2026-05-08,9999-12-31,True,Bronze,
6391,C01219,Hind Naciri,25-34,m,Tanger,web,2026-05-08,9999-12-31,True,Bronze,
6392,C06689,Hassan Bouazza,18-24,m,Marrakech,mobile,2026-05-08,9999-12-31,True,Bronze,
6393,C02903,Hassan El Idrissi,55-64,m,Tanger,web,2026-05-08,9999-12-31,True,Bronze,
6394,C07001,Rachid Ouahbi,55-64,f,Casablanca,web,2026-05-08,9999-12-31,True,Bronze,
6395,C00020,Rachid Bennani,25-34,f,Béni Mellal,social_media,2026-05-08,9999-12-31,True,Bronze,
6396,C03806,Nadia Haddad,18-24,f,Béni Mellal,referral,2026-05-08,9999-12-31,True,Bronze,
6397,C01251,Wafae El Amrani,35-44,f,Rabat,mobile,2026-05-08,9999-12-31,True,Bronze,
6398,C07212,Imad Skalli,Non renseigné,m,Marrakech,marketplace,2026-05-08,9999-12-31,True,Bronze,
6399,C06661,Adil Berrada,55-64,m,Agadir,mobile,2026-05-08,9999-12-31,True,Bronze,
6400,C01033,Nabil Bennani,35-44,m,Marrakech,mobile,2026-05-08,9999-12-31,True,Bronze,
6401,C02466,Laila Berrada,35-44,m,Agadir,social_media,2026-05-08,9999-12-31,True,Bronze,
6402,C02448,Brahim Bouzid,35-44,f,Mohammedia,social_media,2026-05-08,9999-12-31,True,Bronze,
6403,C00988,Said Tazi,45-54,f,Tétouan,mobile,2026-05-08,9999-12-31,True,Bronze,
6404,C06696,Fatima Kettani,45-54,m,Marrakech,social_media,2026-05-08,9999-12-31,True,Bronze,
6405,C03198,Youssef Bouzid,45-54,m,Safi,marketplace,2026-05-08,9999-12-31,True,Bronze,
6406,C06653,Meryem Haddad,45-54,m,Marrakech,web,2026-05-08,9999-12-31,True,Bronze,
6407,C02835,Nabil Chraibi,55-64,f,Casablanca,social_media,2026-05-08,9999-12-31,True,Bronze,
6408,C02451,Salma Filali,35-44,m,Meknès,marketplace,2026-05-08,9999-12-31,True,Bronze,
6409,C07182,Zineb Naciri,55-64,f,Tanger,marketplace,2026-05-08,9999-12-31,True,Bronze,
6410,C06810,Zineb Fassi Fihri,35-44,f,Rabat,mobile,2026-05-08,9999-12-31,True,Bronze,
6411,C07199,Nadia Bennani,25-34,f,Fès,web,2026-05-08,9999-12-31,True,Bronze,
6412,C05396,Nadia Benjelloun,35-44,f,Rabat,referral,2026-05-08,9999-12-31,True,Bronze,
6413,C03328,Mustapha Bouzid,35-44,f,Agadir,web,2026-05-08,9999-12-31,True,Bronze,
6414,C01913,Nabil Cherkaoui,18-24,m,Tanger,referral,2026-05-08,9999-12-31,True,Bronze,
6415,C00891,Salma Rahmouni,35-44,m,Casablanca,referral,2026-05-08,9999-12-31,True,Bronze,
6416,C06862,Dounia Benkirane,45-54,m,Casablanca,social_media,2026-05-08,9999-12-31,True,Bronze,
6417,C01489,Hassan Ziani,45-54,f,Casablanca,referral,2026-05-08,9999-12-31,True,Bronze,
6418,C07572,Ghita Bouazza,55-64,m,Fès,web,2026-05-08,9999-12-31,True,Bronze,
6419,C05675,Rim Fassi Fihri,35-44,f,Meknès,social_media,2026-05-08,9999-12-31,True,Bronze,
6420,C04119,Nadia Tazi,35-44,f,Mohammedia,social_media,2026-05-08,9999-12-31,True,Bronze,
6421,C02657,Ali Tazi,18-24,f,Fès,marketplace,2026-05-08,9999-12-31,True,Bronze,
6422,C06491,Sanae Filali,25-34,f,Tétouan,referral,2026-05-08,9999-12-31,True,Bronze,
6423,C04435,Hanane Alaoui,45-54,f,Casablanca,web,2026-05-08,9999-12-31,True,Bronze,
6424,C03587,Dounia El Mansouri,18-24,f,Tanger,mobile,2026-05-08,9999-12-31,True,Bronze,
6425,C05910,Amina El Ouazzani,55-64,m,Tanger,marketplace,2026-05-08,9999-12-31,True,Bronze,
6426,C07675,Nadia El Ouazzani,35-44,f,Rabat,marketplace,2026-05-08,9999-12-31,True,Bronze,
6427,C07222,Amina Cherkaoui,45-54,m,Agadir,web,2026-05-08,9999-12-31,True,Bronze,
6428,C04551,Mustapha El Idrissi,45-54,f,Fès,mobile,2026-05-08,9999-12-31,True,Bronze,
6429,C04827,Hind Berrada,25-34,m,Tanger,web,2026-05-08,9999-12-31,True,Bronze,
6430,C03048,Amine Alaoui,65+,m,Tanger,web,2026-05-08,9999-12-31,True,Bronze,
6431,C02029,Houda Haddad,45-54,f,Tanger,social_media,2026-05-08,9999-12-31,True,Bronze,
6432,C04405,Omar Bouazza,35-44,m,Rabat,mobile,2026-05-08,9999-12-31,True,Bronze,
6433,C01388,Brahim El Ouazzani,55-64,m,Fès,social_media,2026-05-08,9999-12-31,True,Bronze,
6434,C03631,Ilham El Ouazzani,35-44,m,Béni Mellal,marketplace,2026-05-08,9999-12-31,True,Bronze,
6435,C05847,Amine El Amrani,35-44,m,Casablanca,social_media,2026-05-08,9999-12-31,True,Bronze,
6436,C04123,Loubna Benjelloun,35-44,m,Mohammedia,social_media,2026-05-08,9999-12-31,True,Bronze,
6437,C04699,Ahmed El Amrani,25-34,m,Fès,marketplace,2026-05-08,9999-12-31,True,Bronze,
6438,C07804,Laila Bouzid,45-54,f,Safi,referral,2026-05-08,9999-12-31,True,Bronze,
6439,C02484,Khalid Ziani,45-54,f,Fès,referral,2026-05-08,9999-12-31,True,Bronze,
6440,C05768,Sara El Ouazzani,55-64,m,Marrakech,mobile,2026-05-08,9999-12-31,True,Bronze,
6441,C00383,Hassan Ouahbi,35-44,m,Nador,social_media,2026-05-08,9999-12-31,True,Bronze,
6442,C03207,Hamza Ziani,35-44,m,Rabat,social_media,2026-05-08,9999-12-31,True,Bronze,
6443,C00024,Karim El Amrani,55-64,m,Tanger,social_media,2026-05-08,9999-12-31,True,Bronze,
6444,C00795,Dounia Bennani,35-44,f,Tétouan,social_media,2026-05-08,9999-12-31,True,Bronze,
6445,C02853,Samira Lahlou,18-24,f,Tétouan,mobile,2026-05-08,9999-12-31,True,Bronze,
6446,C03317,Soufiane Bennani,25-34,f,Tétouan,social_media,2026-05-08,9999-12-31,True,Bronze,
6447,C00680,Fatima Tahiri,45-54,m,Kénitra,marketplace,2026-05-08,9999-12-31,True,Bronze,
6448,C01405,Mehdi Ziani,18-24,m,Tanger,mobile,2026-05-08,9999-12-31,True,Bronze,
6449,C03732,Khadija Bouazza,18-24,m,Mohammedia,mobile,2026-05-08,9999-12-31,True,Bronze,
6450,C00595,Hind Bouazza,55-64,m,Meknès,referral,2026-05-08,9999-12-31,True,Bronze,
6451,C07304,Reda Tazi,45-54,m,Tétouan,web,2026-05-08,9999-12-31,True,Bronze,
6452,C06677,Omar Berrada,35-44,m,Oujda,marketplace,2026-05-08,9999-12-31,True,Bronze,
6453,C06115,Youssef Filali,45-54,f,Marrakech,mobile,2026-05-08,9999-12-31,True,Bronze,
6454,C03668,Salma Berrada,25-34,m,Tanger,referral,2026-05-08,9999-12-31,True,Bronze,
6455,C06550,Mehdi Kettani,18-24,m,Agadir,social_media,2026-05-08,9999-12-31,True,Bronze,
6456,C06600,Fatima Tazi,55-64,m,Rabat,social_media,2026-05-08,9999-12-31,True,Bronze,
6457,C03312,Karim El Ouazzani,25-34,m,Agadir,web,2026-05-08,9999-12-31,True,Bronze,
6458,C01368,Hind El Idrissi,25-34,m,El Jadida,referral,2026-05-08,9999-12-31,True,Bronze,
6459,C05476,Sara El Amrani,25-34,m,Tanger,web,2026-05-08,9999-12-31,True,Bronze,
6460,C06959,Adil Tahiri,18-24,m,Marrakech,mobile,2026-05-08,9999-12-31,True,Bronze,
6461,C02144,Karim El Idrissi,55-64,f,Tanger,web,2026-05-08,9999-12-31,True,Bronze,
6462,C05077,Hassan Naciri,55-64,f,Agadir,social_media,2026-05-08,9999-12-31,True,Bronze,
6463,C00358,Khadija Chraibi,55-64,m,Casablanca,social_media,2026-05-08,9999-12-31,True,Bronze,
6464,C03708,Hamza Filali,55-64,f,Casablanca,marketplace,2026-05-08,9999-12-31,True,Bronze,
6465,C02203,Omar Ziani,55-64,f,Tétouan,web,2026-05-08,9999-12-31,True,Bronze,
6466,C05845,Youssef Filali,45-54,f,Marrakech,web,2026-05-08,9999-12-31,True,Bronze,
6467,C04774,Soufiane Naciri,18-24,f,Marrakech,referral,2026-05-08,9999-12-31,True,Bronze,
6468,C01012,Mustapha Tazi,55-64,f,Tanger,referral,2026-05-08,9999-12-31,True,Bronze,
6469,C05903,Mehdi Benkirane,55-64,m,Rabat,social_media,2026-05-08,9999-12-31,True,Bronze,
6470,C02912,Hind El Ouazzani,18-24,m,Mohammedia,web,2026-05-08,9999-12-31,True,Bronze,
6471,C01467,Brahim Fassi Fihri,35-44,f,El Jadida,social_media,2026-05-08,9999-12-31,True,Bronze,
6472,C06834,Meryem Bennani,35-44,m,Tanger,social_media,2026-05-08,9999-12-31,True,Bronze,
6473,C05976,Ghita El Idrissi,35-44,m,Fès,marketplace,2026-05-08,9999-12-31,True,Bronze,
6474,C02456,Karim El Amrani,45-54,m,Casablanca,mobile,2026-05-08,9999-12-31,True,Bronze,
6475,C03137,Mehdi Alaoui,55-64,m,Casablanca,social_media,2026-05-08,9999-12-31,True,Bronze,
6476,C05812,Dounia El Mansouri,45-54,m,Tétouan,marketplace,2026-05-08,9999-12-31,True,Bronze,
6477,C04298,Zineb Sefrioui,25-34,m,Safi,social_media,2026-05-08,9999-12-31,True,Bronze,
6478,C01585,Nabil Alaoui,45-54,f,Casablanca,marketplace,2026-05-08,9999-12-31,True,Bronze,
6479,C05542,Omar Tahiri,45-54,m,Casablanca,social_media,2026-05-08,9999-12-31,True,Bronze,
6480,C00967,Ali Filali,35-44,m,Casablanca,marketplace,2026-05-08,9999-12-31,True,Bronze,
6481,C01472,Rim Kettani,65+,f,Tanger,social_media,2026-05-08,9999-12-31,True,Bronze,
6482,C02802,Houda Bennani,35-44,f,Safi,web,2026-05-08,9999-12-31,True,Bronze,
6483,C01820,Asmae Skalli,45-54,m,Marrakech,web,2026-05-08,9999-12-31,True,Bronze,
6484,C07741,Wafae Cherkaoui,35-44,m,Rabat,mobile,2026-05-08,9999-12-31,True,Bronze,
6485,C02106,Hind Chraibi,25-34,m,Casablanca,referral,2026-05-08,9999-12-31,True,Bronze,
6486,C05319,Samira Bouzid,25-34,f,Tétouan,social_media,2026-05-08,9999-12-31,True,Bronze,
6487,C04268,Sara Chraibi,25-34,m,Tanger,web,2026-05-08,9999-12-31,True,Bronze,
6488,C02807,Hamza Bennani,35-44,m,Fès,web,2026-05-08,9999-12-31,True,Bronze,
6489,C02843,Ilham Benkirane,45-54,m,Meknès,web,2026-05-08,9999-12-31,True,Bronze,
6490,C04136,Ali Rahmouni,25-34,m,El Jadida,social_media,2026-05-08,9999-12-31,True,Bronze,
6491,C05273,Laila Bouzid,45-54,m,Tanger,mobile,2026-05-08,9999-12-31,True,Bronze,
6492,C07576,Mohamed Skalli,35-44,f,Meknès,mobile,2026-05-08,9999-12-31,True,Bronze,
6493,C01577,Mohamed Lahlou,35-44,f,Rabat,web,2026-05-08,9999-12-31,True,Bronze,
6494,C06792,Rachid Fassi Fihri,35-44,f,Fès,social_media,2026-05-08,9999-12-31,True,Bronze,
6495,C07768,Ali Skalli,55-64,f,Fès,mobile,2026-05-08,9999-12-31,True,Bronze,
6496,C04286,Fatima Tazi,25-34,m,Nador,marketplace,2026-05-08,9999-12-31,True,Bronze,
6497,C03556,Laila Benjelloun,45-54,f,Agadir,mobile,2026-05-08,9999-12-31,True,Bronze,
6498,C00390,Zineb Rahmouni,45-54,m,Rabat,web,2026-05-08,9999-12-31,True,Bronze,
6499,C02675,Soufiane Alaoui,35-44,m,Tanger,mobile,2026-05-08,9999-12-31,True,Bronze,
6500,C04883,Mustapha Bouazza,25-34,m,Tanger,mobile,2026-05-08,9999-12-31,True,Bronze,
6501,C03083,Rim Cherkaoui,35-44,f,Nador,referral,2026-05-08,9999-12-31,True,Bronze,
6502,C00956,Ali Naciri,55-64,f,Agadir,marketplace,2026-05-08,9999-12-31,True,Bronze,
6503,C05010,Khadija El Idrissi,25-34,f,Mohammedia,social_media,2026-05-08,9999-12-31,True,Bronze,
6504,C02809,Youssef Sefrioui,45-54,m,Safi,referral,2026-05-08,9999-12-31,True,Bronze,
6505,C03313,Mohamed Chraibi,18-24,f,Casablanca,marketplace,2026-05-08,9999-12-31,True,Bronze,
6506,C01240,Imad Berrada,35-44,m,Oujda,web,2026-05-08,9999-12-31,True,Bronze,
6507,C03562,Adil Bennani,25-34,m,Béni Mellal,referral,2026-05-08,9999-12-31,True,Bronze,
6508,C04324,Ghita Filali,35-44,m,Rabat,web,2026-05-08,9999-12-31,True,Bronze,
6509,C04522,Nabil Skalli,45-54,f,Marrakech,referral,2026-05-08,9999-12-31,True,Bronze,
6510,C07532,Mustapha El Ouazzani,45-54,f,Tanger,marketplace,2026-05-08,9999-12-31,True,Bronze,
6511,C04910,Wafae Chraibi,35-44,m,Meknès,web,2026-05-08,9999-12-31,True,Bronze,
6512,C07575,Asmae El Amrani,Non renseigné,m,Meknès,mobile,2026-05-08,9999-12-31,True,Bronze,
6513,C02513,Amine Tahiri,35-44,m,Rabat,marketplace,2026-05-08,9999-12-31,True,Bronze,
6514,C03492,Hind Haddad,35-44,m,Rabat,social_media,2026-05-08,9999-12-31,True,Bronze,
6515,C00108,Ahmed El Ouazzani,18-24,m,Nador,mobile,2026-05-08,9999-12-31,True,Bronze,
6516,C01115,Dounia Skalli,45-54,m,El Jadida,referral,2026-05-08,9999-12-31,True,Bronze,
6517,C04710,Zineb El Amrani,45-54,m,Tanger,referral,2026-05-08,9999-12-31,True,Bronze,
6518,C00823,Wafae El Mansouri,35-44,m,El Jadida,web,2026-05-08,9999-12-31,True,Bronze,
6519,C00360,Imad Benkirane,55-64,f,Casablanca,web,2026-05-08,9999-12-31,True,Bronze,
6520,C01651,Amine Cherkaoui,55-64,f,Marrakech,marketplace,2026-05-08,9999-12-31,True,Bronze,
6521,C07220,Omar Kettani,55-64,m,Nador,web,2026-05-08,9999-12-31,True,Bronze,
6522,C00646,Ilham Berrada,18-24,m,Béni Mellal,marketplace,2026-05-08,9999-12-31,True,Bronze,
6523,C05971,Houda Bouazza,45-54,m,Tanger,marketplace,2026-05-08,9999-12-31,True,Bronze,
6524,C03976,Nadia El Amrani,35-44,m,Casablanca,marketplace,2026-05-08,9999-12-31,True,Bronze,
6525,C03597,Houda Cherkaoui,18-24,m,Casablanca,referral,2026-05-08,9999-12-31,True,Bronze,
6526,C00490,Hassan Ziani,55-64,m,Tanger,referral,2026-05-08,9999-12-31,True,Bronze,
6527,C02894,Nadia Chraibi,45-54,m,Oujda,referral,2026-05-08,9999-12-31,True,Bronze,
6528,C00314,Omar Naciri,35-44,m,Casablanca,referral,2026-05-08,9999-12-31,True,Bronze,
6529,C01362,Reda Alaoui,18-24,m,Tétouan,web,2026-05-08,9999-12-31,True,Bronze,
6530,C06291,Driss Benjelloun,55-64,m,Oujda,marketplace,2026-05-08,9999-12-31,True,Bronze,
6531,C00317,Sara Benjelloun,18-24,f,Casablanca,web,2026-05-08,9999-12-31,True,Bronze,
6532,C00526,Loubna El Mansouri,55-64,m,Rabat,referral,2026-05-08,9999-12-31,True,Bronze,
6533,C07407,Mehdi El Ouazzani,55-64,m,Tanger,social_media,2026-05-08,9999-12-31,True,Bronze,
6534,C01315,Ilham Ziani,35-44,f,Tétouan,web,2026-05-08,9999-12-31,True,Bronze,
6535,C00409,Ghita Haddad,55-64,m,Tanger,mobile,2026-05-08,9999-12-31,True,Bronze,
6536,C03320,Youssef Benjelloun,18-24,m,Tétouan,marketplace,2026-05-08,9999-12-31,True,Bronze,
6537,C00236,Samira Bouazza,35-44,f,Béni Mellal,social_media,2026-05-08,9999-12-31,True,Bronze,
6538,C06097,Laila Bouazza,18-24,m,Béni Mellal,referral,2026-05-08,9999-12-31,True,Bronze,
6539,C05494,Loubna Berrada,45-54,m,Marrakech,mobile,2026-05-08,9999-12-31,True,Bronze,
6540,C00309,Ghita Bouazza,35-44,m,Tanger,mobile,2026-05-08,9999-12-31,True,Bronze,
6541,C06380,Amine Berrada,45-54,m,Fès,mobile,2026-05-08,9999-12-31,True,Bronze,
6542,C01329,Wafae Benkirane,55-64,m,Rabat,referral,2026-05-08,9999-12-31,True,Bronze,
6543,C06225,Imad Tahiri,35-44,f,Tanger,social_media,2026-05-08,9999-12-31,True,Bronze,
6544,C05716,Nabil Ouahbi,35-44,m,Tanger,marketplace,2026-05-08,9999-12-31,True,Bronze,
6545,C01682,Amine El Idrissi,55-64,f,Agadir,mobile,2026-05-08,9999-12-31,True,Bronze,
6546,C05643,Khalid Bennani,55-64,m,Casablanca,web,2026-05-08,9999-12-31,True,Bronze,
6547,C04218,Salma Ouahbi,25-34,m,Kénitra,mobile,2026-05-08,9999-12-31,True,Bronze,
6548,C07535,Karim Fassi Fihri,18-24,f,Rabat,social_media,2026-05-08,9999-12-31,True,Bronze,
6549,C05816,Nawal Ziani,45-54,f,Tanger,social_media,2026-05-08,9999-12-31,True,Bronze,
6550,C03858,Hind Benkirane,65+,m,Rabat,referral,2026-05-08,9999-12-31,True,Bronze,
6551,C05390,Reda Bouazza,25-34,f,Tanger,referral,2026-05-08,9999-12-31,True,Bronze,
6552,C07157,Meryem Benali,35-44,m,Tanger,web,2026-05-08,9999-12-31,True,Bronze,
6553,C05766,Salma Sefrioui,18-24,f,Fès,referral,2026-05-08,9999-12-31,True,Bronze,
6554,C01677,Ahmed Naciri,35-44,f,Tanger,referral,2026-05-08,9999-12-31,True,Bronze,
6555,C02611,Said El Ouazzani,55-64,m,Rabat,web,2026-05-08,9999-12-31,True,Bronze,
6556,C02005,Hind El Ouazzani,25-34,m,Casablanca,social_media,2026-05-08,9999-12-31,True,Bronze,
6557,C01423,Loubna Benali,45-54,f,Fès,marketplace,2026-05-08,9999-12-31,True,Bronze,
6558,C05340,Driss Bouzid,45-54,f,El Jadida,mobile,2026-05-08,9999-12-31,True,Bronze,
6559,C06612,Salma Tahiri,55-64,f,Tanger,referral,2026-05-08,9999-12-31,True,Bronze,
6560,C04655,Zakaria Ouahbi,25-34,m,Tanger,marketplace,2026-05-08,9999-12-31,True,Bronze,
6561,C03874,Ahmed Filali,45-54,m,Casablanca,mobile,2026-05-08,9999-12-31,True,Bronze,
6562,C01239,Adil Ziani,25-34,f,Rabat,marketplace,2026-05-08,9999-12-31,True,Bronze,
6563,C02367,Adil Naciri,25-34,m,Tanger,marketplace,2026-05-08,9999-12-31,True,Bronze,
6564,C00838,Sara Amrani,35-44,m,Kénitra,web,2026-05-08,9999-12-31,True,Bronze,
6565,C03361,Mehdi Haddad,25-34,m,Tanger,mobile,2026-05-08,9999-12-31,True,Bronze,
6566,C05958,Brahim Skalli,45-54,f,Marrakech,social_media,2026-05-08,9999-12-31,True,Bronze,
6567,C03820,Sara Skalli,45-54,m,Fès,mobile,2026-05-08,9999-12-31,True,Bronze,
6568,C05470,Hamza Benkirane,35-44,m,Nador,referral,2026-05-08,9999-12-31,True,Bronze,
6569,C00367,Ghita Berrada,35-44,f,Fès,referral,2026-05-08,9999-12-31,True,Bronze,
6570,C04416,Laila Skalli,55-64,f,Tanger,marketplace,2026-05-08,9999-12-31,True,Bronze,
6571,C06212,Mehdi Chraibi,18-24,m,Marrakech,social_media,2026-05-08,9999-12-31,True,Bronze,
6572,C02572,Hind El Idrissi,55-64,m,Casablanca,mobile,2026-05-08,9999-12-31,True,Bronze,
6573,C06443,Imad Cherkaoui,45-54,m,Tanger,mobile,2026-05-08,9999-12-31,True,Bronze,
6574,C07518,Loubna Fassi Fihri,25-34,f,Béni Mellal,referral,2026-05-08,9999-12-31,True,Bronze,
6575,C06865,Rachid Fassi Fihri,35-44,m,Rabat,web,2026-05-08,9999-12-31,True,Bronze,
6576,C07491,Amine Sefrioui,25-34,m,Tanger,social_media,2026-05-08,9999-12-31,True,Bronze,
6577,C05536,Nadia Lahlou,35-44,m,Oujda,mobile,2026-05-08,9999-12-31,True,Bronze,
6578,C00935,Reda Ziani,45-54,f,Fès,referral,2026-05-08,9999-12-31,True,Bronze,
6579,C07621,Youssef Bennani,35-44,m,Casablanca,social_media,2026-05-08,9999-12-31,True,Bronze,
6580,C05122,Salma Amrani,45-54,f,Tanger,marketplace,2026-05-08,9999-12-31,True,Bronze,
6581,C00841,Ghita Haddad,35-44,f,Tanger,marketplace,2026-05-08,9999-12-31,True,Bronze,
6582,C05356,Youssef Skalli,45-54,f,Casablanca,social_media,2026-05-08,9999-12-31,True,Bronze,
6583,C05143,Adil Ouahbi,65+,m,Fès,social_media,2026-05-08,9999-12-31,True,Bronze,
6584,C00113,Mohamed Tazi,55-64,m,Béni Mellal,social_media,2026-05-08,9999-12-31,True,Bronze,
6585,C06276,Said Chraibi,35-44,m,Béni Mellal,marketplace,2026-05-08,9999-12-31,True,Bronze,
6586,C06415,Hind Bennani,45-54,f,Marrakech,social_media,2026-05-08,9999-12-31,True,Bronze,
6587,C07767,Sanae Benkirane,45-54,f,Safi,referral,2026-05-08,9999-12-31,True,Bronze,
6588,C06259,Adil Bouazza,55-64,f,Casablanca,referral,2026-05-08,9999-12-31,True,Bronze,
6589,C06918,Mustapha Haddad,25-34,m,Tanger,social_media,2026-05-08,9999-12-31,True,Bronze,
6590,C01863,Zineb Alaoui,35-44,f,Fès,marketplace,2026-05-08,9999-12-31,True,Bronze,
6591,C06760,Houda Cherkaoui,45-54,m,Rabat,web,2026-05-08,9999-12-31,True,Bronze,
6592,C02357,Omar Cherkaoui,45-54,f,Agadir,mobile,2026-05-08,9999-12-31,True,Bronze,
6593,C02757,Driss Haddad,18-24,f,Fès,web,2026-05-08,9999-12-31,True,Bronze,
6594,C02275,Amina Rahmouni,55-64,m,Casablanca,mobile,2026-05-08,9999-12-31,True,Bronze,
6595,C00107,Amine Alaoui,18-24,m,Tétouan,mobile,2026-05-08,9999-12-31,True,Bronze,
6596,C04300,Mehdi Tazi,55-64,m,Tanger,mobile,2026-05-08,9999-12-31,True,Bronze,
6597,C03417,Omar Benali,45-54,m,Tanger,social_media,2026-05-08,9999-12-31,True,Bronze,
6598,C06870,Nabil Chraibi,45-54,f,Casablanca,web,2026-05-08,9999-12-31,True,Bronze,
6599,C05889,Meryem Tahiri,18-24,m,Safi,social_media,2026-05-08,9999-12-31,True,Bronze,
6600,C04934,Mohamed Lahlou,35-44,m,Marrakech,referral,2026-05-08,9999-12-31,True,Bronze,
6601,C07306,Said Rahmouni,25-34,m,Fès,referral,2026-05-08,9999-12-31,True,Bronze,
6602,C04904,Brahim Ouahbi,35-44,f,Casablanca,referral,2026-05-08,9999-12-31,True,Bronze,
6603,C07817,Zakaria Rahmouni,55-64,m,Oujda,marketplace,2026-05-08,9999-12-31,True,Bronze,
6604,C01895,Asmae Benkirane,55-64,f,Tanger,web,2026-05-08,9999-12-31,True,Bronze,
6605,C01772,Soufiane Berrada,55-64,m,Nador,mobile,2026-05-08,9999-12-31,True,Bronze,
6606,C04139,Ghita Amrani,18-24,m,Fès,social_media,2026-05-08,9999-12-31,True,Bronze,
6607,C03617,Driss El Ouazzani,45-54,m,Tétouan,mobile,2026-05-08,9999-12-31,True,Bronze,
6608,C07394,Omar Chraibi,45-54,m,Fès,marketplace,2026-05-08,9999-12-31,True,Bronze,
6609,C07505,Wafae Tazi,45-54,m,Tanger,social_media,2026-05-08,9999-12-31,True,Bronze,
6610,C02496,Soufiane Rahmouni,Non renseigné,f,Casablanca,web,2026-05-08,9999-12-31,True,Bronze,
6611,C03435,Hassan Amrani,25-34,m,Marrakech,referral,2026-05-08,9999-12-31,True,Bronze,
6612,C03854,Hanane Benjelloun,35-44,m,Fès,social_media,2026-05-08,9999-12-31,True,Bronze,
6613,C04843,Reda Benali,55-64,m,Marrakech,social_media,2026-05-08,9999-12-31,True,Bronze,
6614,C00547,Khalid Naciri,25-34,f,Casablanca,marketplace,2026-05-08,9999-12-31,True,Bronze,
6615,C06254,Ahmed Haddad,55-64,f,Rabat,social_media,2026-05-08,9999-12-31,True,Bronze,
6616,C06037,Reda Lahlou,25-34,m,Fès,referral,2026-05-08,9999-12-31,True,Bronze,
6617,C06045,Said Benjelloun,18-24,m,Casablanca,social_media,2026-05-08,9999-12-31,True,Bronze,
6618,C07315,Samira Kettani,45-54,m,Rabat,mobile,2026-05-08,9999-12-31,True,Bronze,
6619,C07938,Houda Benjelloun,45-54,f,Nador,social_media,2026-05-08,9999-12-31,True,Bronze,
6620,C06012,Hind Filali,55-64,f,Kénitra,marketplace,2026-05-08,9999-12-31,True,Bronze,
6621,C05425,Zineb Ziani,35-44,m,Marrakech,marketplace,2026-05-08,9999-12-31,True,Bronze,
6622,C05851,Meryem Lahlou,55-64,f,Fès,web,2026-05-08,9999-12-31,True,Bronze,
6623,C00111,Omar Chraibi,18-24,m,Agadir,marketplace,2026-05-08,9999-12-31,True,Bronze,
6624,C04580,Mohamed Alaoui,25-34,m,Casablanca,mobile,2026-05-08,9999-12-31,True,Bronze,
6625,C04285,Amina Benali,55-64,m,El Jadida,web,2026-05-08,9999-12-31,True,Bronze,
6626,C07380,Hind Ouahbi,55-64,m,Casablanca,referral,2026-05-08,9999-12-31,True,Bronze,
6627,C04278,Khadija Berrada,18-24,m,Fès,web,2026-05-08,9999-12-31,True,Bronze,
6628,C00742,Khalid Bouzid,18-24,f,Béni Mellal,marketplace,2026-05-08,9999-12-31,True,Bronze,
6629,C04105,Amine Berrada,45-54,f,Nador,marketplace,2026-05-08,9999-12-31,True,Bronze,
6630,C00019,Karim Amrani,18-24,m,Marrakech,marketplace,2026-05-08,9999-12-31,True,Bronze,
6631,C06504,Rachid Ouahbi,65+,f,Casablanca,social_media,2026-05-08,9999-12-31,True,Bronze,
6632,C05472,Hind Alaoui,55-64,f,Fès,web,2026-05-08,9999-12-31,True,Bronze,
6633,C03345,Laila El Ouazzani,25-34,f,Tanger,mobile,2026-05-08,9999-12-31,True,Bronze,
6634,C05987,Imad Naciri,45-54,m,Fès,web,2026-05-08,9999-12-31,True,Bronze,
6635,C06311,Zakaria El Idrissi,Non renseigné,m,Casablanca,mobile,2026-05-08,9999-12-31,True,Bronze,
6636,C01572,Mohamed El Mansouri,35-44,f,Tanger,marketplace,2026-05-08,9999-12-31,True,Bronze,
6637,C07733,Zineb El Mansouri,25-34,m,Tanger,web,2026-05-08,9999-12-31,True,Bronze,
6638,C00527,Said El Amrani,45-54,f,Casablanca,web,2026-05-08,9999-12-31,True,Bronze,
6639,C04155,Hind Chraibi,45-54,m,Rabat,referral,2026-05-08,9999-12-31,True,Bronze,
6640,C01237,Reda Rahmouni,55-64,f,Tanger,mobile,2026-05-08,9999-12-31,True,Bronze,
6641,C05732,Zakaria Benali,45-54,m,Kénitra,web,2026-05-08,9999-12-31,True,Bronze,
6642,C05213,Hamza Ouahbi,18-24,f,Fès,social_media,2026-05-08,9999-12-31,True,Bronze,
6643,C05618,Karim Naciri,45-54,m,Rabat,marketplace,2026-05-08,9999-12-31,True,Bronze,
6644,C03390,Omar Ouahbi,35-44,f,Agadir,web,2026-05-08,9999-12-31,True,Bronze,
6645,C06106,Salma Filali,25-34,f,Marrakech,mobile,2026-05-08,9999-12-31,True,Bronze,
6646,C05466,Youssef El Mansouri,55-64,f,Casablanca,referral,2026-05-08,9999-12-31,True,Bronze,
6647,C02547,Hamza Benkirane,18-24,m,Tanger,marketplace,2026-05-08,9999-12-31,True,Bronze,
6648,C03110,Said El Ouazzani,35-44,f,Rabat,social_media,2026-05-08,9999-12-31,True,Bronze,
6649,C02535,Samira Ziani,45-54,f,Nador,referral,2026-05-08,9999-12-31,True,Bronze,
6650,C01479,Karim Ziani,25-34,m,Agadir,mobile,2026-05-08,9999-12-31,True,Bronze,
6651,C00760,Said Filali,25-34,m,Rabat,marketplace,2026-05-08,9999-12-31,True,Bronze,
6652,C00645,Sara El Amrani,45-54,m,Marrakech,web,2026-05-08,9999-12-31,True,Bronze,
6653,C05271,Karim Bouazza,25-34,f,Kénitra,referral,2026-05-08,9999-12-31,True,Bronze,
6654,C07681,Samira Rahmouni,45-54,f,Tanger,mobile,2026-05-08,9999-12-31,True,Bronze,
6655,C01343,Dounia Filali,55-64,m,Tétouan,mobile,2026-05-08,9999-12-31,True,Bronze,
6656,C01474,Ghita Kettani,45-54,m,Agadir,marketplace,2026-05-08,9999-12-31,True,Bronze,
6657,C00110,Mustapha Sefrioui,35-44,m,Nador,referral,2026-05-08,9999-12-31,True,Bronze,
6658,C07441,Rim Ziani,55-64,f,Tanger,web,2026-05-08,9999-12-31,True,Bronze,
6659,C01253,Salma Amrani,45-54,f,Safi,marketplace,2026-05-08,9999-12-31,True,Bronze,
6660,C06738,Nadia Tazi,35-44,m,Marrakech,social_media,2026-05-08,9999-12-31,True,Bronze,
6661,C05065,Sara Naciri,45-54,m,Casablanca,social_media,2026-05-08,9999-12-31,True,Bronze,
6662,C02598,Imad El Mansouri,55-64,f,Marrakech,marketplace,2026-05-08,9999-12-31,True,Bronze,
6663,C05919,Rachid El Ouazzani,18-24,m,Fès,social_media,2026-05-08,9999-12-31,True,Bronze,
6664,C05881,Omar Bennani,25-34,m,Casablanca,web,2026-05-08,9999-12-31,True,Bronze,
6665,C07537,Rim Rahmouni,45-54,m,Tanger,referral,2026-05-08,9999-12-31,True,Bronze,
6666,C07101,Amine Chraibi,35-44,m,Tanger,referral,2026-05-08,9999-12-31,True,Bronze,
6667,C04817,Youssef Naciri,25-34,f,Casablanca,web,2026-05-08,9999-12-31,True,Bronze,
6668,C05777,Wafae El Mansouri,35-44,f,Rabat,referral,2026-05-08,9999-12-31,True,Bronze,
6669,C07790,Ali Alaoui,35-44,m,Nador,marketplace,2026-05-08,9999-12-31,True,Bronze,
6670,C05231,Said Tazi,45-54,m,Kénitra,web,2026-05-08,9999-12-31,True,Bronze,
6671,C06154,Hind Sefrioui,45-54,m,Marrakech,referral,2026-05-08,9999-12-31,True,Bronze,
6672,C06411,Omar Skalli,55-64,m,Rabat,marketplace,2026-05-08,9999-12-31,True,Bronze,
6673,C07649,Ghita Filali,35-44,m,Marrakech,marketplace,2026-05-08,9999-12-31,True,Bronze,
6674,C06282,Hind Benkirane,65+,f,Kénitra,mobile,2026-05-08,9999-12-31,True,Bronze,
6675,C03010,Said Skalli,45-54,f,Béni Mellal,social_media,2026-05-08,9999-12-31,True,Bronze,
6676,C02917,Meryem El Mansouri,35-44,m,Casablanca,marketplace,2026-05-08,9999-12-31,True,Bronze,
6677,C07948,Ali Filali,25-34,m,Tanger,web,2026-05-08,9999-12-31,True,Bronze,
6678,C02059,Mohamed Bouazza,45-54,m,Agadir,mobile,2026-05-08,9999-12-31,True,Bronze,
6679,C07684,Sara El Amrani,35-44,m,Tanger,social_media,2026-05-08,9999-12-31,True,Bronze,
6680,C06574,Asmae Tazi,45-54,m,Casablanca,web,2026-05-08,9999-12-31,True,Bronze,
6681,C00637,Laila Berrada,65+,m,Oujda,referral,2026-05-08,9999-12-31,True,Bronze,
6682,C04306,Ilham Berrada,25-34,m,Casablanca,mobile,2026-05-08,9999-12-31,True,Bronze,
6683,C07243,Zineb Chraibi,35-44,m,Agadir,social_media,2026-05-08,9999-12-31,True,Bronze,
6684,C04634,Houda Bennani,18-24,f,El Jadida,mobile,2026-05-08,9999-12-31,True,Bronze,
6685,C05248,Meryem El Idrissi,25-34,m,Marrakech,web,2026-05-08,9999-12-31,True,Bronze,
6686,C05590,Hanane Filali,35-44,m,Marrakech,referral,2026-05-08,9999-12-31,True,Bronze,
6687,C00998,Rim Berrada,18-24,m,Tétouan,social_media,2026-05-08,9999-12-31,True,Bronze,
6688,C02803,Dounia Skalli,25-34,m,Kénitra,social_media,2026-05-08,9999-12-31,True,Bronze,
6689,C04137,Zineb Benali,45-54,f,Tétouan,mobile,2026-05-08,9999-12-31,True,Bronze,
6690,C00663,Hanane Bennani,35-44,f,Casablanca,social_media,2026-05-08,9999-12-31,True,Bronze,
6691,C02616,Amine Benjelloun,55-64,m,Marrakech,web,2026-05-08,9999-12-31,True,Bronze,
6692,C04716,Ali El Idrissi,45-54,m,Fès,referral,2026-05-08,9999-12-31,True,Bronze,
6693,C05793,Wafae Bouazza,55-64,m,Mohammedia,social_media,2026-05-08,9999-12-31,True,Bronze,
6694,C06056,Said Skalli,45-54,f,Casablanca,referral,2026-05-08,9999-12-31,True,Bronze,
6695,C05723,Khalid El Idrissi,35-44,f,Tétouan,web,2026-05-08,9999-12-31,True,Bronze,
6696,C07013,Youssef El Idrissi,18-24,m,Tanger,mobile,2026-05-08,9999-12-31,True,Bronze,
6697,C01164,Brahim Kettani,35-44,m,Tétouan,mobile,2026-05-08,9999-12-31,True,Bronze,
6698,C00520,Reda Haddad,45-54,f,Tanger,web,2026-05-08,9999-12-31,True,Bronze,
6699,C06981,Mehdi Tazi,18-24,m,El Jadida,marketplace,2026-05-08,9999-12-31,True,Bronze,
6700,C00106,Nawal Lahlou,55-64,m,Safi,marketplace,2026-05-08,9999-12-31,True,Bronze,
6701,C00038,Hanane El Ouazzani,35-44,m,Meknès,marketplace,2026-05-08,9999-12-31,True,Bronze,
6702,C07668,Laila Bouazza,45-54,f,Fès,mobile,2026-05-08,9999-12-31,True,Bronze,
6703,C05428,Hamza Haddad,35-44,f,Kénitra,social_media,2026-05-08,9999-12-31,True,Bronze,
6704,C00854,Asmae Benali,55-64,m,Fès,social_media,2026-05-08,9999-12-31,True,Bronze,
6705,C04244,Asmae Kettani,25-34,m,Agadir,marketplace,2026-05-08,9999-12-31,True,Bronze,
6706,C01899,Soufiane Skalli,55-64,m,Safi,marketplace,2026-05-08,9999-12-31,True,Bronze,
6707,C04452,Reda Tahiri,25-34,f,Meknès,mobile,2026-05-08,9999-12-31,True,Bronze,
6708,C00062,Nabil Bennani,55-64,m,Nador,marketplace,2026-05-08,9999-12-31,True,Bronze,
6709,C01658,Imad El Ouazzani,18-24,m,Nador,mobile,2026-05-08,9999-12-31,True,Bronze,
6710,C05854,Wafae El Amrani,25-34,f,Nador,marketplace,2026-05-08,9999-12-31,True,Bronze,
6711,C00175,Hamza Filali,55-64,f,Tanger,social_media,2026-05-08,9999-12-31,True,Bronze,
6712,C06580,Imad Fassi Fihri,55-64,f,Tétouan,social_media,2026-05-08,9999-12-31,True,Bronze,
6713,C00767,Ali Kettani,25-34,m,Meknès,marketplace,2026-05-08,9999-12-31,True,Bronze,
6714,C02471,Meryem Benali,18-24,m,Tanger,marketplace,2026-05-08,9999-12-31,True,Bronze,
6715,C07173,Samira Bouzid,25-34,f,Tanger,marketplace,2026-05-08,9999-12-31,True,Bronze,
6716,C00923,Khadija Skalli,45-54,f,Fès,social_media,2026-05-08,9999-12-31,True,Bronze,
6717,C04726,Zineb Bennani,55-64,f,Fès,mobile,2026-05-08,9999-12-31,True,Bronze,
6718,C02795,Mustapha Rahmouni,55-64,f,Oujda,referral,2026-05-08,9999-12-31,True,Bronze,
6719,C07670,Meryem Cherkaoui,25-34,m,Fès,social_media,2026-05-08,9999-12-31,True,Bronze,
6720,C05008,Ali Rahmouni,45-54,m,Marrakech,social_media,2026-05-08,9999-12-31,True,Bronze,
6721,C06581,Ahmed Naciri,55-64,m,Nador,mobile,2026-05-08,9999-12-31,True,Bronze,
6722,C05378,Ghita Alaoui,18-24,f,Casablanca,marketplace,2026-05-08,9999-12-31,True,Bronze,
6723,C05379,Rachid Benjelloun,45-54,f,Fès,social_media,2026-05-08,9999-12-31,True,Bronze,
6724,C01898,Zakaria Skalli,45-54,m,Rabat,social_media,2026-05-08,9999-12-31,True,Bronze,
6725,C01496,Ali Ouahbi,35-44,m,Casablanca,marketplace,2026-05-08,9999-12-31,True,Bronze,
6726,C04047,Hamza Benjelloun,55-64,f,Rabat,referral,2026-05-08,9999-12-31,True,Bronze,
6727,C04762,Sara Haddad,25-34,m,Marrakech,marketplace,2026-05-08,9999-12-31,True,Bronze,
6728,C04662,Amina Chraibi,65+,f,Tanger,mobile,2026-05-08,9999-12-31,True,Bronze,
6729,C06155,Houda Benali,35-44,m,El Jadida,mobile,2026-05-08,9999-12-31,True,Bronze,
6730,C05175,Meryem Haddad,45-54,f,Tanger,social_media,2026-05-08,9999-12-31,True,Bronze,
6731,C03580,Salma Kettani,55-64,m,Tanger,marketplace,2026-05-08,9999-12-31,True,Bronze,
6732,C02575,Wafae Filali,35-44,f,Casablanca,social_media,2026-05-08,9999-12-31,True,Bronze,
6733,C06856,Omar Skalli,25-34,f,Safi,mobile,2026-05-08,9999-12-31,True,Bronze,
6734,C00613,Khalid Amrani,25-34,m,Rabat,marketplace,2026-05-08,9999-12-31,True,Bronze,
6735,C02444,Brahim Benkirane,65+,m,Tétouan,social_media,2026-05-08,9999-12-31,True,Bronze,
6736,C00467,Sara Chraibi,25-34,f,Mohammedia,marketplace,2026-05-08,9999-12-31,True,Bronze,
6737,C07634,Khadija Cherkaoui,35-44,m,Casablanca,referral,2026-05-08,9999-12-31,True,Bronze,
6738,C02152,Sanae Benjelloun,25-34,f,Agadir,marketplace,2026-05-08,9999-12-31,True,Bronze,
6739,C02140,Wafae Kettani,55-64,m,Tanger,marketplace,2026-05-08,9999-12-31,True,Bronze,
6740,C02493,Hind Fassi Fihri,55-64,f,Rabat,mobile,2026-05-08,9999-12-31,True,Bronze,
6741,C06224,Samira Lahlou,55-64,m,Tanger,web,2026-05-08,9999-12-31,True,Bronze,
6742,C02182,Hanane Chraibi,45-54,f,Casablanca,web,2026-05-08,9999-12-31,True,Bronze,
6743,C01335,Hanane El Mansouri,18-24,m,Casablanca,social_media,2026-05-08,9999-12-31,True,Bronze,
6744,C02270,Zakaria Skalli,25-34,m,Tétouan,mobile,2026-05-08,9999-12-31,True,Bronze,
6745,C07848,Hamza El Mansouri,55-64,f,Agadir,social_media,2026-05-08,9999-12-31,True,Bronze,
6746,C00995,Karim Amrani,55-64,m,Safi,mobile,2026-05-08,9999-12-31,True,Bronze,
6747,C00323,Fatima Bennani,35-44,m,Rabat,web,2026-05-08,9999-12-31,True,Bronze,
6748,C01133,Hind Lahlou,25-34,f,El Jadida,marketplace,2026-05-08,9999-12-31,True,Bronze,
6749,C02284,Wafae Naciri,35-44,m,Fès,social_media,2026-05-08,9999-12-31,True,Bronze,
6750,C06322,Nadia El Amrani,35-44,f,Nador,referral,2026-05-08,9999-12-31,True,Bronze,
6751,C00208,Khadija Filali,55-64,f,Fès,referral,2026-05-08,9999-12-31,True,Bronze,
6752,C00473,Imad Filali,55-64,m,Mohammedia,mobile,2026-05-08,9999-12-31,True,Bronze,
6753,C00852,Adil Chraibi,25-34,m,Tanger,social_media,2026-05-08,9999-12-31,True,Bronze,
6754,C03484,Rim Naciri,55-64,m,Rabat,web,2026-05-08,9999-12-31,True,Bronze,
6755,C01394,Brahim Kettani,55-64,m,Kénitra,web,2026-05-08,9999-12-31,True,Bronze,
6756,C00227,Nabil Filali,35-44,f,Oujda,referral,2026-05-08,9999-12-31,True,Bronze,
6757,C04687,Driss Alaoui,55-64,m,Nador,social_media,2026-05-08,9999-12-31,True,Bronze,
6758,C02941,Imad Bennani,18-24,m,Tanger,social_media,2026-05-08,9999-12-31,True,Bronze,
6759,C03789,Amine Rahmouni,25-34,f,Meknès,mobile,2026-05-08,9999-12-31,True,Bronze,
6760,C07779,Mohamed Bennani,55-64,m,Marrakech,marketplace,2026-05-08,9999-12-31,True,Bronze,
6761,C00084,Ghita Tazi,25-34,m,Mohammedia,marketplace,2026-05-08,9999-12-31,True,Bronze,
6762,C00223,Asmae Cherkaoui,35-44,m,Marrakech,referral,2026-05-08,9999-12-31,True,Bronze,
6763,C00332,Houda Rahmouni,35-44,m,Tanger,social_media,2026-05-08,9999-12-31,True,Bronze,
6764,C04950,Ghita Bennani,45-54,m,Marrakech,social_media,2026-05-08,9999-12-31,True,Bronze,
6765,C04370,Youssef Bouzid,25-34,f,Agadir,marketplace,2026-05-08,9999-12-31,True,Bronze,
6766,C04951,Fatima Fassi Fihri,25-34,m,Nador,mobile,2026-05-08,9999-12-31,True,Bronze,
6767,C01690,Fatima Benali,55-64,m,Rabat,web,2026-05-08,9999-12-31,True,Bronze,
6768,C04220,Adil Berrada,Non renseigné,m,Agadir,social_media,2026-05-08,9999-12-31,True,Bronze,
6769,C00515,Khadija Sefrioui,55-64,m,Meknès,marketplace,2026-05-08,9999-12-31,True,Bronze,
6770,C00660,Houda Sefrioui,35-44,m,Mohammedia,mobile,2026-05-08,9999-12-31,True,Bronze,
6771,C03694,Dounia Tahiri,45-54,f,Fès,referral,2026-05-08,9999-12-31,True,Bronze,
6772,C05965,Said Benali,45-54,f,Oujda,marketplace,2026-05-08,9999-12-31,True,Bronze,
6773,C07090,Karim Amrani,45-54,m,Marrakech,social_media,2026-05-08,9999-12-31,True,Bronze,
6774,C07445,Reda Haddad,25-34,f,Tétouan,social_media,2026-05-08,9999-12-31,True,Bronze,
6775,C04886,Wafae Ziani,25-34,f,Casablanca,web,2026-05-08,9999-12-31,True,Bronze,
6776,C02218,Mehdi Skalli,25-34,m,Tanger,mobile,2026-05-08,9999-12-31,True,Bronze,
6777,C00514,Amina Naciri,25-34,m,Casablanca,marketplace,2026-05-08,9999-12-31,True,Bronze,
6778,C05354,Laila Bouzid,55-64,f,Casablanca,marketplace,2026-05-08,9999-12-31,True,Bronze,
6779,C07108,Brahim Benali,18-24,m,Kénitra,mobile,2026-05-08,9999-12-31,True,Bronze,
6780,C00600,Said Chraibi,18-24,f,Rabat,marketplace,2026-05-08,9999-12-31,True,Bronze,
6781,C00215,Amine Tahiri,25-34,m,Agadir,referral,2026-05-08,9999-12-31,True,Bronze,
6782,C01411,Imad El Amrani,45-54,f,Casablanca,mobile,2026-05-08,9999-12-31,True,Bronze,
6783,C04034,Ali Lahlou,25-34,f,Nador,mobile,2026-05-08,9999-12-31,True,Bronze,
6784,C01935,Driss Filali,25-34,f,Mohammedia,mobile,2026-05-08,9999-12-31,True,Bronze,
6785,C02725,Said Skalli,35-44,m,Safi,web,2026-05-08,9999-12-31,True,Bronze,
6786,C03812,Ahmed Benali,18-24,m,Nador,marketplace,2026-05-08,9999-12-31,True,Bronze,
6787,C01354,Loubna Haddad,35-44,m,Rabat,social_media,2026-05-08,9999-12-31,True,Bronze,
6788,C01227,Reda Filali,18-24,f,Fès,referral,2026-05-08,9999-12-31,True,Bronze,
6789,C03530,Ahmed Benjelloun,18-24,f,Rabat,social_media,2026-05-08,9999-12-31,True,Bronze,
6790,C00927,Amina El Idrissi,35-44,f,Rabat,marketplace,2026-05-08,9999-12-31,True,Bronze,
6791,C01989,Asmae Skalli,35-44,m,Tanger,marketplace,2026-05-08,9999-12-31,True,Bronze,
6792,C07071,Khalid Filali,45-54,m,Fès,referral,2026-05-08,9999-12-31,True,Bronze,
6793,C07448,Nawal Kettani,35-44,m,Casablanca,social_media,2026-05-08,9999-12-31,True,Bronze,
6794,C03583,Youssef Haddad,55-64,f,Casablanca,referral,2026-05-08,9999-12-31,True,Bronze,
6795,C05138,Nabil Ouahbi,65+,m,Tanger,social_media,2026-05-08,9999-12-31,True,Bronze,
6796,C02183,Fatima Amrani,55-64,m,El Jadida,marketplace,2026-05-08,9999-12-31,True,Bronze,
6797,C05792,Ahmed Tazi,55-64,m,Rabat,web,2026-05-08,9999-12-31,True,Bronze,
6798,C07429,Zineb Chraibi,25-34,f,Nador,web,2026-05-08,9999-12-31,True,Bronze,
6799,C05260,Fatima Bennani,35-44,f,Nador,marketplace,2026-05-08,9999-12-31,True,Bronze,
6800,C07625,Khadija Naciri,45-54,f,Marrakech,social_media,2026-05-08,9999-12-31,True,Bronze,
6801,C07642,Wafae Filali,35-44,m,Meknès,marketplace,2026-05-08,9999-12-31,True,Bronze,
6802,C03441,Laila Rahmouni,18-24,f,Rabat,marketplace,2026-05-08,9999-12-31,True,Bronze,
6803,C02773,Meryem Rahmouni,35-44,f,Oujda,web,2026-05-08,9999-12-31,True,Bronze,
6804,C06798,Ali Amrani,35-44,m,Marrakech,mobile,2026-05-08,9999-12-31,True,Bronze,
6805,C05058,Ghita Rahmouni,25-34,m,Fès,mobile,2026-05-08,9999-12-31,True,Bronze,
6806,C02829,Mustapha Bennani,45-54,m,Tanger,referral,2026-05-08,9999-12-31,True,Bronze,
6807,C06449,Laila Sefrioui,25-34,f,Fès,referral,2026-05-08,9999-12-31,True,Bronze,
6808,C02573,Laila Tahiri,18-24,f,Fès,marketplace,2026-05-08,9999-12-31,True,Bronze,
6809,C07502,Driss Filali,45-54,m,Rabat,referral,2026-05-08,9999-12-31,True,Bronze,
6810,C07761,Khalid Naciri,55-64,f,Kénitra,mobile,2026-05-08,9999-12-31,True,Bronze,
6811,C05187,Adil Benkirane,25-34,m,Rabat,web,2026-05-08,9999-12-31,True,Bronze,
6812,C05833,Loubna Benkirane,55-64,m,Rabat,mobile,2026-05-08,9999-12-31,True,Bronze,
6813,C05769,Hamza Ziani,25-34,f,Nador,marketplace,2026-05-08,9999-12-31,True,Bronze,
6814,C02897,Omar Skalli,55-64,m,Tanger,referral,2026-05-08,9999-12-31,True,Bronze,
6815,C04784,Omar Berrada,18-24,m,Tanger,social_media,2026-05-08,9999-12-31,True,Bronze,
6816,C00189,Soufiane Fassi Fihri,35-44,f,Casablanca,web,2026-05-08,9999-12-31,True,Bronze,
6817,C07715,Adil Sefrioui,35-44,f,Fès,mobile,2026-05-08,9999-12-31,True,Bronze,
6818,C04721,Mohamed Lahlou,25-34,m,Fès,marketplace,2026-05-08,9999-12-31,True,Bronze,
6819,C07449,Mehdi Haddad,45-54,m,Tanger,marketplace,2026-05-08,9999-12-31,True,Bronze,
6820,C00756,Reda Naciri,55-64,f,Tanger,mobile,2026-05-08,9999-12-31,True,Bronze,
6821,C05603,Brahim Naciri,55-64,m,Tanger,web,2026-05-08,9999-12-31,True,Bronze,
6822,C02008,Laila Haddad,35-44,m,Rabat,mobile,2026-05-08,9999-12-31,True,Bronze,
6823,C02632,Laila Tahiri,25-34,f,Mohammedia,web,2026-05-08,9999-12-31,True,Bronze,
6824,C01221,Houda Berrada,65+,f,Agadir,social_media,2026-05-08,9999-12-31,True,Bronze,
6825,C04727,Hanane Sefrioui,55-64,f,Tanger,social_media,2026-05-08,9999-12-31,True,Bronze,
6826,C05821,Wafae Benali,35-44,m,Meknès,referral,2026-05-08,9999-12-31,True,Bronze,
6827,C03606,Omar El Idrissi,45-54,m,Nador,social_media,2026-05-08,9999-12-31,True,Bronze,
6828,C00303,Hanane Ziani,25-34,m,Tétouan,web,2026-05-08,9999-12-31,True,Bronze,
6829,C02019,Reda Sefrioui,25-34,m,El Jadida,mobile,2026-05-08,9999-12-31,True,Bronze,
6830,C05962,Karim Haddad,18-24,f,Casablanca,web,2026-05-08,9999-12-31,True,Bronze,
6831,C05361,Reda Tahiri,35-44,m,Rabat,referral,2026-05-08,9999-12-31,True,Bronze,
6832,C00614,Ilham El Idrissi,18-24,m,Safi,mobile,2026-05-08,9999-12-31,True,Bronze,
6833,C03315,Zineb Bennani,35-44,m,Safi,mobile,2026-05-08,9999-12-31,True,Bronze,
6834,C00028,Adil Skalli,25-34,m,El Jadida,marketplace,2026-05-08,9999-12-31,True,Bronze,
6835,C03500,Rachid Kettani,18-24,m,Casablanca,referral,2026-05-08,9999-12-31,True,Bronze,
6836,C04363,Reda Amrani,35-44,f,Tanger,social_media,2026-05-08,9999-12-31,True,Bronze,
6837,C02025,Driss Chraibi,25-34,m,Kénitra,web,2026-05-08,9999-12-31,True,Bronze,
6838,C06338,Youssef Berrada,35-44,f,Rabat,web,2026-05-08,9999-12-31,True,Bronze,
6839,C05258,Wafae Benkirane,18-24,f,Tanger,web,2026-05-08,9999-12-31,True,Bronze,
6840,C06084,Loubna Naciri,25-34,m,Marrakech,web,2026-05-08,9999-12-31,True,Bronze,
6841,C00385,Amina Tazi,25-34,m,Casablanca,social_media,2026-05-08,9999-12-31,True,Bronze,
6842,C00274,Imad Berrada,55-64,m,Tanger,web,2026-05-08,9999-12-31,True,Bronze,
6843,C05366,Driss Tahiri,35-44,f,Tétouan,marketplace,2026-05-08,9999-12-31,True,Bronze,
6844,C05750,Wafae Berrada,45-54,f,Marrakech,mobile,2026-05-08,9999-12-31,True,Bronze,
6845,C04964,Khadija Alaoui,55-64,f,Fès,referral,2026-05-08,9999-12-31,True,Bronze,
6846,C05237,Said Tahiri,55-64,m,Marrakech,referral,2026-05-08,9999-12-31,True,Bronze,
6847,C05942,Soufiane Fassi Fihri,55-64,f,Tanger,social_media,2026-05-08,9999-12-31,True,Bronze,
6848,C04424,Karim Bouzid,25-34,f,Rabat,referral,2026-05-08,9999-12-31,True,Bronze,
6849,C04142,Zineb Benali,35-44,m,Tanger,social_media,2026-05-08,9999-12-31,True,Bronze,
6850,C00985,Soufiane Tahiri,35-44,f,Rabat,mobile,2026-05-08,9999-12-31,True,Bronze,
6851,C03012,Nadia Filali,25-34,m,Marrakech,marketplace,2026-05-08,9999-12-31,True,Bronze,
6852,C04380,Rim Chraibi,18-24,f,Kénitra,mobile,2026-05-08,9999-12-31,True,Bronze,
6853,C01821,Rachid Amrani,55-64,f,Safi,marketplace,2026-05-08,9999-12-31,True,Bronze,
6854,C02945,Nabil Haddad,55-64,f,Casablanca,marketplace,2026-05-08,9999-12-31,True,Bronze,
6855,C02130,Hassan Benkirane,25-34,m,Tanger,marketplace,2026-05-08,9999-12-31,True,Bronze,
6856,C05429,Zakaria Tahiri,18-24,f,Tanger,referral,2026-05-08,9999-12-31,True,Bronze,
6857,C03949,Youssef Lahlou,45-54,m,Fès,web,2026-05-08,9999-12-31,True,Bronze,
6858,C03354,Driss Cherkaoui,25-34,f,Fès,social_media,2026-05-08,9999-12-31,True,Bronze,
6859,C01254,Youssef Bennani,25-34,m,El Jadida,social_media,2026-05-08,9999-12-31,True,Bronze,
6860,C02940,Imad El Ouazzani,35-44,m,Meknès,social_media,2026-05-08,9999-12-31,True,Bronze,
6861,C02494,Mehdi Fassi Fihri,35-44,m,Tanger,referral,2026-05-08,9999-12-31,True,Bronze,
6862,C06951,Driss Chraibi,25-34,f,Tanger,referral,2026-05-08,9999-12-31,True,Bronze,
6863,C03815,Omar Benjelloun,55-64,f,Béni Mellal,web,2026-05-08,9999-12-31,True,Bronze,
6864,C04029,Ghita Ouahbi,25-34,m,Rabat,marketplace,2026-05-08,9999-12-31,True,Bronze,
6865,C00647,Dounia Lahlou,35-44,m,El Jadida,mobile,2026-05-08,9999-12-31,True,Bronze,
6866,C00475,Houda Bennani,25-34,m,Safi,social_media,2026-05-08,9999-12-31,True,Bronze,
6867,C06773,Hassan Fassi Fihri,45-54,m,Tanger,marketplace,2026-05-08,9999-12-31,True,Bronze,
6868,C00976,Rim Cherkaoui,45-54,m,Mohammedia,web,2026-05-08,9999-12-31,True,Bronze,
6869,C03489,Youssef Lahlou,18-24,m,Nador,mobile,2026-05-08,9999-12-31,True,Bronze,
6870,C04143,Nabil Rahmouni,35-44,m,El Jadida,mobile,2026-05-08,9999-12-31,True,Bronze,
6871,C00161,Nawal Benjelloun,35-44,f,Fès,social_media,2026-05-08,9999-12-31,True,Bronze,
6872,C07786,Mohamed Skalli,25-34,m,Agadir,mobile,2026-05-08,9999-12-31,True,Bronze,
6873,C04422,Ahmed Benjelloun,45-54,m,Fès,marketplace,2026-05-08,9999-12-31,True,Bronze,
6874,C06193,Rachid Benjelloun,55-64,m,Rabat,social_media,2026-05-08,9999-12-31,True,Bronze,
6875,C07121,Driss Benali,45-54,f,Rabat,social_media,2026-05-08,9999-12-31,True,Bronze,
6876,C02114,Sanae Ouahbi,18-24,f,Fès,social_media,2026-05-08,9999-12-31,True,Bronze,
6877,C02208,Sanae El Amrani,35-44,m,Fès,web,2026-05-08,9999-12-31,True,Bronze,
6878,C04025,Hassan El Amrani,25-34,f,Fès,marketplace,2026-05-08,9999-12-31,True,Bronze,
6879,C07538,Fatima Tahiri,18-24,m,Marrakech,referral,2026-05-08,9999-12-31,True,Bronze,
6880,C03381,Zineb Filali,55-64,m,Tanger,mobile,2026-05-08,9999-12-31,True,Bronze,
6881,C06153,Omar Benkirane,55-64,m,Tétouan,mobile,2026-05-08,9999-12-31,True,Bronze,
6882,C07543,Omar El Amrani,25-34,m,Meknès,referral,2026-05-08,9999-12-31,True,Bronze,
6883,C04242,Ilham El Ouazzani,45-54,m,Tanger,referral,2026-05-08,9999-12-31,True,Bronze,
6884,C07935,Youssef Naciri,18-24,m,Tanger,social_media,2026-05-08,9999-12-31,True,Bronze,
6885,C04446,Meryem Amrani,55-64,m,Casablanca,marketplace,2026-05-08,9999-12-31,True,Bronze,
6886,C05572,Dounia El Ouazzani,35-44,m,Casablanca,marketplace,2026-05-08,9999-12-31,True,Bronze,
6887,C05181,Mehdi Haddad,25-34,m,Fès,marketplace,2026-05-08,9999-12-31,True,Bronze,
6888,C04111,Brahim Ziani,45-54,m,Fès,mobile,2026-05-08,9999-12-31,True,Bronze,
6889,C00657,Mohamed Filali,25-34,m,Kénitra,marketplace,2026-05-08,9999-12-31,True,Bronze,
6890,C06624,Sanae Kettani,55-64,m,Kénitra,referral,2026-05-08,9999-12-31,True,Bronze,
6891,C03845,Fatima Ziani,25-34,m,Meknès,referral,2026-05-08,9999-12-31,True,Bronze,
6892,C06050,Nadia Rahmouni,55-64,m,Marrakech,web,2026-05-08,9999-12-31,True,Bronze,
6893,C05316,Salma Haddad,45-54,m,Casablanca,mobile,2026-05-08,9999-12-31,True,Bronze,
6894,C04525,Ghita Chraibi,18-24,f,Marrakech,social_media,2026-05-08,9999-12-31,True,Bronze,
6895,C03517,Reda Sefrioui,35-44,m,Tanger,marketplace,2026-05-08,9999-12-31,True,Bronze,
6896,C00707,Sanae Benjelloun,25-34,f,Meknès,referral,2026-05-08,9999-12-31,True,Bronze,
6897,C06984,Khalid Benali,35-44,m,Tanger,social_media,2026-05-08,9999-12-31,True,Bronze,
6898,C04995,Adil Haddad,18-24,m,Tanger,web,2026-05-08,9999-12-31,True,Bronze,
6899,C02210,Sanae Filali,25-34,m,Fès,web,2026-05-08,9999-12-31,True,Bronze,
6900,C07273,Asmae El Idrissi,35-44,m,Safi,mobile,2026-05-08,9999-12-31,True,Bronze,
6901,C00571,Mehdi El Ouazzani,45-54,f,Safi,referral,2026-05-08,9999-12-31,True,Bronze,
6902,C07262,Ali Bouzid,45-54,m,El Jadida,web,2026-05-08,9999-12-31,True,Bronze,
6903,C06119,Khalid Skalli,55-64,f,Fès,marketplace,2026-05-08,9999-12-31,True,Bronze,
6904,C05157,Reda Fassi Fihri,25-34,m,Fès,web,2026-05-08,9999-12-31,True,Bronze,
6905,C00781,Houda Sefrioui,35-44,f,Casablanca,social_media,2026-05-08,9999-12-31,True,Bronze,
6906,C00877,Amine Sefrioui,45-54,m,Kénitra,marketplace,2026-05-08,9999-12-31,True,Bronze,
6907,C05286,Hassan Bennani,35-44,f,Oujda,web,2026-05-08,9999-12-31,True,Bronze,
6908,C07477,Karim El Idrissi,35-44,m,Marrakech,web,2026-05-08,9999-12-31,True,Bronze,
6909,C06227,Ghita Naciri,35-44,m,Rabat,marketplace,2026-05-08,9999-12-31,True,Bronze,
6910,C05475,Hassan Benjelloun,18-24,m,Agadir,mobile,2026-05-08,9999-12-31,True,Bronze,
6911,C01463,Brahim Lahlou,25-34,m,Fès,social_media,2026-05-08,9999-12-31,True,Bronze,
6912,C04186,Mehdi Fassi Fihri,55-64,m,Tanger,mobile,2026-05-08,9999-12-31,True,Bronze,
6913,C00835,Hamza Lahlou,25-34,m,El Jadida,social_media,2026-05-08,9999-12-31,True,Bronze,
6914,C01943,Samira Benkirane,25-34,m,Tanger,social_media,2026-05-08,9999-12-31,True,Bronze,
6915,C00898,Zakaria Alaoui,55-64,m,Tanger,mobile,2026-05-08,9999-12-31,True,Bronze,
6916,C02438,Rachid Fassi Fihri,18-24,f,Tétouan,mobile,2026-05-08,9999-12-31,True,Bronze,
6917,C00592,Omar Ouahbi,55-64,m,Fès,web,2026-05-08,9999-12-31,True,Bronze,
6918,C02641,Nawal Chraibi,45-54,m,Casablanca,social_media,2026-05-08,9999-12-31,True,Bronze,
6919,C03318,Houda Benkirane,35-44,m,Fès,referral,2026-05-08,9999-12-31,True,Bronze,
6920,C03030,Khalid Rahmouni,18-24,m,Mohammedia,mobile,2026-05-08,9999-12-31,True,Bronze,
6921,C02111,Imad Berrada,25-34,f,Nador,mobile,2026-05-08,9999-12-31,True,Bronze,
6922,C03271,Asmae Alaoui,45-54,m,Casablanca,web,2026-05-08,9999-12-31,True,Bronze,
6923,C03987,Ahmed Naciri,35-44,m,Fès,web,2026-05-08,9999-12-31,True,Bronze,
6924,C01395,Salma Bennani,35-44,m,Rabat,social_media,2026-05-08,9999-12-31,True,Bronze,
6925,C01160,Khalid Bouzid,55-64,f,Rabat,referral,2026-05-08,9999-12-31,True,Bronze,
6926,C04259,Reda Berrada,35-44,f,Rabat,referral,2026-05-08,9999-12-31,True,Bronze,
6927,C01893,Amine Chraibi,18-24,m,Marrakech,social_media,2026-05-08,9999-12-31,True,Bronze,
6928,C07583,Said Cherkaoui,45-54,m,Oujda,marketplace,2026-05-08,9999-12-31,True,Bronze,
6929,C04560,Sara Benali,55-64,m,Kénitra,web,2026-05-08,9999-12-31,True,Bronze,
6930,C02034,Zineb Benkirane,25-34,f,Mohammedia,social_media,2026-05-08,9999-12-31,True,Bronze,
6931,C02085,Ilham Fassi Fihri,35-44,m,Fès,social_media,2026-05-08,9999-12-31,True,Bronze,
6932,C07513,Karim Berrada,25-34,f,Fès,referral,2026-05-08,9999-12-31,True,Bronze,
6933,C01945,Mehdi Filali,18-24,m,Tanger,web,2026-05-08,9999-12-31,True,Bronze,
6934,C05734,Reda Rahmouni,65+,m,Oujda,mobile,2026-05-08,9999-12-31,True,Bronze,
6935,C01599,Khalid Lahlou,55-64,m,Fès,mobile,2026-05-08,9999-12-31,True,Bronze,
6936,C04689,Zakaria Bennani,25-34,m,Nador,social_media,2026-05-08,9999-12-31,True,Bronze,
6937,C00379,Samira Benkirane,35-44,f,Rabat,web,2026-05-08,9999-12-31,True,Bronze,
6938,C00479,Driss Bouzid,55-64,m,Tanger,mobile,2026-05-08,9999-12-31,True,Bronze,
6939,C05300,Ahmed Skalli,25-34,m,Tanger,referral,2026-05-08,9999-12-31,True,Bronze,
6940,C06455,Amina Kettani,35-44,f,Casablanca,web,2026-05-08,9999-12-31,True,Bronze,
6941,C01845,Nabil Chraibi,35-44,m,Tanger,marketplace,2026-05-08,9999-12-31,True,Bronze,
6942,C07354,Sara Ziani,35-44,m,Béni Mellal,social_media,2026-05-08,9999-12-31,True,Bronze,
6943,C02088,Nadia Amrani,35-44,f,Béni Mellal,web,2026-05-08,9999-12-31,True,Bronze,
6944,C01177,Samira Amrani,25-34,f,Casablanca,referral,2026-05-08,9999-12-31,True,Bronze,
6945,C02909,Laila Amrani,55-64,f,Kénitra,mobile,2026-05-08,9999-12-31,True,Bronze,
6946,C07627,Adil Chraibi,55-64,m,Marrakech,mobile,2026-05-08,9999-12-31,True,Bronze,
6947,C02544,Adil Alaoui,45-54,m,Marrakech,web,2026-05-08,9999-12-31,True,Bronze,
6948,C05492,Khalid Naciri,25-34,f,Casablanca,referral,2026-05-08,9999-12-31,True,Bronze,
6949,C00146,Nadia Bouzid,45-54,f,Tanger,social_media,2026-05-08,9999-12-31,True,Bronze,
6950,C07776,Omar Naciri,18-24,m,Rabat,marketplace,2026-05-08,9999-12-31,True,Bronze,
6951,C04542,Driss El Ouazzani,18-24,m,Rabat,social_media,2026-05-08,9999-12-31,True,Bronze,
6952,C04663,Amine Berrada,45-54,m,Tanger,marketplace,2026-05-08,9999-12-31,True,Bronze,
6953,C00842,Sara Skalli,35-44,m,Marrakech,mobile,2026-05-08,9999-12-31,True,Bronze,
6954,C06110,Reda Skalli,Non renseigné,m,Marrakech,referral,2026-05-08,9999-12-31,True,Bronze,
6955,C04255,Fatima Bennani,35-44,m,Tanger,web,2026-05-08,9999-12-31,True,Bronze,
6956,C02936,Khadija Benjelloun,45-54,f,Rabat,marketplace,2026-05-08,9999-12-31,True,Bronze,
6957,C06090,Zineb Berrada,35-44,f,Mohammedia,social_media,2026-05-08,9999-12-31,True,Bronze,
6958,C05534,Dounia Fassi Fihri,45-54,m,Marrakech,marketplace,2026-05-08,9999-12-31,True,Bronze,
6959,C05228,Adil Sefrioui,45-54,m,Fès,referral,2026-05-08,9999-12-31,True,Bronze,
6960,C06493,Laila Rahmouni,35-44,m,Marrakech,marketplace,2026-05-08,9999-12-31,True,Bronze,
6961,C07736,Hamza Bennani,25-34,m,Béni Mellal,mobile,2026-05-08,9999-12-31,True,Bronze,
6962,C02681,Hassan Sefrioui,35-44,m,Tanger,marketplace,2026-05-08,9999-12-31,True,Bronze,
6963,C06802,Brahim Benkirane,55-64,f,Fès,web,2026-05-08,9999-12-31,True,Bronze,
6964,C04657,Youssef Rahmouni,25-34,m,El Jadida,web,2026-05-08,9999-12-31,True,Bronze,
6965,C00819,Nabil Haddad,45-54,f,Kénitra,referral,2026-05-08,9999-12-31,True,Bronze,
6966,C00164,Asmae El Amrani,35-44,f,Fès,referral,2026-05-08,9999-12-31,True,Bronze,
6967,C05113,Soufiane Berrada,18-24,f,Casablanca,referral,2026-05-08,9999-12-31,True,Bronze,
6968,C02289,Khadija El Mansouri,45-54,f,Casablanca,mobile,2026-05-08,9999-12-31,True,Bronze,
6969,C00802,Said Skalli,55-64,f,Tanger,social_media,2026-05-08,9999-12-31,True,Bronze,
6970,C00388,Soufiane El Amrani,65+,f,Fès,social_media,2026-05-08,9999-12-31,True,Bronze,
6971,C05762,Hassan Tazi,45-54,m,Tanger,referral,2026-05-08,9999-12-31,True,Bronze,
6972,C02179,Ali Haddad,25-34,f,Tanger,social_media,2026-05-08,9999-12-31,True,Bronze,
6973,C01493,Mehdi Tahiri,25-34,m,Casablanca,marketplace,2026-05-08,9999-12-31,True,Bronze,
6974,C06294,Wafae Lahlou,45-54,f,Rabat,marketplace,2026-05-08,9999-12-31,True,Bronze,
6975,C06238,Asmae Filali,55-64,m,Tanger,social_media,2026-05-08,9999-12-31,True,Bronze,
6976,C07085,Soufiane Kettani,25-34,f,Rabat,mobile,2026-05-08,9999-12-31,True,Bronze,
6977,C02381,Nadia Sefrioui,25-34,f,Casablanca,mobile,2026-05-08,9999-12-31,True,Bronze,
6978,C06943,Amine Benali,55-64,f,Agadir,marketplace,2026-05-08,9999-12-31,True,Bronze,
6979,C02724,Mustapha El Ouazzani,35-44,f,Fès,social_media,2026-05-08,9999-12-31,True,Bronze,
6980,C06132,Khadija Bouzid,25-34,f,Safi,marketplace,2026-05-08,9999-12-31,True,Bronze,
6981,C03988,Reda Tazi,55-64,f,Casablanca,referral,2026-05-08,9999-12-31,True,Bronze,
6982,C01062,Ahmed El Idrissi,55-64,m,Béni Mellal,mobile,2026-05-08,9999-12-31,True,Bronze,
6983,C05655,Zakaria Skalli,45-54,m,Tanger,mobile,2026-05-08,9999-12-31,True,Bronze,
6984,C06686,Adil Amrani,45-54,m,Tanger,mobile,2026-05-08,9999-12-31,True,Bronze,
6985,C05552,Said Ouahbi,18-24,f,Fès,social_media,2026-05-08,9999-12-31,True,Bronze,
6986,C04196,Fatima Filali,18-24,m,Casablanca,marketplace,2026-05-08,9999-12-31,True,Bronze,
6987,C03774,Said Ziani,35-44,f,Fès,marketplace,2026-05-08,9999-12-31,True,Bronze,
6988,C07511,Ahmed Ziani,45-54,f,Mohammedia,mobile,2026-05-08,9999-12-31,True,Bronze,
6989,C06718,Mehdi Benali,55-64,m,Marrakech,marketplace,2026-05-08,9999-12-31,True,Bronze,
6990,C04387,Dounia Cherkaoui,25-34,m,Tanger,referral,2026-05-08,9999-12-31,True,Bronze,
6991,C04866,Laila Fassi Fihri,25-34,m,Tanger,social_media,2026-05-08,9999-12-31,True,Bronze,
6992,C04513,Samira Alaoui,55-64,m,Nador,web,2026-05-08,9999-12-31,True,Bronze,
6993,C05468,Reda Naciri,35-44,f,Oujda,web,2026-05-08,9999-12-31,True,Bronze,
6994,C07332,Hind Tazi,25-34,f,Fès,mobile,2026-05-08,9999-12-31,True,Bronze,
6995,C07781,Khalid Sefrioui,35-44,m,Kénitra,web,2026-05-08,9999-12-31,True,Bronze,
6996,C06902,Imad Filali,25-34,m,Rabat,mobile,2026-05-08,9999-12-31,True,Bronze,
6997,C06078,Khalid Sefrioui,45-54,f,Tanger,mobile,2026-05-08,9999-12-31,True,Bronze,
6998,C07079,Imad Berrada,55-64,f,Fès,social_media,2026-05-08,9999-12-31,True,Bronze,
6999,C03877,Nawal El Amrani,45-54,f,Tanger,marketplace,2026-05-08,9999-12-31,True,Bronze,
7000,C05042,Loubna Fassi Fihri,25-34,f,Tanger,social_media,2026-05-08,9999-12-31,True,Bronze,
7001,C07034,Omar Benkirane,35-44,m,Tanger,referral,2026-05-08,9999-12-31,True,Bronze,
7002,C01453,Nabil Haddad,18-24,m,Béni Mellal,mobile,2026-05-08,9999-12-31,True,Bronze,
7003,C07499,Soufiane Haddad,18-24,m,Casablanca,web,2026-05-08,9999-12-31,True,Bronze,
7004,C06998,Sara Kettani,45-54,m,Marrakech,web,2026-05-08,9999-12-31,True,Bronze,
7005,C03959,Hind Rahmouni,55-64,m,Tanger,referral,2026-05-08,9999-12-31,True,Bronze,
7006,C06736,Khadija Rahmouni,35-44,f,Tanger,social_media,2026-05-08,9999-12-31,True,Bronze,
7007,C00847,Laila El Mansouri,45-54,f,Tanger,web,2026-05-08,9999-12-31,True,Bronze,
7008,C03491,Soufiane Naciri,55-64,f,Casablanca,web,2026-05-08,9999-12-31,True,Bronze,
7009,C05094,Nawal Tahiri,25-34,f,Rabat,web,2026-05-08,9999-12-31,True,Bronze,
7010,C00099,Ali Amrani,25-34,m,Safi,social_media,2026-05-08,9999-12-31,True,Bronze,
7011,C04754,Brahim Haddad,Non renseigné,f,Oujda,web,2026-05-08,9999-12-31,True,Bronze,
7012,C03047,Adil Cherkaoui,25-34,m,Tanger,social_media,2026-05-08,9999-12-31,True,Bronze,
7013,C02401,Wafae Amrani,35-44,f,Rabat,web,2026-05-08,9999-12-31,True,Bronze,
7014,C04555,Ghita Filali,55-64,m,Casablanca,marketplace,2026-05-08,9999-12-31,True,Bronze,
7015,C02877,Khadija Lahlou,35-44,m,Mohammedia,mobile,2026-05-08,9999-12-31,True,Bronze,
7016,C07991,Hanane Naciri,45-54,f,Tétouan,web,2026-05-08,9999-12-31,True,Bronze,
7017,C06950,Asmae Benali,45-54,m,Casablanca,web,2026-05-08,9999-12-31,True,Bronze,
7018,C06039,Zineb El Mansouri,45-54,m,Agadir,social_media,2026-05-08,9999-12-31,True,Bronze,
7019,C01102,Nadia Fassi Fihri,55-64,f,Kénitra,referral,2026-05-08,9999-12-31,True,Bronze,
7020,C04212,Karim Bouzid,35-44,m,Marrakech,marketplace,2026-05-08,9999-12-31,True,Bronze,
7021,C01635,Laila Fassi Fihri,45-54,m,Casablanca,mobile,2026-05-08,9999-12-31,True,Bronze,
7022,C06828,Imad Lahlou,25-34,f,Casablanca,referral,2026-05-08,9999-12-31,True,Bronze,
7023,C03290,Amine Kettani,18-24,f,Tanger,mobile,2026-05-08,9999-12-31,True,Bronze,
7024,C06252,Nabil Fassi Fihri,35-44,f,Casablanca,referral,2026-05-08,9999-12-31,True,Bronze,
7025,C01071,Wafae Naciri,55-64,m,Marrakech,referral,2026-05-08,9999-12-31,True,Bronze,
7026,C07163,Laila Cherkaoui,18-24,f,Rabat,web,2026-05-08,9999-12-31,True,Bronze,
7027,C05071,Meryem El Mansouri,55-64,m,El Jadida,mobile,2026-05-08,9999-12-31,True,Bronze,
7028,C07551,Khadija Ouahbi,45-54,m,Fès,referral,2026-05-08,9999-12-31,True,Bronze,
7029,C04631,Wafae Skalli,55-64,m,Casablanca,mobile,2026-05-08,9999-12-31,True,Bronze,
7030,C05000,Zineb Cherkaoui,35-44,f,Oujda,referral,2026-05-08,9999-12-31,True,Bronze,
7031,C00257,Mehdi Naciri,55-64,f,Fès,web,2026-05-08,9999-12-31,True,Bronze,
7032,C00407,Driss Amrani,45-54,f,Rabat,mobile,2026-05-08,9999-12-31,True,Bronze,
7033,C05637,Karim Naciri,25-34,f,Tanger,social_media,2026-05-08,9999-12-31,True,Bronze,
7034,C07659,Salma Fassi Fihri,45-54,m,Casablanca,web,2026-05-08,9999-12-31,True,Bronze,
7035,C03470,Amine Ouahbi,45-54,m,Fès,mobile,2026-05-08,9999-12-31,True,Bronze,
7036,C05473,Soufiane Fassi Fihri,35-44,f,Kénitra,marketplace,2026-05-08,9999-12-31,True,Bronze,
7037,C06271,Ahmed Fassi Fihri,55-64,m,Fès,marketplace,2026-05-08,9999-12-31,True,Bronze,
7038,C02606,Adil Fassi Fihri,35-44,m,Casablanca,web,2026-05-08,9999-12-31,True,Bronze,
7039,C01731,Meryem Ziani,45-54,f,Safi,mobile,2026-05-08,9999-12-31,True,Bronze,
7040,C01085,Loubna Ziani,45-54,m,Rabat,marketplace,2026-05-08,9999-12-31,True,Bronze,
7041,C04062,Omar Rahmouni,55-64,m,Marrakech,mobile,2026-05-08,9999-12-31,True,Bronze,
7042,C02525,Said Tahiri,45-54,m,Tanger,mobile,2026-05-08,9999-12-31,True,Bronze,
7043,C07205,Youssef Bouazza,25-34,m,Béni Mellal,web,2026-05-08,9999-12-31,True,Bronze,
7044,C06660,Rachid Berrada,55-64,f,Marrakech,web,2026-05-08,9999-12-31,True,Bronze,
7045,C04360,Amine Cherkaoui,25-34,f,Marrakech,web,2026-05-08,9999-12-31,True,Bronze,
7046,C00947,Karim Bouazza,45-54,m,Fès,mobile,2026-05-08,9999-12-31,True,Bronze,
7047,C07922,Nabil Bouzid,25-34,m,Rabat,social_media,2026-05-08,9999-12-31,True,Bronze,
7048,C05287,Driss Filali,35-44,f,Fès,marketplace,2026-05-08,9999-12-31,True,Bronze,
7049,C03927,Soufiane Bouzid,18-24,m,Tanger,mobile,2026-05-08,9999-12-31,True,Bronze,
7050,C03862,Said Chraibi,Non renseigné,f,Rabat,marketplace,2026-05-08,9999-12-31,True,Bronze,
7051,C02175,Mehdi Benjelloun,45-54,m,Oujda,marketplace,2026-05-08,9999-12-31,True,Bronze,
7052,C06400,Hanane Tahiri,25-34,f,Marrakech,marketplace,2026-05-08,9999-12-31,True,Bronze,
7053,C01243,Amina Chraibi,35-44,m,Béni Mellal,marketplace,2026-05-08,9999-12-31,True,Bronze,
7054,C04456,Reda Bennani,45-54,f,Tanger,web,2026-05-08,9999-12-31,True,Bronze,
7055,C00776,Imad Ziani,35-44,f,Béni Mellal,web,2026-05-08,9999-12-31,True,Bronze,
7056,C07400,Khalid Kettani,35-44,m,Fès,web,2026-05-08,9999-12-31,True,Bronze,
7057,C06974,Khalid Tahiri,35-44,m,Fès,social_media,2026-05-08,9999-12-31,True,Bronze,
7058,C01933,Soufiane Ziani,45-54,f,Casablanca,referral,2026-05-08,9999-12-31,True,Bronze,
7059,C03656,Ahmed Bouzid,45-54,f,El Jadida,referral,2026-05-08,9999-12-31,True,Bronze,
7060,C04294,Hamza Haddad,45-54,m,Fès,referral,2026-05-08,9999-12-31,True,Bronze,
7061,C03851,Ilham El Mansouri,35-44,f,Rabat,referral,2026-05-08,9999-12-31,True,Bronze,
7062,C02522,Ilham Benkirane,35-44,m,Agadir,marketplace,2026-05-08,9999-12-31,True,Bronze,
7063,C04305,Ali Lahlou,25-34,m,Safi,mobile,2026-05-08,9999-12-31,True,Bronze,
7064,C02341,Asmae Fassi Fihri,35-44,m,Tanger,web,2026-05-08,9999-12-31,True,Bronze,
7065,C07281,Adil Rahmouni,55-64,f,Tanger,referral,2026-05-08,9999-12-31,True,Bronze,
7066,C02104,Hamza Benkirane,18-24,f,Béni Mellal,social_media,2026-05-08,9999-12-31,True,Bronze,
7067,C06413,Zineb Benjelloun,25-34,f,Tétouan,mobile,2026-05-08,9999-12-31,True,Bronze,
7068,C05738,Dounia Skalli,45-54,m,Béni Mellal,web,2026-05-08,9999-12-31,True,Bronze,
7069,C05774,Amine Skalli,35-44,f,Rabat,referral,2026-05-08,9999-12-31,True,Bronze,
7070,C02680,Mustapha Kettani,55-64,f,Casablanca,web,2026-05-08,9999-12-31,True,Bronze,
7071,C07564,Reda Cherkaoui,55-64,f,Oujda,marketplace,2026-05-08,9999-12-31,True,Bronze,
7072,C00902,Mustapha Rahmouni,25-34,m,Nador,mobile,2026-05-08,9999-12-31,True,Bronze,
7073,C06551,Youssef Alaoui,55-64,f,Marrakech,referral,2026-05-08,9999-12-31,True,Bronze,
7074,C01206,Zakaria Benali,Non renseigné,m,Casablanca,social_media,2026-05-08,9999-12-31,True,Bronze,
7075,C01556,Mehdi Ziani,25-34,m,Rabat,web,2026-05-08,9999-12-31,True,Bronze,
7076,C01575,Said Naciri,55-64,f,Tanger,marketplace,2026-05-08,9999-12-31,True,Bronze,
7077,C00353,Wafae Haddad,35-44,m,Tanger,referral,2026-05-08,9999-12-31,True,Bronze,
7078,C02985,Omar Cherkaoui,65+,f,Casablanca,referral,2026-05-08,9999-12-31,True,Bronze,
7079,C01425,Hanane El Amrani,55-64,m,Marrakech,marketplace,2026-05-08,9999-12-31,True,Bronze,
7080,C01797,Amine Haddad,55-64,m,Mohammedia,social_media,2026-05-08,9999-12-31,True,Bronze,
7081,C03202,Nabil Berrada,55-64,f,Fès,referral,2026-05-08,9999-12-31,True,Bronze,
7082,C01093,Karim El Ouazzani,18-24,m,Casablanca,marketplace,2026-05-08,9999-12-31,True,Bronze,
7083,C05551,Rachid Filali,55-64,m,Rabat,mobile,2026-05-08,9999-12-31,True,Bronze,
7084,C04233,Ghita Sefrioui,55-64,f,Tanger,web,2026-05-08,9999-12-31,True,Bronze,
7085,C05713,Karim Bouzid,25-34,m,Oujda,social_media,2026-05-08,9999-12-31,True,Bronze,
7086,C01652,Mehdi El Mansouri,65+,m,Casablanca,mobile,2026-05-08,9999-12-31,True,Bronze,
7087,C06822,Nabil Tahiri,55-64,m,Meknès,web,2026-05-08,9999-12-31,True,Bronze,
7088,C05019,Sanae Amrani,55-64,f,Tanger,web,2026-05-08,9999-12-31,True,Bronze,
7089,C06089,Omar El Idrissi,25-34,f,Meknès,web,2026-05-08,9999-12-31,True,Bronze,
7090,C00752,Wafae Bouazza,25-34,m,Tanger,marketplace,2026-05-08,9999-12-31,True,Bronze,
7091,C00426,Sara Benali,25-34,m,Marrakech,marketplace,2026-05-08,9999-12-31,True,Bronze,
7092,C02001,Khadija El Ouazzani,25-34,m,Mohammedia,referral,2026-05-08,9999-12-31,True,Bronze,
7093,C02359,Youssef Benali,25-34,f,Rabat,social_media,2026-05-08,9999-12-31,True,Bronze,
7094,C06642,Ahmed Lahlou,18-24,m,Kénitra,marketplace,2026-05-08,9999-12-31,True,Bronze,
7095,C03995,Youssef Benali,25-34,m,Kénitra,referral,2026-05-08,9999-12-31,True,Bronze,
7096,C02978,Said Filali,45-54,m,Rabat,referral,2026-05-08,9999-12-31,True,Bronze,
7097,C00279,Imad Tazi,55-64,f,Marrakech,mobile,2026-05-08,9999-12-31,True,Bronze,
7098,C03516,Soufiane Alaoui,25-34,m,Safi,referral,2026-05-08,9999-12-31,True,Bronze,
7099,C04801,Youssef El Amrani,45-54,m,Meknès,web,2026-05-08,9999-12-31,True,Bronze,
7100,C00552,Samira Benjelloun,55-64,m,Rabat,web,2026-05-08,9999-12-31,True,Bronze,
7101,C03922,Sanae Sefrioui,55-64,f,Casablanca,marketplace,2026-05-08,9999-12-31,True,Bronze,
7102,C06456,Brahim Haddad,18-24,m,Rabat,marketplace,2026-05-08,9999-12-31,True,Bronze,
7103,C04924,Khadija El Idrissi,25-34,m,Safi,social_media,2026-05-08,9999-12-31,True,Bronze,
7104,C02107,Sanae El Mansouri,18-24,f,Casablanca,web,2026-05-08,9999-12-31,True,Bronze,
7105,C07050,Reda Fassi Fihri,45-54,f,Fès,web,2026-05-08,9999-12-31,True,Bronze,
7106,C05032,Houda Bouazza,45-54,m,Tanger,marketplace,2026-05-08,9999-12-31,True,Bronze,
7107,C02050,Hind Bennani,18-24,m,Rabat,mobile,2026-05-08,9999-12-31,True,Bronze,
7108,C00334,Loubna Berrada,18-24,m,Nador,mobile,2026-05-08,9999-12-31,True,Bronze,
7109,C00716,Fatima Filali,25-34,m,Marrakech,web,2026-05-08,9999-12-31,True,Bronze,
7110,C06427,Mohamed Skalli,25-34,m,Safi,marketplace,2026-05-08,9999-12-31,True,Bronze,
7111,C05030,Adil Bouzid,65+,f,Fès,web,2026-05-08,9999-12-31,True,Bronze,
7112,C01306,Driss Filali,35-44,m,Tanger,referral,2026-05-08,9999-12-31,True,Bronze,
7113,C06151,Driss Ziani,45-54,f,Mohammedia,mobile,2026-05-08,9999-12-31,True,Bronze,
7114,C03594,Soufiane Lahlou,55-64,m,Casablanca,mobile,2026-05-08,9999-12-31,True,Bronze,
7115,C05507,Amina Skalli,55-64,m,Fès,mobile,2026-05-08,9999-12-31,True,Bronze,
7116,C07863,Ghita El Mansouri,45-54,m,Marrakech,mobile,2026-05-08,9999-12-31,True,Bronze,
7117,C02292,Sara Naciri,18-24,f,Agadir,referral,2026-05-08,9999-12-31,True,Bronze,
7118,C04581,Meryem Cherkaoui,35-44,m,Fès,referral,2026-05-08,9999-12-31,True,Bronze,
7119,C06935,Zakaria Benjelloun,25-34,f,Meknès,marketplace,2026-05-08,9999-12-31,True,Bronze,
7120,C01653,Youssef Tahiri,45-54,m,Casablanca,marketplace,2026-05-08,9999-12-31,True,Bronze,
7121,C07557,Karim Ouahbi,55-64,m,Casablanca,marketplace,2026-05-08,9999-12-31,True,Bronze,
7122,C06048,Brahim Benali,35-44,m,Tétouan,referral,2026-05-08,9999-12-31,True,Bronze,
7123,C04307,Youssef Skalli,25-34,m,Fès,social_media,2026-05-08,9999-12-31,True,Bronze,
7124,C07287,Hassan Benali,55-64,m,Casablanca,mobile,2026-05-08,9999-12-31,True,Bronze,
7125,C05410,Youssef Naciri,25-34,m,Meknès,web,2026-05-08,9999-12-31,True,Bronze,
7126,C03261,Rachid Rahmouni,35-44,f,Fès,social_media,2026-05-08,9999-12-31,True,Bronze,
7127,C02092,Meryem Naciri,18-24,m,Tanger,referral,2026-05-08,9999-12-31,True,Bronze,
7128,C04666,Wafae Tahiri,35-44,f,Nador,social_media,2026-05-08,9999-12-31,True,Bronze,
7129,C01728,Rim Benkirane,18-24,m,Fès,mobile,2026-05-08,9999-12-31,True,Bronze,
7130,C02420,Karim Haddad,45-54,f,Oujda,marketplace,2026-05-08,9999-12-31,True,Bronze,
7131,C07018,Brahim El Mansouri,35-44,f,Béni Mellal,web,2026-05-08,9999-12-31,True,Bronze,
7132,C04329,Said Lahlou,Non renseigné,f,Fès,social_media,2026-05-08,9999-12-31,True,Bronze,
7133,C01541,Zakaria Fassi Fihri,55-64,m,Casablanca,referral,2026-05-08,9999-12-31,True,Bronze,
7134,C01195,Ahmed Kettani,25-34,f,Casablanca,social_media,2026-05-08,9999-12-31,True,Bronze,
7135,C07836,Asmae Bouazza,35-44,f,Marrakech,marketplace,2026-05-08,9999-12-31,True,Bronze,
7136,C07406,Reda Alaoui,45-54,f,Safi,referral,2026-05-08,9999-12-31,True,Bronze,
7137,C01199,Sara Naciri,55-64,m,Béni Mellal,social_media,2026-05-08,9999-12-31,True,Bronze,
7138,C01812,Zineb Lahlou,45-54,m,Fès,mobile,2026-05-08,9999-12-31,True,Bronze,
7139,C01857,Zakaria Lahlou,55-64,f,Nador,marketplace,2026-05-08,9999-12-31,True,Bronze,
7140,C06461,Soufiane Fassi Fihri,55-64,f,Tanger,web,2026-05-08,9999-12-31,True,Bronze,
7141,C06451,Driss El Idrissi,25-34,m,Safi,web,2026-05-08,9999-12-31,True,Bronze,
7142,C06972,Omar Bennani,45-54,m,Safi,marketplace,2026-05-08,9999-12-31,True,Bronze,
7143,C04361,Brahim Ziani,18-24,f,Rabat,web,2026-05-08,9999-12-31,True,Bronze,
7144,C04390,Imad Tahiri,25-34,f,Rabat,marketplace,2026-05-08,9999-12-31,True,Bronze,
7145,C06757,Zakaria Rahmouni,18-24,m,Marrakech,mobile,2026-05-08,9999-12-31,True,Bronze,
7146,C00080,Mehdi Filali,25-34,m,Agadir,marketplace,2026-05-08,9999-12-31,True,Bronze,
7147,C05389,Wafae Ziani,45-54,m,Fès,social_media,2026-05-08,9999-12-31,True,Bronze,
7148,C04402,Sara Bouazza,25-34,f,Rabat,social_media,2026-05-08,9999-12-31,True,Bronze,
7149,C07825,Asmae El Ouazzani,Non renseigné,m,Fès,web,2026-05-08,9999-12-31,True,Bronze,
7150,C04457,Adil Benali,45-54,m,Marrakech,social_media,2026-05-08,9999-12-31,True,Bronze,
7151,C07711,Nabil Bennani,18-24,m,Marrakech,web,2026-05-08,9999-12-31,True,Bronze,
7152,C02665,Hassan Chraibi,18-24,f,Fès,social_media,2026-05-08,9999-12-31,True,Bronze,
7153,C04454,Karim Sefrioui,18-24,f,Tétouan,marketplace,2026-05-08,9999-12-31,True,Bronze,
7154,C04896,Sanae Alaoui,25-34,m,Mohammedia,marketplace,2026-05-08,9999-12-31,True,Bronze,
7155,C05760,Hassan Skalli,45-54,f,Tanger,social_media,2026-05-08,9999-12-31,True,Bronze,
7156,C06133,Reda Kettani,35-44,f,Marrakech,marketplace,2026-05-08,9999-12-31,True,Bronze,
7157,C02308,Ahmed Sefrioui,25-34,m,Fès,mobile,2026-05-08,9999-12-31,True,Bronze,
7158,C07150,Youssef Benkirane,55-64,m,Tanger,marketplace,2026-05-08,9999-12-31,True,Bronze,
7159,C00359,Sanae Rahmouni,35-44,m,Casablanca,referral,2026-05-08,9999-12-31,True,Bronze,
7160,C06027,Hassan Bennani,25-34,m,Fès,mobile,2026-05-08,9999-12-31,True,Bronze,
7161,C01788,Said Bennani,45-54,m,Rabat,marketplace,2026-05-08,9999-12-31,True,Bronze,
7162,C00242,Omar Cherkaoui,35-44,m,Casablanca,web,2026-05-08,9999-12-31,True,Bronze,
7163,C01809,Nadia Kettani,18-24,m,Oujda,referral,2026-05-08,9999-12-31,True,Bronze,
7164,C07373,Hassan Sefrioui,25-34,f,Marrakech,social_media,2026-05-08,9999-12-31,True,Bronze,
7165,C01191,Reda Naciri,55-64,m,Tétouan,web,2026-05-08,9999-12-31,True,Bronze,
7166,C06167,Dounia Benjelloun,18-24,f,Fès,marketplace,2026-05-08,9999-12-31,True,Bronze,
7167,C07352,Samira Benkirane,55-64,f,Mohammedia,web,2026-05-08,9999-12-31,True,Bronze,
7168,C06695,Nawal Skalli,45-54,m,Casablanca,mobile,2026-05-08,9999-12-31,True,Bronze,
7169,C06420,Zakaria El Amrani,18-24,m,Marrakech,social_media,2026-05-08,9999-12-31,True,Bronze,
7170,C01013,Zakaria Lahlou,45-54,m,Safi,social_media,2026-05-08,9999-12-31,True,Bronze,
7171,C06599,Imad Benjelloun,55-64,m,El Jadida,web,2026-05-08,9999-12-31,True,Bronze,
7172,C03939,Rachid Ziani,35-44,f,Meknès,marketplace,2026-05-08,9999-12-31,True,Bronze,
7173,C05436,Rachid Alaoui,45-54,m,Fès,referral,2026-05-08,9999-12-31,True,Bronze,
7174,C01538,Mustapha Ouahbi,55-64,m,Casablanca,social_media,2026-05-08,9999-12-31,True,Bronze,
7175,C07204,Loubna Tahiri,55-64,m,Agadir,web,2026-05-08,9999-12-31,True,Bronze,
7176,C07809,Hanane Berrada,Non renseigné,m,Marrakech,social_media,2026-05-08,9999-12-31,True,Bronze,
7177,C04026,Amine El Mansouri,55-64,f,Meknès,marketplace,2026-05-08,9999-12-31,True,Bronze,
7178,C01648,Amine El Idrissi,45-54,m,Marrakech,web,2026-05-08,9999-12-31,True,Bronze,
7179,C00531,Imad Bouzid,25-34,f,Oujda,referral,2026-05-08,9999-12-31,True,Bronze,
7180,C03761,Ahmed El Amrani,35-44,m,Tanger,social_media,2026-05-08,9999-12-31,True,Bronze,
7181,C05830,Amine Bennani,65+,f,Safi,referral,2026-05-08,9999-12-31,True,Bronze,
7182,C06525,Amina El Idrissi,18-24,m,Oujda,marketplace,2026-05-08,9999-12-31,True,Bronze,
7183,C04461,Zakaria Fassi Fihri,55-64,m,Tétouan,web,2026-05-08,9999-12-31,True,Bronze,
7184,C00799,Brahim Lahlou,25-34,f,Agadir,marketplace,2026-05-08,9999-12-31,True,Bronze,
7185,C05323,Houda Fassi Fihri,25-34,m,Tanger,web,2026-05-08,9999-12-31,True,Bronze,
7186,C01508,Laila Chraibi,55-64,f,Tanger,marketplace,2026-05-08,9999-12-31,True,Bronze,
7187,C05832,Ghita Rahmouni,45-54,m,Mohammedia,social_media,2026-05-08,9999-12-31,True,Bronze,
7188,C03244,Khalid Fassi Fihri,Non renseigné,f,Tétouan,social_media,2026-05-08,9999-12-31,True,Bronze,
7189,C00268,Mehdi Filali,Non renseigné,m,Casablanca,marketplace,2026-05-08,9999-12-31,True,Bronze,
7190,C07171,Reda Haddad,45-54,m,Safi,mobile,2026-05-08,9999-12-31,True,Bronze,
7191,C02891,Adil Ziani,55-64,m,Béni Mellal,mobile,2026-05-08,9999-12-31,True,Bronze,
7192,C00532,Ahmed Berrada,18-24,m,Marrakech,social_media,2026-05-08,9999-12-31,True,Bronze,
7193,C03452,Youssef Cherkaoui,55-64,m,Marrakech,web,2026-05-08,9999-12-31,True,Bronze,
7194,C02159,Hanane El Idrissi,25-34,f,Rabat,web,2026-05-08,9999-12-31,True,Bronze,
7195,C04028,Soufiane Sefrioui,25-34,f,Safi,web,2026-05-08,9999-12-31,True,Bronze,
7196,C04313,Ali Ouahbi,55-64,m,Fès,social_media,2026-05-08,9999-12-31,True,Bronze,
7197,C01325,Youssef El Mansouri,55-64,f,Marrakech,social_media,2026-05-08,9999-12-31,True,Bronze,
7198,C05537,Houda Bouzid,25-34,m,Tanger,marketplace,2026-05-08,9999-12-31,True,Bronze,
7199,C07493,Said Alaoui,55-64,f,Marrakech,social_media,2026-05-08,9999-12-31,True,Bronze,
7200,C07329,Sara Rahmouni,45-54,m,Casablanca,marketplace,2026-05-08,9999-12-31,True,Bronze,
7201,C07268,Ahmed Ziani,65+,m,Fès,marketplace,2026-05-08,9999-12-31,True,Bronze,
7202,C02682,Mohamed Filali,25-34,m,Fès,social_media,2026-05-08,9999-12-31,True,Bronze,
7203,C00240,Ali Alaoui,55-64,f,Fès,web,2026-05-08,9999-12-31,True,Bronze,
7204,C02024,Sanae Berrada,25-34,m,Casablanca,mobile,2026-05-08,9999-12-31,True,Bronze,
7205,C02431,Ali Bouzid,35-44,f,Tanger,web,2026-05-08,9999-12-31,True,Bronze,
7206,C04804,Amina Benali,18-24,f,Meknès,social_media,2026-05-08,9999-12-31,True,Bronze,
7207,C04717,Brahim Ziani,18-24,f,Tétouan,marketplace,2026-05-08,9999-12-31,True,Bronze,
7208,C00758,Asmae El Mansouri,55-64,f,Fès,social_media,2026-05-08,9999-12-31,True,Bronze,
7209,C01552,Mustapha Bouazza,18-24,m,Tanger,marketplace,2026-05-08,9999-12-31,True,Bronze,
7210,C07855,Zakaria Sefrioui,55-64,f,Rabat,social_media,2026-05-08,9999-12-31,True,Bronze,
7211,C03314,Khalid Benjelloun,18-24,m,Marrakech,social_media,2026-05-08,9999-12-31,True,Bronze,
7212,C02702,Nabil Kettani,35-44,m,Rabat,referral,2026-05-08,9999-12-31,True,Bronze,
7213,C05026,Hamza Alaoui,55-64,f,Nador,referral,2026-05-08,9999-12-31,True,Bronze,
7214,C04283,Mohamed Fassi Fihri,45-54,f,Tétouan,mobile,2026-05-08,9999-12-31,True,Bronze,
7215,C05458,Hamza Fassi Fihri,45-54,m,Nador,marketplace,2026-05-08,9999-12-31,True,Bronze,
7216,C04135,Fatima Berrada,65+,f,Fès,referral,2026-05-08,9999-12-31,True,Bronze,
7217,C01201,Omar El Mansouri,18-24,m,El Jadida,social_media,2026-05-08,9999-12-31,True,Bronze,
7218,C06882,Imad Kettani,35-44,f,Fès,web,2026-05-08,9999-12-31,True,Bronze,
7219,C05869,Driss Alaoui,35-44,m,Tanger,web,2026-05-08,9999-12-31,True,Bronze,
7220,C04317,Soufiane Benali,45-54,f,Fès,social_media,2026-05-08,9999-12-31,True,Bronze,
7221,C01936,Brahim Fassi Fihri,35-44,f,Mohammedia,mobile,2026-05-08,9999-12-31,True,Bronze,
7222,C06434,Ilham Benjelloun,55-64,f,El Jadida,referral,2026-05-08,9999-12-31,True,Bronze,
7223,C00815,Amine Berrada,45-54,m,Mohammedia,web,2026-05-08,9999-12-31,True,Bronze,
7224,C05491,Driss El Idrissi,25-34,f,Nador,referral,2026-05-08,9999-12-31,True,Bronze,
7225,C02310,Nawal El Idrissi,55-64,f,Fès,marketplace,2026-05-08,9999-12-31,True,Bronze,
7226,C03875,Houda Cherkaoui,35-44,f,Béni Mellal,web,2026-05-08,9999-12-31,True,Bronze,
7227,C07979,Said Haddad,25-34,f,Tanger,mobile,2026-05-08,9999-12-31,True,Bronze,
7228,C01265,Samira Amrani,35-44,f,Oujda,referral,2026-05-08,9999-12-31,True,Bronze,
7229,C01543,Zineb Tahiri,55-64,f,Rabat,mobile,2026-05-08,9999-12-31,True,Bronze,
7230,C03321,Houda Chraibi,25-34,f,Meknès,mobile,2026-05-08,9999-12-31,True,Bronze,
7231,C02631,Nadia Fassi Fihri,55-64,m,Rabat,social_media,2026-05-08,9999-12-31,True,Bronze,
7232,C01729,Amine Chraibi,35-44,f,Marrakech,social_media,2026-05-08,9999-12-31,True,Bronze,
7233,C07187,Mehdi Alaoui,55-64,m,Tétouan,referral,2026-05-08,9999-12-31,True,Bronze,
7234,C03542,Mustapha Rahmouni,35-44,m,Kénitra,social_media,2026-05-08,9999-12-31,True,Bronze,
7235,C00759,Nabil Fassi Fihri,55-64,m,Meknès,marketplace,2026-05-08,9999-12-31,True,Bronze,
7236,C06231,Khadija Benkirane,25-34,m,Kénitra,social_media,2026-05-08,9999-12-31,True,Bronze,
7237,C03549,Zineb Benali,65+,f,Marrakech,social_media,2026-05-08,9999-12-31,True,Bronze,
7238,C03519,Reda Ouahbi,35-44,f,El Jadida,mobile,2026-05-08,9999-12-31,True,Bronze,
7239,C07883,Reda Chraibi,45-54,m,Fès,social_media,2026-05-08,9999-12-31,True,Bronze,
7240,C02443,Said Ouahbi,35-44,m,Agadir,social_media,2026-05-08,9999-12-31,True,Bronze,
7241,C00683,Houda El Mansouri,35-44,m,Casablanca,mobile,2026-05-08,9999-12-31,True,Bronze,
7242,C05205,Ilham Fassi Fihri,35-44,m,Marrakech,referral,2026-05-08,9999-12-31,True,Bronze,
7243,C00604,Ghita Bouzid,25-34,m,Casablanca,marketplace,2026-05-08,9999-12-31,True,Bronze,
7244,C06030,Adil Fassi Fihri,55-64,m,Mohammedia,social_media,2026-05-08,9999-12-31,True,Bronze,
7245,C03014,Youssef Benkirane,45-54,m,Fès,marketplace,2026-05-08,9999-12-31,True,Bronze,
7246,C07250,Imad Tazi,25-34,m,Fès,referral,2026-05-08,9999-12-31,True,Bronze,
7247,C05220,Adil Tahiri,35-44,m,Nador,mobile,2026-05-08,9999-12-31,True,Bronze,
7248,C01384,Khalid Berrada,45-54,m,Marrakech,web,2026-05-08,9999-12-31,True,Bronze,
7249,C00786,Omar El Idrissi,18-24,f,Marrakech,referral,2026-05-08,9999-12-31,True,Bronze,
7250,C07374,Asmae Chraibi,35-44,f,Marrakech,web,2026-05-08,9999-12-31,True,Bronze,
7251,C04466,Salma Benkirane,35-44,f,Rabat,referral,2026-05-08,9999-12-31,True,Bronze,
7252,C06583,Mustapha Cherkaoui,45-54,f,Tétouan,mobile,2026-05-08,9999-12-31,True,Bronze,
7253,C00507,Samira Lahlou,25-34,m,Rabat,marketplace,2026-05-08,9999-12-31,True,Bronze,
7254,C02332,Salma Kettani,45-54,f,Tanger,referral,2026-05-08,9999-12-31,True,Bronze,
7255,C07747,Said Bouazza,55-64,m,Fès,web,2026-05-08,9999-12-31,True,Bronze,
7256,C02738,Hassan Skalli,35-44,m,Fès,social_media,2026-05-08,9999-12-31,True,Bronze,
7257,C06316,Amine Tazi,25-34,f,Béni Mellal,web,2026-05-08,9999-12-31,True,Bronze,
7258,C03259,Meryem Bennani,25-34,f,Mohammedia,marketplace,2026-05-08,9999-12-31,True,Bronze,
7259,C04249,Hassan Lahlou,25-34,f,Casablanca,web,2026-05-08,9999-12-31,True,Bronze,
7260,C03740,Rachid Skalli,55-64,m,Casablanca,marketplace,2026-05-08,9999-12-31,True,Bronze,
7261,C03524,Ahmed Benjelloun,18-24,f,Tanger,mobile,2026-05-08,9999-12-31,True,Bronze,
7262,C00328,Omar Fassi Fihri,35-44,m,Tanger,marketplace,2026-05-08,9999-12-31,True,Bronze,
7263,C05664,Brahim El Mansouri,35-44,m,Fès,mobile,2026-05-08,9999-12-31,True,Bronze,
7264,C00166,Ghita El Amrani,25-34,m,Marrakech,mobile,2026-05-08,9999-12-31,True,Bronze,
7265,C06724,Asmae Ziani,35-44,f,Marrakech,social_media,2026-05-08,9999-12-31,True,Bronze,
7266,C01849,Karim Benali,18-24,m,Rabat,marketplace,2026-05-08,9999-12-31,True,Bronze,
7267,C01366,Reda Ziani,25-34,m,Meknès,marketplace,2026-05-08,9999-12-31,True,Bronze,
7268,C00858,Mehdi Bouzid,55-64,m,El Jadida,web,2026-05-08,9999-12-31,True,Bronze,
7269,C07247,Adil El Amrani,65+,f,Nador,marketplace,2026-05-08,9999-12-31,True,Bronze,
7270,C03963,Nabil Lahlou,45-54,m,Casablanca,web,2026-05-08,9999-12-31,True,Bronze,
7271,C06892,Houda Tazi,35-44,f,Rabat,social_media,2026-05-08,9999-12-31,True,Bronze,
7272,C02271,Hamza Bouazza,45-54,m,Fès,web,2026-05-08,9999-12-31,True,Bronze,
7273,C06418,Nadia Bennani,35-44,f,Tanger,marketplace,2026-05-08,9999-12-31,True,Bronze,
7274,C06242,Karim Benali,55-64,m,Tanger,mobile,2026-05-08,9999-12-31,True,Bronze,
7275,C01932,Wafae Kettani,35-44,m,Rabat,mobile,2026-05-08,9999-12-31,True,Bronze,
7276,C04773,Salma Tahiri,55-64,f,Rabat,referral,2026-05-08,9999-12-31,True,Bronze,
7277,C01190,Khalid Berrada,25-34,m,Béni Mellal,marketplace,2026-05-08,9999-12-31,True,Bronze,
7278,C01875,Rim Tazi,18-24,m,Marrakech,mobile,2026-05-08,9999-12-31,True,Bronze,
7279,C07847,Ilham Ziani,35-44,m,Casablanca,social_media,2026-05-08,9999-12-31,True,Bronze,
7280,C06093,Khadija El Idrissi,55-64,f,Fès,marketplace,2026-05-08,9999-12-31,True,Bronze,
7281,C06492,Mehdi Benali,35-44,m,Rabat,referral,2026-05-08,9999-12-31,True,Bronze,
7282,C05993,Hind Haddad,45-54,m,Rabat,marketplace,2026-05-08,9999-12-31,True,Bronze,
7283,C04752,Houda Bouazza,35-44,f,El Jadida,mobile,2026-05-08,9999-12-31,True,Bronze,
7284,C05222,Rim Bouazza,25-34,m,Rabat,web,2026-05-08,9999-12-31,True,Bronze,
7285,C05294,Adil Sefrioui,45-54,m,Marrakech,web,2026-05-08,9999-12-31,True,Bronze,
7286,C07145,Hamza Alaoui,35-44,f,Marrakech,web,2026-05-08,9999-12-31,True,Bronze,
7287,C05493,Ali El Ouazzani,35-44,m,Rabat,social_media,2026-05-08,9999-12-31,True,Bronze,
7288,C05445,Sara Tazi,25-34,m,Mohammedia,marketplace,2026-05-08,9999-12-31,True,Bronze,
7289,C06021,Nawal El Ouazzani,45-54,f,Agadir,marketplace,2026-05-08,9999-12-31,True,Bronze,
7290,C02532,Nawal Tahiri,45-54,m,Fès,social_media,2026-05-08,9999-12-31,True,Bronze,
7291,C01377,Samira El Idrissi,55-64,m,Rabat,marketplace,2026-05-08,9999-12-31,True,Bronze,
7292,C01289,Youssef Bouazza,35-44,m,Tanger,web,2026-05-08,9999-12-31,True,Bronze,
7293,C05218,Adil El Ouazzani,35-44,m,Marrakech,social_media,2026-05-08,9999-12-31,True,Bronze,
7294,C01659,Fatima Chraibi,45-54,f,Tanger,web,2026-05-08,9999-12-31,True,Bronze,
7295,C05306,Hamza Ziani,25-34,m,Rabat,social_media,2026-05-08,9999-12-31,True,Bronze,
7296,C06578,Houda Cherkaoui,35-44,m,Marrakech,social_media,2026-05-08,9999-12-31,True,Bronze,
7297,C05508,Said Kettani,25-34,m,Tanger,social_media,2026-05-08,9999-12-31,True,Bronze,
7298,C00937,Asmae Tazi,35-44,f,Marrakech,marketplace,2026-05-08,9999-12-31,True,Bronze,
7299,C05119,Zineb Berrada,55-64,m,Marrakech,marketplace,2026-05-08,9999-12-31,True,Bronze,
7300,C07744,Mohamed Bouazza,45-54,m,El Jadida,referral,2026-05-08,9999-12-31,True,Bronze,
7301,C03287,Mehdi Sefrioui,18-24,m,Casablanca,referral,2026-05-08,9999-12-31,True,Bronze,
7302,C05984,Mustapha Benjelloun,18-24,m,Agadir,referral,2026-05-08,9999-12-31,True,Bronze,
7303,C03766,Ali Amrani,18-24,m,Fès,marketplace,2026-05-08,9999-12-31,True,Bronze,
7304,C04758,Zakaria Ziani,35-44,m,Marrakech,referral,2026-05-08,9999-12-31,True,Bronze,
7305,C04647,Soufiane Berrada,35-44,m,Marrakech,mobile,2026-05-08,9999-12-31,True,Bronze,
7306,C03653,Mustapha El Idrissi,55-64,f,Fès,referral,2026-05-08,9999-12-31,True,Bronze,
7307,C07290,Fatima Rahmouni,35-44,m,Oujda,social_media,2026-05-08,9999-12-31,True,Bronze,
7308,C05652,Driss Lahlou,25-34,m,Rabat,referral,2026-05-08,9999-12-31,True,Bronze,
7309,C06286,Brahim El Idrissi,25-34,m,Tanger,social_media,2026-05-08,9999-12-31,True,Bronze,
7310,C05392,Khalid Alaoui,55-64,f,Casablanca,web,2026-05-08,9999-12-31,True,Bronze,
7311,C04412,Zakaria El Idrissi,45-54,f,Kénitra,referral,2026-05-08,9999-12-31,True,Bronze,
7312,C05598,Soufiane Bennani,35-44,f,Fès,web,2026-05-08,9999-12-31,True,Bronze,
7313,C01878,Loubna Bouzid,55-64,m,Casablanca,referral,2026-05-08,9999-12-31,True,Bronze,
7314,C06729,Rim Benkirane,18-24,f,Mohammedia,web,2026-05-08,9999-12-31,True,Bronze,
7315,C02963,Amine Haddad,18-24,f,Tanger,referral,2026-05-08,9999-12-31,True,Bronze,
7316,C04079,Said El Idrissi,25-34,f,Kénitra,mobile,2026-05-08,9999-12-31,True,Bronze,
7317,C01198,Meryem Skalli,25-34,f,Casablanca,social_media,2026-05-08,9999-12-31,True,Bronze,
7318,C00280,Karim Filali,65+,m,El Jadida,mobile,2026-05-08,9999-12-31,True,Bronze,
7319,C05967,Brahim Ziani,45-54,f,Marrakech,web,2026-05-08,9999-12-31,True,Bronze,
7320,C04852,Mohamed Alaoui,18-24,m,Fès,marketplace,2026-05-08,9999-12-31,True,Bronze,
7321,C07294,Samira Tazi,55-64,f,Tanger,referral,2026-05-08,9999-12-31,True,Bronze,
7322,C00086,Meryem Haddad,55-64,m,Marrakech,referral,2026-05-08,9999-12-31,True,Bronze,
7323,C05940,Ghita Tazi,45-54,m,Fès,referral,2026-05-08,9999-12-31,True,Bronze,
7324,C07729,Samira Cherkaoui,35-44,f,Fès,marketplace,2026-05-08,9999-12-31,True,Bronze,
7325,C03702,Soufiane Bouazza,18-24,f,Rabat,social_media,2026-05-08,9999-12-31,True,Bronze,
7326,C07606,Imad Ziani,35-44,f,Casablanca,marketplace,2026-05-08,9999-12-31,True,Bronze,
7327,C07119,Fatima Haddad,45-54,f,Casablanca,web,2026-05-08,9999-12-31,True,Bronze,
7328,C06676,Mustapha Fassi Fihri,25-34,f,Tanger,mobile,2026-05-08,9999-12-31,True,Bronze,
7329,C04349,Youssef El Mansouri,18-24,f,El Jadida,marketplace,2026-05-08,9999-12-31,True,Bronze,
7330,C06265,Zineb Tahiri,45-54,m,Tanger,mobile,2026-05-08,9999-12-31,True,Bronze,
7331,C06592,Mohamed Lahlou,25-34,f,Meknès,web,2026-05-08,9999-12-31,True,Bronze,
7332,C05111,Youssef Kettani,45-54,m,Fès,web,2026-05-08,9999-12-31,True,Bronze,
7333,C06938,Rachid Lahlou,55-64,m,Marrakech,social_media,2026-05-08,9999-12-31,True,Bronze,
7334,C06682,Brahim Haddad,45-54,m,Tanger,web,2026-05-08,9999-12-31,True,Bronze,
7335,C02239,Rachid Bouazza,25-34,m,Tanger,marketplace,2026-05-08,9999-12-31,True,Bronze,
7336,C07773,Rachid Bouzid,35-44,m,Béni Mellal,social_media,2026-05-08,9999-12-31,True,Bronze,
7337,C07956,Khadija El Amrani,18-24,m,Casablanca,mobile,2026-05-08,9999-12-31,True,Bronze,
7338,C04693,Mustapha El Ouazzani,55-64,f,Fès,social_media,2026-05-08,9999-12-31,True,Bronze,
7339,C03564,Youssef Skalli,35-44,m,Rabat,social_media,2026-05-08,9999-12-31,True,Bronze,
7340,C00034,Hassan Ouahbi,18-24,m,Safi,social_media,2026-05-08,9999-12-31,True,Bronze,
7341,C00458,Said Bouzid,45-54,m,Marrakech,referral,2026-05-08,9999-12-31,True,Bronze,
7342,C06825,Zakaria Benjelloun,25-34,m,Fès,mobile,2026-05-08,9999-12-31,True,Bronze,
7343,C06522,Houda Chraibi,18-24,m,Marrakech,mobile,2026-05-08,9999-12-31,True,Bronze,
7344,C06386,Omar Bouazza,35-44,f,Tanger,mobile,2026-05-08,9999-12-31,True,Bronze,
7345,C03999,Youssef Tahiri,45-54,m,El Jadida,web,2026-05-08,9999-12-31,True,Bronze,
7346,C06912,Driss Filali,18-24,m,Mohammedia,web,2026-05-08,9999-12-31,True,Bronze,
7347,C03459,Adil Amrani,55-64,m,Tanger,social_media,2026-05-08,9999-12-31,True,Bronze,
7348,C01831,Brahim Rahmouni,45-54,m,Mohammedia,social_media,2026-05-08,9999-12-31,True,Bronze,
7349,C05224,Mohamed Benkirane,55-64,f,Nador,mobile,2026-05-08,9999-12-31,True,Bronze,
7350,C03241,Zineb Alaoui,45-54,m,Béni Mellal,social_media,2026-05-08,9999-12-31,True,Bronze,
7351,C06488,Omar Chraibi,25-34,f,Kénitra,referral,2026-05-08,9999-12-31,True,Bronze,
7352,C02519,Ghita Tazi,18-24,m,Tanger,social_media,2026-05-08,9999-12-31,True,Bronze,
7353,C06692,Zineb Filali,65+,m,Casablanca,web,2026-05-08,9999-12-31,True,Bronze,
7354,C04297,Khalid Lahlou,55-64,m,Meknès,marketplace,2026-05-08,9999-12-31,True,Bronze,
7355,C01824,Driss Benjelloun,18-24,m,Kénitra,mobile,2026-05-08,9999-12-31,True,Bronze,
7356,C06284,Sanae Skalli,65+,f,Nador,web,2026-05-08,9999-12-31,True,Bronze,
7357,C01624,Reda El Ouazzani,55-64,f,Marrakech,referral,2026-05-08,9999-12-31,True,Bronze,
7358,C06072,Reda Berrada,25-34,m,Fès,marketplace,2026-05-08,9999-12-31,True,Bronze,
7359,C04482,Brahim Rahmouni,25-34,f,Casablanca,referral,2026-05-08,9999-12-31,True,Bronze,
7360,C04607,Khadija El Ouazzani,55-64,f,Tanger,web,2026-05-08,9999-12-31,True,Bronze,
7361,C07356,Hamza El Amrani,45-54,m,Casablanca,mobile,2026-05-08,9999-12-31,True,Bronze,
7362,C04751,Khalid El Idrissi,Non renseigné,m,Mohammedia,referral,2026-05-08,9999-12-31,True,Bronze,
7363,C01588,Meryem El Mansouri,25-34,m,Tanger,referral,2026-05-08,9999-12-31,True,Bronze,
7364,C05883,Said Lahlou,35-44,m,Tétouan,referral,2026-05-08,9999-12-31,True,Bronze,
7365,C03846,Reda Fassi Fihri,55-64,m,Casablanca,mobile,2026-05-08,9999-12-31,True,Bronze,
7366,C05321,Asmae Benjelloun,25-34,m,Mohammedia,web,2026-05-08,9999-12-31,True,Bronze,
7367,C00725,Dounia El Mansouri,45-54,m,Tanger,mobile,2026-05-08,9999-12-31,True,Bronze,
7368,C06197,Khadija Chraibi,35-44,m,Rabat,mobile,2026-05-08,9999-12-31,True,Bronze,
7369,C01068,Hamza Cherkaoui,18-24,f,Fès,referral,2026-05-08,9999-12-31,True,Bronze,
7370,C02901,Dounia Fassi Fihri,Non renseigné,m,El Jadida,mobile,2026-05-08,9999-12-31,True,Bronze,
7371,C03616,Ahmed El Amrani,25-34,m,Fès,marketplace,2026-05-08,9999-12-31,True,Bronze,
7372,C06369,Karim Chraibi,55-64,m,Fès,web,2026-05-08,9999-12-31,True,Bronze,
7373,C01593,Loubna Naciri,55-64,f,Fès,social_media,2026-05-08,9999-12-31,True,Bronze,
7374,C06742,Salma Tahiri,55-64,f,El Jadida,mobile,2026-05-08,9999-12-31,True,Bronze,
7375,C02876,Hamza Tahiri,45-54,f,Fès,mobile,2026-05-08,9999-12-31,True,Bronze,
7376,C04343,Soufiane Filali,65+,m,Béni Mellal,social_media,2026-05-08,9999-12-31,True,Bronze,
7377,C07319,Sara Bouzid,Non renseigné,m,Marrakech,web,2026-05-08,9999-12-31,True,Bronze,
7378,C05727,Zakaria Tazi,55-64,m,Casablanca,web,2026-05-08,9999-12-31,True,Bronze,
7379,C05252,Loubna Amrani,25-34,m,Marrakech,mobile,2026-05-08,9999-12-31,True,Bronze,
7380,C06331,Amine Filali,65+,f,Oujda,web,2026-05-08,9999-12-31,True,Bronze,
7381,C07603,Khalid Tahiri,45-54,f,Casablanca,referral,2026-05-08,9999-12-31,True,Bronze,
7382,C03249,Driss Filali,25-34,m,El Jadida,referral,2026-05-08,9999-12-31,True,Bronze,
7383,C07426,Khalid Benali,18-24,m,Tanger,mobile,2026-05-08,9999-12-31,True,Bronze,
7384,C02734,Mohamed Skalli,45-54,f,Tanger,referral,2026-05-08,9999-12-31,True,Bronze,
7385,C03676,Adil Naciri,35-44,m,El Jadida,referral,2026-05-08,9999-12-31,True,Bronze,
7386,C04851,Hind Benali,35-44,f,Fès,mobile,2026-05-08,9999-12-31,True,Bronze,
7387,C05401,Zakaria Alaoui,55-64,m,Fès,referral,2026-05-08,9999-12-31,True,Bronze,
7388,C00987,Samira El Mansouri,35-44,m,Tanger,referral,2026-05-08,9999-12-31,True,Bronze,
7389,C06018,Mohamed Ziani,45-54,m,Rabat,social_media,2026-05-08,9999-12-31,True,Bronze,
7390,C05973,Salma Haddad,25-34,f,Tétouan,web,2026-05-08,9999-12-31,True,Bronze,
7391,C03105,Mustapha Rahmouni,55-64,m,Tanger,referral,2026-05-08,9999-12-31,True,Bronze,
7392,C07206,Ali El Idrissi,55-64,m,Rabat,referral,2026-05-08,9999-12-31,True,Bronze,
7393,C04015,Zineb Tazi,45-54,f,Tanger,web,2026-05-08,9999-12-31,True,Bronze,
7394,C03066,Reda Fassi Fihri,55-64,m,Casablanca,referral,2026-05-08,9999-12-31,True,Bronze,
7395,C06544,Nawal Fassi Fihri,45-54,f,Oujda,web,2026-05-08,9999-12-31,True,Bronze,
7396,C03944,Hind Benjelloun,18-24,m,Tanger,web,2026-05-08,9999-12-31,True,Bronze,
7397,C01285,Youssef El Ouazzani,18-24,m,Marrakech,social_media,2026-05-08,9999-12-31,True,Bronze,
7398,C04399,Ahmed Alaoui,55-64,m,Rabat,referral,2026-05-08,9999-12-31,True,Bronze,
7399,C00225,Nawal Chraibi,35-44,m,Casablanca,web,2026-05-08,9999-12-31,True,Bronze,
7400,C05251,Wafae Skalli,35-44,m,Fès,mobile,2026-05-08,9999-12-31,True,Bronze,
7401,C05372,Zineb El Amrani,35-44,m,Tétouan,web,2026-05-08,9999-12-31,True,Bronze,
7402,C05344,Ahmed El Amrani,45-54,m,Fès,referral,2026-05-08,9999-12-31,True,Bronze,
7403,C07961,Rim Ouahbi,55-64,m,El Jadida,marketplace,2026-05-08,9999-12-31,True,Bronze,
7404,C07068,Soufiane Fassi Fihri,55-64,f,El Jadida,marketplace,2026-05-08,9999-12-31,True,Bronze,
7405,C05417,Karim Ziani,65+,f,Rabat,marketplace,2026-05-08,9999-12-31,True,Bronze,
7406,C05215,Khalid Benkirane,55-64,m,Tétouan,mobile,2026-05-08,9999-12-31,True,Bronze,
7407,C03490,Nadia Ouahbi,25-34,f,Casablanca,referral,2026-05-08,9999-12-31,True,Bronze,
7408,C06157,Khadija Alaoui,25-34,m,Casablanca,marketplace,2026-05-08,9999-12-31,True,Bronze,
7409,C05439,Mehdi Haddad,18-24,m,Rabat,social_media,2026-05-08,9999-12-31,True,Bronze,
7410,C02161,Brahim El Ouazzani,18-24,f,Tanger,mobile,2026-05-08,9999-12-31,True,Bronze,
7411,C02488,Rim Kettani,18-24,f,Tanger,social_media,2026-05-08,9999-12-31,True,Bronze,
7412,C02851,Hanane Lahlou,45-54,m,Tanger,web,2026-05-08,9999-12-31,True,Bronze,
7413,C05496,Mehdi Bennani,25-34,f,Fès,mobile,2026-05-08,9999-12-31,True,Bronze,
7414,C03115,Mehdi Benjelloun,25-34,m,Casablanca,marketplace,2026-05-08,9999-12-31,True,Bronze,
7415,C02211,Sanae Benali,55-64,f,Tanger,referral,2026-05-08,9999-12-31,True,Bronze,
7416,C01617,Imad Rahmouni,25-34,m,Tanger,referral,2026-05-08,9999-12-31,True,Bronze,
7417,C05057,Hanane Chraibi,45-54,f,Fès,referral,2026-05-08,9999-12-31,True,Bronze,
7418,C02116,Nawal Benkirane,45-54,f,Casablanca,mobile,2026-05-08,9999-12-31,True,Bronze,
7419,C04994,Soufiane Kettani,55-64,m,Marrakech,social_media,2026-05-08,9999-12-31,True,Bronze,
7420,C03672,Sanae Ziani,35-44,f,Fès,web,2026-05-08,9999-12-31,True,Bronze,
7421,C03641,Karim El Mansouri,25-34,f,Oujda,referral,2026-05-08,9999-12-31,True,Bronze,
7422,C00423,Rachid Sefrioui,55-64,m,Tanger,marketplace,2026-05-08,9999-12-31,True,Bronze,
7423,C00968,Rim Filali,55-64,m,Fès,referral,2026-05-08,9999-12-31,True,Bronze,
7424,C00396,Amine Sefrioui,25-34,f,Oujda,referral,2026-05-08,9999-12-31,True,Bronze,
7425,C01192,Meryem Tazi,18-24,m,Fès,mobile,2026-05-08,9999-12-31,True,Bronze,
7426,C04097,Dounia Skalli,55-64,m,Marrakech,web,2026-05-08,9999-12-31,True,Bronze,
7427,C06081,Khadija Bouazza,35-44,f,Safi,social_media,2026-05-08,9999-12-31,True,Bronze,
7428,C01619,Omar Amrani,45-54,f,Casablanca,marketplace,2026-05-08,9999-12-31,True,Bronze,
7429,C04130,Reda Haddad,35-44,m,Tanger,social_media,2026-05-08,9999-12-31,True,Bronze,
7430,C01912,Ali Naciri,55-64,f,Meknès,web,2026-05-08,9999-12-31,True,Bronze,
7431,C03015,Mohamed Ziani,55-64,m,Safi,marketplace,2026-05-08,9999-12-31,True,Bronze,
7432,C02769,Mehdi Fassi Fihri,55-64,m,Marrakech,referral,2026-05-08,9999-12-31,True,Bronze,
7433,C03736,Youssef Benkirane,18-24,m,Nador,web,2026-05-08,9999-12-31,True,Bronze,
7434,C07484,Adil Benali,55-64,m,Marrakech,social_media,2026-05-08,9999-12-31,True,Bronze,
7435,C02602,Ilham Berrada,18-24,m,Rabat,mobile,2026-05-08,9999-12-31,True,Bronze,
7436,C06970,Laila Sefrioui,25-34,m,Casablanca,web,2026-05-08,9999-12-31,True,Bronze,
7437,C03099,Amine Benkirane,45-54,f,Tanger,web,2026-05-08,9999-12-31,True,Bronze,
7438,C02056,Rachid Amrani,25-34,f,Casablanca,referral,2026-05-08,9999-12-31,True,Bronze,
7439,C04564,Nawal Sefrioui,55-64,f,Fès,web,2026-05-08,9999-12-31,True,Bronze,
7440,C06452,Amine Ouahbi,18-24,m,Agadir,referral,2026-05-08,9999-12-31,True,Bronze,
7441,C03746,Reda Ziani,55-64,m,Marrakech,mobile,2026-05-08,9999-12-31,True,Bronze,
7442,C03216,Nadia Chraibi,35-44,f,Fès,social_media,2026-05-08,9999-12-31,True,Bronze,
7443,C06315,Salma El Mansouri,25-34,f,Tanger,referral,2026-05-08,9999-12-31,True,Bronze,
7444,C06505,Driss Lahlou,18-24,f,Tétouan,web,2026-05-08,9999-12-31,True,Bronze,
7445,C00732,Houda El Mansouri,35-44,f,Casablanca,social_media,2026-05-08,9999-12-31,True,Bronze,
7446,C01704,Hassan Benali,35-44,f,Meknès,social_media,2026-05-08,9999-12-31,True,Bronze,
7447,C01267,Sara Berrada,18-24,m,Tétouan,social_media,2026-05-08,9999-12-31,True,Bronze,
7448,C04972,Samira Naciri,55-64,m,Casablanca,mobile,2026-05-08,9999-12-31,True,Bronze,
7449,C04072,Sanae Rahmouni,45-54,m,Casablanca,social_media,2026-05-08,9999-12-31,True,Bronze,
7450,C02413,Amina Benkirane,25-34,m,Casablanca,social_media,2026-05-08,9999-12-31,True,Bronze,
7451,C00617,Meryem Tahiri,35-44,f,Meknès,social_media,2026-05-08,9999-12-31,True,Bronze,
7452,C06514,Zakaria Naciri,18-24,m,Tanger,web,2026-05-08,9999-12-31,True,Bronze,
7453,C03326,Dounia Bouzid,55-64,f,Tanger,mobile,2026-05-08,9999-12-31,True,Bronze,
7454,C04922,Adil Bouzid,35-44,f,Mohammedia,marketplace,2026-05-08,9999-12-31,True,Bronze,
7455,C04700,Laila Amrani,45-54,f,El Jadida,social_media,2026-05-08,9999-12-31,True,Bronze,
7456,C05714,Fatima Berrada,25-34,m,Marrakech,web,2026-05-08,9999-12-31,True,Bronze,
7457,C03670,Driss Rahmouni,18-24,m,Rabat,marketplace,2026-05-08,9999-12-31,True,Bronze,
7458,C06977,Omar El Amrani,55-64,m,Tanger,mobile,2026-05-08,9999-12-31,True,Bronze,
7459,C00422,Imad Benkirane,55-64,f,Nador,marketplace,2026-05-08,9999-12-31,True,Bronze,
7460,C06811,Ahmed Haddad,35-44,f,Casablanca,mobile,2026-05-08,9999-12-31,True,Bronze,
7461,C07578,Houda El Mansouri,25-34,m,Tanger,referral,2026-05-08,9999-12-31,True,Bronze,
7462,C03728,Fatima Filali,18-24,f,Agadir,social_media,2026-05-08,9999-12-31,True,Bronze,
7463,C07361,Rachid Bouzid,45-54,m,Casablanca,social_media,2026-05-08,9999-12-31,True,Bronze,
7464,C01749,Imad Amrani,25-34,f,Casablanca,marketplace,2026-05-08,9999-12-31,True,Bronze,
7465,C04321,Rachid Tazi,55-64,m,Rabat,mobile,2026-05-08,9999-12-31,True,Bronze,
7466,C05085,Ilham Sefrioui,35-44,f,Agadir,social_media,2026-05-08,9999-12-31,True,Bronze,
7467,C06669,Soufiane Naciri,25-34,f,Tanger,marketplace,2026-05-08,9999-12-31,True,Bronze,
7468,C04432,Hanane Bouazza,55-64,f,Rabat,social_media,2026-05-08,9999-12-31,True,Bronze,
7469,C07154,Loubna Tahiri,55-64,f,Tanger,marketplace,2026-05-08,9999-12-31,True,Bronze,
7470,C06620,Amina Berrada,35-44,m,Tanger,referral,2026-05-08,9999-12-31,True,Bronze,
7471,C03273,Sanae Benkirane,45-54,m,Casablanca,marketplace,2026-05-08,9999-12-31,True,Bronze,
7472,C03395,Ghita Benali,35-44,m,Safi,mobile,2026-05-08,9999-12-31,True,Bronze,
7473,C01332,Nabil Berrada,25-34,f,Agadir,social_media,2026-05-08,9999-12-31,True,Bronze,
7474,C04861,Nadia El Idrissi,25-34,m,Marrakech,marketplace,2026-05-08,9999-12-31,True,Bronze,
7475,C05125,Fatima Benkirane,45-54,f,Safi,referral,2026-05-08,9999-12-31,True,Bronze,
7476,C02065,Houda Ouahbi,45-54,m,Tanger,web,2026-05-08,9999-12-31,True,Bronze,
7477,C04369,Ahmed Naciri,25-34,m,Casablanca,web,2026-05-08,9999-12-31,True,Bronze,
7478,C01504,Rachid Bouzid,35-44,f,Béni Mellal,web,2026-05-08,9999-12-31,True,Bronze,
7479,C01255,Karim Kettani,25-34,m,Oujda,web,2026-05-08,9999-12-31,True,Bronze,
7480,C06445,Adil Benkirane,35-44,f,Tanger,marketplace,2026-05-08,9999-12-31,True,Bronze,
7481,C04129,Zakaria Bouazza,55-64,m,Tanger,web,2026-05-08,9999-12-31,True,Bronze,
7482,C00814,Hamza El Mansouri,35-44,f,Casablanca,mobile,2026-05-08,9999-12-31,True,Bronze,
7483,C03824,Ahmed Ziani,35-44,m,Fès,marketplace,2026-05-08,9999-12-31,True,Bronze,
7484,C07410,Adil Cherkaoui,25-34,f,Fès,mobile,2026-05-08,9999-12-31,True,Bronze,
7485,C02742,Laila Lahlou,18-24,f,Tétouan,mobile,2026-05-08,9999-12-31,True,Bronze,
7486,C00147,Samira Cherkaoui,45-54,f,Rabat,mobile,2026-05-08,9999-12-31,True,Bronze,
7487,C07403,Hassan Bouazza,Non renseigné,m,Casablanca,marketplace,2026-05-08,9999-12-31,True,Bronze,
7488,C01427,Meryem Bouzid,25-34,m,Oujda,web,2026-05-08,9999-12-31,True,Bronze,
7489,C06079,Salma Sefrioui,45-54,f,Mohammedia,social_media,2026-05-08,9999-12-31,True,Bronze,
7490,C01386,Zakaria El Mansouri,45-54,m,Tanger,marketplace,2026-05-08,9999-12-31,True,Bronze,
7491,C04642,Ali Lahlou,35-44,f,Casablanca,mobile,2026-05-08,9999-12-31,True,Bronze,
7492,C01606,Amina Skalli,55-64,m,Fès,social_media,2026-05-08,9999-12-31,True,Bronze,
7493,C04615,Nabil Ouahbi,55-64,m,Rabat,marketplace,2026-05-08,9999-12-31,True,Bronze,
7494,C00491,Zakaria Alaoui,18-24,f,Casablanca,social_media,2026-05-08,9999-12-31,True,Bronze,
7495,C04344,Zakaria Sefrioui,45-54,m,Casablanca,mobile,2026-05-08,9999-12-31,True,Bronze,
7496,C04279,Amine Lahlou,55-64,f,Rabat,social_media,2026-05-08,9999-12-31,True,Bronze,
7497,C03791,Zineb Ziani,45-54,m,Tanger,social_media,2026-05-08,9999-12-31,True,Bronze,
7498,C00718,Samira Ouahbi,45-54,m,Rabat,mobile,2026-05-08,9999-12-31,True,Bronze,
7499,C04106,Meryem Alaoui,35-44,f,Tanger,web,2026-05-08,9999-12-31,True,Bronze,
7500,C07982,Mehdi Lahlou,45-54,m,Casablanca,mobile,2026-05-08,9999-12-31,True,Bronze,
7501,C07520,Reda Haddad,Non renseigné,f,Fès,referral,2026-05-08,9999-12-31,True,Bronze,
7502,C00091,Mehdi Skalli,55-64,f,Meknès,marketplace,2026-05-08,9999-12-31,True,Bronze,
7503,C05210,Hind El Idrissi,55-64,m,Béni Mellal,web,2026-05-08,9999-12-31,True,Bronze,
7504,C07052,Laila Skalli,35-44,f,Marrakech,social_media,2026-05-08,9999-12-31,True,Bronze,
7505,C07022,Sanae Benjelloun,55-64,f,Tanger,web,2026-05-08,9999-12-31,True,Bronze,
7506,C07867,Adil Haddad,25-34,m,Agadir,social_media,2026-05-08,9999-12-31,True,Bronze,
7507,C07280,Driss Naciri,18-24,m,Rabat,web,2026-05-08,9999-12-31,True,Bronze,
7508,C05753,Ali Naciri,18-24,f,Safi,marketplace,2026-05-08,9999-12-31,True,Bronze,
7509,C06516,Hanane Benjelloun,25-34,m,Tanger,marketplace,2026-05-08,9999-12-31,True,Bronze,
7510,C04470,Nadia Sefrioui,35-44,m,Fès,referral,2026-05-08,9999-12-31,True,Bronze,
7511,C01130,Brahim Bouzid,25-34,f,Agadir,social_media,2026-05-08,9999-12-31,True,Bronze,
7512,C04033,Salma Tahiri,35-44,m,Marrakech,mobile,2026-05-08,9999-12-31,True,Bronze,
7513,C00112,Reda Benjelloun,25-34,m,Agadir,referral,2026-05-08,9999-12-31,True,Bronze,
7514,C06884,Sanae Bennani,55-64,m,El Jadida,referral,2026-05-08,9999-12-31,True,Bronze,
7515,C04326,Fatima Benali,55-64,f,Casablanca,web,2026-05-08,9999-12-31,True,Bronze,
7516,C07038,Mohamed Benkirane,35-44,f,Rabat,web,2026-05-08,9999-12-31,True,Bronze,
7517,C04364,Mustapha Ziani,18-24,m,Agadir,marketplace,2026-05-08,9999-12-31,True,Bronze,
7518,C04627,Mohamed Ziani,35-44,m,Fès,mobile,2026-05-08,9999-12-31,True,Bronze,
7519,C02804,Driss Amrani,35-44,m,Mohammedia,social_media,2026-05-08,9999-12-31,True,Bronze,
7520,C02687,Dounia El Ouazzani,55-64,m,Fès,web,2026-05-08,9999-12-31,True,Bronze,
7521,C04506,Driss Sefrioui,65+,f,Rabat,referral,2026-05-08,9999-12-31,True,Bronze,
7522,C07434,Mehdi Berrada,55-64,m,Rabat,referral,2026-05-08,9999-12-31,True,Bronze,
7523,C04330,Zineb Tahiri,35-44,f,Agadir,web,2026-05-08,9999-12-31,True,Bronze,
7524,C07632,Laila El Mansouri,35-44,f,Nador,marketplace,2026-05-08,9999-12-31,True,Bronze,
7525,C01262,Ali Benali,55-64,m,Béni Mellal,web,2026-05-08,9999-12-31,True,Bronze,
7526,C06939,Soufiane Fassi Fihri,55-64,m,El Jadida,referral,2026-05-08,9999-12-31,True,Bronze,
7527,C04761,Sara Tahiri,25-34,f,Casablanca,social_media,2026-05-08,9999-12-31,True,Bronze,
7528,C01656,Houda El Mansouri,45-54,f,Nador,mobile,2026-05-08,9999-12-31,True,Bronze,
7529,C04877,Ali Tazi,55-64,m,Fès,marketplace,2026-05-08,9999-12-31,True,Bronze,
7530,C00721,Driss El Amrani,18-24,f,Agadir,mobile,2026-05-08,9999-12-31,True,Bronze,
7531,C02760,Khalid Bouzid,25-34,m,Casablanca,marketplace,2026-05-08,9999-12-31,True,Bronze,
7532,C05749,Hanane Naciri,35-44,f,Marrakech,mobile,2026-05-08,9999-12-31,True,Bronze,
7533,C01100,Wafae Haddad,25-34,m,Casablanca,web,2026-05-08,9999-12-31,True,Bronze,
7534,C04573,Ahmed El Ouazzani,35-44,f,Marrakech,social_media,2026-05-08,9999-12-31,True,Bronze,
7535,C00478,Ilham Benjelloun,35-44,f,Kénitra,web,2026-05-08,9999-12-31,True,Bronze,
7536,C01378,Laila El Ouazzani,55-64,f,Casablanca,web,2026-05-08,9999-12-31,True,Bronze,
7537,C01951,Hanane Haddad,55-64,f,Tanger,mobile,2026-05-08,9999-12-31,True,Bronze,
7538,C02007,Zineb Haddad,55-64,f,Marrakech,web,2026-05-08,9999-12-31,True,Bronze,
7539,C07255,Ali Bouzid,18-24,m,Mohammedia,mobile,2026-05-08,9999-12-31,True,Bronze,
7540,C07081,Khalid Alaoui,55-64,f,Marrakech,mobile,2026-05-08,9999-12-31,True,Bronze,
7541,C03787,Driss Benkirane,25-34,m,Tanger,marketplace,2026-05-08,9999-12-31,True,Bronze,
7542,C04415,Ilham Filali,25-34,f,Rabat,web,2026-05-08,9999-12-31,True,Bronze,
7543,C05342,Youssef Benjelloun,45-54,f,Fès,marketplace,2026-05-08,9999-12-31,True,Bronze,
7544,C04733,Meryem Bouazza,45-54,m,Fès,mobile,2026-05-08,9999-12-31,True,Bronze,
7545,C01789,Khadija Fassi Fihri,55-64,m,Casablanca,marketplace,2026-05-08,9999-12-31,True,Bronze,
7546,C05931,Rim El Amrani,35-44,m,Fès,social_media,2026-05-08,9999-12-31,True,Bronze,
7547,C03540,Ilham Filali,25-34,f,Mohammedia,referral,2026-05-08,9999-12-31,True,Bronze,
7548,C04084,Nabil Rahmouni,25-34,f,Casablanca,marketplace,2026-05-08,9999-12-31,True,Bronze,
7549,C03416,Brahim Berrada,45-54,f,Marrakech,marketplace,2026-05-08,9999-12-31,True,Bronze,
7550,C06054,Salma Chraibi,35-44,m,Kénitra,mobile,2026-05-08,9999-12-31,True,Bronze,
7551,C01559,Ilham Benkirane,18-24,f,Rabat,marketplace,2026-05-08,9999-12-31,True,Bronze,
7552,C04181,Hanane Lahlou,45-54,f,Agadir,web,2026-05-08,9999-12-31,True,Bronze,
7553,C04841,Ghita Lahlou,18-24,m,Fès,marketplace,2026-05-08,9999-12-31,True,Bronze,
7554,C01176,Brahim Kettani,25-34,f,Tanger,marketplace,2026-05-08,9999-12-31,True,Bronze,
7555,C01632,Khadija Naciri,55-64,m,Marrakech,referral,2026-05-08,9999-12-31,True,Bronze,
7556,C03620,Asmae Benjelloun,45-54,f,Fès,marketplace,2026-05-08,9999-12-31,True,Bronze,
7557,C00907,Hind Benali,18-24,f,Casablanca,marketplace,2026-05-08,9999-12-31,True,Bronze,
7558,C07972,Houda Bouzid,45-54,m,Kénitra,referral,2026-05-08,9999-12-31,True,Bronze,
